{"prediction": ["{\"boxes\": [[240, 86], [648, 86], [648, 209], [240, 209]], \"text\": \"have Ceme\", \"confident\": 0.600594856130102}", "{\"boxes\": [[756, 102], [1091, 102], [1091, 224], [756, 224]], \"text\": \"he Saidl\", \"confident\": 0.34726195449683894}", "{\"boxes\": [[1123, 141], [1287, 141], [1287, 209], [1123, 209]], \"text\": \"reve\", \"confident\": 0.2909753620624542}", "{\"boxes\": [[1661, 100], [1992, 100], [1992, 252], [1661, 252]], \"text\": \"'RPing his\", \"confident\": 0.45418460432958285}", "{\"boxes\": [[319, 263], [1070, 263], [1070, 439], [319, 439]], \"text\": \"together beliveen\", \"confident\": 0.3077133520490138}", "{\"boxes\": [[1239, 274], [1483, 274], [1483, 400], [1239, 400]], \"text\": \"knees\", \"confident\": 0.9584158734418403}", "{\"boxes\": [[1510, 298], [1674, 298], [1674, 388], [1510, 388]], \"text\": \"Ond\", \"confident\": 0.3264074885016892}", "{\"boxes\": [[43, 443], [847, 443], [847, 568], [43, 568]], \"text\": \"(ofwocd \\\"USn'+ it 4\", \"confident\": 0.1588378463132387}", "{\"boxes\": [[1707, 455], [2027, 455], [2027, 566], [1707, 566]], \"text\": \"Onso ted\", \"confident\": 0.41280781425990887}", "{\"boxes\": [[47, 611], [826, 611], [826, 728], [47, 728]], \"text\": \"franscenclent evevf\", \"confident\": 0.2608451164281179}", "{\"boxes\": [[890, 618], [1016, 618], [1016, 720], [890, 720]], \"text\": \"He\", \"confident\": 0.994716690713015}", "{\"boxes\": [[1063, 610], [1402, 610], [1402, 724], [1063, 724]], \"text\": \"exolled\", \"confident\": 0.7566356641430488}", "{\"boxes\": [[1441, 601], [1971, 601], [1971, 711], [1441, 711]], \"text\": \"desire efal\", \"confident\": 0.3904130090750629}", "{\"boxes\": [[39, 779], [733, 779], [733, 935], [39, 935]], \"text\": \"monkind   #hfovsh\", \"confident\": 0.57174531976829}", "{\"boxes\": [[784, 804], [916, 804], [916, 908], [784, 908]], \"text\": \"0l\", \"confident\": 0.2707128103134922}", "{\"boxes\": [[1204, 773], [1383, 773], [1383, 882], [1204, 882]], \"text\": \"The\", \"confident\": 0.8438839316368103}", "{\"boxes\": [[1584, 760], [2032, 760], [2032, 888], [1584, 888]], \"text\": \"clew 04 Hz\", \"confident\": 0.29779913286769094}", "{\"boxes\": [[43, 951], [267, 951], [267, 1075], [43, 1075]], \"text\": \"Hind\", \"confident\": 0.6551384925842285}", "{\"boxes\": [[329, 951], [543, 951], [543, 1059], [329, 1059]], \"text\": \"1S at\", \"confident\": 0.12669620159195552}", "{\"boxes\": [[591, 937], [853, 937], [853, 1059], [591, 1059]], \"text\": \"hand !\", \"confident\": 0.8431198413908748}", "{\"boxes\": [[922, 951], [1369, 951], [1369, 1076], [922, 1076]], \"text\": \"Hle twrned\", \"confident\": 0.5618403854939966}", "{\"boxes\": [[1757, 977], [1986, 977], [1986, 1101], [1757, 1101]], \"text\": \"eves\", \"confident\": 0.7760494351387024}", "{\"boxes\": [[179, 1148], [423, 1148], [423, 1256], [179, 1256]], \"text\": \"Varc\", \"confident\": 0.11766243726015091}", "{\"boxes\": [[460, 1147], [640, 1147], [640, 1248], [460, 1248]], \"text\": \"Gnd\", \"confident\": 0.9503616879151268}", "{\"boxes\": [[702, 1128], [942, 1128], [942, 1250], [702, 1250]], \"text\": \"shook\", \"confident\": 0.7687665454914702}", "{\"boxes\": [[982, 1119], [1745, 1119], [1745, 1271], [982, 1271]], \"text\": \"his heod 5lov?y\", \"confident\": 0.22727836769864276}", "{\"boxes\": [[1782, 1123], [1990, 1123], [1990, 1243], [1782, 1243]], \"text\": \"Afom\", \"confident\": 0.2757094204425812}", "{\"boxes\": [[38, 1340], [240, 1340], [240, 1464], [38, 1464]], \"text\": \"si de\", \"confident\": 0.9169098048746294}", "{\"boxes\": [[500, 1344], [704, 1344], [704, 1468], [500, 1468]], \"text\": \"side\", \"confident\": 0.9995351433753967}", "{\"boxes\": [[1295, 79], [1698, 144], [1669, 271], [1266, 206]], \"text\": \"centl-,9n\", \"confident\": 0.28441560586598885}", "{\"boxes\": [[76, 94], [250, 151], [217, 242], [43, 185]], \"text\": \"The +\", \"confident\": 0.45677178293764825}", "{\"boxes\": [[69, 257], [314, 289], [292, 407], [47, 375]], \"text\": \"hands\", \"confident\": 0.9999104353413684}", "{\"boxes\": [[1712, 263], [2005, 326], [1976, 433], [1683, 370]], \"text\": \"leaning\", \"confident\": 0.7831683957041753}", "{\"boxes\": [[1101, 272], [1232, 297], [1210, 397], [1079, 373]], \"text\": \"his\", \"confident\": 0.3438155433221654}", "{\"boxes\": [[1509, 428], [1716, 476], [1682, 603], [1474, 555]], \"text\": \"Icng\", \"confident\": 0.3848801553249359}", "{\"boxes\": [[1251, 429], [1446, 482], [1411, 595], [1216, 541]], \"text\": \"Hicg\", \"confident\": 0.4209350307999509}", "{\"boxes\": [[863, 464], [1176, 416], [1186, 560], [873, 608]], \"text\": \"slotious\", \"confident\": 0.6992726072467534}", "{\"boxes\": [[1431, 752], [1632, 809], [1596, 916], [1396, 859]], \"text\": \"Ki ngc\", \"confident\": 0.13585297205824168}", "{\"boxes\": [[960, 794], [1179, 778], [1179, 899], [961, 915]], \"text\": \"Tes |\", \"confident\": 0.1642422518043938}", "{\"boxes\": [[1408, 945], [1754, 991], [1732, 1101], [1386, 1055]], \"text\": \"beaming\", \"confident\": 0.5700095256430707}", "{\"boxes\": [[60, 1161], [202, 1181], [185, 1279], [43, 1258]], \"text\": \"Up\", \"confident\": 0.2863857874091097}"]}