{"prediction": ["{\"boxes\": [[60, 52], [312, 52], [312, 155], [60, 155]], \"text\": \"TL ~\", \"confident\": 0.3268202504151387}", "{\"boxes\": [[367, 87], [502, 87], [502, 132], [367, 132]], \"text\": \"Oe\", \"confident\": 0.11727538643768662}", "{\"boxes\": [[600, 56], [708, 56], [708, 132], [600, 132]], \"text\": \"be\", \"confident\": 0.2160346940800398}", "{\"boxes\": [[762, 50], [924, 50], [924, 128], [762, 128]], \"text\": \"L'kc\", \"confident\": 0.08330149203538895}", "{\"boxes\": [[975, 49], [1196, 49], [1196, 136], [975, 136]], \"text\": \"o61{\", \"confident\": 0.10457203537225723}", "{\"boxes\": [[1242, 62], [1398, 62], [1398, 140], [1242, 140]], \"text\": \"LL < !\", \"confident\": 0.4349897785270141}", "{\"boxes\": [[66, 214], [362, 214], [362, 318], [66, 318]], \"text\": \"tlebns\", \"confident\": 0.09907147673667013}", "{\"boxes\": [[391, 245], [693, 245], [693, 309], [391, 309]], \"text\": \"0l, scour \", \"confident\": 0.13723290429329138}", "{\"boxes\": [[756, 248], [883, 248], [883, 303], [756, 303]], \"text\": \"661\", \"confident\": 0.7390604023262528}", "{\"boxes\": [[982, 234], [1912, 234], [1912, 334], [982, 334]], \"text\": \"n-8]k / ,-sepess-ce\", \"confident\": 0.010705437118499254}", "{\"boxes\": [[1210, 440], [1318, 440], [1318, 494], [1210, 494]], \"text\": \"Lcs\", \"confident\": 0.8837153807860361}", "{\"boxes\": [[1379, 403], [1583, 403], [1583, 493], [1379, 493]], \"text\": \"LL;\", \"confident\": 0.6359959065464634}", "{\"boxes\": [[1658, 406], [2002, 406], [2002, 534], [1658, 534]], \"text\": \"6yo-ak<\", \"confident\": 0.015902079781911806}", "{\"boxes\": [[75, 564], [533, 564], [533, 666], [75, 666]], \"text\": \"mckaezI\", \"confident\": 0.060983821985481315}", "{\"boxes\": [[631, 561], [767, 561], [767, 669], [631, 669]], \"text\": \"If\", \"confident\": 0.49722657415888194}", "{\"boxes\": [[948, 606], [1095, 606], [1095, 657], [948, 657]], \"text\": \"CL7>\", \"confident\": 0.05970010906457901}", "{\"boxes\": [[1166, 590], [1441, 590], [1441, 669], [1166, 669]], \"text\": \"4u0i3/\", \"confident\": 0.10373389205404049}", "{\"boxes\": [[1498, 603], [1786, 603], [1786, 679], [1498, 679]], \"text\": \"LL 221\", \"confident\": 0.10616034827216168}", "{\"boxes\": [[43, 784], [432, 784], [432, 888], [43, 888]], \"text\": \"Prowic ^\", \"confident\": 0.22493517540753297}", "{\"boxes\": [[841, 792], [1033, 792], [1033, 876], [841, 876]], \"text\": \"0~7\", \"confident\": 0.33919635241214974}", "{\"boxes\": [[1123, 787], [1199, 787], [1199, 853], [1123, 853]], \"text\": \"6a\", \"confident\": 0.06944247143826994}", "{\"boxes\": [[1258, 771], [1444, 771], [1444, 855], [1258, 855]], \"text\": \"LL: [\", \"confident\": 0.5707285615428302}", "{\"boxes\": [[1493, 827], [1574, 827], [1574, 868], [1493, 868]], \"text\": \"Lr\", \"confident\": 0.4621652016539373}", "{\"boxes\": [[1633, 823], [1775, 823], [1775, 865], [1633, 865]], \"text\": \"C~\", \"confident\": 0.15693711200207783}", "{\"boxes\": [[54, 972], [250, 972], [250, 1025], [54, 1025]], \"text\": \"noec\", \"confident\": 0.04473794624209404}", "{\"boxes\": [[412, 953], [643, 953], [643, 1046], [412, 1046]], \"text\": \"cbon /\", \"confident\": 0.3587951547176109}", "{\"boxes\": [[739, 942], [985, 942], [985, 1057], [739, 1057]], \"text\": \"0~%z\", \"confident\": 0.15409496426582336}", "{\"boxes\": [[1054, 918], [1316, 918], [1316, 1040], [1054, 1040]], \"text\": \"hL\", \"confident\": 0.2806504054626077}", "{\"boxes\": [[1372, 939], [1686, 939], [1686, 1041], [1372, 1041]], \"text\": \"willon <\", \"confident\": 0.6247941986187441}", "{\"boxes\": [[87, 1111], [488, 1111], [488, 1222], [87, 1222]], \"text\": \"okchns\", \"confident\": 0.045138700606377154}", "{\"boxes\": [[703, 1109], [856, 1109], [856, 1200], [703, 1200]], \"text\": \"[l Lx\", \"confident\": 0.0815683881705948}", "{\"boxes\": [[962, 1154], [1068, 1154], [1068, 1202], [962, 1202]], \"text\": \"Cz\", \"confident\": 0.11325927883619809}", "{\"boxes\": [[1213, 1139], [1371, 1139], [1371, 1223], [1213, 1223]], \"text\": \"bc/\", \"confident\": 0.3030150440959182}", "{\"boxes\": [[1407, 1143], [1613, 1143], [1613, 1227], [1407, 1227]], \"text\": \"LLS\", \"confident\": 0.15827125632858657}", "{\"boxes\": [[1700, 1162], [1798, 1162], [1798, 1212], [1700, 1212]], \"text\": \"br\", \"confident\": 0.7945482017822685}", "{\"boxes\": [[62, 1340], [227, 1340], [227, 1431], [62, 1431]], \"text\": \"ncy\", \"confident\": 0.1035499454627423}", "{\"boxes\": [[394, 1330], [476, 1330], [476, 1404], [394, 1404]], \"text\": \"Lz\", \"confident\": 0.7388552776250309}", "{\"boxes\": [[571, 1317], [735, 1317], [735, 1410], [571, 1410]], \"text\": \"~64\", \"confident\": 0.3339570638265156}", "{\"boxes\": [[817, 1323], [929, 1323], [929, 1413], [817, 1413]], \"text\": \"k\", \"confident\": 0.6815433653508904}", "{\"boxes\": [[1301, 1309], [1449, 1309], [1449, 1399], [1301, 1399]], \"text\": \"s\", \"confident\": 0.10486309497265722}", "{\"boxes\": [[1551, 1347], [1693, 1347], [1693, 1389], [1551, 1389]], \"text\": \"Ju r\", \"confident\": 0.07629041866220114}", "{\"boxes\": [[79, 1475], [453, 1475], [453, 1592], [79, 1592]], \"text\": \"nksek\", \"confident\": 0.6419701385344383}", "{\"boxes\": [[643, 1477], [886, 1477], [886, 1573], [643, 1573]], \"text\": \"Vl (\", \"confident\": 0.11070667207241058}", "{\"boxes\": [[1046, 1474], [1276, 1474], [1276, 1575], [1046, 1575]], \"text\": \"Most\", \"confident\": 0.3909268081188202}", "{\"boxes\": [[1390, 1485], [1779, 1485], [1779, 1577], [1390, 1577]], \"text\": \"nkk\", \"confident\": 0.13998468559698066}", "{\"boxes\": [[435, 1663], [821, 1663], [821, 1791], [435, 1791]], \"text\": \"beyov &\", \"confident\": 0.12985528230956395}", "{\"boxes\": [[880, 1663], [1305, 1663], [1305, 1762], [880, 1762]], \"text\": \"Peco_c/\", \"confident\": 0.38859294537826156}", "{\"boxes\": [[1423, 1701], [1511, 1701], [1511, 1761], [1423, 1761]], \"text\": \"Cc\", \"confident\": 0.9304589647573562}", "{\"boxes\": [[189, 1843], [553, 1843], [553, 1927], [189, 1927]], \"text\": \"L~l_\\\"[\", \"confident\": 0.11548031119888}", "{\"boxes\": [[716, 1832], [936, 1832], [936, 1937], [716, 1937]], \"text\": \"clz\", \"confident\": 0.19467072888813125}", "{\"boxes\": [[1096, 1834], [1270, 1834], [1270, 1932], [1096, 1932]], \"text\": \"Ja /\", \"confident\": 0.3882621212239255}", "{\"boxes\": [[1325, 1845], [1489, 1845], [1489, 1929], [1325, 1929]], \"text\": \"WLo\", \"confident\": 0.4521490975003701}", "{\"boxes\": [[1572, 1842], [1860, 1842], [1860, 1943], [1572, 1943]], \"text\": \"Lezoas]\", \"confident\": 0.08396108656788555}", "{\"boxes\": [[105, 2059], [205, 2059], [205, 2103], [105, 2103]], \"text\": \"W\", \"confident\": 0.6631333192647304}", "{\"boxes\": [[941, 2008], [1095, 2008], [1095, 2108], [941, 2108]], \"text\": \"14\", \"confident\": 0.2840606789949515}", "{\"boxes\": [[1185, 2020], [1539, 2020], [1539, 2116], [1185, 2116]], \"text\": \"nuclS\", \"confident\": 0.7385958515256527}", "{\"boxes\": [[1593, 2035], [1924, 2035], [1924, 2120], [1593, 2120]], \"text\": \"406415\", \"confident\": 0.12023780519208846}", "{\"boxes\": [[29, 2125], [169, 2125], [169, 2163], [29, 2163]], \"text\": \"Name:\", \"confident\": 0.6152576738059764}", "{\"boxes\": [[1420, 59], [1655, 21], [1665, 136], [1431, 174]], \"text\": \"'{ 4c\", \"confident\": 0.3011055626156035}", "{\"boxes\": [[68, 377], [255, 421], [226, 528], [39, 484]], \"text\": \"Vy\", \"confident\": 0.17799018088845636}", "{\"boxes\": [[730, 399], [849, 439], [819, 520], [700, 480]], \"text\": \"6l7\", \"confident\": 0.7075281945485012}", "{\"boxes\": [[499, 434], [713, 412], [716, 496], [503, 518]], \"text\": \"Dreb -\", \"confident\": 0.1009504487360961}", "{\"boxes\": [[337, 436], [500, 420], [504, 496], [340, 512]], \"text\": \"Lil\", \"confident\": 0.3607710850955951}", "{\"boxes\": [[948, 436], [1129, 403], [1138, 488], [958, 521]], \"text\": \"si1\", \"confident\": 0.14802085155129602}", "{\"boxes\": [[691, 782], [786, 