{"prediction": ["{\"boxes\": [[55, 59], [307, 59], [307, 149], [55, 149]], \"text\": \"When he\", \"confident\": 0.4460218556824097}", "{\"boxes\": [[311, 42], [810, 42], [810, 182], [311, 182]], \"text\": \"Fnally bedoned\", \"confident\": 0.34789413332646424}", "{\"boxes\": [[830, 56], [902, 56], [902, 132], [830, 132]], \"text\": \"t6\", \"confident\": 0.1571461779170203}", "{\"boxes\": [[1108, 46], [1192, 46], [1192, 126], [1108, 126]], \"text\": \"to\", \"confident\": 0.9443722501221486}", "{\"boxes\": [[1450, 44], [1804, 44], [1804, 144], [1450, 144]], \"text\": \"Jh &ka \", \"confident\": 0.12518463167427382}", "{\"boxes\": [[475, 195], [634, 195], [634, 269], [475, 269]], \"text\": \"resSt @\", \"confident\": 0.04196784738345509}", "{\"boxes\": [[743, 175], [811, 175], [811, 281], [743, 281]], \"text\": \"4\", \"confident\": 0.36435335386684997}", "{\"boxes\": [[1070, 168], [1220, 168], [1220, 242], [1070, 242]], \"text\": \"ben\", \"confident\": 0.913403682578555}", "{\"boxes\": [[1225, 154], [1752, 154], [1752, 281], [1225, 281]], \"text\": \"Iougkf oul and\", \"confident\": 0.29318636416358923}", "{\"boxes\": [[50, 315], [507, 315], [507, 435], [50, 435]], \"text\": \"deccled ufan\", \"confident\": 0.26472187242019163}", "{\"boxes\": [[546, 314], [742, 314], [742, 402], [546, 402]], \"text\": \"Inside\", \"confident\": 0.24493416450184496}", "{\"boxes\": [[740, 307], [1191, 307], [1191, 444], [740, 444]], \"text\": \"Hoy st down\", \"confident\": 0.26710823524586336}", "{\"boxes\": [[1201, 337], [1283, 337], [1283, 397], [1201, 397]], \"text\": \"ln\", \"confident\": 0.6494679880802122}", "{\"boxes\": [[1273, 307], [1502, 307], [1502, 400], [1273, 400]], \"text\": \"biddl \", \"confident\": 0.3356186383848061}", "{\"boxes\": [[1547, 311], [1725, 311], [1725, 401], [1547, 401]], \"text\": \"whkc\", \"confident\": 0.7978757923971344}", "{\"boxes\": [[50, 440], [188, 440], [188, 518], [50, 518]], \"text\": \"Dcn\", \"confident\": 0.5040064732986049}", "{\"boxes\": [[406, 448], [518, 448], [518, 522], [406, 522]], \"text\": \"Ihe\", \"confident\": 0.147665520240258}", "{\"boxes\": [[521, 427], [717, 427], [717, 543], [521, 543]], \"text\": \"Aoe ,\", \"confident\": 0.2457987595990659}", "{\"boxes\": [[841, 450], [1402, 450], [1402, 561], [841, 561]], \"text\": \"selmed Csplelely\", \"confident\": 0.3160161752497946}", "{\"boxes\": [[1425, 469], [1707, 469], [1707, 531], [1425, 531]], \"text\": \"eawar\", \"confident\": 0.30608810171783785}", "{\"boxes\": [[143, 555], [603, 555], [603, 678], [143, 678]], \"text\": \"Jeir pecence .\", \"confident\": 0.6172227498070156}", "{\"boxes\": [[973, 571], [1196, 571], [1196, 658], [973, 658]], \"text\": \"staced\", \"confident\": 0.4882406544282516}", "{\"boxes\": [[1218, 572], [1308, 572], [1308, 650], [1218, 650]], \"text\": \"at\", \"confident\": 0.4307616211607012}", "{\"boxes\": [[1482, 630], [1514, 630], [1514, 676], [1482, 676]], \"text\": \"1\", \"confident\": 0.9993775859699241}", "{\"boxes\": [[40, 715], [187, 715], [187, 793], [40, 793]], \"text\": \"Hetr\", \"confident\": 0.43864622712135315}", "{\"boxes\": [[381, 717], [687, 717], [687, 803], [381, 803]], \"text\": \"Ll bns\", \"confident\": 0.46979564557549913}", "{\"boxes\": [[706, 714], [1026, 714], [1026, 831], [706, 831]], \"text\": \"speclalrs\", \"confident\": 0.9003644140295892}", "{\"boxes\": [[1134, 716], [1713, 716], [1713, 836], [1134, 836]], \"text\": \"he walked up ond\", \"confident\": 0.4373718223536016}", "{\"boxes\": [[36, 837], [208, 837], [208, 934], [36, 934]], \"text\": \"doun\", \"confident\": 0.9991762042045593}", "{\"boxes\": [[246, 847], [662, 847], [662, 952], [246, 952]], \"text\": \"uf cd down\", \"confident\": 0.39761307916482314}", "{\"boxes\": [[930, 36], [1091, 58], [1077, 135], [916, 113]], \"text\": \"Hhem^\", \"confident\": 0.04979245013969367}", "{\"boxes\": [[1235, 16], [1442, 67], [1411, 173], [1204, 122]], \"text\": \"0k,\", \"confident\": 0.3019698529175377}", "{\"boxes\": [[840, 146], [1057, 180], [1029, 321], [812, 287]], \"text\": \"havin9\", \"confident\": 0.27850067508255644}", "{\"boxes\": [[254, 159], [498, 195], [478, 294], [234, 257]], \"text\": \"Ie imp\", \"confident\": 0.2125595690178601}", "{\"boxes\": [[52, 197], [223, 176], [228, 288], [58, 310]], \"text\": \"Aave\", \"confident\": 0.4593310058116913}", "{\"boxes\": [[758, 439], [843, 455], [827, 533], [742, 518]], \"text\": \"Ile\", \"confident\": 0.799617968850279}", "{\"boxes\": [[199, 461], [381, 444], [383, 525], [201, 541]], \"text\": \"paced\", \"confident\": 0.5125350096034919}", "{\"boxes\": [[641, 534], [812, 600], [768, 706], [597, 640]], \"text\": \"Th\", \"confident\": 0.1801861725167815}", "{\"boxes\": [[800, 571], [956, 560], [957, 683], [801, 694]], \"text\": \"jus!\", \"confident\": 0.5457231998443604}", "{\"boxes\": [[1347, 561], [1500, 598], [1478, 673], [1325, 637]], \"text\": \"hm\", \"confident\": 0.9756466538344863}", "{\"boxes\": [[1555, 553], [1784, 591], [1764, 682], [1535, 645]], \"text\": \"tuyunG\", \"confident\": 0.36615485198277703}", "{\"boxes\": [[203, 708], [368, 730], [354, 809], [189, 786]], \"text\": \"kads\", \"confident\": 0.763805091381073}", "{\"boxes\": [[1031, 751], [1122, 741], [1125, 802], [1033, 812]], \"text\": \"aS\", \"confident\": 0.5791713497332158}"]}