{"prediction": ["{\"boxes\": [[453, 55], [776, 55], [776, 192], [453, 192]], \"text\": \"shetok\", \"confident\": 0.6471901094601242}", "{\"boxes\": [[992, 72], [1231, 72], [1231, 194], [992, 194]], \"text\": \"drovnd\", \"confident\": 0.5884446468062808}", "{\"boxes\": [[1264, 64], [1442, 64], [1442, 184], [1264, 184]], \"text\": \"wilh\", \"confident\": 0.8876237869262695}", "{\"boxes\": [[1581, 73], [1703, 73], [1703, 187], [1581, 187]], \"text\": \"bt\", \"confident\": 0.7158921942102582}", "{\"boxes\": [[61, 289], [215, 289], [215, 357], [61, 357]], \"text\": \"nver\", \"confident\": 0.4216988980770111}", "{\"boxes\": [[230, 224], [624, 224], [624, 371], [230, 371]], \"text\": \"her husbuhd;\", \"confident\": 0.40015342501276846}", "{\"boxes\": [[637, 299], [679, 299], [679, 353], [637, 353]], \"text\": \"C\", \"confident\": 0.9239253755181522}", "{\"boxes\": [[694, 246], [928, 246], [928, 394], [694, 394]], \"text\": \"Jact he\", \"confident\": 0.4745750560527901}", "{\"boxes\": [[1222, 300], [1292, 300], [1292, 356], [1222, 356]], \"text\": \"ds\", \"confident\": 0.5304095021847867}", "{\"boxes\": [[1288, 233], [1696, 233], [1696, 384], [1288, 384]], \"text\": \"ihcvitall: \\\"I\", \"confident\": 0.3673861847409749}", "{\"boxes\": [[1718, 294], [1878, 294], [1878, 392], [1718, 392]], \"text\": \"dcess\", \"confident\": 0.15886600401424283}", "{\"boxes\": [[47, 397], [423, 397], [423, 561], [47, 561]], \"text\": \"slly madz\", \"confident\": 0.32741372738785357}", "{\"boxes\": [[465, 477], [509, 477], [509, 527], [465, 527]], \"text\": \"a\", \"confident\": 0.928469554671981}", "{\"boxes\": [[549, 409], [807, 409], [807, 547], [549, 547]], \"text\": \"misfake\", \"confident\": 0.9708839009835676}", "{\"boxes\": [[845, 417], [1030, 417], [1030, 544], [845, 544]], \"text\": \"aLot\", \"confident\": 0.13476237654685974}", "{\"boxes\": [[1184, 422], [1453, 422], [1453, 548], [1184, 548]], \"text\": \"he said\", \"confident\": 0.6941742889542073}", "{\"boxes\": [[1511, 469], [1637, 469], [1637, 537], [1511, 537]], \"text\": \"Ohe\", \"confident\": 0.6454128125878538}", "{\"boxes\": [[340, 596], [782, 596], [782, 724], [340, 724]], \"text\": \"when he had\", \"confident\": 0.9111485298373593}", "{\"boxes\": [[812, 576], [1534, 576], [1534, 746], [812, 746]], \"text\": \"Lch lf t coek his\", \"confident\": 0.16307506456457704}", "{\"boxes\": [[1566, 655], [1721, 655], [1721, 721], [1566, 721]], \"text\": \"Ohn\", \"confident\": 0.24186725835574294}", "{\"boxes\": [[1744, 598], [1898, 598], [1898, 720], [1744, 720]], \"text\": \"Vhea V.\", \"confident\": 0.11963953964751152}", "{\"boxes\": [[52, 732], [362, 732], [362, 926], [52, 926]], \"text\": \"AW sly\", \"confident\": 0.2801275872136197}", "{\"boxes\": [[358, 822], [414, 822], [414, 892], [358, 892]], \"text\": \"'s\", \"confident\": 0.38156733455069886}", "{\"boxes\": [[463, 751], [745, 751], [745, 914], [463, 914]], \"text\": \"rebhons\", \"confident\": 0.36268601053536526}", "{\"boxes\": [[812, 826], [970, 826], [970, 898], [812, 898]], \"text\": \"Were\", \"confident\": 0.7260791063308716}", "{\"boxes\": [[1013, 783], [1703, 783], [1703, 920], [1013, 920]], \"text\": \"fmakroeleb now; LLf\", \"confident\": 0.27758540296627565}", "{\"boxes\": [[52, 1008], [194, 1008], [194, 1082], [52, 1082]], \"text\": \"Was\", \"confident\": 0.38486522798728073}", "{\"boxes\": [[249, 1015], [293, 1015], [293, 1065], [249, 1065]], \"text\": \"1\", \"confident\": 0.11323358643949977}", "{\"boxes\": [[341, 940], [1595, 940], [1595, 1099], [341, 1099]], \"text\": \"Stolic Y;L, h midl -iia- breky\", \"confident\": 0.21608638998205812}", "{\"boxes\": [[1790, 940], [1938, 940], [1938, 1084], [1790, 1084]], \"text\": \"lent\", \"confident\": 0.2919673025608063}", "{\"boxes\": [[182, 1118], [486, 1118], [486, 1264], [182, 1264]], \"text\": \"4scl-Dp\", \"confident\": 0.2767784897042082}", "{\"boxes\": [[507, 1187], [585, 1187], [585, 1247], [507, 1247]], \"text\": \"Oh\", \"confident\": 0.803749284311717}", "{\"boxes\": [[792, 1189], [992, 1189], [992, 1263], [792, 1263]], \"text\": \"lower.\", \"confident\": 0.5395376531642213}", "{\"boxes\": [[86, 52], [289, 82], [267, 193], [64, 163]], \"text\": \"Somet\", \"confident\": 0.787988863785431}", "{\"boxes\": [[784, 63], [983, 109], [951, 226], [752, 180]], \"text\": \"Hlory\", \"confident\": 0.38773136666147257}", "{\"boxes\": [[1453, 68], [1589, 92], [1566, 203], [1430, 179]], \"text\": \"hert\", \"confident\": 0.909485399723053}", "{\"boxes\": [[267, 91], [424, 115], [410, 191], [252, 168]], \"text\": \"imes\", \"confident\": 0.47922733426094055}", "{\"boxes\": [[926, 292], [1192, 242], [1207, 369], [940, 419]], \"text\": \"atcepfedl\", \"confident\": 0.3895174259828293}", "{\"boxes\": [[1034, 473], [1138, 493], [1123, 560], [1018, 539]], \"text\": \"me /\", \"confident\": 0.49076274037361145}", "{\"boxes\": [[74, 614], [336, 653], [316, 747], [54, 708]], \"text\": \"eVening,\", \"confident\": 0.7301220000396618}", "{\"boxes\": [[1702, 791], [1862, 815], [1842, 914], [1682, 890]], \"text\": \"Tom\", \"confident\": 0.7715097069740295}", "{\"boxes\": [[1603, 1015], [1810, 984], [1818, 1079], [1610, 1110]], \"text\": \"<qlivu<\", \"confident\": 0.1654714619806277}", "{\"boxes\": [[614, 1131], [746, 1149], [727, 1263], [595, 1244]], \"text\": \"Lhe\", \"confident\": 0.944450604285714}"]}