{"prediction": ["{\"boxes\": [[70, 44], [146, 44], [146, 118], [70, 118]], \"text\": \"AF\", \"confident\": 0.15347373432258782}", "{\"boxes\": [[185, 55], [309, 55], [309, 119], [185, 119]], \"text\": \"HL\", \"confident\": 0.6999216914466108}", "{\"boxes\": [[605, 47], [697, 47], [697, 137], [605, 137]], \"text\": \"of\", \"confident\": 0.6448838547551358}", "{\"boxes\": [[722, 52], [900, 52], [900, 132], [722, 132]], \"text\": \"eacl\", \"confident\": 0.6527632474899292}", "{\"boxes\": [[951, 45], [1147, 45], [1147, 130], [951, 130]], \"text\": \"crck\", \"confident\": 0.4465996026992798}", "{\"boxes\": [[1190, 45], [1398, 45], [1398, 134], [1190, 134]], \"text\": \"rko-\", \"confident\": 0.09582453221082687}", "{\"boxes\": [[1431, 47], [1785, 47], [1785, 150], [1431, 150]], \"text\": \"pexroue /\", \"confident\": 0.347417269745528}", "{\"boxes\": [[44, 217], [507, 217], [507, 331], [44, 331]], \"text\": \"UACls38rI ef\", \"confident\": 0.016946245600466522}", "{\"boxes\": [[560, 212], [1287, 212], [1287, 351], [560, 351]], \"text\": \"corforaLo_c tegeller\", \"confident\": 0.08458404609259303}", "{\"boxes\": [[1324, 230], [1520, 230], [1520, 310], [1324, 310]], \"text\": \"6I4\", \"confident\": 0.3204518191988726}", "{\"boxes\": [[1795, 241], [1861, 241], [1861, 303], [1795, 303]], \"text\": \"r\", \"confident\": 0.7789946659068505}", "{\"boxes\": [[39, 408], [217, 408], [217, 492], [39, 492]], \"text\": \"ald\", \"confident\": 0.6559482773482143}", "{\"boxes\": [[267, 409], [463, 409], [463, 494], [267, 494]], \"text\": \"(Ls` 5\", \"confident\": 0.06042834142567365}", "{\"boxes\": [[776, 402], [1010, 402], [1010, 492], [776, 492]], \"text\": \"c6kt\", \"confident\": 0.22198688983917236}", "{\"boxes\": [[1069, 387], [1237, 387], [1237, 499], [1069, 499]], \"text\": \"TLe\", \"confident\": 0.565809691185224}", "{\"boxes\": [[1264, 407], [1539, 407], [1539, 491], [1264, 491]], \"text\": \"Jece_h\", \"confident\": 0.18356817086642652}", "{\"boxes\": [[1592, 405], [1765, 405], [1765, 496], [1592, 496]], \"text\": \"Lect\", \"confident\": 0.6707652807235718}", "{\"boxes\": [[36, 568], [301, 568], [301, 714], [36, 714]], \"text\": \"poiyL (\", \"confident\": 0.1063202678750536}", "{\"boxes\": [[387, 587], [599, 587], [599, 675], [387, 675]], \"text\": \"HLS '\", \"confident\": 0.2618742079636165}", "{\"boxes\": [[681, 611], [781, 611], [781, 679], [681, 679]], \"text\": \"Co\", \"confident\": 0.927063565842129}", "{\"boxes\": [[976, 573], [1356, 573], [1356, 673], [976, 673]], \"text\": \"D cluta boca\", \"confident\": 0.1314311666850229}", "{\"boxes\": [[1426, 580], [1724, 580], [1724, 678], [1426, 678]], \"text\": \"lertserct\", \"confident\": 0.1294840726642198}", "{\"boxes\": [[1748, 590], [1916, 590], [1916, 668], [1748, 668]], \"text\": \"eu d\", \"confident\": 0.5343644022941589}", "{\"boxes\": [[43, 781], [229, 781], [229, 849], [43, 849]], \"text\": \"currc\", \"confident\": 0.10429326192494737}", "{\"boxes\": [[317, 788], [483, 788], [483, 855], [317, 855]], \"text\": \"lok\", \"confident\": 0.6019940824177555}", "{\"boxes\": [[846, 762], [1112, 762], [1112, 896], [846, 896]], \"text\": \"606L4\", \"confident\": 0.3380947880858578}", "{\"boxes\": [[1156, 756], [1447, 756], [1447, 860], [1156, 860]], \"text\": \"frcrcl\", \"confident\": 0.21664150004939434}", "{\"boxes\": [[1637, 771], [1825, 771], [1825, 855], [1637, 855]], \"text\": \"H; )\", \"confident\": 0.06892423140580553}", "{\"boxes\": [[54, 926], [236, 926], [236, 1022], [54, 1022]], \"text\": \"(Gn_\", \"confident\": 0.3581267297267914}", "{\"boxes\": [[376, 922], [474, 922], [474, 1058], [376, 1058]], \"text\": \"Rj\", \"confident\": 0.33540561072641195}", "{\"boxes\": [[1399, 951], [1840, 951], [1840, 1059], [1399, 1059]], \"text\": \"Apperralicei\", \"confident\": 0.06560112890412527}", "{\"boxes\": [[345, 1141], [481, 1141], [481, 1203], [345, 1203]], \"text\": \"Un\", \"confident\": 0.24688345960042662}", "{\"boxes\": [[461, 1112], [758, 1112], [758, 1271], [461, 1271]], \"text\": \"rus,h\", \"confident\": 0.2652954581396851}", "{\"boxes\": [[823, 1111], [1093, 1111], [1093, 1221], [823, 1221]], \"text\": \"~ecords\", \"confident\": 0.492628473531983}", "{\"boxes\": [[1151, 1127], [1295, 1127], [1295, 1217], [1151, 1217]], \"text\": \"HGe\", \"confident\": 0.45603654326640464}", "{\"boxes\": [[1343, 1121], [1854, 1121], [1854, 1259], [1343, 1259]], \"text\": \"S kr of /le\", \"confident\": 0.34750507680811815}", "{\"boxes\": [[61, 1282], [423, 1282], [423, 1409], [61, 1409]], \"text\": \"bcslees\", \"confident\": 0.5253204519927878}", "{\"boxes\": [[539, 1298], [777, 1298], [777, 1396], [539, 1396]], \"text\": \"~ould\", \"confident\": 0.31881652856291787}", "{\"boxes\": [[1282, 1317], [1547, 1317], [1547, 1455], [1282, 1455]], \"text\": \"yoe\", \"confident\": 0.09393624205527308}", "{\"boxes\": [[1594, 1314], [1765, 1314], [1765, 1387], [1594, 1387]], \"text\": \"ueh\", \"confident\": 0.17123610432042666}", "{\"boxes\": [[344, 1502], [611, 1502], [611, 1566], [344, 1566]], \"text\": \"QJOlO1\", \"confident\": 0.12877155159008022}", "{\"boxes\": [[718, 1484], [882, 1484], [882, 1564], [718, 1564]], \"text\": \"tubo\", \"confident\": 0.5913881659507751}", "{\"boxes\": [[966, 1516], [1028, 1516], [1028, 1568], [966, 1568]], \"text\": \"(4\", \"confident\": 0.2589290690931971}", "{\"boxes\": [[1037, 1485], [1275, 1485], [1275, 1573], [1037, 1573]], \"text\": \"lekeck\", \"confident\": 0.13111945872277356}", "{\"boxes\": [[1547, 1503], [1653, 1503], [1653, 1565], [1547, 1565]], \"text\": \"~kul\", \"confident\": 0.15147534012794495}", "{\"boxes\": [[1668, 1469], [1950, 1469], [1950, 1589], [1668, 1589]], \"text\": \"ca_kech\", \"confident\": 0.45070966623099945}", "{\"boxes\": [[382, 1668], [492, 1668], [492, 1742], [382, 1742]], \"text\": \"Le\", \"confident\": 0.3234375110169053}", "{\"boxes\": [[569, 1657], [964, 1657], [964, 1756], [569, 1756]], \"text\": \"'iK'a lecl\", \"confident\": 0.06348031601856184}", "{\"boxes\": [[1050, 1655], [1175, 1655], [1175, 1742], [1050, 1742]], \"text\": \"01 /\", \"confident\": 0.41060983543222956}", "{\"boxes\": [[1417, 1675], [1603, 1675], [1603, 1743], [1417, 1743]], \"text\": \"26 c\", \"confident\": 0.5351660847663879}", "{\"boxes\": [[79, 1831], [203, 1831], [203, 1915], [79, 1915]], \"text\": \"HLS\", \"confident\": 0.32985020002582}", "{\"boxes\": [[278, 1825], [567, 1825], [567, 1936], [278, 1936]], \"text\": \"Qav 6 ca\", \"confident\": 0.3100134550054263}", "{\"boxes\": [[348, 69], [549, 51], [551, 120], [350, 139]], \"text\": \"cexhxe\", \"confident\": 0.02223573897105578}", "{\"boxes\": [[1584, 241], [1804, 218], [1808, 315], [1588, 338]], \"text\": \"Prekto _\", \"confident\": 0.5805152775832282}", "{\"boxes\": [[527, 379], [760, 426], [731, 539], [499, 492]], \"text\": \"Fc-i\", \"confident\": 0.21195031144281656}", "{\"boxes\": [[777, 586], [956, 616], [932, 734], [753, 705]], \"text\": \"Ucx\", \"confident\": 0.18506418177276784}", "{\"boxes\": [[591, 756], [803, 795], [777, 906], [566, 867]], \"text\": \"b-8\", \"confident\": 0.3108980324672816}", "{\"boxes\": [[1039, 979], [1339, 952], [1341, 1021], [1041, 1048]], \"text\": \"pesroce /\", \"confident\": 0.4976531706722193}", "{\"boxes\": [[568, 932], [952, 995], [931, 1082], [547, 1019]], \"text\": \"Ulupn- &\", \"confident\": 0.11401731985463746}", "{\"boxes\": [[66, 1122], [261, 1100], [265, 1198], [70, 1220]], \"text\": \"c(y\", \"confident\": 0.12945033517485996}", "{\"boxes\": [[846, 1317], [1009, 1300], [1013, 1396], [850, 1413]], \"text\": \"Pack\", \"confident\": 0.42102909088134766}", "{\"boxes\": [[1094, 1321], [1203, 1335], [1195, 1381], [1086, 1367]], \"text\": \"8\", \"confident\": 0.36511807921147366}", "{\"boxes\": [[69, 1500], [249, 1485], [249, 1556], [70, 1570]], \"text\": \"d d\", \"confident\": 0.10360165455067559}", "{\"boxes\": [[1306, 1475], [1498, 1508], [1478, 1597], [1286, 1564]], \"text\": \"#it? 1\", \"confident\": 0.4458994736569889}", 