{"prediction": ["{\"boxes\": [[109, 53], [499, 53], [499, 169], [109, 169]], \"text\": \"Ceskr Uos\", \"confident\": 0.5151174861896866}", "{\"boxes\": [[703, 55], [897, 55], [897, 143], [703, 143]], \"text\": \"hom\", \"confident\": 0.7026775557884166}", "{\"boxes\": [[1078, 46], [1256, 46], [1256, 166], [1078, 166]], \"text\": \"Fron\", \"confident\": 0.587167501449585}", "{\"boxes\": [[1403, 57], [1788, 57], [1788, 173], [1403, 173]], \"text\": \"Josmickbk\", \"confident\": 0.29083007357769225}", "{\"boxes\": [[62, 205], [318, 205], [318, 341], [62, 341]], \"text\": \"duties\", \"confident\": 0.3976540039864809}", "{\"boxes\": [[448, 232], [1006, 232], [1006, 356], [448, 356]], \"text\": \"his wik,in f\", \"confident\": 0.5739812503058754}", "{\"boxes\": [[1032, 262], [1273, 262], [1273, 329], [1032, 329]], \"text\": \"monnef\", \"confident\": 0.57841525694257}", "{\"boxes\": [[1272, 222], [1653, 222], [1653, 344], [1272, 344]], \"text\": \"4 mokctk\", \"confident\": 0.3630082008481293}", "{\"boxes\": [[1687, 237], [1885, 237], [1885, 323], [1687, 323]], \"text\": \"brw\", \"confident\": 0.40910059899119916}", "{\"boxes\": [[72, 406], [320, 406], [320, 532], [72, 532]], \"text\": \"WUiies ,\", \"confident\": 0.17431040391483987}", "{\"boxes\": [[625, 398], [1520, 398], [1520, 522], [625, 522]], \"text\": \"obout himin his Qbsence .\", \"confident\": 0.5130244907638499}", "{\"boxes\": [[1589, 407], [1999, 407], [1999, 517], [1589, 517]], \"text\": \"leskef lursa\", \"confident\": 0.3127647525814812}", "{\"boxes\": [[60, 592], [314, 592], [314, 716], [60, 716]], \"text\": \"courky\", \"confident\": 0.6627641084008037}", "{\"boxes\": [[715, 585], [1730, 585], [1730, 721], [715, 721]], \"text\": \"w2 Wele lI} Smoll Ymidaebc,\", \"confident\": 0.17630592014360297}", "{\"boxes\": [[262, 742], [312, 742], [312, 790], [262, 790]], \"text\": \"(i\", \"confident\": 0.10090690266231794}", "{\"boxes\": [[320, 752], [2062, 752], [2062, 899], [320, 899]], \"text\": \"hei Sh had drppel lr Uice In hom t Yh\", \"confident\": 0.07780733285424836}", "{\"boxes\": [[71, 973], [444, 973], [444, 1061], [71, 1061]], \"text\": \"economic\", \"confident\": 0.7671968478755953}", "{\"boxes\": [[805, 955], [1469, 955], [1469, 1066], [805, 1066]], \"text\": \"Hha / Wos feinered\", \"confident\": 0.13116426380532367}", "{\"boxes\": [[1518, 945], [2099, 945], [2099, 1090], [1518, 1090]], \"text\": \"Viken he } kut\", \"confident\": 0.17184642628121302}", "{\"boxes\": [[85, 1138], [230, 1138], [230, 1224], [85, 1224]], \"text\": \"We\", \"confident\": 0.9769671644694485}", "{\"boxes\": [[689, 1104], [2158, 1104], [2158, 1241], [689, 1241]], \"text\": \"60 0 6i} betler ' he ereied plfkics .\", \"confident\": 0.16957754349392598}", "{\"boxes\": [[879, 106], [1068, 37], [1100, 132], [910, 201]], \"text\": \"Yex\", \"confident\": 0.813440080340058}", "{\"boxes\": [[525, 66], [689, 49], [691, 143], [527, 160]], \"text\": \"not\", \"confident\": 0.5932865112453611}", "{\"boxes\": [[1274, 43], [1396, 64], [1376, 161], [1255, 141]], \"text\": \"his\", \"confident\": 0.6081993203017101}", "{\"boxes\": [[303, 261], [443, 230], [456, 312], [317, 342]], \"text\": \"ord\", \"confident\": 0.31819531321525574}", "{\"boxes\": [[309, 440], [632, 413], [633, 501], [310, 528]], \"text\": \"rOmanced\", \"confident\": 0.5517687651342553}", "{\"boxes\": [[334, 567], [580, 624], [543, 756], [297, 699]], \"text\": \"bowlef ,\", \"confident\": 0.3368418769288404}", "{\"boxes\": [[1902, 576], [2071, 613], [2045, 712], [1877, 675]], \"text\": \"lue,\", \"confident\": 0.2333844155073166}", "{\"boxes\": [[576, 607], [720, 598], [720, 679], [577, 689]], \"text\": \"and\", \"confident\": 0.9992584419186419}", "{\"boxes\": [[1680, 620], [1893, 599], [1896, 686], [1683, 706]], \"text\": \"~ ueien\", \"confident\": 0.1146550234164871}", "{\"boxes\": [[69, 692], [264, 762], [208, 906], [14, 837]], \"text\": \"Solk\", \"confident\": 0.5830875039100647}", "{\"boxes\": [[441, 973], [790, 932], [795, 1053], [446, 1094]], \"text\": \"Syslen:\", \"confident\": 0.14326008908563365}", "{\"boxes\": [[248, 1129], [515, 1108], [515, 1258], [249, 1278]], \"text\": \"migh}\", \"confident\": 0.7787258411097301}", "{\"boxes\": [[482, 1145], [694, 1109], [708, 1253], [496, 1289]], \"text\": \"9e/ \", \"confident\": 0.2703459024628849}"]}