{"prediction": ["{\"boxes\": [[250, 21], [1278, 21], [1278, 158], [250, 158]], \"text\": \"(cez1aQ CQa & axixoRo\", \"confident\": 0.006562262576077415}", "{\"boxes\": [[1291, 52], [1880, 52], [1880, 130], [1291, 130]], \"text\": \"QooSeed move an\", \"confident\": 0.14379862087474454}", "{\"boxes\": [[1893, 69], [2072, 69], [2072, 121], [1893, 121]], \"text\": \"w02\", \"confident\": 0.09389948202180043}", "{\"boxes\": [[71, 219], [249, 219], [249, 304], [71, 304]], \"text\": \"QQae\", \"confident\": 0.4829687774181366}", "{\"boxes\": [[263, 257], [319, 257], [319, 297], [263, 297]], \"text\": \"C\", \"confident\": 0.8660649274689014}", "{\"boxes\": [[352, 230], [892, 230], [892, 330], [352, 330]], \"text\": \"masquerock &\", \"confident\": 0.5146022231209019}", "{\"boxes\": [[908, 216], [1633, 216], [1633, 321], [908, 321]], \"text\": \"Quxnoxs snlerexk\", \"confident\": 0.17887145791055545}", "{\"boxes\": [[1649, 241], [1735, 241], [1735, 303], [1649, 303]], \"text\": \"i\", \"confident\": 0.9567857212183561}", "{\"boxes\": [[1762, 224], [1936, 224], [1936, 302], [1762, 302]], \"text\": \"d -\", \"confident\": 0.6734146567109441}", "{\"boxes\": [[311, 401], [587, 401], [587, 489], [311, 489]], \"text\": \"TaaQ\", \"confident\": 0.27034181356430054}", "{\"boxes\": [[609, 371], [2014, 371], [2014, 529], [609, 529]], \"text\": \"Rar Qom alkacing Ma albbojance\", \"confident\": 0.05192817069423711}", "{\"boxes\": [[74, 582], [340, 582], [340, 678], [74, 678]], \"text\": \"ok Dee\", \"confident\": 0.0896964750947581}", "{\"boxes\": [[358, 610], [544, 610], [544, 660], [358, 660]], \"text\": \"row\", \"confident\": 0.33496601947880217}", "{\"boxes\": [[546, 568], [1276, 568], [1276, 708], [546, 708]], \"text\": \"eetyyRnere coula\", \"confident\": 0.09555250596509855}", "{\"boxes\": [[1510, 572], [2003, 572], [2003, 700], [1510, 700]], \"text\": \"repeQ   ARom -\", \"confident\": 0.13067957639184916}", "{\"boxes\": [[56, 748], [1930, 748], [1930, 870], [56, 870]], \"text\": \"(Saxc nlal oQ JMa culluroQ Qle 2 Did Aais 6or\", \"confident\": 0.039800847407674624}", "{\"boxes\": [[332, 941], [671, 941], [671, 1029], [332, 1029]], \"text\": \"nAre\", \"confident\": 0.134785458445549}", "{\"boxes\": [[690, 974], [756, 974], [756, 1028], [690, 1028]], \"text\": \"Q\", \"confident\": 0.3075065228416385}", "{\"boxes\": [[777, 930], [1254, 930], [1254, 1066], [777, 1066]], \"text\": \"aeninoQx\", \"confident\": 0.058130622006514476}", "{\"boxes\": [[43, 1104], [742, 1104], [742, 1231], [43, 1231]], \"text\": \"Xai~ noHl ^n\", \"confident\": 0.12123983071013389}", "{\"boxes\": [[762, 1116], [1852, 1116], [1852, 1218], [762, 1218]], \"text\": \"Kamno Cecome xcoQ Qacl\", \"confident\": 0.09732107680121876}", "{\"boxes\": [[77, 1309], [239, 1309], [239, 1375], [77, 1375]], \"text\": \"ad\", \"confident\": 0.3997063331017295}", "{\"boxes\": [[265, 1299], [731, 1299], [731, 1383], [265, 1383]], \"text\": \"counseracA\", \"confident\": 0.280590769857474}", "{\"boxes\": [[762, 1304], [916, 1304], [916, 1378], [762, 1378]], \"text\": \"AaQ\", \"confident\": 0.10579111172882745}", "{\"boxes\": [[942, 1297], [2083, 1297], [2083, 1400], [942, 1400]], \"text\": \"cs_eow Auill  Qconaic\", \"confident\": 0.1343247192995459}", "{\"boxes\": [[41, 1460], [903, 1460], [903, 1594], [41, 1594]], \"text\": \"xRi&- Qocl @otun\", \"confident\": 0.07777999709683445}", "{\"boxes\": [[928, 1484], [1328, 1484], [1328, 1583], [928, 1583]], \"text\": \"XQ duru\", \"confident\": 0.15034500556706076}", "{\"boxes\": [[1405, 1477], [1579, 1477], [1579, 1567], [1405, 1567]], \"text\": \"AQaq\", \"confident\": 0.40605905652046204}", "{\"boxes\": [[1609, 1491], [1900, 1491], [1900, 1578], [1609, 1578]], \"text\": \"Non ^\", \"confident\": 0.3435396576016336}", "{\"boxes\": [[302, 1647], [461, 1647], [461, 1734], [302, 1734]], \"text\": \"Aeo\", \"confident\": 0.31769283848443153}", "{\"boxes\": [[493, 1642], [878, 1642], [878, 1742], [493, 1742]], \"text\": \"conLure\", \"confident\": 0.22566424525354908}", "{\"boxes\": [[85, 41], [243, 61], [231, 132], [72, 112]], \"text\": \"TQe\", \"confident\": 0.49146807479821497}", "{\"boxes\": [[74, 428], [293, 412], [293, 490], [73, 506]], \"text\": \"auie\", \"confident\": 0.2741508483886719}", "{\"boxes\": [[1287, 560], [1533, 608], [1507, 709], [1261, 661]], \"text\": \"onoyx\", \"confident\": 0.1323276239725847}", "{\"boxes\": [[75, 919], [316, 975], [292, 1060], [50, 1004]], \"text\": \"Q_Q\", \"confident\": 0.2933086660666769}", "{\"boxes\": [[1713, 962], [2060, 933], [2060, 1033], [1713, 1061]], \"text\": \"smuQle\", \"confident\": 0.20836460205572896}", "{\"boxes\": [[1263, 918], [1727, 982], [1703, 1092], [1240, 1028]], \"text\": \"ECKc\", \"confident\": 0.06728489696979523}", "{\"boxes\": [[57, 1652], [260, 1626], [267, 1739], [64, 1765]], \"text\": \"Quil\", \"confident\": 0.47989794611930847}"]}