{"prediction": ["{\"boxes\": [[108, 61], [452, 61], [452, 176], [108, 176]], \"text\": \"A^4t A\", \"confident\": 0.057961392403237666}", "{\"boxes\": [[723, 50], [1060, 50], [1060, 165], [723, 165]], \"text\": \"ka &a Aat \", \"confident\": 0.14318507254683013}", "{\"boxes\": [[1176, 40], [1996, 40], [1996, 166], [1176, 166]], \"text\": \"KAka , x, QA-4 ru,b}\", \"confident\": 0.01594864792325029}", "{\"boxes\": [[89, 198], [345, 198], [345, 306], [89, 306]], \"text\": \"HR4 S\", \"confident\": 0.051141957370103706}", "{\"boxes\": [[588, 248], [674, 248], [674, 300], [588, 300]], \"text\": \"mQ\", \"confident\": 0.12409236078303641}", "{\"boxes\": [[665, 203], [1115, 203], [1115, 314], [665, 314]], \"text\": \"fa&} 84 4\", \"confident\": 0.06023037921399505}", "{\"boxes\": [[1121, 255], [1157, 255], [1157, 295], [1121, 295]], \"text\": \"A\", \"confident\": 0.528328386436673}", "{\"boxes\": [[1176, 190], [1388, 190], [1388, 336], [1176, 336]], \"text\": \"2,4 '\", \"confident\": 0.19290840594764924}", "{\"boxes\": [[1419, 253], [1562, 253], [1562, 331], [1419, 331]], \"text\": \"Avyx ,\", \"confident\": 0.2618971527431712}", "{\"boxes\": [[1556, 199], [1834, 199], [1834, 319], [1556, 319]], \"text\": \"7? 'M\", \"confident\": 0.17836678663359745}", "{\"boxes\": [[117, 337], [319, 337], [319, 429], [117, 429]], \"text\": \"Awawy\", \"confident\": 0.1302555428975375}", "{\"boxes\": [[480, 336], [760, 336], [760, 440], [480, 440]], \"text\": \"Sxial , K\", \"confident\": 0.29753571845357973}", "{\"boxes\": [[745, 329], [1365, 329], [1365, 494], [745, 494]], \"text\": \"bndl LwnAl twk\", \"confident\": 0.046594823024599455}", "{\"boxes\": [[1520, 348], [1971, 348], [1971, 486], [1520, 486]], \"text\": \"mxwul , dem\", \"confident\": 0.1567904469646613}", "{\"boxes\": [[46, 476], [126, 476], [126, 564], [46, 564]], \"text\": \"fo\", \"confident\": 0.21428891693855215}", "{\"boxes\": [[344, 516], [446, 516], [446, 566], [344, 566]], \"text\": \"~w\", \"confident\": 0.10329167252364355}", "{\"boxes\": [[452, 472], [673, 472], [673, 595], [452, 595]], \"text\": \"M A\", \"confident\": 0.13511911887344208}", "{\"boxes\": [[701, 495], [839, 495], [839, 561], [701, 561]], \"text\": \"\\\"cla\", \"confident\": 0.2201102375984192}", "{\"boxes\": [[835, 459], [1301, 459], [1301, 615], [835, 615]], \"text\": \"(8'& BMa4l\", \"confident\": 0.03644713185317576}", "{\"boxes\": [[1512, 544], [1562, 544], [1562, 574], [1512, 574]], \"text\": \"An\", \"confident\": 0.15952500231921715}", "{\"boxes\": [[1698, 484], [1904, 484], [1904, 630], [1698, 630]], \"text\": \"0icyk\", \"confident\": 0.052065154963607196}", "{\"boxes\": [[157, 605], [397, 605], [397, 692], [157, 692]], \"text\": \"(kauy Alo\", \"confident\": 0.14314957970997136}", "{\"boxes\": [[397, 587], [1491, 587], [1491, 728], [397, 728]], \"text\": \"ceustypab !Easz Bk 44 S0 SaM'\", \"confident\": 0.0033771435699492245}", "{\"boxes\": [[1042, 57], [1191, 40], [1196, 143], [1046, 159]], \"text\": \"'41'\", \"confident\": 0.8922885060310364}", "{\"boxes\": [[568, 98], [715, 87], [717, 204], [571, 215]], \"text\": \"41\", \"confident\": 0.0804547339097313}", "{\"boxes\": [[442, 227], [569, 215], [571, 294], [444, 306]], \"text\": \"m,t\", \"confident\": 0.16070533678423}", "{\"boxes\": [[1842, 260], [1954, 276], [1945, 325], [1833, 309]], \"text\": \"0ni\", \"confident\": 0.11630195783034983}", "{\"boxes\": [[1412, 367], [1524, 396], [1506, 457], [1394, 428]], \"text\": \"K\", \"confident\": 0.5114187191861816}", "{\"boxes\": [[138, 485], [281, 466], [288, 560], [144, 580]], \"text\": \"~&_\", \"confident\": 0.06355786601667245}", "{\"boxes\": [[1356, 492], [1509, 536], [1484, 614], [1330, 571]], \"text\": \"Yaar\", \"confident\": 0.16914916038513184}", "{\"boxes\": [[1575, 536], [1713, 527], [1714, 607], [1576, 616]], \"text\": \"Na\", \"confident\": 0.40984586643670323}", "{\"boxes\": [[39, 625], [130, 615], [134, 679], [43, 689]], \"text\": \"AN\", \"confident\": 0.6864539817633779}", "{\"boxes\": [[1531, 609], [1664, 637], [1634, 760], [1501, 732]], \"text\": \"88'\", \"confident\": 0.7182797894416884}"]}