{"prediction": ["{\"boxes\": [[64, 52], [473, 52], [473, 145], [64, 145]], \"text\": \"I~nesecl\", \"confident\": 0.5260255208563088}", "{\"boxes\": [[509, 71], [579, 71], [579, 139], [509, 139]], \"text\": \"15\", \"confident\": 0.10825271014038106}", "{\"boxes\": [[626, 45], [769, 45], [769, 148], [626, 148]], \"text\": \"Ybe\", \"confident\": 0.42719986951838135}", "{\"boxes\": [[797, 49], [1034, 49], [1034, 157], [797, 157]], \"text\": \"Dies\", \"confident\": 0.2634873688220978}", "{\"boxes\": [[1077, 35], [1497, 35], [1497, 161], [1077, 161]], \"text\": \"Adlitstises ,\", \"confident\": 0.08139050291400213}", "{\"boxes\": [[1521, 76], [1656, 76], [1656, 144], [1521, 144]], \"text\": \"Ua <\", \"confident\": 0.299485513602716}", "{\"boxes\": [[1694, 52], [1840, 52], [1840, 148], [1694, 148]], \"text\": \"{le\", \"confident\": 0.323205644386766}", "{\"boxes\": [[41, 211], [214, 211], [214, 323], [41, 323]], \"text\": \"Qev .\", \"confident\": 0.4703501381009817}", "{\"boxes\": [[241, 223], [582, 223], [582, 327], [241, 327]], \"text\": \"Educ-ds\", \"confident\": 0.6479570598903329}", "{\"boxes\": [[632, 230], [942, 230], [942, 330], [632, 330]], \"text\": \"Me 6e\", \"confident\": 0.23728105995514281}", "{\"boxes\": [[1113, 231], [1297, 231], [1297, 321], [1113, 321]], \"text\": \"doun\", \"confident\": 0.5731044411659241}", "{\"boxes\": [[1350, 216], [1458, 216], [1458, 316], [1350, 316]], \"text\": \"L\", \"confident\": 0.7967585949994636}", "{\"boxes\": [[1508, 250], [1754, 250], [1754, 348], [1508, 348]], \"text\": \"ppe\", \"confident\": 0.5576509633851158}", "{\"boxes\": [[52, 396], [400, 396], [400, 524], [52, 524]], \"text\": \"{cCdecl iL\", \"confident\": 0.10927626930446972}", "{\"boxes\": [[464, 415], [650, 415], [650, 515], [464, 515]], \"text\": \"avcl\", \"confident\": 0.787948489189148}", "{\"boxes\": [[1277, 411], [1729, 411], [1729, 527], [1277, 527]], \"text\": \"caf & #Le\", \"confident\": 0.48059165519669206}", "{\"boxes\": [[66, 587], [377, 587], [377, 690], [66, 690]], \"text\": \"bndou\", \"confident\": 0.3158754877195809}", "{\"boxes\": [[476, 582], [1040, 582], [1040, 744], [476, 744]], \"text\": \"Lcol el %ci-,\", \"confident\": 0.39924791654621933}", "{\"boxes\": [[1073, 615], [1255, 615], [1255, 703], [1073, 703]], \"text\": \"e7es\", \"confident\": 0.31578919291496277}", "{\"boxes\": [[1662, 610], [1942, 610], [1942, 708], [1662, 708]], \"text\": \"trozn\", \"confident\": 0.10423266929565275}", "{\"boxes\": [[84, 760], [198, 760], [198, 860], [84, 860]], \"text\": \"46\", \"confident\": 0.12931391159954123}", "{\"boxes\": [[269, 745], [478, 745], [478, 871], [269, 871]], \"text\": \"Lecd\", \"confident\": 0.6027243137359619}", "{\"boxes\": [[604, 756], [778, 756], [778, 866], [604, 866]], \"text\": \"God\", \"confident\": 0.36274157741543145}", "{\"boxes\": [[817, 762], [1037, 762], [1037, 865], [817, 865]], \"text\": \"bless\", \"confident\": 0.985901960613943}", "{\"boxes\": [[1086, 796], [1252, 796], [1252, 848], [1086, 848]], \"text\": \"ly\", \"confident\": 0.7572825412780082}", "{\"boxes\": [[1327, 757], [1960, 757], [1960, 881], [1327, 881]], \"text\": \"hnbo-lal sol,\", \"confident\": 0.2391990823092009}", "{\"boxes\": [[64, 947], [383, 947], [383, 1050], [64, 1050]], \"text\": \"he cried\", \"confident\": 0.7230723822051692}", "{\"boxes\": [[544, 960], [766, 960], [766, 1040], [544, 1040]], \"text\": \"Nevz\", \"confident\": 0.43032899498939514}", "{\"boxes\": [[1096, 972], [1359, 972], [1359, 1074], [1096, 1074]], \"text\": \"You-\", \"confident\": 0.5750733017921448}", "{\"boxes\": [[1424, 957], [1813, 957], [1813, 1046], [1424, 1046]], \"text\": \"jbrorka\", \"confident\": 0.11835974914578891}", "{\"boxes\": [[51, 1117], [265, 1117], [265, 1229], [51, 1229]], \"text\": \"SocdQ\", \"confident\": 0.3220981825948987}", "{\"boxes\": [[401, 1129], [575, 1129], [575, 1217], [401, 1217]], \"text\": \"Sad\", \"confident\": 0.45087437885652437}", "{\"boxes\": [[1403, 1127], [1679, 1127], [1679, 1235], [1403, 1235]], \"text\": \"taztl\", \"confident\": 0.11062195339388076}", "{\"boxes\": [[48, 1310], [78, 1310], [78, 1344], [48, 1344]], \"text\": \"((\", \"confident\": 0.9832655155781247}", "{\"boxes\": [[111, 1301], [287, 1301], [287, 1393], [111, 1393]], \"text\": \"Hee\", \"confident\": 0.3587429697239532}", "{\"boxes\": [[337, 1331], [444, 1331], [444, 1396], [337, 1396]], \"text\": \"D(\", \"confident\": 0.14894164289118095}", "{\"boxes\": [[473, 1329], [634, 1329], [634, 1396], [473, 1396]], \"text\": \"ar 6\", \"confident\": 0.3632378372145173}", "{\"boxes\": [[674, 1295], [1090, 1295], [1090, 1432], [674, 1432]], \"text\": \"trvlsn f\", \"confident\": 0.05146449499007424}", "{\"boxes\": [[1116, 1316], [1246, 1316], [1246, 1394], [1116, 1394]], \"text\": \"He\", \"confident\": 0.3622029255738652}", "{\"boxes\": [[1306, 1293], [1630, 1293], [1630, 1410], [1306, 1410]], \"text\": \"Laavers\", \"confident\": 0.2662752504954602}", "{\"boxes\": [[1663, 1299], [1917, 1299], [1917, 1404], [1663, 1404]], \"text\": \"a/ Ue\", \"confident\": 0.3118286910738316}", "{\"boxes\": [[120, 1516], [234, 1516], [234, 1592], [120, 1592]], \"text\": \" /\", \"confident\": 0.7285255653481068}", "{\"boxes\": [[289, 1495], [661, 1495], [661, 1581], [289, 1581]], \"text\": \"Lun1xof\", \"confident\": 0.08524250611352638}", "{\"boxes\": [[713, 1476], [935, 1476], [935, 1580], [713, 1580]], \"text\": \"~bt\", \"confident\": 0.3489029236964136}", "{\"boxes\": [[989, 1510], [1132, 1510], [1132, 1585], [989, 1585]], \"text\": \"L) \u20ac\", \"confident\": 0.30292874974925443}", "{\"boxes\": [[1191, 1485], [1502, 1485], [1502, 1583], [1191, 1583]], \"text\": \"shoulol\", \"confident\": 0.4877213241139197}", "{\"boxes\": [[1565, 1489], [1673, 1489], [1673, 1577], [1565, 1577]], \"text\": \"be\", \"confident\": 0.900990622058919}", "{\"boxes\": [[70, 1695], [285, 1695], [285, 1755], [70, 1755]], \"text\": \"Tunn\", \"confident\": 0.46543803811073303}", "{\"boxes\": [[483, 1656], [692, 1656], [692, 1773], [483, 1773]], \"text\": \"io\", \"confident\": 0.3027993918581601}", "{\"boxes\": [[737, 1644], [1219, 1644], [1219, 1824], [737, 1824]], \"text\": \"Lla8?Le\", \"confident\": 0.18894183299058312}", "{\"boxes\": [[1264, 1655], [1444, 1655], [1444, 1767], [1264, 1767]], \"text\": \"bus\", \"confident\": 0.5987692407478633}", "{\"boxes\": [[1482, 1662], [1668, 1662], [1668, 1765], [1482, 1765]], \"text\": \"sf{ <\", \"confident\": 0.12644915399566178}", "{\"boxes\": [[1644, 1702], [1798, 1702], [1798, 1750], [1644, 1750]], \"text\": \"CCA ~-\", \"confident\": 0.15262680359579767}", "{\"boxes\": [[921, 261], [1089, 219], [1107, 317], [939, 358]], \"text\": \"Pck\", \"confident\": 0.15003073064042743}", "{\"boxes\": [[1070, 381], [1253, 430], [1218, 542], [1036, 493]], \"text\": \"idly\", \"confident\": 0.9035220742225647}", "{\"boxes\": [[660, 420], [851, 396], [859, 525], [667, 550]], \"text\": \"&ae-\", \"confident\": 0.08366545289754868}", "{\"boxes\": [[845, 448], [992, 422], [1000, 492], [853, 518]], \"text\": \"cecl\", \"confident\": 0.7720379829406738}", "{\"boxes\": [[1288, 565], [1640, 616], [1616, 731], [1264, 679]], \"text\": \"stosfe-\", \"confident\": 0.1704956461853016}", "{\"boxes\": [[828, 977], [1079, 958], [1080, 1028], [830, 1048]], \"text\": \"Lm' n 4\", \"confident\": 0.14729126887981656}", "{\"boxes\": [[1013, 1117], [1347, 1165], [1328, 1250], [995, 1202]], \"text\": \"TLow&s\", \"confident\": 0.5767060608435861}", "{\"boxes\": [[662, 1111], [935, 1169], [899, 1303], [626, 1244]], \"text\": \"Moqav\", \"confident\": 0.2607862275365369}"]}