{"prediction": ["{\"boxes\": [[63, 39], [457, 39], [457, 149], [63, 149]], \"text\": \"ta Loc AL\", \"confident\": 0.4096087873525157}", "{\"boxes\": [[522, 49], [713, 49], [713, 153], [522, 153]], \"text\": \"8 u $\", \"confident\": 0.30516996247208666}", "{\"boxes\": [[770, 45], [1289, 45], [1289, 153], [770, 153]], \"text\": \"DISaPpEA R s\", \"confident\": 0.1902717216897587}", "{\"boxes\": [[1333, 85], [1689, 85], [1689, 153], [1333, 153]], \"text\": \"anno Un1(ed\", \"confident\": 0.15680047461710608}", "{\"boxes\": [[1744, 78], [1866, 78], [1866, 150], [1744, 150]], \"text\": \"the\", \"confident\": 0.9699811442959385}", "{\"boxes\": [[43, 238], [256, 238], [256, 334], [43, 334]], \"text\": \"Dinas\", \"confident\": 0.7723274521085495}", "{\"boxes\": [[292, 239], [687, 239], [687, 341], [292, 341]], \"text\": \"Advert iser .\", \"confident\": 0.6571996796084946}", "{\"boxes\": [[721, 236], [879, 236], [879, 332], [721, 332]], \"text\": \"I3 tt\", \"confident\": 0.12843573537133957}", "{\"boxes\": [[914, 236], [1048, 236], [1048, 332], [914, 332]], \"text\": \"the\", \"confident\": 0.8988375284698442}", "{\"boxes\": [[1075, 237], [1371, 237], [1371, 338], [1075, 338]], \"text\": \"Lon don\", \"confident\": 0.6352861086029046}", "{\"boxes\": [[1429, 259], [1678, 259], [1678, 355], [1429, 355]], \"text\": \"paaers\", \"confident\": 0.28776698118511607}", "{\"boxes\": [[1706, 248], [1970, 248], [1970, 348], [1706, 348]], \"text\": \"ignored\", \"confident\": 0.7193890011531828}", "{\"boxes\": [[43, 427], [154, 427], [154, 499], [43, 499]], \"text\": \"tht\", \"confident\": 0.6828759210416516}", "{\"boxes\": [[204, 419], [397, 419], [397, 503], [204, 503]], \"text\": \"whole\", \"confident\": 0.9419553073131258}", "{\"boxes\": [[448, 415], [663, 415], [663, 513], [448, 513]], \"text\": \"affair .\", \"confident\": 0.30024939189446903}", "{\"boxes\": [[725, 431], [857, 431], [857, 497], [725, 497]], \"text\": \"Ifo r\", \"confident\": 0.6719795266330648}", "{\"boxes\": [[907, 416], [1474, 416], [1474, 538], [907, 538]], \"text\": \"Evons  reparted\", \"confident\": 0.628940462875931}", "{\"boxes\": [[1523, 431], [1652, 431], [1652, 517], [1523, 517]], \"text\": \"hi $\", \"confident\": 0.9776619076728821}", "{\"boxes\": [[41, 613], [107, 613], [107, 687], [41, 687]], \"text\": \"fo\", \"confident\": 0.16401971644674623}", "{\"boxes\": [[138, 602], [256, 602], [256, 682], [138, 682]], \"text\": \"the\", \"confident\": 0.6181362685437553}", "{\"boxes\": [[295, 596], [526, 596], [526, 709], [295, 709]], \"text\": \"polica\", \"confident\": 0.3995040971734807}", "{\"boxes\": [[609, 596], [770, 596], [770, 697], [609, 697]], \"text\": \"Rat\", \"confident\": 0.9824747477415225}", "{\"boxes\": [[995, 613], [1165, 613], [1165, 701], [995, 701]], \"text\": \"Only\", \"confident\": 0.5612788200378418}", "{\"boxes\": [[1201, 609], [1568, 609], [1568, 699], [1201, 699]], \"text\": \"tuftutted .\", \"confident\": 0.6105087368965593}", "{\"boxes\": [[1639, 607], [1807, 607], [1807, 697], [1639, 697]], \"text\": \"Lost\", \"confident\": 0.975408673286438}", "{\"boxes\": [[45, 809], [85, 809], [85, 855], [45, 855]], \"text\": \"CA\", \"confident\": 0.30841709608912876}", "{\"boxes\": [[131, 779], [286, 779], [286, 871], [131, 871]], \"text\": \"b us ,\", \"confident\": 0.21233894284942834}", "{\"boxes\": [[325, 786], [525, 786], [525, 870], [325, 870]], \"text\": \"i5 & ,\", \"confident\": 0.32617936879962817}", "{\"boxes\": [[779, 783], [1077, 783], [1077, 867], [779, 867]], \"text\": \"C areless.\", \"confident\": 0.6450972264958624}", "{\"boxes\": [[1176, 788], [1350, 788], [1350, 862], [1176, 862]], \"text\": \"Tha(\", \"confident\": 0.676355242729187}", "{\"boxes\": [[1375, 816], [1489, 816], [1489, 866], [1375, 866]], \"text\": \"was\", \"confident\": 0.34288760736794527}", "{\"boxes\": [[1541, 801], [1727, 801], [1727, 869], [1541, 869]], \"text\": \"Ehei v\", \"confident\": 0.29240045731491343}", "{\"boxes\": [[54, 957], [384, 957], [384, 1057], [54, 1057]], \"text\": \"altitude .\", \"confident\": 0.4273292236424718}", "{\"boxes\": [[424, 971], [570, 971], [570, 1050], [424, 1050]], \"text\": \"No w\", \"confident\": 0.5798337459564209}", "{\"boxes\": [[605, 965], [697, 965], [697, 1051], [605, 1051]], \"text\": \"if\", \"confident\": 0.9974729682381441}", "{\"boxes\": [[721, 964], [984, 964], [984, 1054], [721, 1054]], \"text\": \"fhere 'd\", \"confident\": 0.1276002174944795}", "{\"boxes\": [[1041, 977], [1193, 977], [1193, 1045], [1041, 1045]], \"text\": \"been\", \"confident\": 0.2993723750114441}", "{\"boxes\": [[1231, 997], [1275, 997], [1275, 1043], [1231, 1043]], \"text\": \"a\", \"confident\": 0.3503010069010912}", "{\"boxes\": [[1530, 974], [1660, 974], [1660, 1046], [1530, 1046]], \"text\": \"0 (d\", \"confident\": 0.3000589907169342}", "{\"boxes\": [[1696, 976], [1974, 976], [1974, 1048], [1696, 1048]], \"text\": \"acci dent,\", \"confident\": 0.20075264901319695}", "{\"boxes\": [[241, 1149], [452, 1149], [452, 1239], [241, 1239]], \"text\": \"Could\", \"confident\": 0.5420511157235092}", "{\"boxes\": [[695, 1163], [1040, 1163], [1040, 1237], [695, 1237]], \"text\": \"miusurIc\", \"confident\": 0.10470396454037742}", "{\"boxes\": [[1230, 1147], [1351, 1147], [1351, 1224], [1230, 1224]], \"text\": \"the\", \"confident\": 0.992451878972134}", "{\"boxes\": [[1377, 1159], [1541, 1159], [1541, 1225], [1377, 1225]], \"text\": \"raa d\", \"confident\": 0.5612058964898227}", "{\"boxes\": [[1580, 1155], [1729, 1155], [1729, 1229], [1580, 1229]], \"text\": \"and\", \"confident\": 0.9105826634180036}", "{\"boxes\": [[48, 1336], [249, 1336], [249, 1414], [48, 1414]], \"text\": \"\u20aca ken\", \"confident\": 0.3853979653779676}", "{\"boxes\": [[304, 1358], [394, 1358], [394, 1406], [304, 1406]], \"text\": \"@ n\", \"confident\": 0.47219456293369444}", "{\"boxes\": [[452, 1328], [746, 1328], [746, 1414], [452, 1414]], \"text\": \"inferes f.\", \"confident\": 0.5276450235957227}", "{\"boxes\": [[1692, 416], [1851, 448], [1831, 531], [1672, 499]], \"text\": \"(ass\", \"confident\": 0.7003073692321777}", "{\"boxes\": [[810, 599], [970, 623], [953, 707], [794, 683]], \"text\": \"they\", \"confident\": 0.49695250391960144}", "{\"boxes\": [[591, 777], [735, 808], [715, 885], [570, 854]], \"text\": \"Very\", \"confident\": 0.8488932847976685}", "{\"boxes\": [[1311, 987], [1488, 970], [1490, 1049], [1313, 1066]], \"text\": \"9o0d\", \"confident\": 0.41725456714630127}", "{\"boxes\": [[68, 1127], [222, 1166], [194, 1263], [41, 1224]], \"text\": \"{hey\", \"confident\": 0.9597679972648621}", "{\"boxes\": [[492, 1143], [644, 1164], [630, 1240], [478, 1218]], \"text\": \"have\", \"confident\": 0.9982659816741943}", "{\"boxes\": [[1109, 1160], [1204, 1173], [1192, 1242], [1097, 1229]], \"text\": \"up\", \"confident\": 0.969204051069327}"]}