{"prediction": ["{\"boxes\": [[54, 43], [194, 43], [194, 136], [54, 136]], \"text\": \"Ruf\", \"confident\": 0.7752749816937362}", "{\"boxes\": [[223, 46], [446, 46], [446, 143], [223, 143]], \"text\": \"Cos ing\", \"confident\": 0.9384703200128054}", "{\"boxes\": [[487, 77], [529, 77], [529, 121], [487, 121]], \"text\": \"CA\", \"confident\": 0.5802194525925315}", "{\"boxes\": [[561, 47], [727, 47], [727, 133], [561, 133]], \"text\": \"bus !\", \"confident\": 0.9018286636942173}", "{\"boxes\": [[766, 38], [1011, 38], [1011, 155], [766, 155]], \"text\": \"Peoplz\", \"confident\": 0.4658646776334366}", "{\"boxes\": [[1077, 73], [1229, 73], [1229, 127], [1077, 127]], \"text\": \"w ere\", \"confident\": 0.5350030429943775}", "{\"boxes\": [[352, 226], [576, 226], [576, 328], [352, 328]], \"text\": \"Yau' d\", \"confident\": 0.5136994556884178}", "{\"boxes\": [[635, 241], [721, 241], [721, 307], [635, 307]], \"text\": \"b e\", \"confident\": 0.6578328663996869}", "{\"boxes\": [[778, 240], [1119, 240], [1119, 327], [778, 327]], \"text\": \"Surpris ed \", \"confident\": 0.6014151519925852}", "{\"boxes\": [[1364, 228], [1557, 228], [1557, 313], [1364, 313]], \"text\": \"s aid\", \"confident\": 0.8158744452099757}", "{\"boxes\": [[1602, 230], [1798, 230], [1798, 310], [1602, 310]], \"text\": \"Sqi l\", \"confident\": 0.10407812547415242}", "{\"boxes\": [[40, 426], [285, 426], [285, 491], [40, 491]], \"text\": \"See med\", \"confident\": 0.8172994414524828}", "{\"boxes\": [[343, 425], [441, 425], [441, 487], [343, 487]], \"text\": \"for\", \"confident\": 0.8166321790795666}", "{\"boxes\": [[479, 435], [525, 435], [525, 479], [479, 479]], \"text\": \"O\", \"confident\": 0.12035719711506321}", "{\"boxes\": [[762, 412], [926, 412], [926, 488], [762, 488]], \"text\": \"t hat\", \"confident\": 0.8259397885154408}", "{\"boxes\": [[966, 410], [1090, 410], [1090, 486], [966, 486]], \"text\": \"the\", \"confident\": 0.44032850034581805}", "{\"boxes\": [[1149, 409], [1549, 409], [1549, 493], [1149, 493]], \"text\": \"whale affoir\", \"confident\": 0.7112423457844552}", "{\"boxes\": [[1594, 411], [1813, 411], [1813, 491], [1594, 491]], \"text\": \"wouLd\", \"confident\": 0.48900161288915156}", "{\"boxes\": [[40, 594], [124, 594], [124, 666], [40, 666]], \"text\": \"b <\", \"confident\": 0.2540301978588104}", "{\"boxes\": [[174, 596], [418, 596], [418, 672], [174, 672]], \"text\": \"Written\", \"confident\": 0.744423292598346}", "{\"boxes\": [[455, 603], [563, 603], [563, 671], [455, 671]], \"text\": \"off\", \"confident\": 0.3589738033649157}", "{\"boxes\": [[606, 616], [690, 616], [690, 668], [606, 668]], \"text\": \"G $\", \"confident\": 0.31417837064383347}", "{\"boxes\": [[744, 612], [868, 612], [868, 668], [744, 668]], \"text\": \"0 ne\", \"confident\": 0.7477247714996338}", "{\"boxes\": [[896, 593], [1005, 593], [1005, 672], [896, 672]], \"text\": \"a f\", \"confident\": 0.4996135664383861}", "{\"boxes\": [[1046, 588], [1219, 588], [1219, 666], [1046, 666]], \"text\": \"those\", \"confident\": 0.8228299718000436}", "{\"boxes\": [[1266, 579], [1705, 579], [1705, 690], [1266, 690]], \"text\": \"un ex plained\", \"confident\": 0.7410744587568509}", "{\"boxes\": [[42, 766], [387, 766], [387, 869], [42, 869]], \"text\": \"mys { eril,\", \"confident\": 0.3212305738917729}", "{\"boxes\": [[438, 757], [578, 757], [578, 847], [438, 847]], \"text\": \"like\", \"confident\": 0.5112928152084351}", "{\"boxes\": [[615, 768], [732, 768], [732, 847], [615, 847]], \"text\": \"fhq\", \"confident\": 0.13515493869750464}", "{\"boxes\": [[781, 765], [1259, 765], [1259, 849], [781, 849]], \"text\": \"Morie Clesfe .\", \"confident\": 0.4503736434833943}", "{\"boxes\": [[1306, 757], [1473, 757], [1473, 842], [1306, 842]], \"text\": \"Then\", \"confident\": 0.9976892471313477}", "{\"boxes\": [[1722, 800], [1752, 800], [1752, 844], [1722, 844]], \"text\": \"S\", \"confident\": 0.6664759542346133}", "{\"boxes\": [[295, 957], [359, 957], [359, 1023], [295, 1023]], \"text\": \"to\", \"confident\": 0.9948697025168471}", "{\"boxes\": [[379, 953], [615, 953], [615, 1056], [379, 1056]], \"text\": \"hc ppen\", \"confident\": 0.29991930281224427}", "{\"boxes\": [[756, 944], [894, 944], [894, 1022], [756, 1022]], \"text\": \"Rat\", \"confident\": 0.6436169899130546}", "{\"boxes\": [[945, 937], [1149, 937], [1149, 1039], [945, 1039]], \"text\": \"what\", \"confident\": 0.9837522506713867}", "{\"boxes\": [[1188, 943], [1405, 943], [1405, 1028], [1188, 1028]], \"text\": \"abou &\", \"confident\": 0.521447586784937}", "{\"boxes\": [[1453, 957], [1565, 957], [1565, 1021], [1453, 1021]], \"text\": \"{ht\", \"confident\": 0.5893792147459453}", "{\"boxes\": [[1588, 951], [1930, 951], [1930, 1054], [1588, 1054]], \"text\": \"vc Yaqers?\", \"confident\": 0.30015344326542814}", "{\"boxes\": [[58, 1146], [210, 1146], [210, 1222], [58, 1222]], \"text\": \"Y& 6\", \"confident\": 0.20611304086666338}", "{\"boxes\": [[273, 1122], [436, 1122], [436, 1207], [273, 1207]], \"text\": \"will\", \"confident\": 0.8344975709915161}", "{\"boxes\": [[486, 1126], [580, 1126], [580, 1204], [486, 1204]], \"text\": \"6 2\", \"confident\": 0.730056259259154}", "{\"boxes\": [[650, 1124], [942, 1124], [942, 1225], [650, 1225]], \"text\": \"asking .\", \"confident\": 0.9237812343226941}", "{\"boxes\": [[1310, 27], [1571, 69], [1551, 160], [1290, 119]], \"text\": \"clways\", \"confident\": 0.914432194342907}", "{\"boxes\": [[1621, 39], [1738, 63], [1720, 140], [1603, 116]], \"text\": \"Los\", \"confident\": 0.7061472565421293}", "{\"boxes\": [[1733, 44], [1844, 68], [1825, 143], [1714, 118]], \"text\": \"ing\", \"confident\": 0.96922053985437}", "{\"boxes\": [[53, 218], [300, 260], [281, 342], [33, 301]], \"text\": \"thiags .\", \"confident\": 0.36502086612175333}", "{\"boxes\": [[1168, 240], [1329, 261], [1316, 330], [1156, 308]], \"text\": \"they\", \"confident\": 0.7316372394561768}", "{\"boxes\": [[567, 401], [755, 432], [739, 507], [551, 475]], \"text\": \"time (\", \"confident\": 0.9417781279929157}", "{\"boxes\": [[1528, 756], [1727, 787], [1711, 864], [1511, 833]], \"text\": \"thing\", \"confident\": 0.9849623629050821}", "{\"boxes\": [[54, 938], [260, 971], [240, 1065], [35, 1032]], \"text\": \"heqan\", \"confident\": 0.5937522989865026}"]}