{"prediction": ["{\"boxes\": [[56, 34], [1918, 34], [1918, 183], [56, 183]], \"text\": \"Lt diacrnsimbrsnk aurils l Jim . *\", \"confident\": 0.02983121451492055}", "{\"boxes\": [[49, 213], [2013, 213], [2013, 363], [49, 363]], \"text\": \"Inlr qeue % mesrk im Ehe }uo nklsn,\", \"confident\": 0.07245925537420357}", "{\"boxes\": [[1994, 288], [2026, 288], [2026, 326], [1994, 326]], \"text\": \"1\", \"confident\": 0.9994148872118878}", "{\"boxes\": [[481, 388], [1783, 388], [1783, 548], [481, 548]], \"text\": \"ta }e kannsxte( & Jmco.\", \"confident\": 0.051675477123821416}", "{\"boxes\": [[1807, 415], [1995, 415], [1995, 505], [1807, 505]], \"text\": \"Inl\", \"confident\": 0.14453908000505872}", "{\"boxes\": [[56, 579], [1940, 579], [1940, 719], [56, 719]], \"text\": \"whm hwuek Es Mxkyddl'o houne, all\", \"confident\": 0.031994599983593795}", "{\"boxes\": [[51, 761], [503, 761], [503, 893], [51, 893]], \"text\": \"heJsunz\", \"confident\": 0.13002919927648687}", "{\"boxes\": [[516, 793], [725, 793], [725, 859], [516, 859]], \"text\": \"r)\", \"confident\": 0.8250511425519145}", "{\"boxes\": [[760, 752], [1249, 752], [1249, 908], [760, 908]], \"text\": \"Msxhsdi \", \"confident\": 0.055492747043776734}", "{\"boxes\": [[1258, 799], [1559, 799], [1559, 873], [1258, 873]], \"text\": \"mam |\", \"confident\": 0.8229563707542383}", "{\"boxes\": [[45, 929], [900, 929], [900, 1078], [45, 1078]], \"text\": \"Yoriel kn Irrne .\", \"confident\": 0.03884278325444845}", "{\"boxes\": [[991, 934], [1652, 934], [1652, 1084], [991, 1084]], \"text\": \"Oplira dosk ,\", \"confident\": 0.08172106319497299}", "{\"boxes\": [[1673, 979], [1913, 979], [1913, 1043], [1673, 1043]], \"text\": \"~aw\", \"confident\": 0.33281467021419975}", "{\"boxes\": [[67, 1126], [730, 1126], [730, 1223], [67, 1223]], \"text\": \"Te cmnLuctov\", \"confident\": 0.20668653208946472}", "{\"boxes\": [[776, 1129], [1535, 1129], [1535, 1222], [776, 1222]], \"text\": \"nuiuhy( 0Xhz\", \"confident\": 0.03347477080824296}", "{\"boxes\": [[1542, 1116], [1877, 1116], [1877, 1257], [1542, 1257]], \"text\": \"Lighzo .\", \"confident\": 0.2000249175228905}", "{\"boxes\": [[67, 1297], [253, 1297], [253, 1394], [67, 1394]], \"text\": \"TLe\", \"confident\": 0.16650755928829428}", "{\"boxes\": [[253, 1279], [1303, 1279], [1303, 1444], [253, 1444]], \"text\": \"beleagunel nanergeo\", \"confident\": 0.11376543536137228}", "{\"boxes\": [[1636, 1320], [1793, 1320], [1793, 1394], [1636, 1394]], \"text\": \"o+k\", \"confident\": 0.0733209338318798}", "{\"boxes\": [[1804, 1314], [1932, 1314], [1932, 1444], [1804, 1444]], \"text\": \"%\", \"confident\": 0.27918168356178796}", "{\"boxes\": [[56, 1480], [724, 1480], [724, 1585], [56, 1585]], \"text\": \"bhewuin-Lswo_\", \"confident\": 0.09247567461186199}", "{\"boxes\": [[781, 1473], [1830, 1473], [1830, 1618], [781, 1618]], \"text\": \"Eille k}r neen, oly\", \"confident\": 0.09306331854195475}", "{\"boxes\": [[1841, 1527], [1903, 1527], [1903, 1569], [1841, 1569]], \"text\": \"e\", \"confident\": 0.2109812768508732}", "{\"boxes\": [[36, 1656], [248, 1656], [248, 1782], [36, 1782]], \"text\": \"Jpw\", \"confident\": 0.405358531345599}", "{\"boxes\": [[271, 1651], [1595, 1651], [1595, 1766], [271, 1766]], \"text\": \"Lsne ntov) anxfe drbnx\", \"confident\": 0.03670594958522899}", "{\"boxes\": [[1616, 1672], [1870, 1672], [1870, 1752], [1616, 1752]], \"text\": \"Ra {L\", \"confident\": 0.13596842158094727}", "{\"boxes\": [[524, 1838], [1200, 1838], [1200, 1942], [524, 1942]], \"text\": \"im hv ~kroud\", \"confident\": 0.12738392822025518}", "{\"boxes\": [[1371, 1851], [1661, 1851], [1661, 1937], [1371, 1937]], \"text\": \"mk,\", \"confident\": 0.4495022588827773}", "{\"boxes\": [[74, 369], [485, 436], [456, 558], [45, 490]], \"text\": \"wrastimd\", \"confident\": 0.1894282253774085}", "{\"boxes\": [[1594, 724], [1978, 793], [1947, 918], [1563, 850]], \"text\": \"wshing\", \"confident\": 0.14044718542022913}", "{\"boxes\": [[1299, 1335], [1633, 1309], [1633, 1400], [1299, 1426]], \"text\": \"7esze (\", \"confident\": 0.1836460070150968}", "{\"boxes\": [[64, 1804], [534, 1865], [510, 1983], [40, 1922]], \"text\": \"Sodrx\", \"confident\": 0.2542875499069076}"]}