{"prediction": ["{\"boxes\": [[75, 58], [195, 58], [195, 130], [75, 130]], \"text\": \"Ret\", \"confident\": 0.3275945954882149}", "{\"boxes\": [[233, 85], [323, 85], [323, 127], [233, 127]], \"text\": \"We\", \"confident\": 0.945758343026559}", "{\"boxes\": [[649, 80], [812, 80], [812, 157], [649, 157]], \"text\": \"Your\", \"confident\": 0.687417209148407}", "{\"boxes\": [[845, 65], [1061, 65], [1061, 164], [845, 164]], \"text\": \"supid\", \"confident\": 0.7722017511256075}", "{\"boxes\": [[1274, 64], [1532, 64], [1532, 140], [1274, 140]], \"text\": \"Woian !\", \"confident\": 0.663724781705242}", "{\"boxes\": [[1748, 88], [1862, 88], [1862, 136], [1748, 136]], \"text\": \"Qre\", \"confident\": 0.7495138183234424}", "{\"boxes\": [[77, 245], [171, 245], [171, 309], [77, 309]], \"text\": \"Be\", \"confident\": 0.88530930450452}", "{\"boxes\": [[195, 243], [374, 243], [374, 315], [195, 315]], \"text\": \"Sileat\", \"confident\": 0.7298291631581694}", "{\"boxes\": [[417, 267], [626, 267], [626, 319], [417, 319]], \"text\": \"loNan\", \"confident\": 0.1440202979596467}", "{\"boxes\": [[677, 249], [797, 249], [797, 315], [677, 315]], \"text\": \"and\", \"confident\": 0.988076323890988}", "{\"boxes\": [[827, 240], [1019, 240], [1019, 328], [827, 328]], \"text\": \"Uslen,\", \"confident\": 0.7017161228850413}", "{\"boxes\": [[1070, 248], [1244, 248], [1244, 322], [1070, 322]], \"text\": \"Rand\", \"confident\": 0.9981177449226379}", "{\"boxes\": [[1483, 235], [1825, 235], [1825, 325], [1483, 325]], \"text\": \"Rondi said _\", \"confident\": 0.5572895068224598}", "{\"boxes\": [[194, 424], [359, 424], [359, 501], [194, 501]], \"text\": \"knol\", \"confident\": 0.2878217399120331}", "{\"boxes\": [[393, 435], [565, 435], [565, 497], [393, 497]], \"text\": \"aUch\", \"confident\": 0.3751213848590851}", "{\"boxes\": [[632, 415], [1065, 415], [1065, 523], [632, 523]], \"text\": \"repeoled 4ue\", \"confident\": 0.21125953622620294}", "{\"boxes\": [[1098, 412], [1533, 412], [1533, 514], [1098, 514]], \"text\": \"Quuief  Caphik\", \"confident\": 0.3592331440461374}", "{\"boxes\": [[296, 622], [378, 622], [378, 670], [296, 670]], \"text\": \"We\", \"confident\": 0.34188953621288465}", "{\"boxes\": [[407, 601], [511, 601], [511, 669], [407, 669]], \"text\": \"6ill\", \"confident\": 0.5604439377784729}", "{\"boxes\": [[536, 598], [784, 598], [784, 702], [536, 702]], \"text\": \"tell ya\", \"confident\": 0.5685595670813185}", "{\"boxes\": [[813, 609], [897, 609], [897, 675], [813, 675]], \"text\": \"AU\", \"confident\": 0.5406831599155987}", "{\"boxes\": [[922, 606], [1236, 606], [1236, 680], [922, 680]], \"text\": \"Klo mak\", \"confident\": 0.25034439122508345}", "{\"boxes\": [[1265, 611], [1377, 611], [1377, 679], [1265, 679]], \"text\": \"Ae\", \"confident\": 0.19224746107328644}", "{\"boxes\": [[1406, 600], [1664, 600], [1664, 698], [1406, 698]], \"text\": \"journey\", \"confident\": 0.5645248112494065}", "{\"boxes\": [[1692, 588], [1850, 588], [1850, 686], [1692, 686]], \"text\": \"Pcoc\", \"confident\": 0.31274089217185974}", "{\"boxes\": [[62, 787], [181, 787], [181, 856], [62, 856]], \"text\": \"He\", \"confident\": 0.9228973419323789}", "{\"boxes\": [[449, 789], [631, 789], [631, 857], [449, 857]], \"text\": \"kocld\", \"confident\": 0.3757948280102621}", "{\"boxes\": [[663, 778], [1184, 778], [1184, 887], [663, 887]], \"text\": \"becokie  changed\", \"confident\": 0.42655388241266984}", "{\"boxes\": [[1206, 790], [1388, 790], [1388, 871], [1206, 871]], \"text\": \"Solte\", \"confident\": 0.20308127866479506}", "{\"boxes\": [[1413, 803], [1535, 803], [1535, 867], [1413, 867]], \"text\": \"die.\", \"confident\": 0.938607931137085}", "{\"boxes\": [[1557, 787], [1714, 787], [1714, 863], [1557, 863]], \"text\": \"Most\", \"confident\": 0.48058220744132996}", "{\"boxes\": [[1742, 786], [1864, 786], [1864, 861], [1742, 861]], \"text\": \"Lue\", \"confident\": 0.2272034924986328}", "{\"boxes\": [[71, 977], [197, 977], [197, 1043], [71, 1043]], \"text\": \"and\", \"confident\": 0.8450861799003454}", "{\"boxes\": [[230, 990], [386, 990], [386, 1070], [230, 1070]], \"text\": \"Siow\", \"confident\": 0.2489139884710312}", "{\"boxes\": [[648, 968], [914, 968], [914, 1044], [648, 1044]], \"text\": \"Qelueen\", \"confident\": 0.3345663495366496}", "{\"boxes\": [[944, 970], [1064, 970], [1064, 1042], [944, 1042]], \"text\": \"Hle\", \"confident\": 0.9608098201990244}", "{\"boxes\": [[1090, 976], [1291, 976], [1291, 1043], [1090, 1043]], \"text\": \"LtocIds\", \"confident\": 0.2245821433076321}", "{\"boxes\": [[1317, 993], [1413, 993], [1413, 1037], [1317, 1037]], \"text\": \"are\", \"confident\": 0.7141375575901173}", "{\"boxes\": [[59, 1159], [261, 1159], [261, 1245], [59, 1245]], \"text\": \"NYS ,\", \"confident\": 0.49100049602642853}", "{\"boxes\": [[426, 1172], [574, 1172], [574, 1220], [426, 1220]], \"text\": \"8q20\", \"confident\": 0.22594207525253296}", "{\"boxes\": [[616, 1168], [697, 1168], [697, 1219], [616, 1219]], \"text\": \"Gr\", \"confident\": 0.41055412080330933}", "{\"boxes\": [[887, 1153], [1065, 1153], [1065, 1221], [887, 1221]], \"text\": \"Glicl\", \"confident\": 0.13286945486140972}", "{\"boxes\": [[1087, 1149], [1337, 1149], [1337, 1264], [1087, 1264]], \"text\": \"change\", \"confident\": 0.5443180757220941}", "{\"boxes\": [[1363, 1177], [1477, 1177], [1477, 1221], [1363, 1221]], \"text\": \"Our\", \"confident\": 0.10829491603788828}", "{\"boxes\": [[1526, 1153], [1737, 1153], [1737, 1230], [1526, 1230]], \"text\": \"kadLies\", \"confident\": 0.1888503823239798}", "{\"boxes\": [[456, 29], [639, 84], [612, 164], [429, 108]], \"text\": \"Soe\", \"confident\": 0.48797698154865243}", "{\"boxes\": [[1600, 57], [1728, 85], [1712, 147], [1584, 119]], \"text\": \"'We\", \"confident\": 0.22450117994141522}", "{\"boxes\": [[1103, 47], [1269, 75], [1252, 157], [1086, 129]], \"text\": \"Jalk,\", \"confident\": 0.6337529984664492}", "{\"boxes\": [[1296, 242], [1459, 268], [1442, 350], [1279, 323]], \"text\": \"Appa\", \"confident\": 0.7555207014083862}", "{\"boxes\": [[47, 410], [171, 432], [159, 492], [34, 470]], \"text\": \"'We\", \"confident\": 0.4033340507573926}", "{\"boxes\": [[1575, 420], [1779, 453], [1764, 519], [1560, 487]], \"text\": \"'Sohe\", \"confident\": 0.48594037731295814}", "{\"boxes\": [[57, 584], [263, 622], [240, 723], [34, 685]], \"text\": \"Hings\", \"confident\": 0.49314458808992767}", "{\"boxes\": [[220, 780], [416, 813], [401, 878], [205, 845]], \"text\": \"Heauy\", \"confident\": 0.7407234019976181}", "{\"boxes\": [[1658, 953], [1863, 995], [1840, 1085], [1635, 1044]], \"text\": \"ekoa9\", \"confident\": 0.2873601410622075}", "{\"boxes\": [[427, 963], [612, 992], [595, 1076], [410, 1047]], \"text\": \"ninqs .\", \"confident\": 0.3728502062732269}", "{\"boxes\": [[1455, 971], [1626, 1002], [1610, 1067], [1439, 1037]], \"text\": \"hany/\", \"confident\": 0.2295032010652175}", "{\"boxes\": [[723, 1135], [868, 1156], [852, 1241], [707, 1219]], \"text\": \"lelt,\", \"confident\": 0.28101795871910495}", "{\"boxes\": [[275, 1170], [385, 1144], [397, 1211], [287, 1237]], \"text\": \"not\", \"confident\": 0.8542004208520375}"]}