{"prediction": ["{\"boxes\": [[46, 38], [351, 38], [351, 138], [46, 138]], \"text\": \"To TSsxl\", \"confident\": 0.11646441403015922}", "{\"boxes\": [[391, 48], [813, 48], [813, 116], [391, 116]], \"text\": \"0 last +us\", \"confident\": 0.27022974132246347}", "{\"boxes\": [[827, 63], [955, 63], [955, 105], [827, 105]], \"text\": \"Ljas\", \"confident\": 0.20514978474744597}", "{\"boxes\": [[973, 55], [1385, 55], [1385, 121], [973, 121]], \"text\": \"anh-dwax\", \"confident\": 0.47313642096698255}", "{\"boxes\": [[1407, 46], [1570, 46], [1570, 118], [1407, 118]], \"text\": \"wih\", \"confident\": 0.5521050290363558}", "{\"boxes\": [[1583, 67], [1627, 67], [1627, 107], [1583, 107]], \"text\": \"4\", \"confident\": 0.6409177825632959}", "{\"boxes\": [[57, 233], [412, 233], [412, 329], [57, 329]], \"text\": \"ulnranc.\", \"confident\": 0.2034119344654338}", "{\"boxes\": [[448, 224], [1002, 224], [1002, 324], [448, 324]], \"text\": \"Slu hael expectcd\", \"confident\": 0.6563953695526985}", "{\"boxes\": [[1019, 243], [1181, 243], [1181, 303], [1019, 303]], \"text\": \"tobc\", \"confident\": 0.5455328226089478}", "{\"boxes\": [[1202, 240], [1312, 240], [1312, 292], [1202, 292]], \"text\": \"Mt\", \"confident\": 0.41971109315312566}", "{\"boxes\": [[1330, 237], [1474, 237], [1474, 299], [1330, 299]], \"text\": \"wik\", \"confident\": 0.41348427534103394}", "{\"boxes\": [[1501, 241], [1709, 241], [1709, 303], [1501, 303]], \"text\": \"ololu+\", \"confident\": 0.18030311209837088}", "{\"boxes\": [[72, 403], [412, 403], [412, 502], [72, 502]], \"text\": \"kpnacles\", \"confident\": 0.5148704586016976}", "{\"boxes\": [[471, 408], [594, 408], [594, 480], [471, 480]], \"text\": \"und\", \"confident\": 0.45466597996283953}", "{\"boxes\": [[614, 412], [742, 412], [742, 468], [614, 468]], \"text\": \"he\", \"confident\": 0.9888203119744664}", "{\"boxes\": [[760, 412], [992, 412], [992, 485], [760, 485]], \"text\": \"he was\", \"confident\": 0.8550463274507252}", "{\"boxes\": [[1011, 411], [1191, 411], [1191, 475], [1011, 475]], \"text\": \"blan 4\", \"confident\": 0.5926600036431405}", "{\"boxes\": [[71, 589], [203, 589], [203, 651], [71, 651]], \"text\": \"KSut\", \"confident\": 0.22208115458488464}", "{\"boxes\": [[235, 593], [277, 593], [277, 645], [235, 645]], \"text\": \"H\", \"confident\": 0.6503114353765795}", "{\"boxes\": [[308, 577], [432, 577], [432, 652], [308, 652]], \"text\": \"Ad\", \"confident\": 0.38922450802372216}", "{\"boxes\": [[447, 580], [722, 580], [722, 656], [447, 656]], \"text\": \"not -alle\", \"confident\": 0.5757017480488711}", "{\"boxes\": [[747, 588], [849, 588], [849, 660], [747, 660]], \"text\": \"he\", \"confident\": 0.2776265997220226}", "{\"boxes\": [[1027, 582], [1513, 582], [1513, 666], [1027, 666]], \"text\": \"+o kalise ~lct\", \"confident\": 0.22949938891122054}", "{\"boxes\": [[1532, 588], [1836, 588], [1836, 664], [1532, 664]], \"text\": \"luis Mooc\", \"confident\": 0.4113928430618785}", "{\"boxes\": [[71, 783], [215, 783], [215, 843], [71, 843]], \"text\": \"hIus\", \"confident\": 0.18053525686264038}", "{\"boxes\": [[237, 773], [371, 773], [371, 835], [237, 835]], \"text\": \"less\", \"confident\": 0.6291800324122795}", "{\"boxes\": [[388, 761], [677, 761], [677, 860], [388, 860]], \"text\": \"pleusant\", \"confident\": 0.48203372393786026}", "{\"boxes\": [[698, 762], [1174, 762], [1174, 860], [698, 860]], \"text\": \"4lan appaed\", \"confident\": 0.3797734373707604}", "{\"boxes\": [[1203, 769], [1719, 769], [1719, 857], [1203, 857]], \"text\": \"on Ale Sufuce .\", \"confident\": 0.2382190226655432}", "{\"boxes\": [[94, 945], [193, 945], [193, 1014], [94, 1014]], \"text\": \"He\", \"confident\": 0.9473994076197106}", "{\"boxes\": [[217, 951], [367, 951], [367, 1011], [217, 1011]], \"text\": \"told\", \"confident\": 0.853348433971405}", "{\"boxes\": [[388, 950], [480, 950], [480, 1004], [388, 1004]], \"text\": \"h\", \"confident\": 0.9992702147153274}", "{\"boxes\": [[512, 962], [622, 962], [622, 1010], [512, 1010]], \"text\": \"aun\", \"confident\": 0.33309576444146594}", "{\"boxes\": [[612, 916], [998, 916], [998, 1052], [612, 1052]], \"text\": \"chauntly ,\", \"confident\": 0.2413810617283157}", "{\"boxes\": [[1020, 960], [1092, 960], [1092, 1010], [1020, 1010]], \"text\": \"GS\", \"confident\": 0.18511582892409637}", "{\"boxes\": [[1111, 949], [1197, 949], [1197, 1011], [1111, 1011]], \"text\": \"Le\", \"confident\": 0.2616604700674563}", "{\"boxes\": [[1221, 939], [1640, 939], [1640, 1047], [1221, 1047]], \"text\": \"@d 4le way\", \"confident\": 0.22480666703751753}", "{\"boxes\": [[1650, 946], [1858, 946], [1858, 1019], [1650, 1019]], \"text\": \"4o lis\", \"confident\": 0.4265718293349865}", "{\"boxes\": [[91, 1135], [238, 1135], [238, 1199], [91, 1199]], \"text\": \"Oln\", \"confident\": 0.31161815927496544}", "{\"boxes\": [[259, 1122], [514, 1122], [514, 1196], [259, 1196]], \"text\": \"Va ada\", \"confident\": 0.28739491917980253}", "{\"boxes\": [[561, 1123], [719, 1123], [719, 1191], [561, 1191]], \"text\": \"Mct\", \"confident\": 0.14520437803318287}", "{\"boxes\": [[743, 1118], [1160, 1118], [1160, 1204], [743, 1204]], \"text\": \"h hacl tden\", \"confident\": 0.18630515273559417}", "{\"boxes\": [[1183, 1129], [1293, 1129], [1293, 1191], [1183, 1191]], \"text\": \"Mu\", \"confident\": 0.3774830871410026}", "{\"boxes\": [[1555, 1127], [1639, 1127], [1639, 1219], [1555, 1219]], \"text\": \"of\", \"confident\": 0.7554277681425247}", "{\"boxes\": [[342, 1298], [499, 1298], [499, 1364], [342, 1364]], \"text\": \"Jacl\", \"confident\": 0.5168444514274597}", "{\"boxes\": [[573, 1311], [643, 1311], [643, 1355], [573, 1355]], \"text\": \"as\", \"confident\": 0.1875433281117517}", "{\"boxes\": [[665, 1319], [707, 1319], [707, 1361], [665, 1361]], \"text\": \"C\", \"confident\": 0.9673320520193016}", "{\"boxes\": [[718, 1288], [1870, 1288], [1870, 1393], [718, 1393]], \"text\": \"representahu of te Vallin failv\", \"confident\": 0.3678225664084674}", "{\"boxes\": [[109, 1479], [193, 1479], [193, 1539], [109, 1539]], \"text\": \"t\", \"confident\": 0.867577911878957}", "{\"boxes\": [[209, 1493], [364, 1493], [364, 1542], [209, 1542]], \"text\": \"Cme\", \"confident\": 0.852009149682236}", "{\"boxes\": [[384, 1479], [988, 1479], [988, 1556], [384, 1556]], \"text\": \"6UU andl Ualle Ae\", \"confident\": 0.2571595859225332}", "{\"boxes\": [[995, 1475], [1375, 1475], [1375, 1571], [995, 1571]], \"text\": \"preseatahn\", \"confident\": 0.4803643138742444}", "{\"boxes\": [[1408, 1486], [1817, 1486], [1817, 1561], [1408, 1561]], \"text\": \"iC Lus Stead\", \"confident\": 0.34168086440539847}", "{\"boxes\": [[1222, 415], [1339, 407], [1340, 471], [1222, 478]], \"text\": \"ancl\", \"confident\": 0.6215881109237671}", "{\"boxes\": [[1376, 382], [1651, 429], [1630, 516], [1355, 470]], \"text\": \"suuliug\", \"confident\": 0.31469358918005524}", "{\"boxes\": [[883, 584], [1035, 616], [1014, 697], [863, 665]], \"text\": \"Ima\", \"confident\": 0.10924691059267665}", "{\"boxes\": [[1324, 1104], [1541, 1143], [1522, 1227], [1304, 1187]], \"text\": \"lbuty\", \"confident\": 0.629446760662302}", "{\"boxes\": [[117, 1280], [330, 1322], [310, 1402], [97, 1360]], \"text\": \"ushing\", \"confident\": 0.3089451316694317}"]}