{"prediction": ["{\"boxes\": [[44, 40], [211, 40], [211, 121], [44, 121]], \"text\": \"She\", \"confident\": 0.971687705734579}", "{\"boxes\": [[244, 52], [600, 52], [600, 124], [244, 124]], \"text\": \" Javesed\", \"confident\": 0.32629491095077723}", "{\"boxes\": [[657, 48], [963, 48], [963, 137], [657, 137]], \"text\": \"and at\", \"confident\": 0.4685136454767068}", "{\"boxes\": [[992, 58], [1168, 58], [1168, 132], [992, 132]], \"text\": \"las+\", \"confident\": 0.6495980024337769}", "{\"boxes\": [[1198, 44], [1392, 44], [1392, 120], [1198, 120]], \"text\": \"sad\", \"confident\": 0.25247768301411294}", "{\"boxes\": [[1444, 66], [1568, 66], [1568, 122], [1444, 122]], \"text\": \"36\", \"confident\": 0.1882829231408036}", "{\"boxes\": [[436, 218], [468, 218], [468, 250], [436, 250]], \"text\": \"4\", \"confident\": 0.7846007821351044}", "{\"boxes\": [[48, 207], [415, 207], [415, 347], [48, 347]], \"text\": \"~lowly:\", \"confident\": 0.23312254486698925}", "{\"boxes\": [[484, 220], [797, 220], [797, 333], [484, 333]], \"text\": \"Jf ye~\", \"confident\": 0.43822611354803925}", "{\"boxes\": [[834, 240], [1051, 240], [1051, 319], [834, 319]], \"text\": \"mus+\", \"confident\": 0.9740400910377502}", "{\"boxes\": [[1305, 225], [1722, 225], [1722, 309], [1305, 309]], \"text\": \"thefnth\", \"confident\": 0.3431537202436383}", "{\"boxes\": [[64, 405], [357, 405], [357, 489], [64, 489]], \"text\": \"out of\", \"confident\": 0.6021803347407295}", "{\"boxes\": [[385, 423], [509, 423], [509, 487], [385, 487]], \"text\": \"me\", \"confident\": 0.9914506344313504}", "{\"boxes\": [[575, 411], [635, 411], [635, 481], [575, 481]], \"text\": \"2\", \"confident\": 0.08986784068207498}", "{\"boxes\": [[665, 387], [1088, 387], [1088, 495], [665, 495]], \"text\": \"must ask\", \"confident\": 0.23960112822576224}", "{\"boxes\": [[1301, 425], [1391, 425], [1391, 491], [1301, 491]], \"text\": \"t0\", \"confident\": 0.7172420678618128}", "{\"boxes\": [[1404, 395], [1700, 395], [1700, 534], [1404, 534]], \"text\": \"rgard\", \"confident\": 0.5567699902082995}", "{\"boxes\": [[924, 564], [1032, 564], [1032, 612], [924, 612]], \"text\": \"4 W\", \"confident\": 0.4919305145740509}", "{\"boxes\": [[69, 585], [296, 585], [296, 659], [69, 659]], \"text\": \"iFas\", \"confident\": 0.45229676365852356}", "{\"boxes\": [[330, 578], [914, 578], [914, 678], [330, 678]], \"text\": \"confidential .\", \"confident\": 0.8615864955758603}", "{\"boxes\": [[1038, 578], [1162, 578], [1162, 700], [1038, 700]], \"text\": \"Ks\", \"confident\": 0.20795371075408473}", "{\"boxes\": [[1180, 577], [1686, 577], [1686, 699], [1180, 699]], \"text\": \"dear fesyl ,\", \"confident\": 0.44218810738379016}", "{\"boxes\": [[70, 758], [324, 758], [324, 854], [70, 854]], \"text\": \"olon '\u20ac\", \"confident\": 0.4646633321481662}", "{\"boxes\": [[354, 760], [512, 760], [512, 858], [354, 858]], \"text\": \"tl(\", \"confident\": 0.270549150414958}", "{\"boxes\": [[535, 779], [637, 779], [637, 841], [535, 841]], \"text\": \"me\", \"confident\": 0.988381269864341}", "{\"boxes\": [[657, 744], [1164, 744], [1164, 894], [657, 894]], \"text\": \"aythivg , t\u20ac\", \"confident\": 0.17618853410637245}", "{\"boxes\": [[1448, 753], [1717, 753], [1717, 850], [1448, 850]], \"text\": \"tatles\", \"confident\": 0.851439417749873}", "{\"boxes\": [[263, 927], [301, 927], [301, 963], [263, 963]], \"text\": \"4\", \"confident\": 0.9895758720860535}", "{\"boxes\": [[74, 949], [245, 949], [245, 1027], [74, 1027]], \"text\": \"not.\", \"confident\": 0.9508439898490906}", "{\"boxes\": [[365, 949], [469, 949], [469, 1017], [365, 1017]], \"text\": \"ttc\", \"confident\": 0.4481583900425162}", "{\"boxes\": [[511, 955], [677, 955], [677, 1017], [511, 1017]], \"text\": \"was\", \"confident\": 0.9790860673000347}", "{\"boxes\": [[705, 930], [1494, 930], [1494, 1052], [705, 1052]], \"text\": \"clearly startled bJ\", \"confident\": 0.5112521362538698}", "{\"boxes\": [[1530, 946], [1656, 946], [1656, 1018], [1530, 1018]], \"text\": \"hes\", \"confident\": 0.9724756537570322}", "{\"boxes\": [[424, 1116], [456, 1116], [456, 1150], [424, 1150]], \"text\": \"4\", \"confident\": 0.9900576283997431}", "{\"boxes\": [[74, 1109], [373, 1109], [373, 1196], [74, 1196]], \"text\": \"Words .\", \"confident\": 0.6244850969604471}", "{\"boxes\": [[490, 1106], [1651, 1106], [1651, 1255], [490, 1255]], \"text\": \"But remembe iFwas yeu,\", \"confident\": 0.23051989699402609}", "{\"boxes\": [[277, 1285], [589, 1285], [589, 1393], [277, 1393]], \"text\": \"J, who\", \"confident\": 0.8654780288106614}", "{\"boxes\": [[613, 1297], [937, 1297], [937, 1381], [613, 1381]], \"text\": \"started\", \"confident\": 0.935614715095774}", "{\"boxes\": [[973, 1284], [1744, 1284], [1744, 1392], [973, 1392]], \"text\": \"ths Convessahon\", \"confident\": 0.8686932387436548}", "{\"boxes\": [[1094, 185], [1302, 259], [1261, 364], [1052, 291]], \"text\": \"draa\", \"confident\": 0.2407916635274887}", "{\"boxes\": [[1097, 440], [1282, 421], [1286, 527], [1101, 545]], \"text\": \"(e\", \"confident\": 0.07524255838112688}", "{\"boxes\": [[1164, 776], [1413, 744], [1420, 862], [1170, 894]], \"text\": \"yoc&\", \"confident\": 0.09470201283693314}", "{\"boxes\": [[88, 1313], [244, 1301], [245, 1381], [89, 1393]], \"text\": \"no +\", \"confident\": 0.2649090347435572}"]}