{"prediction": ["{\"boxes\": [[81, 57], [103, 57], [103, 77], [81, 77]], \"text\": \"04\", \"confident\": 0.41142025123674936}", "{\"boxes\": [[264, 94], [488, 94], [488, 192], [264, 192]], \"text\": \"Yowr\", \"confident\": 0.33917126059532166}", "{\"boxes\": [[509, 65], [920, 65], [920, 222], [509, 222]], \"text\": \"eupl yee\", \"confident\": 0.3611970484924231}", "{\"boxes\": [[970, 63], [1131, 63], [1131, 167], [970, 167]], \"text\": \"if 5\", \"confident\": 0.15382716059684753}", "{\"boxes\": [[1185, 68], [1348, 68], [1348, 167], [1185, 167]], \"text\": \"&o [\", \"confident\": 0.2549480038653638}", "{\"boxes\": [[1403, 93], [1567, 93], [1567, 201], [1403, 201]], \"text\": \"ly\", \"confident\": 0.6096345517840637}", "{\"boxes\": [[1626, 64], [1967, 64], [1967, 165], [1626, 165]], \"text\": \"lusiLs$\", \"confident\": 0.12043241827611785}", "{\"boxes\": [[99, 253], [191, 253], [191, 343], [99, 343]], \"text\": \"to\", \"confident\": 0.1839262725755242}", "{\"boxes\": [[245, 234], [792, 234], [792, 358], [245, 358]], \"text\": \"luiclesfauel\", \"confident\": 0.20815836718448213}", "{\"boxes\": [[869, 237], [1033, 237], [1033, 349], [869, 349]], \"text\": \"all\", \"confident\": 0.7259724872307819}", "{\"boxes\": [[1075, 239], [1250, 239], [1250, 350], [1075, 350]], \"text\": \"XGe\", \"confident\": 0.3551645878934805}", "{\"boxes\": [[94, 456], [152, 456], [152, 512], [94, 512]], \"text\": \"W\", \"confident\": 0.986979824673174}", "{\"boxes\": [[159, 409], [543, 409], [543, 549], [159, 549]], \"text\": \"luretres\", \"confident\": 0.4471066636371907}", "{\"boxes\": [[586, 418], [992, 418], [992, 568], [586, 568]], \"text\": \"%t Kow\", \"confident\": 0.34293219288209437}", "{\"boxes\": [[1036, 416], [1382, 416], [1382, 533], [1036, 533]], \"text\": \"ach 6u $\", \"confident\": 0.3473523619354573}", "{\"boxes\": [[1611, 439], [1719, 439], [1719, 531], [1611, 531]], \"text\": \"Le\", \"confident\": 0.6711203285810943}", "{\"boxes\": [[74, 582], [395, 582], [395, 746], [74, 746]], \"text\": \"Shffl\", \"confident\": 0.3170088932850915}", "{\"boxes\": [[550, 597], [753, 597], [753, 707], [550, 707]], \"text\": \"Sh U\", \"confident\": 0.7255759835243225}", "{\"boxes\": [[857, 611], [1009, 611], [1009, 699], [857, 699]], \"text\": \"lss\", \"confident\": 0.47231108360692964}", "{\"boxes\": [[1074, 618], [1164, 618], [1164, 690], [1074, 690]], \"text\": \"Fo\", \"confident\": 0.11533438223736868}", "{\"boxes\": [[1225, 615], [1587, 615], [1587, 707], [1225, 707]], \"text\": \"Cn hu fe\", \"confident\": 0.2775954409371131}", "{\"boxes\": [[1816, 756], [1890, 756], [1890, 830], [1816, 830]], \"text\": \"7\", \"confident\": 0.32296110617159}", "{\"boxes\": [[84, 769], [283, 769], [283, 883], [84, 883]], \"text\": \"~0L\", \"confident\": 0.535950174476674}", "{\"boxes\": [[657, 763], [912, 763], [912, 891], [657, 891]], \"text\": \"SGaf\", \"confident\": 0.3191612660884857}", "{\"boxes\": [[960, 800], [1417, 800], [1417, 899], [960, 899]], \"text\": \"lbussuse\", \"confident\": 0.22123880863580433}", "{\"boxes\": [[1526, 782], [1767, 782], [1767, 891], [1526, 891]], \"text\": \"Pes\", \"confident\": 0.39781946502776555}", "{\"boxes\": [[1811, 837], [1849, 837], [1849, 879], [1811, 879]], \"text\": \"0\", \"confident\": 0.9958572467467661}", "{\"boxes\": [[93, 947], [217, 947], [217, 1057], [93, 1057]], \"text\": \"Ke\", \"confident\": 0.6905908016837315}", "{\"boxes\": [[256, 947], [753, 947], [753, 1140], [256, 1140]], \"text\": \"yowrsef ,\", \"confident\": 0.2718287441070536}", "{\"boxes\": [[836, 964], [1018, 964], [1018, 1075], [836, 1075]], \"text\": \"8 Le\", \"confident\": 0.7316119074821472}", "{\"boxes\": [[1054, 960], [1854, 960], [1854, 1083], [1054, 1083]], \"text\": \"exclaiuedl, w+L\", \"confident\": 0.10319304346604097}", "{\"boxes\": [[99, 1139], [578, 1139], [578, 1238], [99, 1238]], \"text\": \"lbluh&f\", \"confident\": 0.15178312796146484}", "{\"boxes\": [[628, 1140], [1178, 1140], [1178, 1265], [628, 1265]], \"text\": \"exasp erahiy\", \"confident\": 0.26496357889974714}", "{\"boxes\": [[1499, 1125], [1836, 1125], [1836, 1258], [1499, 1258]], \"text\": \"wveli ,\", \"confident\": 0.1799146853628377}", "{\"boxes\": [[1891, 1157], [2019, 1157], [2019, 1249], [1891, 1249]], \"text\": \"H e\", \"confident\": 0.16470892139620535}", "{\"boxes\": [[72, 1297], [424, 1297], [424, 1473], [72, 1473]], \"text\": \"Goiylf\", \"confident\": 0.25861982606872}", "{\"boxes\": [[456, 1300], [833, 1300], [833, 1471], [456, 1471]], \"text\": \"YLe |2ep\", \"confident\": 0.2787163133525887}", "{\"boxes\": [[873, 1308], [1544, 1308], [1544, 1445], [873, 1445]], \"text\": \"F a staxdlsy\", \"confident\": 0.1025072680207227}", "{\"boxes\": [[1599, 1365], [1703, 1365], [1703, 1429], [1599, 1429]], \"text\": \"(11\", \"confident\": 0.08108307807909428}", "{\"boxes\": [[1763, 1375], [1809, 1375], [1809, 1417], [1763, 1417]], \"text\": \"0\", \"confident\": 0.9219494944927966}", "{\"boxes\": [[2050, 1344], [2102, 1344], [2102, 1422], [2050, 1422]], \"text\": \"4\", \"confident\": 0.6938951638463529}", "{\"boxes\": [[294, 1476], [636, 1476], [636, 1662], [294, 1662]], \"text\": \"fnefee\", \"confident\": 0.23532878780971195}", "{\"boxes\": [[935, 1487], [1278, 1487], [1278, 1603], [935, 1603]], \"text\": \"claded\", \"confident\": 0.5755779759570356}", "{\"boxes\": [[1315, 1519], [1403, 1519], [1403, 1635], [1315, 1635]], \"text\": \"67\", \"confident\": 0.47604576336012766}", "{\"boxes\": [[1446, 1509], [1695, 1509], [1695, 1599], [1446, 1599]], \"text\": \"2' Knu $\", \"confident\": 0.19691384584127405}", "{\"boxes\": [[95, 1661], [211, 1661], [211, 1797], [95, 1797]], \"text\": \"If\", \"confident\": 0.34070699077129835}", "{\"boxes\": [[249, 1711], [405, 1711], [405, 1797], [249, 1797]], \"text\": \"Yt\", \"confident\": 0.8430121691150991}", "{\"boxes\": [[802, 1718], [932, 1718], [932, 1772], [802, 1772]], \"text\": \"luy\", \"confident\": 0.12134982519060299}", "{\"boxes\": [[986, 1683], [1172, 1683], [1172, 1779], [986, 1779]], \"text\": \"me\", \"confident\": 0.13408951877540512}", "{\"boxes\": [[1220, 1700], [1590, 1700], [1590, 1822], [1220, 1822]], \"text\": \"904S\", \"confident\": 0.08914091438055038}", "{\"boxes\": [[1650, 1692], [1778, 1692], [1778, 1788], [1650, 1788]], \"text\": \"7 U\", \"confident\": 0.14935479030977442}", "{\"boxes\": [[136, 62], [232, 80], [215, 163], [118, 145]], \"text\": \"As\", \"confident\": 0.9992983270963418}", "{\"boxes\": [[1664, 274], [1912, 231], [1922, 333], [1673, 375]], \"text\": \"C 2f\", \"confident\": 0.2431768923997879}", "{\"boxes\": [[1313, 216], [1571, 262], [1541, 393], [1283, 346]], \"text\": \"wlts\", \"confident\": 0.2916781008243561}", "{\"boxes\": [[1775, 440], [1997, 422], [1999, 513], [1777, 532]], \"text\": \"Jac\", \"confident\": 0.3478728416723083}", "{\"boxes\": [[418, 753], [617, 816], [576, 933], [376, 870]], \"text\": \"dlop\", \"confident\": 0.5645624995231628}", "{\"boxes\": [[1318, 1130], [1486, 1165], [1458, 1277], [1291, 1242]], \"text\": \"Uecy\", \"confident\": 0.15996263444140016}", "{\"boxes\": [[1865, 1342], [2056, 1381], [2036, 1458], [1845, 1420]], \"text\": \"rovf\", \"confident\": 0.41511332988739014}", "{\"boxes\": [[35, 1513], [257, 1480], [265, 1590], [43, 1623]], \"text\": \"PaYG\", \"confident\": 0.5566918253898621}", "{\"boxes\": [[678, 1530], [896, 1489], [906, 1588], [689, 1628]], \"text\": \"aol\", \"confident\": 0.25246165725079817}", "{\"boxes\": [[1765, 1504], [1987, 1534], [1969, 1625], [1748, 1595]], \"text\": \"fee s ,\", \"confident\": 0.4073534752666541}", "{\"boxes\": [[460, 1700], [735, 1667], [740, 1761], [464, 1794]], \"text\": \"W &u /\", \"confident\": 0.3073908026205377}", "{\"boxes\": [[1764, 1719], [2093, 1648], [2109, 1766], [1780, 1836]], \"text\": \"fie , {\", \"confident\": 0.5394941937959223}"]}