{"prediction": ["{\"boxes\": [[45, 161], [87, 161], [87, 203], [45, 203]], \"text\": \"M\", \"confident\": 0.9070252831609196}", "{\"boxes\": [[68, 53], [922, 53], [922, 245], [68, 245]], \"text\": \"H Yur Jupsirr #ta\", \"confident\": 0.07975502428115634}", "{\"boxes\": [[1309, 117], [1451, 117], [1451, 177], [1309, 177]], \"text\": \"W Q .\", \"confident\": 0.371259687507344}", "{\"boxes\": [[1718, 123], [1839, 123], [1839, 190], [1718, 190]], \"text\": \"Waf\", \"confident\": 0.5626231818996215}", "{\"boxes\": [[76, 246], [798, 246], [798, 418], [76, 418]], \"text\": \"Ecodlet  uitk &uvyixe\", \"confident\": 0.0750452315378438}", "{\"boxes\": [[850, 228], [954, 228], [954, 356], [850, 356]], \"text\": \"ly\", \"confident\": 0.1330291100802752}", "{\"boxes\": [[1028, 234], [1788, 234], [1788, 426], [1028, 426]], \"text\": \"Lihe { le miul\", \"confident\": 0.20390662781545196}", "{\"boxes\": [[74, 411], [870, 411], [870, 564], [74, 564]], \"text\": \"4f (llicou duat ikkrl\", \"confident\": 0.04799538881424351}", "{\"boxes\": [[890, 482], [994, 482], [994, 578], [890, 578]], \"text\": \"You\", \"confident\": 0.30533087694319144}", "{\"boxes\": [[1004, 494], [1072, 494], [1072, 544], [1004, 544]], \"text\": \"(L\", \"confident\": 0.40430802745441785}", "{\"boxes\": [[1071, 417], [1451, 417], [1451, 577], [1071, 577]], \"text\": \"( Kuiual\", \"confident\": 0.0845506337024364}", "{\"boxes\": [[1701, 417], [1817, 417], [1817, 561], [1701, 561]], \"text\": \"Yu\", \"confident\": 0.3245263555550915}", "{\"boxes\": [[81, 587], [231, 587], [231, 727], [81, 727]], \"text\": \"(l\", \"confident\": 0.2888484634142935}", "{\"boxes\": [[256, 664], [324, 664], [324, 712], [256, 712]], \"text\": \"QT\", \"confident\": 0.07956958164016549}", "{\"boxes\": [[687, 656], [808, 656], [808, 732], [687, 732]], \"text\": \"wyy\", \"confident\": 0.27499687233085873}", "{\"boxes\": [[812, 602], [1282, 602], [1282, 776], [812, 776]], \"text\": \"aly uld y\", \"confident\": 0.1947826663571495}", "{\"boxes\": [[1665, 649], [1774, 649], [1774, 725], [1665, 725]], \"text\": \"h\", \"confident\": 0.8218909188644972}", "{\"boxes\": [[88, 824], [180, 824], [180, 904], [88, 904]], \"text\": \"q\", \"confident\": 0.6280783871932414}", "{\"boxes\": [[199, 775], [389, 775], [389, 915], [199, 915]], \"text\": \"#u\", \"confident\": 0.42382595943481144}", "{\"boxes\": [[534, 764], [742, 764], [742, 908], [534, 908]], \"text\": \"GLy\", \"confident\": 0.0815314454441105}", "{\"boxes\": [[774, 833], [915, 833], [915, 914], [774, 914]], \"text\": \"Caure\", \"confident\": 0.22270920076452175}", "{\"boxes\": [[953, 843], [991, 843], [991, 883], [953, 883]], \"text\": \"4\", \"confident\": 0.12851186796794778}", "{\"boxes\": [[1028, 774], [1162, 774], [1162, 902], [1028, 902]], \"text\": \"Wit\", \"confident\": 0.1546031621011962}", "{\"boxes\": [[1208, 848], [1240, 848], [1240, 892], [1208, 892]], \"text\": \"6\", \"confident\": 0.9355378356677626}", "{\"boxes\": [[1223, 775], [1355, 775], [1355, 909], [1223, 909]], \"text\": \"baid\", \"confident\": 0.609813392162323}", "{\"boxes\": [[1588, 751], [1819, 751], [1819, 912], [1588, 912]], \"text\": \"Kkf\", \"confident\": 0.10564713303348643}", "{\"boxes\": [[66, 926], [749, 926], [749, 1142], [66, 1142]], \"text\": \"O ( pl dda .\", \"confident\": 0.21560766776126267}", "{\"boxes\": [[920, 59], [1080, 46], [1083, 178], [922, 191]], \"text\": \"If\", \"confident\": 0.11954211772367795}", "{\"boxes\": [[1119, 61], [1266, 49], [1270, 184], [1123, 196]], \"text\": \"pr\", \"confident\": 0.14082006166168706}", "{\"boxes\": [[1512, 43], [1709, 86], [1668, 251], [1471, 209]], \"text\": \"Beyl\", \"confident\": 0.2684214115142822}", "{\"boxes\": [[1482, 417], [1706, 452], [1680, 584], [1456, 549]], \"text\": \"Lsre\", \"confident\": 0.2151625007390976}", "{\"boxes\": [[360, 559], [579, 593], [549, 745], [330, 711]], \"text\": \"(La4\", \"confident\": 0.6590260863304138}", "{\"boxes\": [[1284, 645], [1499, 592], [1522, 721], [1307, 774]], \"text\": \"Gxlckd\", \"confident\": 0.2603439871346757}", "{\"boxes\": [[1377, 751], [1589, 793], [1557, 929], [1345, 887]], \"text\": \"(ks\", \"confident\": 0.3949916135079646}"]}