{"prediction": ["{\"boxes\": [[117, 55], [1008, 55], [1008, 169], [117, 169]], \"text\": \"TbaL {uotloln4 be her\", \"confident\": 0.137137559150417}", "{\"boxes\": [[1014, 44], [1566, 44], [1566, 194], [1014, 194]], \"text\": \"kuQ? &l &Uc\", \"confident\": 0.08780773796831187}", "{\"boxes\": [[1622, 65], [1843, 65], [1843, 170], [1622, 170]], \"text\": \"zcz\", \"confident\": 0.3935281959186802}", "{\"boxes\": [[127, 201], [303, 201], [303, 337], [127, 337]], \"text\": \"Sho\", \"confident\": 0.6016384454508584}", "{\"boxes\": [[337, 241], [520, 241], [520, 343], [337, 343]], \"text\": \"WCa\", \"confident\": 0.3233370731003204}", "{\"boxes\": [[549, 277], [621, 277], [621, 339], [549, 339]], \"text\": \"C\", \"confident\": 0.9724421479121794}", "{\"boxes\": [[898, 237], [1095, 237], [1095, 352], [898, 352]], \"text\": \"uh\", \"confident\": 0.28062632384548236}", "{\"boxes\": [[1157, 225], [1980, 225], [1980, 363], [1157, 363]], \"text\": \"Uke kss Uckz Chcl \", \"confident\": 0.13494543339754958}", "{\"boxes\": [[1954, 330], [1984, 330], [1984, 374], [1954, 374]], \"text\": \"(\", \"confident\": 0.9192382688550857}", "{\"boxes\": [[81, 390], [266, 390], [266, 526], [81, 526]], \"text\": \"tol\", \"confident\": 0.16017984565806437}", "{\"boxes\": [[441, 398], [756, 398], [756, 555], [441, 555]], \"text\": \"hekost\", \"confident\": 0.2408217361352495}", "{\"boxes\": [[1037, 441], [1135, 441], [1135, 525], [1037, 525]], \"text\": \"L\", \"confident\": 0.4567171948032325}", "{\"boxes\": [[1433, 423], [1804, 423], [1804, 531], [1433, 531]], \"text\": \"her LUevcl .\", \"confident\": 0.5489715955233033}", "{\"boxes\": [[1839, 419], [1905, 419], [1905, 509], [1839, 509]], \"text\": \"\\\" [\", \"confident\": 0.42401379346847534}", "{\"boxes\": [[95, 589], [509, 589], [509, 700], [95, 700]], \"text\": \"Coull See\", \"confident\": 0.47255403569401766}", "{\"boxes\": [[550, 596], [1044, 596], [1044, 725], [550, 725]], \"text\": \"Zcmnuole   31\", \"confident\": 0.24632412045012647}", "{\"boxes\": [[1202, 616], [1226, 616], [1226, 660], [1202, 660]], \"text\": \"6\", \"confident\": 0.5356471263731954}", "{\"boxes\": [[1270, 614], [1556, 614], [1556, 714], [1270, 714]], \"text\": \"h Wanf\", \"confident\": 0.10904125576892196}", "{\"boxes\": [[1614, 624], [1938, 624], [1938, 702], [1614, 702]], \"text\": \"on i C\", \"confident\": 0.7257345383619056}", "{\"boxes\": [[78, 777], [335, 777], [335, 891], [78, 891]], \"text\": \"(owes\", \"confident\": 0.9719123705220022}", "{\"boxes\": [[366, 778], [620, 778], [620, 886], [366, 886]], \"text\": \"6oiC (\", \"confident\": 0.19822316109639182}", "{\"boxes\": [[794, 788], [1071, 788], [1071, 893], [794, 893]], \"text\": \"Sumkez\", \"confident\": 0.18514420188264982}", "{\"boxes\": [[1098, 767], [1602, 767], [1602, 923], [1098, 923]], \"text\": \"blce 2yP-\", \"confident\": 0.0752324801989723}", "{\"boxes\": [[85, 935], [679, 935], [679, 1068], [85, 1068]], \"text\": \"3\\\" He poufe\", \"confident\": 0.2618794408059674}", "{\"boxes\": [[720, 970], [1042, 970], [1042, 1048], [720, 1048]], \"text\": \"Qnkoi\", \"confident\": 0.489027078859472}", "{\"boxes\": [[1113, 975], [1325, 975], [1325, 1063], [1113, 1063]], \"text\": \"Pvus\", \"confident\": 0.2541540861129761}", "{\"boxes\": [[1379, 937], [1667, 937], [1667, 1045], [1379, 1045]], \"text\": \"Iliskl\", \"confident\": 0.4360137982429474}", "{\"boxes\": [[1709, 941], [1925, 941], [1925, 1052], [1709, 1052]], \"text\": \"PsP.\", \"confident\": 0.4737991392612457}", "{\"boxes\": [[83, 1085], [643, 1085], [643, 1217], [83, 1217]], \"text\": \"Uk all knowv\", \"confident\": 0.4551931517223954}", "{\"boxes\": [[958, 1091], [1651, 1091], [1651, 1228], [958, 1228]], \"text\": \"Rlicou klnd\", \"confident\": 0.31561309319623565}", "{\"boxes\": [[55, 1263], [279, 1263], [279, 1385], [55, 1385]], \"text\": \"balt\", \"confident\": 0.22838185727596283}", "{\"boxes\": [[309, 1281], [443, 1281], [443, 1371], [309, 1371]], \"text\": \"kia (\", \"confident\": 0.5405804641570106}", "{\"boxes\": [[552, 1270], [812, 1270], [812, 1386], [552, 1386]], \"text\": \"bocch\", \"confident\": 0.1798324441005825}", "{\"boxes\": [[940, 1302], [1145, 1302], [1145, 1407], [940, 1407]], \"text\": \"Wuic\", \"confident\": 0.1840600073337555}", "{\"boxes\": [[1184, 1303], [1427, 1303], [1427, 1427], [1184, 1427]], \"text\": \"close\", \"confident\": 0.35344785477048124}", "{\"boxes\": [[24, 1500], [282, 1500], [282, 1634], [24, 1634]], \"text\": \"Joho\", \"confident\": 0.22564974427223206}", "{\"boxes\": [[336, 1530], [436, 1530], [436, 1608], [336, 1608]], \"text\": \"M\", \"confident\": 0.36230181298293473}", "{\"boxes\": [[480, 1518], [612, 1518], [612, 1614], [480, 1614]], \"text\": \"Cn\", \"confident\": 0.7556877397835146}", "{\"boxes\": [[649, 1504], [1434, 1504], [1434, 1632], [649, 1632]], \"text\": \"Oul 06( &e lciles ,\", \"confident\": 0.0872791247748507}", "{\"boxes\": [[664, 221], [868, 267], [838, 381], [633, 335]], \"text\": \"lody\", \"confident\": 0.7787220478057861}", "{\"boxes\": [[312, 400], [454, 428], [431, 525], [289, 497]], \"text\": \"L\", \"confident\": 0.49493451976221436}", "{\"boxes\": [[752, 438], [993, 411], [997, 521], [757, 549]], \"text\": \"przck\", \"confident\": 0.3981959169947616}", "{\"boxes\": [[1160, 398], [1436, 456], [1402, 587], [1126, 529]], \"text\": \"kofuerd\", \"confident\": 0.3307197052959424}", "{\"boxes\": [[1047, 587], [1209, 693], [1155, 774], [993, 668]], \"text\": \"'snfi\", \"confident\": 0.10235882375405664}", "{\"boxes\": [[1638, 705], [2045, 795], [2001, 950], [1594, 860]], \"text\": \"tuilid `\", \"confident\": 0.20310795872363616}", "{\"boxes\": [[656, 766], [791, 792], [768, 892], [634, 866]], \"text\": \"hi\", \"confident\": 0.9622452431316657}", "{\"boxes\": [[705, 1103], [903, 1132], [885, 1224], [687, 1196]], \"text\": \"how\", \"confident\": 0.999348663747758}", "{\"boxes\": [[1673, 1104], [2051, 1158], [2025, 1277], [1648, 1223]], \"text\": \"clflowa\", \"confident\": 0.2313553536259851}", "{\"boxes\": [[453, 1312], [547, 1285], [561, 1353], [467, 1380]], \"text\": \"0(\", \"confident\": 0.9706131661984234}", "{\"boxes\": [[1468, 1303], [1640, 1395], [1582, 1501], [1409, 1408]], \"text\": \"58'\", \"confident\": 0.6561252032429783}", "{\"boxes\": [[1651, 1310], [1809, 1352], [1772, 1481], [1613, 1439]], \"text\": \"bif\", \"confident\": 0.14618642749010324}"]}