{"prediction": ["{\"boxes\": [[59, 60], [639, 60], [639, 222], [59, 222]], \"text\": \"LL &d (ll\", \"confident\": 0.20780673787725204}", "{\"boxes\": [[658, 134], [798, 134], [798, 210], [658, 210]], \"text\": \"wlre\", \"confident\": 0.5929005146026611}", "{\"boxes\": [[1008, 88], [1256, 88], [1256, 258], [1008, 258]], \"text\": \"4 \\\"YC\", \"confident\": 0.19689597386831}", "{\"boxes\": [[1453, 91], [1577, 91], [1577, 201], [1453, 201]], \"text\": \"Gul\", \"confident\": 0.3705146908760071}", "{\"boxes\": [[48, 320], [110, 320], [110, 376], [48, 376]], \"text\": \"&\", \"confident\": 0.5078679001349116}", "{\"boxes\": [[103, 319], [213, 319], [213, 405], [103, 405]], \"text\": \"(rett\", \"confident\": 0.08958995111685215}", "{\"boxes\": [[230, 242], [584, 242], [584, 389], [230, 389]], \"text\": \"#r&\", \"confident\": 0.0731915458322506}", "{\"boxes\": [[990, 240], [1172, 240], [1172, 392], [990, 392]], \"text\": \"(L;\", \"confident\": 0.684839637042479}", "{\"boxes\": [[1209, 307], [1298, 307], [1298, 375], [1209, 375]], \"text\": \"4lo\", \"confident\": 0.10863695487378097}", "{\"boxes\": [[1276, 237], [1815, 237], [1815, 396], [1276, 396]], \"text\": \"Mull  {tdduutd\", \"confident\": 0.08387872645127109}", "{\"boxes\": [[130, 440], [252, 440], [252, 562], [130, 562]], \"text\": \"L\", \"confident\": 0.9811042482908796}", "{\"boxes\": [[508, 430], [830, 430], [830, 576], [508, 576]], \"text\": \"RYJ Oior:\", \"confident\": 0.08738417815806794}", "{\"boxes\": [[1114, 496], [1252, 496], [1252, 574], [1114, 574]], \"text\": \"alocf\", \"confident\": 0.16442721965546098}", "{\"boxes\": [[1283, 429], [1417, 429], [1417, 571], [1283, 571]], \"text\": \"and\", \"confident\": 0.1261986215049298}", "{\"boxes\": [[1426, 500], [1480, 500], [1480, 556], [1426, 556]], \"text\": \"W\", \"confident\": 0.9959525376730518}", "{\"boxes\": [[1463, 423], [1595, 423], [1595, 571], [1463, 571]], \"text\": \"L\", \"confident\": 0.9989015497922118}", "{\"boxes\": [[881, 592], [1429, 592], [1429, 781], [881, 781]], \"text\": \"Jarly H Myi\", \"confident\": 0.13391431696766296}", "{\"boxes\": [[1412, 688], [1490, 688], [1490, 742], [1412, 742]], \"text\": \"IkG\", \"confident\": 0.18274150483955634}", "{\"boxes\": [[1518, 608], [1786, 608], [1786, 776], [1518, 776]], \"text\": \"Unedy L\", \"confident\": 0.1310200156363819}", "{\"boxes\": [[265, 783], [399, 783], [399, 927], [265, 927]], \"text\": \"CrU\", \"confident\": 0.10182912424706443}", "{\"boxes\": [[584, 840], [664, 840], [664, 918], [584, 918]], \"text\": \"M\", \"confident\": 0.906096598948821}", "{\"boxes\": [[647, 767], [905, 767], [905, 971], [647, 971]], \"text\": \"Up'\", \"confident\": 0.11145151475705979}", "{\"boxes\": [[1485, 777], [1739, 777], [1739, 937], [1485, 937]], \"text\": \"Udatd\", \"confident\": 0.8028887283893755}", "{\"boxes\": [[39, 947], [353, 947], [353, 1103], [39, 1103]], \"text\": \"6 bud\", \"confident\": 0.10425980401675512}", "{\"boxes\": [[1012, 956], [1162, 956], [1162, 1108], [1012, 1108]], \"text\": \"444\", \"confident\": 0.3114835232195519}", "{\"boxes\": [[1245, 956], [1777, 956], [1777, 1113], [1245, 1113]], \"text\": \"vall Fal ILu\", \"confident\": 0.25447949148966337}", "{\"boxes\": [[50, 1208], [188, 1208], [188, 1280], [50, 1280]], \"text\": \"hc-r\", \"confident\": 0.17276699841022491}", "{\"boxes\": [[537, 1183], [664, 1183], [664, 1252], [537, 1252]], \"text\": \"scl\", \"confident\": 0.04163871121402079}", "{\"boxes\": [[808, 1132], [1161, 1132], [1161, 1294], [808, 1294]], \"text\": \"cdHl dun\", \"confident\": 0.08375493367390105}", "{\"boxes\": [[1182, 1216], [1385, 1216], [1385, 1281], [1182, 1281]], \"text\": \"QGlLA -\", \"confident\": 0.13304060238105128}", "{\"boxes\": [[1396, 1118], [1750, 1118], [1750, 1290], [1396, 1290]], \"text\": \"Htonnkb\", \"confident\": 0.11144009163223935}", "{\"boxes\": [[33, 1283], [924, 1283], [924, 1472], [33, 1472]], \"text\": \"4ke' sll kwe BL\", \"confident\": 0.05466566475826245}", "{\"boxes\": [[1231, 1325], [1365, 1325], [1365, 1463], [1231, 1463]], \"text\": \"e4d\", \"confident\": 0.16578799573154582}", "{\"boxes\": [[1406, 1318], [1694, 1318], [1694, 1466], [1406, 1466]], \"text\": \"Lt udl-\", \"confident\": 0.47684004190661305}", "{\"boxes\": [[32, 1484], [786, 1484], [786, 1676], [32, 1676]], \"text\": \"Rarhad 9c-uty I\", \"confident\": 0.09218089388085787}", "{\"boxes\": [[814, 1561], [919, 1561], [919, 1622], [814, 1622]], \"text\": \"hr\", \"confident\": 0.27044032638588184}", "{\"boxes\": [[948, 1556], [1174, 1556], [1174, 1634], [948, 1634]], \"text\": \"hhdz\", \"confident\": 0.4543851315975189}", "{\"boxes\": [[1521, 1477], [1683, 1477], [1683, 1633], [1521, 1633]], \"text\": \"I\", \"confident\": 0.28915096575298094}", "{\"boxes\": [[549, 1643], [827, 1643], [827, 1820], [549, 1820]], \"text\": \"i\", \"confident\": 0.5085115479780598}", "{\"boxes\": [[800, 113], [985, 61], [1015, 207], [829, 260]], \"text\": \"S4cl\", \"confident\": 0.31414762139320374}", "{\"boxes\": [[1209, 111], [1405, 70], [1423, 207], [1227, 247]], \"text\": \"'@Hto\", \"confident\": 0.08380692368868634}", "{\"boxes\": [[567, 314], [703, 288], [716, 392], [580, 418]], \"text\": \"Scrf\", \"confident\": 0.09716160595417023}", "{\"boxes\": [[1624, 399], [1803, 441], [1759, 610], [1580, 568]], \"text\": \"6ry\\\"\", \"confident\": 0.11932111531496048}", "{\"boxes\": [[838, 472], [1096, 449], [1099, 558], [840, 581]], \"text\": \"Asalwol\", \"confident\": 0.0827983545253511}", "{\"boxes\": [[281, 498], [464, 476], [469, 555], [286, 578]], \"text\": \"qulN\", \"confident\": 0.21427631378173828}", "{\"boxes\": [[643, 639], [856, 611], [864, 739], [651, 767]], \"text\": \"CUghd\", \"confident\": 0.2077020200014256}", "{\"boxes\": [[363, 610], [567, 646], [539, 771], [335, 734]], \"text\": \"kvn5\", \"confident\": 0.13611562550067902}", "{\"boxes\": [[32, 656], [322, 618], [330, 757], [40, 795]], \"text\": \"Sugsutted\", \"confident\": 0.1526047829085504}", "{\"boxes\": [[33, 816], [258, 783], [268, 919], [44, 951]], \"text\": \"powec\", \"confident\": 0.17693543393761066}", "{\"boxes\": [[1073, 803], [1348, 857], [1316, 983], [1041, 928]], \"text\": \"Loyo\", \"confident\": 0.167583629488945}", "{\"boxes\": [[869, 869], [992, 815], [1026, 908], [903, 962]], \"text\": \"Rc\", \"confident\": 0.5367545690947587}", "{\"boxes\": [[429, 848], [578, 836], [580, 912], [430, 925]], \"text\": \"Walr\", \"confident\": 0.13969697058200836}", "{\"boxes\": [[453, 944], [718, 983], [687, 1144], [422, 1105]], \"text\": \"(yy\", \"confident\": 0.14410028852898754}", "{\"boxes\": [[692, 1003], [816, 981], [828, 1095], [705, 1117]], \"text\": \"qol\", \"confident\": 0.22367527490686193}", "{\"boxes\": [[860, 996], [1009, 1022], [990, 1108], [841, 1082]], \"text\": \"Tne\", \"confident\": 0.3977656614108047}", "{\"boxes\": [[348, 1166], [488, 1152], [493, 1269], [353, 1284]], \"text\": \"(ct\", \"confident\": 0.6677256251642326}", "{\"boxes\": [[944, 1298], [1214, 1349], [1181, 1482], [912, 1431]], \"text\": \"[urdl'\", \"confident\": 0.10312005188668508}", "{\"boxes\": [[1209, 1489], [1391, 1528], [1359, 1661], [1176, 1623]], \"text\": \"ollaq}\", \"confident\": 0.26106095666774076}", "{\"boxes\": [[45, 1688], [215, 1675], [217, 1804], [47, 1817]], \"text\": \"wril\", \"confident\": 0.14707161486148834}"]}