{"prediction": ["{\"boxes\": [[50, 54], [284, 54], [284, 174], [50, 174]], \"text\": \"Kod\", \"confident\": 0.07825637222985961}", "{\"boxes\": [[320, 48], [484, 48], [484, 150], [320, 150]], \"text\": \"Yt\", \"confident\": 0.6665360018624167}", "{\"boxes\": [[522, 68], [770, 68], [770, 148], [522, 148]], \"text\": \"tou cl\", \"confident\": 0.5516085509945005}", "{\"boxes\": [[821, 61], [961, 61], [961, 153], [821, 153]], \"text\": \"rocly\", \"confident\": 0.25266585639553896}", "{\"boxes\": [[1018, 64], [1352, 64], [1352, 168], [1018, 168]], \"text\": \"Krohofor\", \"confident\": 0.04510450311100411}", "{\"boxes\": [[1650, 58], [1782, 58], [1782, 156], [1650, 156]], \"text\": \"Xe\", \"confident\": 0.5576869233127191}", "{\"boxes\": [[32, 219], [420, 219], [420, 377], [32, 377]], \"text\": \"Lslte   Sprar\", \"confident\": 0.11298883027662077}", "{\"boxes\": [[479, 243], [661, 243], [661, 329], [479, 329]], \"text\": \"Co-ol\", \"confident\": 0.18430183268733086}", "{\"boxes\": [[702, 234], [780, 234], [780, 318], [702, 318]], \"text\": \"e\", \"confident\": 0.669318290818044}", "{\"boxes\": [[816, 270], [932, 270], [932, 326], [816, 326]], \"text\": \"feeu\", \"confident\": 0.2977195382118225}", "{\"boxes\": [[988, 238], [1088, 238], [1088, 356], [988, 356]], \"text\": \"fl\", \"confident\": 0.986112368579628}", "{\"boxes\": [[1199, 273], [1366, 273], [1366, 327], [1199, 327]], \"text\": \"Ocrosl\", \"confident\": 0.149957509683392}", "{\"boxes\": [[1414, 226], [1542, 226], [1542, 328], [1414, 328]], \"text\": \"LL\", \"confident\": 0.23355672629570481}", "{\"boxes\": [[1567, 236], [1838, 236], [1838, 332], [1567, 332]], \"text\": \"olufa: ce\", \"confident\": 0.19125993156367696}", "{\"boxes\": [[38, 408], [332, 408], [332, 530], [38, 530]], \"text\": \"ofa kule\", \"confident\": 0.4293589311380419}", "{\"boxes\": [[363, 424], [498, 424], [498, 503], [363, 503]], \"text\": \"Oud\", \"confident\": 0.2939490739188231}", "{\"boxes\": [[524, 454], [556, 454], [556, 492], [524, 492]], \"text\": \"Q\", \"confident\": 0.5685356070625893}", "{\"boxes\": [[751, 447], [929, 447], [929, 509], [751, 509]], \"text\": \"Calue\", \"confident\": 0.3816973949734942}", "{\"boxes\": [[980, 408], [1098, 408], [1098, 512], [980, 512]], \"text\": \"Ye\", \"confident\": 0.7318975024457416}", "{\"boxes\": [[1296, 434], [1478, 434], [1478, 508], [1296, 508]], \"text\": \"lucAy\", \"confident\": 0.11056897886738479}", "{\"boxes\": [[1501, 383], [1759, 383], [1759, 541], [1501, 541]], \"text\": \"L hI\", \"confident\": 0.6899898648262024}", "{\"boxes\": [[45, 579], [547, 579], [547, 716], [45, 716]], \"text\": \"trioJukr  Jail ,\", \"confident\": 0.22307240762562683}", "{\"boxes\": [[568, 600], [706, 600], [706, 676], [568, 676]], \"text\": \"auol\", \"confident\": 0.5283568501472473}", "{\"boxes\": [[754, 594], [964, 594], [964, 694], [754, 694]], \"text\": \"k He\", \"confident\": 0.3077780306339264}", "{\"boxes\": [[959, 585], [1182, 585], [1182, 741], [959, 741]], \"text\": \"juetsx\", \"confident\": 0.1276483998394228}", "{\"boxes\": [[1268, 588], [1836, 588], [1836, 740], [1268, 740]], \"text\": \"6xtn: 4F1 *\", \"confident\": 0.021442996467890264}", "{\"boxes\": [[58, 771], [227, 771], [227, 869], [58, 869]], \"text\": \"e lose\", \"confident\": 0.22230557584216243}", "{\"boxes\": [[390, 748], [706, 748], [706, 870], [390, 870]], \"text\": \"YLe rocls\", \"confident\": 0.4801265982241902}", "{\"boxes\": [[771, 759], [1041, 759], [1041, 871], [771, 871]], \"text\": \"Y} i}\", \"confident\": 0.33920937149969316}", "{\"boxes\": [[1074, 783], [1266, 783], [1266, 870], [1074, 870]], \"text\": \"Wo (d\", \"confident\": 0.4719066222989361}", "{\"boxes\": [[1413, 765], [1637, 765], [1637, 873], [1413, 873]], \"text\": \"davLcdl\", \"confident\": 0.22575451775562747}", "{\"boxes\": [[377, 942], [552, 942], [552, 1045], [377, 1045]], \"text\": \"Kck\", \"confident\": 0.11561760885074178}", "{\"boxes\": [[594, 928], [1476, 928], [1476, 1096], [594, 1096]], \"text\": \"Lll KLa Wft ol bxt\", \"confident\": 0.12291450782893956}", "{\"boxes\": [[1504, 990], [1650, 990], [1650, 1042], [1504, 1042]], \"text\": \"Lus-&\", \"confident\": 0.276138976238422}", "{\"boxes\": [[1423, 69], [1606, 51], [1609, 148], [1426, 166]], \"text\": \"Wlee\", \"confident\": 0.36664077639579773}", "{\"boxes\": [[595, 386], [743, 439], [701, 547], [553, 494]], \"text\": \"Lik\", \"confident\": 0.4106168688486916}", "{\"boxes\": [[1102, 452], [1270, 429], [1279, 552], [1111, 576]], \"text\": \"kve\", \"confident\": 0.2621096363049394}", "{\"boxes\": [[52, 978], [299, 945], [306, 1048], [59, 1082]], \"text\": \"asa,-J}\", \"confident\": 0.1010105930867111}"]}