{"prediction": ["{\"boxes\": [[73, 51], [291, 51], [291, 143], [73, 143]], \"text\": \"With\", \"confident\": 0.8991166949272156}", "{\"boxes\": [[330, 42], [526, 42], [526, 142], [330, 142]], \"text\": \"Four\", \"confident\": 0.48266902565956116}", "{\"boxes\": [[825, 53], [971, 53], [971, 137], [825, 137]], \"text\": \"Khe\", \"confident\": 0.3691894279268442}", "{\"boxes\": [[1232, 54], [1400, 54], [1400, 130], [1232, 130]], \"text\": \"On d\", \"confident\": 0.27300418328084713}", "{\"boxes\": [[1452, 54], [1584, 54], [1584, 130], [1452, 130]], \"text\": \"Fhe\", \"confident\": 0.413193534327625}", "{\"boxes\": [[1644, 61], [1885, 61], [1885, 134], [1644, 134]], \"text\": \"Waues\", \"confident\": 0.6429980482284061}", "{\"boxes\": [[43, 193], [408, 193], [408, 370], [43, 370]], \"text\": \"Puskhird\", \"confident\": 0.573930353417708}", "{\"boxes\": [[572, 232], [720, 232], [720, 312], [572, 312]], \"text\": \"Zhe\", \"confident\": 0.3385673724290996}", "{\"boxes\": [[749, 225], [978, 225], [978, 315], [749, 315]], \"text\": \"sten\", \"confident\": 0.6932083368301392}", "{\"boxes\": [[1034, 213], [1476, 213], [1476, 352], [1034, 352]], \"text\": \"thc Yowl\", \"confident\": 0.25546879269843437}", "{\"boxes\": [[1515, 243], [1686, 243], [1686, 310], [1515, 310]], \"text\": \"WGs\", \"confident\": 0.5115947231121791}", "{\"boxes\": [[1721, 246], [1902, 246], [1902, 322], [1721, 322]], \"text\": \"fo?\", \"confident\": 0.14678315548864285}", "{\"boxes\": [[46, 373], [421, 373], [421, 559], [46, 559]], \"text\": \"drajjed\", \"confident\": 0.9533354012279027}", "{\"boxes\": [[432, 418], [587, 418], [587, 495], [432, 495]], \"text\": \"Ou [\", \"confident\": 0.32728227972984314}", "{\"boxes\": [[614, 401], [1091, 401], [1091, 504], [614, 504]], \"text\": \"Lut beFore\", \"confident\": 0.5722701854679875}", "{\"boxes\": [[1116, 412], [1218, 412], [1218, 484], [1116, 484]], \"text\": \"12\", \"confident\": 0.1899689232712711}", "{\"boxes\": [[1241, 420], [1402, 420], [1402, 488], [1241, 488]], \"text\": \"wGS\", \"confident\": 0.3680251768172756}", "{\"boxes\": [[1437, 401], [1725, 401], [1725, 487], [1437, 487]], \"text\": \"Fuined\", \"confident\": 0.9288028296253893}", "{\"boxes\": [[71, 597], [266, 597], [266, 675], [71, 675]], \"text\": \"Ouer\", \"confident\": 0.9365223050117493}", "{\"boxes\": [[322, 577], [572, 577], [572, 669], [322, 669]], \"text\": \"Zueno\", \"confident\": 0.9790351253273353}", "{\"boxes\": [[614, 581], [849, 581], [849, 670], [614, 670]], \"text\": \"Zuck\", \"confident\": 0.6099788546562195}", "{\"boxes\": [[900, 594], [1242, 594], [1242, 668], [900, 668]], \"text\": \"reachedl\", \"confident\": 0.7444497849796448}", "{\"boxes\": [[1274, 585], [1461, 585], [1461, 674], [1274, 674]], \"text\": \"in fo\", \"confident\": 0.47544430323514086}", "{\"boxes\": [[1689, 579], [1877, 579], [1877, 669], [1689, 669]], \"text\": \"FBok\", \"confident\": 0.39818334579467773}", "{\"boxes\": [[60, 755], [189, 755], [189, 854], [60, 854]], \"text\": \"of\", \"confident\": 0.537632697471087}", "{\"boxes\": [[215, 781], [347, 781], [347, 849], [215, 849]], \"text\": \"wa\", \"confident\": 0.2862375554636855}", "{\"boxes\": [[536, 758], [828, 758], [828, 848], [536, 848]], \"text\": \"Hosseel\", \"confident\": 0.8896796740148096}", "{\"boxes\": [[855, 777], [1043, 777], [1043, 845], [855, 845]], \"text\": \"eu |\", \"confident\": 0.1932171579648136}", "{\"boxes\": [[1059, 767], [1367, 767], [1367, 851], [1059, 851]], \"text\": \"2 sfrin-\", \"confident\": 0.5363714678279285}", "{\"boxes\": [[1345, 803], [1387, 803], [1387, 893], [1345, 893]], \"text\": \"S\", \"confident\": 0.6508953798287429}", "{\"boxes\": [[316, 958], [550, 958], [550, 1036], [316, 1036]], \"text\": \"Krou /\", \"confident\": 0.388890946842193}", "{\"boxes\": [[589, 959], [747, 959], [747, 1027], [589, 1027]], \"text\": \"and\", \"confident\": 0.9969619724724176}", "{\"boxes\": [[785, 961], [999, 961], [999, 1029], [785, 1029]], \"text\": \"Sa/@\", \"confident\": 0.22387392818927765}", "{\"boxes\": [[1023, 967], [1067, 967], [1067, 1007], [1023, 1007]], \"text\": \"5\", \"confident\": 0.14701395154535035}", "{\"boxes\": [[1087, 940], [1536, 940], [1536, 1039], [1087, 1039]], \"text\": \"2\\\" Kill ,he '5\", \"confident\": 0.23638604257722784}", "{\"boxes\": [[1575, 944], [1830, 944], [1830, 1022], [1575, 1022]], \"text\": \"betez\", \"confident\": 0.16617807128479536}", "{\"boxes\": [[56, 1132], [252, 1132], [252, 1222], [56, 1222]], \"text\": \"man\", \"confident\": 0.6775631904602051}", "{\"boxes\": [[287, 1123], [687, 1123], [687, 1209], [287, 1209]], \"text\": \"a/ calch\", \"confident\": 0.32749524508456673}", "{\"boxes\": [[758, 1120], [913, 1120], [913, 1209], [758, 1209]], \"text\": \"eem\", \"confident\": 0.5623176491354126}", "{\"boxes\": [[962, 1128], [1181, 1128], [1181, 1213], [962, 1213]], \"text\": \"Khan\", \"confident\": 0.3896964532476673}", "{\"boxes\": [[1215, 1104], [1788, 1104], [1788, 1275], [1215, 1275]], \"text\": \"hjwn 'Juaje\", \"confident\": 0.18656964673344334}", "{\"boxes\": [[55, 1291], [225, 1291], [225, 1405], [55, 1405]], \"text\": \"You\", \"confident\": 0.9855609597876152}", "{\"boxes\": [[260, 1294], [472, 1294], [472, 1392], [260, 1392]], \"text\": \"(ook _\", \"confident\": 0.24855745659094025}", "{\"boxes\": [[533, 1298], [763, 1298], [763, 1388], [533, 1388]], \"text\": \"Zitle\", \"confident\": 0.3833332214052804}", "{\"boxes\": [[807, 1329], [967, 1329], [967, 1391], [807, 1391]], \"text\": \"On&\", \"confident\": 0.40594677104581967}", "{\"boxes\": [[1004, 1316], [1249, 1316], [1249, 1393], [1004, 1393]], \"text\": \"more\", \"confident\": 0.8110519647598267}", "{\"boxes\": [[1280, 1326], [1382, 1326], [1382, 1382], [1280, 1382]], \"text\": \"S\", \"confident\": 0.43732962363945255}", "{\"boxes\": [[1409, 1279], [1738, 1279], [1738, 1390], [1409, 1390]], \"text\": \"Fiifheen\", \"confident\": 0.3207271728566192}", "{\"boxes\": [[57, 1464], [345, 1464], [345, 1572], [57, 1572]], \"text\": \"inches.\", \"confident\": 0.9757428684341122}", "{\"boxes\": [[385, 1477], [714, 1477], [714, 1597], [385, 1597]], \"text\": \"nayLe\", \"confident\": 0.5566195642499989}", "{\"boxes\": [[963, 1499], [1135, 1499], [1135, 1565], [963, 1565]], \"text\": \"On\", \"confident\": 0.9725458150896434}", "{\"boxes\": [[1178, 1470], [1396, 1470], [1396, 1570], [1178, 1570]], \"text\": \"four\", \"confident\": 0.4309212863445282}", "{\"boxes\": [[1428, 1460], [1657, 1460], [1657, 1568], [1428, 1568]], \"text\": \"Feet\", \"confident\": 0.8717561364173889}", "{\"boxes\": [[66, 1652], [410, 1652], [410, 1756], [66, 1756]], \"text\": \"huh 2 \\\"\", \"confident\": 0.948314678458012}", "{\"boxes\": [[589, 8], [806, 93], [758, 204], [542, 119]], \"text\": \"doinJ\", \"confident\": 0.24770141548359448}", "{\"boxes\": [[968, 103], [1151, 21], [1192, 116], [1009, 197]], \"text\": \"( *6\", \"confident\": 0.0994853749871254}", "{\"boxes\": [[445, 239], [555, 230], [559, 310], [448, 320]], \"text\": \"0f\", \"confident\": 0.12357545376310718}", "{\"boxes\": [[1523, 569], [1664, 588], [1649, 672], [1508, 653]], \"text\": \"Ihe\", \"confident\": 0.19247059316000392}", "{\"boxes\": [[1457, 773], [1588, 763], [1589, 835], [1458, 845]], \"text\": \"0f\", \"confident\": 0.3385625250725869}", "{\"boxes\": [[355, 754], [527, 791], [504, 876], [333, 839]], \"text\": \"ter |\", \"confident\": 0.6016138680703667}", "{\"boxes\": [[1632, 743], [1889, 797], [1864, 889], [1608, 835]], \"text\": \"Silvey\", \"confident\": 0.38346439971069357}", "{\"boxes\": [[77, 938], [271, 965], [256, 1048], [61, 1021]], \"text\": \"lake\", \"confident\": 0.5104063153266907}", "{\"boxes\": [[799, 1471], [912, 1496], [890, 1579], [778, 1553]], \"text\": \"bi (\", \"confident\": 0.3388969302177429}"]}