{"prediction": ["{\"boxes\": [[60, 47], [270, 47], [270, 171], [60, 171]], \"text\": \"Rell\", \"confident\": 0.447245717048645}", "{\"boxes\": [[678, 48], [895, 48], [895, 173], [678, 173]], \"text\": \"2Z\", \"confident\": 0.6588376240432424}", "{\"boxes\": [[931, 65], [1265, 65], [1265, 173], [931, 173]], \"text\": \"Zallz(_\", \"confident\": 0.47772591947729603}", "{\"boxes\": [[1373, 49], [1487, 49], [1487, 163], [1373, 163]], \"text\": \"d\", \"confident\": 0.11526497178359651}", "{\"boxes\": [[1733, 101], [1919, 101], [1919, 175], [1733, 175]], \"text\": \"Ce(\", \"confident\": 0.23138438103757022}", "{\"boxes\": [[518, 242], [920, 242], [920, 344], [518, 344]], \"text\": \"2somned\", \"confident\": 0.45043139624827777}", "{\"boxes\": [[1030, 232], [1566, 232], [1566, 384], [1030, 384]], \"text\": \"[Je '9o7l9\", \"confident\": 0.11946861599370642}", "{\"boxes\": [[433, 407], [543, 407], [543, 515], [433, 515]], \"text\": \"K\", \"confident\": 0.767242838365533}", "{\"boxes\": [[970, 408], [1214, 408], [1214, 531], [970, 531]], \"text\": \"Kkse\", \"confident\": 0.26632481813430786}", "{\"boxes\": [[1282, 430], [1541, 430], [1541, 521], [1282, 521]], \"text\": \"Lxd\", \"confident\": 0.19024316899035276}", "{\"boxes\": [[1603, 414], [1825, 414], [1825, 514], [1603, 514]], \"text\": \"[z\", \"confident\": 0.15251295419736904}", "{\"boxes\": [[139, 599], [271, 599], [271, 687], [139, 687]], \"text\": \"Kes\", \"confident\": 0.4543170630931854}", "{\"boxes\": [[357, 637], [552, 637], [552, 694], [357, 694]], \"text\": \"Obes\", \"confident\": 0.7773378491401672}", "{\"boxes\": [[953, 586], [1123, 586], [1123, 698], [953, 698]], \"text\": \"L\", \"confident\": 0.20081588634701664}", "{\"boxes\": [[1359, 584], [1723, 584], [1723, 723], [1359, 723]], \"text\": \"ks/ .\", \"confident\": 0.19420054992690142}", "{\"boxes\": [[132, 773], [385, 773], [385, 885], [132, 885]], \"text\": \"Ksa k\", \"confident\": 0.2832580051110228}", "{\"boxes\": [[425, 793], [525, 793], [525, 879], [425, 879]], \"text\": \"In\", \"confident\": 0.34628180328516467}", "{\"boxes\": [[1018, 780], [1420, 780], [1420, 881], [1018, 881]], \"text\": \"Ksce (_ln\", \"confident\": 0.15663625722975805}", "{\"boxes\": [[1452, 764], [1584, 764], [1584, 860], [1452, 860]], \"text\": \"(\", \"confident\": 0.7143069238897084}", "{\"boxes\": [[141, 962], [655, 962], [655, 1084], [141, 1084]], \"text\": \"Fufmsrd\", \"confident\": 0.10920508137807407}", "{\"boxes\": [[724, 962], [896, 962], [896, 1110], [724, 1110]], \"text\": \"2f\", \"confident\": 0.16999832070845122}", "{\"boxes\": [[906, 998], [1016, 998], [1016, 1048], [906, 1048]], \"text\": \"4e\", \"confident\": 0.19187201648162544}", "{\"boxes\": [[1144, 952], [1382, 952], [1382, 1054], [1144, 1054]], \"text\": \"637\", \"confident\": 0.06991220428143473}", "{\"boxes\": [[1482, 960], [1690, 960], [1690, 1046], [1482, 1046]], \"text\": \"SlO\", \"confident\": 0.6027426130331279}", "{\"boxes\": [[477, 1139], [868, 1139], [868, 1241], [477, 1241]], \"text\": \"Je <ec\", \"confident\": 0.5034540663133059}", "{\"boxes\": [[955, 1183], [1071, 1183], [1071, 1227], [955, 1227]], \"text\": \"57(\", \"confident\": 0.3777426659984354}", "{\"boxes\": [[1155, 1139], [1287, 1139], [1287, 1227], [1155, 1227]], \"text\": \"/\", \"confident\": 0.577836473249377}", "{\"boxes\": [[1372, 1176], [1566, 1176], [1566, 1232], [1372, 1232]], \"text\": \"K 82\", \"confident\": 0.38131227145505575}", "{\"boxes\": [[336, 1342], [484, 1342], [484, 1422], [336, 1422]], \"text\": \"Fk\", \"confident\": 0.5853692720214061}", "{\"boxes\": [[608, 1298], [907, 1298], [907, 1426], [608, 1426]], \"text\": \"/ &er\", \"confident\": 0.2212143146752784}", "{\"boxes\": [[953, 1310], [1354, 1310], [1354, 1434], [953, 1434]], \"text\": \"Jh_zh 42\", \"confident\": 0.047485637386998424}", "{\"boxes\": [[1415, 1313], [1653, 1313], [1653, 1421], [1415, 1421]], \"text\": \"Le/\", \"confident\": 0.40537548471074036}", "{\"boxes\": [[1708, 1334], [1964, 1334], [1964, 1434], [1708, 1434]], \"text\": \"2edl\", \"confident\": 0.21162748336791992}", "{\"boxes\": [[69, 1491], [393, 1491], [393, 1623], [69, 1623]], \"text\": \"Szz\", \"confident\": 0.10878980674008884}", "{\"boxes\": [[894, 1496], [1026, 1496], [1026, 1600], [894, 1600]], \"text\": \"Ke\", \"confident\": 0.9557845767739532}", "{\"boxes\": [[1153, 1493], [1423, 1493], [1423, 1603], [1153, 1603]], \"text\": \"KcHe\", \"confident\": 0.13969255983829498}", "{\"boxes\": [[1518, 1474], [1826, 1474], [1826, 1618], [1518, 1618]], \"text\": \"7 /\", \"confident\": 0.45611639425349604}", "{\"boxes\": [[122, 1649], [376, 1649], [376, 1777], [122, 1777]], \"text\": \"k23\", \"confident\": 0.10601509679997784}", "{\"boxes\": [[477, 1711], [733, 1711], [733, 1772], [477, 1772]], \"text\": \"Ly &2\", \"confident\": 0.10101943862473141}", "{\"boxes\": [[886, 1656], [1263, 1656], [1263, 1781], [886, 1781]], \"text\": \"EZ %k /\", \"confident\": 0.0781573296362567}", "{\"boxes\": [[287, 50], [647, 4], [653, 142], [294, 188]], \"text\": \"2.2 . =\", \"confident\": 0.08180392966764359}", "{\"boxes\": [[1515, 31], [1722, 110], [1666, 243], [1460, 163]], \"text\": \"kepe\", \"confident\": 0.5811198949813843}", "{\"boxes\": [[89, 272], [469, 225], [474, 318], [94, 365]], \"text\": \"Zseceea ' /\", \"confident\": 0.11237243194234663}", "{\"boxes\": [[589, 418], [852, 396], [853, 507], [591, 528]], \"text\": \"Kaah\", \"confident\": 0.37170127034187317}", "{\"boxes\": [[112, 416], [319, 447], [301, 540], [94, 509]], \"text\": \"drcs\", \"confident\": 0.314609557390213}", "{\"boxes\": [[722, 606], [868, 596], [869, 694], [723, 703]], \"text\": \"(ke\", \"confident\": 0.7605165597482958}", "{\"boxes\": [[127, 1177], [443, 1144], [446, 1257], [130, 1290]], \"text\": \"Ieed\", \"confident\": 0.21850603818893433}", "{\"boxes\": [[419, 1537], [805, 1499], [807, 1587], [422, 1625]], \"text\": \"Azcelsl\", \"confident\": 0.3453404394859433}"]}