{"prediction": ["{\"boxes\": [[75, 51], [183, 51], [183, 183], [75, 183]], \"text\": \"3\\\"\", \"confident\": 0.9986374958260774}", "{\"boxes\": [[226, 30], [894, 30], [894, 205], [226, 205]], \"text\": \"dlac (le Gll _\", \"confident\": 0.1225325287026997}", "{\"boxes\": [[942, 28], [1282, 28], [1282, 275], [942, 275]], \"text\": \"Habe\", \"confident\": 0.6641108393669128}", "{\"boxes\": [[1451, 57], [1808, 57], [1808, 256], [1451, 256]], \"text\": \"ad 4y\", \"confident\": 0.5682911500096067}", "{\"boxes\": [[54, 232], [457, 232], [457, 376], [54, 376]], \"text\": \"ske Llow\", \"confident\": 0.6431466089632208}", "{\"boxes\": [[507, 287], [733, 287], [733, 377], [507, 377]], \"text\": \"Sowe\", \"confident\": 0.5818672180175781}", "{\"boxes\": [[765, 297], [963, 297], [963, 365], [765, 365]], \"text\": \"loce\", \"confident\": 0.2708631455898285}", "{\"boxes\": [[1066, 240], [1867, 240], [1867, 391], [1066, 391]], \"text\": \"\\\" |eus  () UGe , uxl\", \"confident\": 0.08574210711383863}", "{\"boxes\": [[919, 403], [955, 403], [955, 443], [919, 443]], \"text\": \"6\", \"confident\": 0.46128623647263467}", "{\"boxes\": [[50, 410], [386, 410], [386, 606], [50, 606]], \"text\": \"SU 4~\", \"confident\": 0.11714193631078317}", "{\"boxes\": [[399, 481], [585, 481], [585, 547], [399, 547]], \"text\": \"Coml\", \"confident\": 0.8215007781982422}", "{\"boxes\": [[614, 410], [914, 410], [914, 610], [614, 610]], \"text\": \"(rou?\", \"confident\": 0.22101715077530476}", "{\"boxes\": [[978, 410], [1647, 410], [1647, 632], [978, 632]], \"text\": \"H (ndy; Ju\", \"confident\": 0.2867396366200747}", "{\"boxes\": [[1681, 512], [1746, 512], [1746, 550], [1681, 550]], \"text\": \"(A\", \"confident\": 0.5269387170195561}", "{\"boxes\": [[27, 593], [242, 593], [242, 731], [27, 731]], \"text\": \"~la\", \"confident\": 0.18442923364840405}", "{\"boxes\": [[286, 638], [641, 638], [641, 785], [286, 785]], \"text\": \"Surinc\", \"confident\": 0.2746628092198464}", "{\"boxes\": [[696, 616], [760, 616], [760, 672], [696, 672]], \"text\": \"M\", \"confident\": 0.6547086436241898}", "{\"boxes\": [[765, 627], [803, 627], [803, 709], [765, 709]], \"text\": \"(\", \"confident\": 0.8727398647916438}", "{\"boxes\": [[833, 600], [1505, 600], [1505, 785], [833, 785]], \"text\": \"Ad! Ga Gn\", \"confident\": 0.1039884695512298}", "{\"boxes\": [[1569, 609], [1677, 609], [1677, 737], [1569, 737]], \"text\": \"Q6\", \"confident\": 0.9630614964464587}", "{\"boxes\": [[1714, 658], [1886, 658], [1886, 806], [1714, 806]], \"text\": \"Yon\", \"confident\": 0.37831936281783185}", "{\"boxes\": [[51, 810], [184, 810], [184, 898], [51, 898]], \"text\": \"See\", \"confident\": 0.5132861847108585}", "{\"boxes\": [[488, 786], [656, 786], [656, 960], [488, 960]], \"text\": \"lool\", \"confident\": 0.7778679132461548}", "{\"boxes\": [[863, 809], [967, 809], [967, 978], [863, 978]], \"text\": \"sk\", \"confident\": 0.6144128153475579}", "{\"boxes\": [[1016, 840], [1212, 840], [1212, 912], [1016, 912]], \"text\": \"Imhe\", \"confident\": 0.28244882822036743}", "{\"boxes\": [[1244, 786], [1660, 786], [1660, 930], [1244, 930]], \"text\": \"o (Aucl\", \"confident\": 0.08039024365596102}", "{\"boxes\": [[1710, 852], [1812, 852], [1812, 904], [1710, 904]], \"text\": \"01\", \"confident\": 0.3669454738815408}", "{\"boxes\": [[711, 957], [755, 957], [755, 1003], [711, 1003]], \"text\": \"6\", \"confident\": 0.29470180224861053}", "{\"boxes\": [[262, 943], [545, 943], [545, 1083], [262, 1083]], \"text\": \"(lk ?\", \"confident\": 0.24368780112068522}", "{\"boxes\": [[648, 954], [748, 954], [748, 1080], [648, 1080]], \"text\": \"3 \\\"\", \"confident\": 0.5937816567894635}", "{\"boxes\": [[779, 965], [1178, 965], [1178, 1098], [779, 1098]], \"text\": \"(c ^\", \"confident\": 0.12081332751061813}", "{\"boxes\": [[1300, 942], [1732, 942], [1732, 1110], [1300, 1110]], \"text\": \"{ou   donly\", \"confident\": 0.13371277200149062}", "{\"boxes\": [[55, 1182], [162, 1182], [162, 1259], [55, 1259]], \"text\": \"WJo\", \"confident\": 0.3999087041835877}", "{\"boxes\": [[149, 1185], [295, 1185], [295, 1325], [149, 1325]], \"text\": \"rrl\", \"confident\": 0.6739935477993685}", "{\"boxes\": [[377, 1109], [563, 1109], [563, 1321], [377, 1321]], \"text\": \"ku\", \"confident\": 0.14972304626746327}", "{\"boxes\": [[882, 1129], [1550, 1129], [1550, 1280], [882, 1280]], \"text\": \"Gid   (la (af\", \"confident\": 0.26801072829863365}", "{\"boxes\": [[1570, 1152], [1776, 1152], [1776, 1280], [1570, 1280]], \"text\": \"Cav '\", \"confident\": 0.2896696817353706}", "{\"boxes\": [[47, 1327], [316, 1327], [316, 1450], [47, 1450]], \"text\": \"Afoww\", \"confident\": 0.37986922359567415}", "{\"boxes\": [[616, 1371], [815, 1371], [815, 1434], [616, 1434]], \"text\": \"h~Ol~\", \"confident\": 0.06018453366016893}", "{\"boxes\": [[1299, 64], [1387, 45], [1421, 223], [1333, 243]], \"text\": \"5y\", \"confident\": 0.2213399332374633}", "{\"boxes\": [[242, 746], [446, 778], [417, 925], [213, 893]], \"text\": \"(Rd\", \"confident\": 0.14487753548865567}", "{\"boxes\": [[691, 779], [852, 821], [813, 956], [652, 914]], \"text\": \"Loy\", \"confident\": 0.4729584285377098}", "{\"boxes\": [[1732, 970], [1922, 945], [1931, 1084], [1740, 1108]], \"text\": \"hecd\", \"confident\": 0.6523911952972412}", "{\"boxes\": [[62, 961], [224, 947], [227, 1081], [64, 1094]], \"text\": \"Ale\", \"confident\": 0.06508670502277215}", "{\"boxes\": [[749, 1093], [921, 1207], [837, 1331], [665, 1217]], \"text\": \"(a\", \"confident\": 0.2871491005388683}", "{\"boxes\": [[541, 1165], [636, 1186], [605, 1318], [511, 1297]], \"text\": \"9\", \"confident\": 0.08747264120526754}", "{\"boxes\": [[369, 1386], [577, 1311], [611, 1424], [403, 1499]], \"text\": \"Yeod\", \"confident\": 0.16116489470005035}"]}