{"prediction": ["{\"boxes\": [[92, 46], [506, 46], [506, 150], [92, 150]], \"text\": \"Ever Inown\", \"confident\": 0.4235705701129984}", "{\"boxes\": [[551, 99], [635, 99], [635, 141], [551, 141]], \"text\": \"US\", \"confident\": 0.33950826130107403}", "{\"boxes\": [[689, 56], [881, 56], [881, 155], [689, 155]], \"text\": \"bowl\", \"confident\": 0.9841740317669466}", "{\"boxes\": [[908, 92], [968, 92], [968, 148], [908, 148]], \"text\": \"t\", \"confident\": 0.12242669904371528}", "{\"boxes\": [[1000, 59], [1180, 59], [1180, 150], [1000, 150]], \"text\": \"Wide\", \"confident\": 0.41474828124046326}", "{\"boxes\": [[1201, 58], [1886, 58], [1886, 179], [1201, 179]], \"text\": \"about  yor   Gervice?\", \"confident\": 0.22455951411063155}", "{\"boxes\": [[72, 250], [292, 250], [292, 348], [72, 348]], \"text\": \"check\", \"confident\": 0.5672646614580227}", "{\"boxes\": [[334, 255], [502, 255], [502, 344], [334, 344]], \"text\": \"Gncl\", \"confident\": 0.5624130964279175}", "{\"boxes\": [[568, 265], [773, 265], [773, 333], [568, 333]], \"text\": \"ccunt-\", \"confident\": 0.7161222261687343}", "{\"boxes\": [[759, 225], [975, 225], [975, 338], [759, 338]], \"text\": \"check\", \"confident\": 0.8861965103707704}", "{\"boxes\": [[1372, 254], [1496, 254], [1496, 334], [1372, 334]], \"text\": \"but\", \"confident\": 0.865281879901886}", "{\"boxes\": [[1542, 254], [1660, 254], [1660, 332], [1542, 332]], \"text\": \"the\", \"confident\": 0.9976666982697212}", "{\"boxes\": [[1691, 251], [1915, 251], [1915, 337], [1691, 337]], \"text\": \"ttuth.\", \"confident\": 0.9734108990940149}", "{\"boxes\": [[44, 388], [431, 388], [431, 536], [44, 536]], \"text\": \"Somewkct\", \"confident\": 0.2702369149914716}", "{\"boxes\": [[949, 416], [1160, 416], [1160, 512], [949, 512]], \"text\": \"what\", \"confident\": 0.8852154612541199}", "{\"boxes\": [[1342, 436], [1500, 436], [1500, 514], [1342, 514]], \"text\": \"How\", \"confident\": 0.9989490395722159}", "{\"boxes\": [[1514, 460], [1648, 460], [1648, 512], [1514, 512]], \"text\": \"tan\", \"confident\": 0.740059952228529}", "{\"boxes\": [[1670, 436], [1792, 436], [1792, 516], [1670, 516]], \"text\": \"the\", \"confident\": 0.9990548102380822}", "{\"boxes\": [[54, 611], [258, 611], [258, 701], [54, 701]], \"text\": \"trutk\", \"confident\": 0.5839986255016012}", "{\"boxes\": [[297, 601], [389, 601], [389, 685], [297, 685]], \"text\": \"be\", \"confident\": 0.8903474098864471}", "{\"boxes\": [[421, 598], [867, 598], [867, 746], [421, 746]], \"text\": \"ernbertossiry'\", \"confident\": 0.22577139536037633}", "{\"boxes\": [[968, 585], [1201, 585], [1201, 708], [968, 708]], \"text\": \"John\", \"confident\": 0.633873462677002}", "{\"boxes\": [[1246, 593], [1649, 593], [1649, 731], [1246, 731]], \"text\": \"sipped kis\", \"confident\": 0.6116527681257558}", "{\"boxes\": [[1670, 607], [1919, 607], [1919, 693], [1670, 693]], \"text\": \"double\", \"confident\": 0.9693190166914043}", "{\"boxes\": [[56, 761], [439, 761], [439, 901], [56, 901]], \"text\": \"gin ~ctk\", \"confident\": 0.2533531273606554}", "{\"boxes\": [[471, 755], [744, 755], [744, 852], [471, 852]], \"text\": \"retisk .\", \"confident\": 0.39533423500054177}", "{\"boxes\": [[812, 760], [954, 760], [954, 864], [812, 864]], \"text\": \"_t\", \"confident\": 0.34688716190607366}", "{\"boxes\": [[1041, 805], [1211, 805], [1211, 867], [1041, 867]], \"text\": \"Ve\", \"confident\": 0.12300735278917681}", "{\"boxes\": [[1258, 768], [1390, 768], [1390, 866], [1258, 866]], \"text\": \"Ris\", \"confident\": 0.38427630464635204}", "{\"boxes\": [[1427, 770], [1974, 770], [1974, 893], [1427, 893]], \"text\": \"favunc branel,\", \"confident\": 0.3290658632982109}", "{\"boxes\": [[53, 965], [149, 965], [149, 1057], [53, 1057]], \"text\": \"he\", \"confident\": 0.9105922963118701}", "{\"boxes\": [[382, 992], [478, 992], [478, 1040], [382, 1040]], \"text\": \"OVl\", \"confident\": 0.28442574018018585}", "{\"boxes\": [[518, 972], [624, 972], [624, 1046], [518, 1046]], \"text\": \"Zhe\", \"confident\": 0.42582082222838186}", "{\"boxes\": [[663, 971], [887, 971], [887, 1096], [663, 1096]], \"text\": \"veze\", \"confident\": 0.8852329850196838}", "{\"boxes\": [[926, 952], [1232, 952], [1232, 1086], [926, 1086]], \"text\": \"c   ^\", \"confident\": 0.3219152664204568}", "{\"boxes\": [[1296, 1016], [1452, 1016], [1452, 1066], [1296, 1066]], \"text\": \"hew\", \"confident\": 0.6785965956050578}", "{\"boxes\": [[1831, 1003], [1931, 1003], [1931, 1067], [1831, 1067]], \"text\": \"in\", \"confident\": 0.9998143903247867}", "{\"boxes\": [[65, 1137], [187, 1137], [187, 1221], [65, 1221]], \"text\": \"Ris\", \"confident\": 0.5452768802642822}", "{\"boxes\": [[242, 1159], [469, 1159], [469, 1225], [242, 1225]], \"text\": \"CeN eef\", \"confident\": 0.33663349638105633}", "{\"boxes\": [[574, 1144], [744, 1144], [744, 1228], [574, 1228]], \"text\": \"Oncl\", \"confident\": 0.28618189692497253}", "{\"boxes\": [[785, 1143], [912, 1143], [912, 1231], [785, 1231]], \"text\": \"his\", \"confident\": 0.7059232552995418}", "{\"boxes\": [[951, 1146], [1762, 1146], [1762, 1268], [951, 1268]], \"text\": \"tempanicn'$ atliteele\", \"confident\": 0.29514570552228436}", "{\"boxes\": [[1779, 1181], [1932, 1181], [1932, 1243], [1779, 1243]], \"text\": \"wa>\", \"confident\": 0.09207333746862541}", "{\"boxes\": [[36, 1291], [504, 1291], [504, 1460], [36, 1460]], \"text\": \"ckallengig -\", \"confident\": 0.4459869654419539}", "{\"boxes\": [[1081, 226], [1349, 270], [1326, 376], [1058, 332]], \"text\": \"nothinx\", \"confident\": 0.35219446997875486}", "{\"boxes\": [[455, 385], [911, 444], [887, 556], [432, 497]], \"text\": \"embarrassivy\", \"confident\": 0.4139787440475381}", "{\"boxes\": [[1139, 463], [1213, 393], [1252, 444], [1178, 514]], \"text\": \"' '>\", \"confident\": 0.2294279699887558}", "{\"boxes\": [[1506, 950], [1810, 1000], [1783, 1123], [1479, 1072]], \"text\": \"chapter\", \"confident\": 0.9326681850520655}", "{\"boxes\": [[172, 984], [320, 1003], [308, 1069], [160, 1051]], \"text\": \"~ey\", \"confident\": 0.5200342629513424}"]}