{"prediction": ["{\"boxes\": [[64, 40], [1258, 40], [1258, 142], [64, 142]], \"text\": \"A Submariner' $ kde needed Io be\", \"confident\": 0.48436359894397657}", "{\"boxes\": [[1537, 57], [1640, 57], [1640, 135], [1537, 135]], \"text\": \"a $\", \"confident\": 0.35847190434201004}", "{\"boxes\": [[1664, 52], [1860, 52], [1860, 132], [1664, 132]], \"text\": \"mu8\", \"confident\": 0.25968623481867753}", "{\"boxes\": [[51, 249], [139, 249], [139, 311], [51, 311]], \"text\": \"aS\", \"confident\": 0.3774534311729935}", "{\"boxes\": [[154, 208], [509, 208], [509, 331], [154, 331]], \"text\": \"IQessckle ,\", \"confident\": 0.4789811401441095}", "{\"boxes\": [[838, 216], [1832, 216], [1832, 340], [838, 340]], \"text\": \"4h Parsial a/lav la s {at\", \"confident\": 0.32777770104383935}", "{\"boxes\": [[191, 401], [377, 401], [377, 515], [191, 515]], \"text\": \"hesh\", \"confident\": 0.9819813370704651}", "{\"boxes\": [[389, 431], [459, 431], [459, 491], [389, 491]], \"text\": \"(M\", \"confident\": 0.6720467010717952}", "{\"boxes\": [[473, 379], [1819, 379], [1819, 525], [473, 525]], \"text\": \"bolh Aheiv mins lo be a conlordahlo\", \"confident\": 0.1792305140159347}", "{\"boxes\": [[970, 580], [994, 580], [994, 616], [970, 616]], \"text\": \"il\", \"confident\": 0.11055894596476565}", "{\"boxes\": [[44, 570], [928, 570], [928, 694], [44, 694]], \"text\": \"Subsec} Vor discussion\", \"confident\": 0.39522151313196374}", "{\"boxes\": [[1004, 576], [1124, 576], [1124, 674], [1004, 674]], \"text\": \"HIs\", \"confident\": 0.194664344565224}", "{\"boxes\": [[1142, 606], [1194, 606], [1194, 664], [1142, 664]], \"text\": \"Q\", \"confident\": 0.8881560290551285}", "{\"boxes\": [[1201, 568], [1548, 568], [1548, 679], [1201, 679]], \"text\": \"Commaud;\", \"confident\": 0.6672154004388323}", "{\"boxes\": [[1583, 564], [1859, 564], [1859, 673], [1583, 673]], \"text\": \"he Sad .\", \"confident\": 0.8101593589111641}", "{\"boxes\": [[51, 765], [315, 765], [315, 851], [51, 851]], \"text\": \"(Je can\", \"confident\": 0.9271390155232284}", "{\"boxes\": [[340, 754], [996, 754], [996, 856], [340, 856]], \"text\": \"de Glh Yh exha\", \"confident\": 0.22081253174137788}", "{\"boxes\": [[1307, 749], [1481, 749], [1481, 857], [1307, 857]], \"text\": \"S4 \", \"confident\": 0.1643836677291465}", "{\"boxes\": [[1660, 738], [1889, 738], [1889, 861], [1660, 861]], \"text\": \"alou/\", \"confident\": 0.5571090786310251}", "{\"boxes\": [[972, 936], [1000, 936], [1000, 974], [972, 974]], \"text\": \"U\", \"confident\": 0.5773880937419484}", "{\"boxes\": [[1048, 938], [1076, 938], [1076, 984], [1048, 984]], \"text\": \"(\", \"confident\": 0.5747693422989784}", "{\"boxes\": [[36, 925], [955, 925], [955, 1060], [36, 1060]], \"text\": \"pay Jac4's sdoe Jees_\", \"confident\": 0.12270757374051755}", "{\"boxes\": [[1079, 926], [1705, 926], [1705, 1039], [1079, 1039]], \"text\": \"Uhal shal ue elo\", \"confident\": 0.2936097378553096}", "{\"boxes\": [[36, 1095], [761, 1095], [761, 1215], [36, 1215]], \"text\": \"akeud 4hs house 2\", \"confident\": 0.4193768903205469}", "{\"boxes\": [[823, 1104], [982, 1104], [982, 1207], [823, 1207]], \"text\": \"Qnd\", \"confident\": 0.9924914823534818}", "{\"boxes\": [[1050, 1102], [1519, 1102], [1519, 1215], [1050, 1215]], \"text\": \"RU'< s8oel 2\", \"confident\": 0.1818074131938728}", "{\"boxes\": [[1585, 1108], [1890, 1108], [1890, 1213], [1585, 1213]], \"text\": \"and eh !\", \"confident\": 0.5721797908083125}", "{\"boxes\": [[53, 1280], [617, 1280], [617, 1390], [53, 1390]], \"text\": \"hou 8 hate 4hu\", \"confident\": 0.28428277050147177}", "{\"boxes\": [[840, 1300], [870, 1300], [870, 1378], [840, 1378]], \"text\": \"1\", \"confident\": 0.16454548280890524}", "{\"boxes\": [[1274, 63], [1523, 45], [1522, 133], [1273, 150]], \"text\": \"Spaved\", \"confident\": 0.7612861703772208}", "{\"boxes\": [[524, 209], [691, 247], [665, 346], [498, 308]], \"text\": \"An4'\", \"confident\": 0.4409492313861847}", "{\"boxes\": [[672, 238], [828, 260], [812, 348], [655, 326]], \"text\": \"Lq4\", \"confident\": 0.17711955589757772}", "{\"boxes\": [[50, 397], [183, 417], [166, 511], [34, 491]], \"text\": \"Ioo\", \"confident\": 0.31361441681113755}", "{\"boxes\": [[1477, 785], [1653, 743], [1669, 841], [1493, 883]], \"text\": \"Sus F\", \"confident\": 0.30494903046493127}", "{\"boxes\": [[1029, 755], [1275, 798], [1254, 887], [1008, 844]], \"text\": \"money\", \"confident\": 0.5090036537684085}", "{\"boxes\": [[640, 1278], [862, 1309], [840, 1428], [617, 1396]], \"text\": \"NaV4 \", \"confident\": 0.7800070787128593}"]}