{"prediction": ["{\"boxes\": [[1382, 60], [1412, 60], [1412, 104], [1382, 104]], \"text\": \"l\", \"confident\": 0.02774474841633201}", "{\"boxes\": [[53, 20], [502, 20], [502, 185], [53, 185]], \"text\": \"Aaclically\", \"confident\": 0.9479335073366683}", "{\"boxes\": [[522, 82], [574, 82], [574, 152], [522, 152]], \"text\": \"Q\", \"confident\": 0.9728449338589407}", "{\"boxes\": [[594, 49], [811, 49], [811, 161], [594, 161]], \"text\": \"shore\", \"confident\": 0.9977521736779538}", "{\"boxes\": [[1011, 56], [1388, 56], [1388, 178], [1011, 178]], \"text\": \"Cheer Wp .\", \"confident\": 0.41045329079564163}", "{\"boxes\": [[1437, 71], [1569, 71], [1569, 161], [1437, 161]], \"text\": \"Sha\", \"confident\": 0.4444008767604828}", "{\"boxes\": [[57, 216], [1878, 216], [1878, 366], [57, 366]], \"text\": \"her eyes and veacGoc (or hev addvess ke8e , \\\"3l\", \"confident\": 0.24479904373190908}", "{\"boxes\": [[46, 412], [600, 412], [600, 514], [46, 514]], \"text\": \"lrde 40 4hose\", \"confident\": 0.43182982358267863}", "{\"boxes\": [[892, 410], [1046, 410], [1046, 512], [892, 512]], \"text\": \"and\", \"confident\": 0.9480674978731957}", "{\"boxes\": [[1195, 419], [1313, 419], [1313, 527], [1195, 527]], \"text\": \"Vo\", \"confident\": 0.8732246470143111}", "{\"boxes\": [[1454, 444], [1506, 444], [1506, 508], [1454, 508]], \"text\": \"0\", \"confident\": 0.23863792689147179}", "{\"boxes\": [[1524, 406], [1686, 406], [1686, 534], [1524, 534]], \"text\": \"llav\", \"confident\": 0.22686168551445007}", "{\"boxes\": [[1699, 453], [1785, 453], [1785, 517], [1699, 517]], \"text\": \"(n\", \"confident\": 0.8310928943367379}", "{\"boxes\": [[49, 591], [496, 591], [496, 696], [49, 696]], \"text\": \"Hvergleke\", \"confident\": 0.4836135627185846}", "{\"boxes\": [[577, 590], [911, 590], [911, 699], [577, 699]], \"text\": \"ghe Sad ,\", \"confident\": 0.48081106968114595}", "{\"boxes\": [[962, 581], [1883, 581], [1883, 708], [962, 708]], \"text\": \"Zuf 8 don't Znow kha}\", \"confident\": 0.15670852334906812}", "{\"boxes\": [[43, 759], [415, 759], [415, 895], [43, 895]], \"text\": \"Yl   kl\", \"confident\": 0.07132010016095962}", "{\"boxes\": [[595, 760], [831, 760], [831, 880], [595, 880]], \"text\": \"aldud\", \"confident\": 0.6383559131544589}", "{\"boxes\": [[1152, 754], [1818, 754], [1818, 880], [1152, 880]], \"text\": \"hev s8eaQ, Sfls a\", \"confident\": 0.19409348546875863}", "{\"boxes\": [[47, 926], [1818, 926], [1818, 1084], [47, 1084]], \"text\": \"hlossing 4haf Jacy'8 &0l Yo baavdig s&oc \", \"confident\": 0.05057913754283728}", "{\"boxes\": [[45, 1123], [221, 1123], [221, 1231], [45, 1231]], \"text\": \"And\", \"confident\": 0.947307852651791}", "{\"boxes\": [[381, 1119], [823, 1119], [823, 1234], [381, 1234]], \"text\": \"46 houble\", \"confident\": 0.38895417346193323}", "{\"boxes\": [[844, 1111], [1755, 1111], [1755, 1256], [844, 1256]], \"text\": \"Yau 've (aZan usdh 4ha\", \"confident\": 0.08697348548452982}", "{\"boxes\": [[815, 74], [981, 38], [996, 150], [830, 186]], \"text\": \"So6;\", \"confident\": 0.1671842634677887}", "{\"boxes\": [[1582, 76], [1823, 59], [1822, 169], [1582, 186]], \"text\": \"6sped\", \"confident\": 0.3861216175784931}", "{\"boxes\": [[618, 431], [878, 403], [882, 517], [623, 545]], \"text\": \"aQews\", \"confident\": 0.3278682992590086}", "{\"boxes\": [[1057, 403], [1223, 433], [1200, 540], [1033, 510]], \"text\": \"4y\", \"confident\": 0.5635986778535614}", "{\"boxes\": [[1305, 439], [1413, 413], [1432, 515], [1323, 541]], \"text\": \"8d\", \"confident\": 0.1742994492433585}", "{\"boxes\": [[870, 748], [1144, 790], [1119, 908], [846, 866]], \"text\": \"(oaving\", \"confident\": 0.5033345818425385}", "{\"boxes\": [[444, 775], [604, 812], [580, 900], [420, 863]], \"text\": \"2a4\", \"confident\": 0.2414345906359144}", "{\"boxes\": [[244, 1126], [369, 1116], [372, 1219], [247, 1230]], \"text\": \"alu\", \"confident\": 0.3615572537104265}", "{\"boxes\": [[42, 1320], [369, 1294], [371, 1416], [43, 1442]], \"text\": \"4aikn !\", \"confident\": 0.29488949260742303}"]}