{"prediction": ["{\"boxes\": [[42, 36], [702, 36], [702, 164], [42, 164]], \"text\": \"Ahat Gllle beas/\", \"confident\": 0.10179928302205966}", "{\"boxes\": [[730, 39], [1477, 39], [1477, 201], [730, 201]], \"text\": \"Robbie Hunyavd /\\\"\", \"confident\": 0.6083191657785408}", "{\"boxes\": [[48, 236], [384, 236], [384, 340], [48, 340]], \"text\": \"gaud her\", \"confident\": 0.8457673912990891}", "{\"boxes\": [[829, 256], [1082, 256], [1082, 352], [829, 352]], \"text\": \"Iahu;l\", \"confident\": 0.2099460358133472}", "{\"boxes\": [[1263, 237], [1867, 237], [1867, 350], [1263, 350]], \"text\": \"shoulal evedl hev\", \"confident\": 0.344041310081424}", "{\"boxes\": [[46, 405], [1704, 405], [1704, 557], [46, 557]], \"text\": \"brelltr hurden and prepaved 4o kveak up\", \"confident\": 0.28632011691302744}", "{\"boxes\": [[52, 589], [603, 589], [603, 694], [52, 694]], \"text\": \"awofher homo,\", \"confident\": 0.38962178219862603}", "{\"boxes\": [[624, 596], [858, 596], [858, 696], [624, 696]], \"text\": \"ln {ho\", \"confident\": 0.4106956812559426}", "{\"boxes\": [[1014, 622], [1232, 622], [1232, 724], [1014, 724]], \"text\": \"YeabS\", \"confident\": 0.1716671364010503}", "{\"boxes\": [[1360, 589], [1861, 589], [1861, 728], [1360, 728]], \"text\": \"marned (f\", \"confident\": 0.2152309679531382}", "{\"boxes\": [[43, 766], [406, 766], [406, 871], [43, 871]], \"text\": \"Jus had\", \"confident\": 0.5962075538892202}", "{\"boxes\": [[760, 763], [1958, 763], [1958, 904], [760, 904]], \"text\": \"happevad hal a dozew Hws:\", \"confident\": 0.15149616821519607}", "{\"boxes\": [[40, 948], [242, 948], [242, 1050], [40, 1050]], \"text\": \"8ud9\", \"confident\": 0.3865049481391907}", "{\"boxes\": [[268, 980], [342, 980], [342, 1052], [268, 1052]], \"text\": \"IS\", \"confident\": 0.8368028438317442}", "{\"boxes\": [[340, 947], [497, 947], [497, 1060], [340, 1060]], \"text\": \"4he\", \"confident\": 0.20007606542537182}", "{\"boxes\": [[702, 944], [1742, 944], [1742, 1090], [702, 1090]], \"text\": \"0d a naval @ficev'$ kye\", \"confident\": 0.13769845347567086}", "{\"boxes\": [[1493, 50], [1773, 102], [1747, 215], [1467, 163]], \"text\": \"Havinq\", \"confident\": 0.5020177366339613}", "{\"boxes\": [[584, 223], [827, 268], [798, 393], [554, 347]], \"text\": \"P.aqy\", \"confident\": 0.12262667158351058}", "{\"boxes\": [[1074, 223], [1269, 251], [1245, 376], [1050, 348]], \"text\": \"'408y\", \"confident\": 0.17541028666155128}", "{\"boxes\": [[410, 241], [575, 284], [547, 377], [382, 334]], \"text\": \"804\", \"confident\": 0.2752886712551117}", "{\"boxes\": [[1694, 444], [1852, 419], [1863, 532], [1705, 557]], \"text\": \"Vet\", \"confident\": 0.8995179534854615}", "{\"boxes\": [[888, 587], [1039, 612], [1018, 716], [867, 690]], \"text\": \"(en\", \"confident\": 0.26834014226619585}", "{\"boxes\": [[440, 738], [769, 787], [742, 919], [413, 870]], \"text\": \"alvead4\", \"confident\": 0.45289030475503894}", "{\"boxes\": [[524, 932], [700, 961], [674, 1089], [499, 1060]], \"text\": \"(le\", \"confident\": 0.14020763976855746}"]}