{"prediction": ["{\"boxes\": [[68, 35], [226, 35], [226, 126], [68, 126]], \"text\": \"Glad\", \"confident\": 0.9370118975639343}", "{\"boxes\": [[268, 60], [300, 60], [300, 122], [268, 122]], \"text\": \"9\", \"confident\": 0.12127654838295499}", "{\"boxes\": [[336, 58], [456, 58], [456, 130], [336, 130]], \"text\": \"mel\", \"confident\": 0.44647396927958405}", "{\"boxes\": [[481, 75], [629, 75], [629, 159], [481, 159]], \"text\": \"dou\", \"confident\": 0.8372943540304658}", "{\"boxes\": [[658, 51], [876, 51], [876, 128], [658, 128]], \"text\": \"Don ' &\", \"confident\": 0.38508957432347685}", "{\"boxes\": [[895, 49], [1099, 49], [1099, 158], [895, 158]], \"text\": \"dorgel\", \"confident\": 0.16392382343101947}", "{\"boxes\": [[1138, 70], [1200, 70], [1200, 124], [1138, 124]], \"text\": \"to\", \"confident\": 0.8253415801483173}", "{\"boxes\": [[1430, 78], [1550, 78], [1550, 129], [1430, 129]], \"text\": \"me\", \"confident\": 0.9721622382608053}", "{\"boxes\": [[1567, 87], [1617, 87], [1617, 125], [1567, 125]], \"text\": \"C\", \"confident\": 0.13417699035250052}", "{\"boxes\": [[416, 240], [606, 240], [606, 314], [416, 314]], \"text\": \"knock\", \"confident\": 0.8138065541245377}", "{\"boxes\": [[643, 247], [815, 247], [815, 315], [643, 315]], \"text\": \"tcoice\", \"confident\": 0.509648944483834}", "{\"boxes\": [[857, 244], [995, 244], [995, 311], [857, 311]], \"text\": \"and\", \"confident\": 0.9961451850078148}", "{\"boxes\": [[1023, 233], [1267, 233], [1267, 325], [1023, 325]], \"text\": \"aj4/ov\", \"confident\": 0.4463831941295302}", "{\"boxes\": [[1580, 240], [1788, 240], [1788, 321], [1580, 321]], \"text\": \"chat ?\", \"confident\": 0.26703615719678864}", "{\"boxes\": [[171, 418], [294, 418], [294, 486], [171, 486]], \"text\": \"don\", \"confident\": 0.9988366641846389}", "{\"boxes\": [[426, 424], [587, 424], [587, 485], [426, 485]], \"text\": \"kro\", \"confident\": 0.2450355530914753}", "{\"boxes\": [[638, 414], [813, 414], [813, 491], [638, 491]], \"text\": \"clen\", \"confident\": 0.5517908141660646}", "{\"boxes\": [[860, 408], [1012, 408], [1012, 484], [860, 484]], \"text\": \"tat\", \"confident\": 0.44358212016745824}", "{\"boxes\": [[1043, 405], [1305, 405], [1305, 493], [1043, 493]], \"text\": \"cilll ke\", \"confident\": 0.44772371944872663}", "{\"boxes\": [[1381, 423], [1515, 423], [1515, 487], [1381, 487]], \"text\": \"sa ( d\", \"confident\": 0.4502468662407992}", "{\"boxes\": [[1539, 417], [1697, 417], [1697, 503], [1539, 503]], \"text\": \"Joln\", \"confident\": 0.47715845704078674}", "{\"boxes\": [[66, 582], [92, 582], [92, 610], [66, 610]], \"text\": \"V\", \"confident\": 0.23021666322577872}", "{\"boxes\": [[113, 591], [368, 591], [368, 679], [113, 679]], \"text\": \"4  shaUl\", \"confident\": 0.3750121479840127}", "{\"boxes\": [[760, 600], [902, 600], [902, 702], [760, 702]], \"text\": \"der\", \"confident\": 0.782370138023757}", "{\"boxes\": [[928, 594], [1166, 594], [1166, 675], [928, 675]], \"text\": \"a c34; &\", \"confident\": 0.17554602750462356}", "{\"boxes\": [[1217, 577], [1523, 577], [1523, 717], [1217, 717]], \"text\": \"cleami nJ\", \"confident\": 0.7284556980840506}", "{\"boxes\": [[1572, 594], [1868, 594], [1868, 698], [1572, 698]], \"text\": \"up aftev\", \"confident\": 0.3493539107798277}", "{\"boxes\": [[939, 773], [957, 773], [957, 795], [939, 795]], \"text\": \"M\", \"confident\": 0.5126751488032291}", "{\"boxes\": [[587, 753], [903, 753], [903, 904], [587, 904]], \"text\": \"Hunyard\", \"confident\": 0.6007151281446216}", "{\"boxes\": [[1001, 770], [1244, 770], [1244, 846], [1001, 846]], \"text\": \"T#EEE\", \"confident\": 0.17752664075715646}", "{\"boxes\": [[1283, 793], [1425, 793], [1425, 853], [1283, 853]], \"text\": \"Weve\", \"confident\": 0.7383111715316772}", "{\"boxes\": [[1453, 785], [1557, 785], [1557, 848], [1453, 848]], \"text\": \"six\", \"confident\": 0.9907995204462885}", "{\"boxes\": [[1587, 776], [1955, 776], [1955, 869], [1587, 869]], \"text\": \"sulmavines ,\", \"confident\": 0.4973264932966625}", "{\"boxes\": [[266, 968], [330, 968], [330, 1024], [266, 1024]], \"text\": \"In\", \"confident\": 0.6936043031772298}", "{\"boxes\": [[391, 969], [562, 969], [562, 1049], [391, 1049]], \"text\": \"pei vS\", \"confident\": 0.4181241015819409}", "{\"boxes\": [[621, 981], [657, 981], [657, 1023], [621, 1023]], \"text\": \"q\", \"confident\": 0.7700822963654588}", "{\"boxes\": [[650, 945], [942, 945], [942, 1059], [650, 1059]], \"text\": \"lonaRid2\", \"confident\": 0.2900778355971108}", "{\"boxes\": [[988, 942], [1256, 942], [1256, 1070], [988, 1070]], \"text\": \"Ie vedly\", \"confident\": 0.25778026653771013}", "{\"boxes\": [[1281, 937], [1911, 937], [1911, 1046], [1281, 1046]], \"text\": \"ak Fovcl Zlecehoce .\", \"confident\": 0.12368831887360479}", "{\"boxes\": [[292, 1130], [681, 1130], [681, 1247], [292, 1247]], \"text\": \"and jnny\", \"confident\": 0.5371965898943689}", "{\"boxes\": [[918, 1138], [1111, 1138], [1111, 1217], [918, 1217]], \"text\": \"sUwe\", \"confident\": 0.278352290391922}", "{\"boxes\": [[1308, 1132], [1460, 1132], [1460, 1210], [1308, 1210]], \"text\": \"bot\", \"confident\": 0.856609107298455}", "{\"boxes\": [[1494, 1132], [1690, 1132], [1690, 1210], [1494, 1210]], \"text\": \"loa}ecd\", \"confident\": 0.04764733670262471}", "{\"boxes\": [[1718, 1140], [1863, 1140], [1863, 1220], [1718, 1220]], \"text\": \"anc(\", \"confident\": 0.3779125213623047}", "{\"boxes\": [[51, 1302], [304, 1302], [304, 1388], [51, 1388]], \"text\": \"lunded\", \"confident\": 0.4806739259632716}", "{\"boxes\": [[358, 1308], [482, 1308], [482, 1404], [358, 1404]], \"text\": \"dor\", \"confident\": 0.8878803430749606}", "{\"boxes\": [[504, 1310], [618, 1310], [618, 1386], [504, 1386]], \"text\": \"all\", \"confident\": 0.805811317468755}", "{\"boxes\": [[788, 1313], [944, 1313], [944, 1387], [788, 1387]], \"text\": \"(Ler\", \"confident\": 0.32050198316574097}", "{\"boxes\": [[996, 1332], [1146, 1332], [1146, 1380], [996, 1380]], \"text\": \"@Icv \u20ac\", \"confident\": 0.31356196406765335}", "{\"boxes\": [[1197, 1313], [1477, 1313], [1477, 1427], [1197, 1427]], \"text\": \"nurbli r]\", \"confident\": 0.17439099672707153}", "{\"boxes\": [[1519, 1339], [1587, 1339], [1587, 1381], [1519, 1381]], \"text\": \"a8\", \"confident\": 0.8236656616461154}", "{\"boxes\": [[62, 1482], [309, 1482], [309, 1592], [62, 1592]], \"text\": \"darded\", \"confident\": 0.6278031264525403}", "{\"boxes\": [[536, 1479], [767, 1479], [767, 1567], [536, 1567]], \"text\": \"elchnc\", \"confident\": 0.3431577120236473}", "{\"boxes\": [[796, 1484], [1058, 1484], [1058, 1564], [796, 1564]], \"text\": \"blenes\", \"confident\": 0.7407578791002751}", "{\"boxes\": [[1216, 75], [1377, 33], [1397, 129], [1236, 171]], \"text\": \"cJive\", \"confident\": 0.23418829240604902}", "{\"boxes\": [[1677, 56], [1794, 93], [1767, 170], [1650, 133]], \"text\": \"rin]\", \"confident\": 0.41477400064468384}", "{\"boxes\": [[1309, 207], [1543, 250], [1520, 345], [1286, 302]], \"text\": \"Kauskcy\", \"confident\": 0.1408269172651884}", "{\"boxes\": [[74, 249], [340, 228], [341, 327], [75, 348]], \"text\": \"anytime\", \"confident\": 0.9871168682620455}", "{\"boxes\": [[288, 417], [363, 433], [349, 488], [274, 472]], \"text\": \"\\\"$\", \"confident\": 0.1724875515287965}", "{\"boxes\": [[431, 588], [525, 604], [510, 683], [416, 667]], \"text\": \"be\", \"confident\": 0.9978164806024763}", "{\"boxes\": [[577, 588], [741, 622], [720, 705], [556, 671]], \"text\": \"busy\", \"confident\": 0.9833893775939941}", "{\"boxes\": [[76, 750], [276, 780], [258, 867], [59, 836]], \"text\": \"Master\", \"confident\": 0.5805129816759622}", "{\"boxes\": [[357, 717], [560, 788], [517, 898], [315, 826]], \"text\": \"Lloody\", \"confident\": 0.7620158306682981}", "{\"boxes\": [[65, 928], [245, 984], [205, 1100], [25, 1044]], \"text\": \"Dyia\", \"confident\": 0.04826810210943222}", "{\"boxes\": [[49, 1104], [236, 1136], [218, 1219], [31, 1187]], 