{"prediction": ["{\"boxes\": [[296, 46], [324, 46], [324, 72], [296, 72]], \"text\": \"1\", \"confident\": 0.06521301039182337}", "{\"boxes\": [[52, 62], [76, 62], [76, 96], [52, 96]], \"text\": \"6\", \"confident\": 0.1159249458390299}", "{\"boxes\": [[74, 60], [295, 60], [295, 164], [74, 164]], \"text\": \"Eook !\", \"confident\": 0.36313587697450345}", "{\"boxes\": [[356, 70], [646, 70], [646, 166], [356, 166]], \"text\": \"he wenk\", \"confident\": 0.49258348111235134}", "{\"boxes\": [[704, 108], [776, 108], [776, 160], [704, 160]], \"text\": \"OX\", \"confident\": 0.3124378441442492}", "{\"boxes\": [[800, 51], [1128, 51], [1128, 196], [800, 196]], \"text\": \"eamstly\", \"confident\": 0.9355544999978335}", "{\"boxes\": [[1176, 68], [1436, 68], [1436, 188], [1176, 188]], \"text\": \"4ou ` at\", \"confident\": 0.19484849897568227}", "{\"boxes\": [[1589, 79], [1829, 79], [1829, 213], [1589, 213]], \"text\": \"aewd\", \"confident\": 0.10390026867389679}", "{\"boxes\": [[44, 260], [124, 260], [124, 338], [44, 338]], \"text\": \"\", \"confident\": 0.0}", "{\"boxes\": [[156, 244], [353, 244], [353, 346], [156, 346]], \"text\": \"crk\", \"confident\": 0.12667906284332275}", "{\"boxes\": [[537, 249], [812, 249], [812, 369], [537, 369]], \"text\": \"Briden\", \"confident\": 0.12072045663249849}", "{\"boxes\": [[833, 289], [917, 289], [917, 351], [833, 351]], \"text\": \"An\", \"confident\": 0.3742405757909985}", "{\"boxes\": [[961, 291], [1155, 291], [1155, 353], [961, 353]], \"text\": \"nfme\", \"confident\": 0.15285637974739075}", "{\"boxes\": [[1388, 284], [1464, 284], [1464, 338], [1388, 338]], \"text\": \"0/\", \"confident\": 0.6149350826386225}", "{\"boxes\": [[1499, 253], [1683, 253], [1683, 339], [1499, 339]], \"text\": \"ctle\", \"confident\": 0.07186739891767502}", "{\"boxes\": [[1739, 280], [1866, 280], [1866, 333], [1739, 333]], \"text\": \"are\", \"confident\": 0.635451556228912}", "{\"boxes\": [[384, 288], [506, 288], [506, 392], [384, 392]], \"text\": \"AyA\", \"confident\": 0.2461180490918868}", "{\"boxes\": [[41, 459], [175, 459], [175, 545], [41, 545]], \"text\": \"Yh\", \"confident\": 0.08124156570968386}", "{\"boxes\": [[656, 468], [728, 468], [728, 520], [656, 520]], \"text\": \"Ab\", \"confident\": 0.30964429407420546}", "{\"boxes\": [[746, 444], [931, 444], [931, 532], [746, 532]], \"text\": \"thoe\", \"confident\": 0.5309002995491028}", "{\"boxes\": [[953, 428], [1425, 428], [1425, 561], [953, 561]], \"text\": \"t urva ^p\", \"confident\": 0.22516913613982478}", "{\"boxes\": [[1546, 437], [1727, 437], [1727, 523], [1546, 523]], \"text\": \"Audl\", \"confident\": 0.8078492283821106}", "{\"boxes\": [[426, 612], [452, 612], [452, 644], [426, 644]], \"text\": \"M\", \"confident\": 0.5869944955836139}", "{\"boxes\": [[456, 617], [658, 617], [658, 710], [456, 710]], \"text\": \"Thecr\", \"confident\": 0.10242014002274148}", "{\"boxes\": [[675, 639], [779, 639], [779, 695], [675, 695]], \"text\": \"ae\", \"confident\": 0.9435231293268551}", "{\"boxes\": [[799, 605], [1061, 605], [1061, 739], [799, 739]], \"text\": \"korty -\", \"confident\": 0.14251623284596826}", "{\"boxes\": [[1076, 607], [1698, 607], [1698, 710], [1076, 710]], \"text\": \"K4ee~lsmarnes\", \"confident\": 0.02452929253880941}", "{\"boxes\": [[1738, 658], [1806, 658], [1806, 690], [1738, 690]], \"text\": \"AA\", \"confident\": 0.14338807073931725}", "{\"boxes\": [[1725, 765], [1763, 765], [1763, 809], [1725, 809]], \"text\": \"4\", \"confident\": 0.9033128338556686}", "{\"boxes\": [[40, 806], [146, 806], [146, 880], [40, 880]], \"text\": \"@\", \"confident\": 0.8889195790980011}", "{\"boxes\": [[677, 784], [954, 784], [954, 888], [677, 888]], \"text\": \"nhonl\", \"confident\": 0.1934250123889688}", "{\"boxes\": [[1000, 794], [1056, 794], [1056, 870], [1000, 870]], \"text\": \"M\", \"confident\": 0.8523259946162085}", "{\"boxes\": [[1272, 824], [1358, 824], [1358, 880], [1272, 880]], \"text\": \"on\", \"confident\": 0.4986493386157144}", "{\"boxes\": [[1383, 797], [1645, 797], [1645, 885], [1383, 885]], \"text\": \"Bales\", \"confident\": 0.27403903001359653}", "{\"boxes\": [[46, 951], [523, 951], [523, 1115], [46, 1115]], \"text\": \"&m&t\", \"confident\": 0.2832762897014618}", "{\"boxes\": [[549, 972], [703, 972], [703, 1065], [549, 1065]], \"text\": \"hi\", \"confident\": 0.7050404078266728}", "{\"boxes\": [[1176, 957], [1838, 957], [1838, 1085], [1176, 1085]], \"text\": \"M '^ fu Joincal\", \"confident\": 0.16400512900418981}", "{\"boxes\": [[930, 1136], [962, 1136], [962, 1178], [930, 1178]], \"text\": \"4\", \"confident\": 0.9999954700521272}", "{\"boxes\": [[64, 1151], [450, 1151], [450, 1253], [64, 1253]], \"text\": \"suxmens\", \"confident\": 0.28180098483078936}", "{\"boxes\": [[525, 1133], [933, 1133], [933, 1265], [525, 1265]], \"text\": \"im' * ^} ?\", \"confident\": 0.3244203975011758}", "{\"boxes\": [[994, 1156], [1082, 1156], [1082, 1236], [994, 1236]], \"text\": \"h\", \"confident\": 0.9827387688579279}", "{\"boxes\": [[1107, 1161], [1287, 1161], [1287, 1249], [1107, 1249]], \"text\": \"dcud\", \"confident\": 0.7006217837333679}", "{\"boxes\": [[1301, 1136], [1612, 1136], [1612, 1289], [1301, 1289]], \"text\": \"qetlj\", \"confident\": 0.5745344638973622}", "{\"boxes\": [[1442, 83], [1582, 63], [1590, 150], [1450, 170]], \"text\": \"nsk\", \"confident\": 0.5772905667318756}", "{\"boxes\": [[1199, 268], [1367, 300], [1343, 401], [1176, 370]], \"text\": \"LJard\", \"confident\": 0.2823172750574882}", "{\"boxes\": [[460, 421], [654, 447], [639, 533], [444, 508]], \"text\": \"LQat\", \"confident\": 0.17943881452083588}", "{\"boxes\": [[64, 582], [353, 638], [324, 751], [35, 695]], \"text\": \"Baxlk\", \"confident\": 0.5569686105088535}", "{\"boxes\": [[504, 764], [662, 802], [630, 921], [472, 883]], \"text\": \"vl\", \"confident\": 0.6495823881951974}", "{\"boxes\": [[197, 783], [406, 831], [379, 930], [170, 882]], \"text\": \"Jbt\", \"confident\": 0.07077981418743964}", "{\"boxes\": [[1073, 803], [1244, 788], [1247, 912], [1077, 927]], \"text\": \"hick\", \"confident\": 0.34234097599983215}", "{\"boxes\": [[758, 924], [1073, 984], [1040, 1115], [725, 1055]], \"text\": \"Nesdily\", \"confident\": 0.2258632445822508}"]}