{"prediction": ["{\"boxes\": [[64, 44], [112, 44], [112, 102], [64, 102]], \"text\": \"I\", \"confident\": 0.2450305810650102}", "{\"boxes\": [[162, 68], [284, 68], [284, 108], [162, 108]], \"text\": \"saw\", \"confident\": 0.20854289131302278}", "{\"boxes\": [[369, 67], [443, 67], [443, 109], [369, 109]], \"text\": \"se\", \"confident\": 0.32116089440546225}", "{\"boxes\": [[437, 48], [615, 48], [615, 120], [437, 120]], \"text\": \"eera /\", \"confident\": 0.1652517346786031}", "{\"boxes\": [[687, 73], [831, 73], [831, 111], [687, 111]], \"text\": \"rne 61\", \"confident\": 0.20449000682424984}", "{\"boxes\": [[1258, 52], [1421, 52], [1421, 117], [1258, 117]], \"text\": \"down\", \"confident\": 0.7773498296737671}", "{\"boxes\": [[1498, 46], [1775, 46], [1775, 121], [1498, 121]], \"text\": \"foweccs\", \"confident\": 0.5800322686900138}", "{\"boxes\": [[55, 225], [143, 225], [143, 287], [55, 287]], \"text\": \"Hxe\", \"confident\": 0.22042754030053607}", "{\"boxes\": [[205, 229], [381, 229], [381, 291], [205, 291]], \"text\": \"shak\", \"confident\": 0.48142334818840027}", "{\"boxes\": [[673, 247], [824, 247], [824, 296], [673, 296]], \"text\": \"ner\", \"confident\": 0.4984848604115335}", "{\"boxes\": [[897, 235], [1006, 235], [1006, 296], [897, 296]], \"text\": \"alf\", \"confident\": 0.24583905999498812}", "{\"boxes\": [[1055, 237], [1298, 237], [1298, 302], [1055, 302]], \"text\": \"atmec\", \"confident\": 0.7920043141858003}", "{\"boxes\": [[1335, 234], [1472, 234], [1472, 301], [1335, 301]], \"text\": \"wiYh\", \"confident\": 0.13956357538700104}", "{\"boxes\": [[1545, 245], [1719, 245], [1719, 309], [1545, 309]], \"text\": \"1des _\", \"confident\": 0.4799745753619156}", "{\"boxes\": [[54, 408], [130, 408], [130, 464], [54, 464]], \"text\": \"As\", \"confident\": 0.6790589746070478}", "{\"boxes\": [[199, 411], [305, 411], [305, 471], [199, 471]], \"text\": \"Ahe\", \"confident\": 0.4702338969613117}", "{\"boxes\": [[666, 410], [762, 410], [762, 482], [666, 482]], \"text\": \"0\", \"confident\": 0.9020318674289776}", "{\"boxes\": [[1062, 437], [1242, 437], [1242, 475], [1062, 475]], \"text\": \"Cc#77<\", \"confident\": 0.10086655237677837}", "{\"boxes\": [[1592, 422], [1702, 422], [1702, 474], [1592, 474]], \"text\": \"Ahe\", \"confident\": 0.676896627571695}", "{\"boxes\": [[40, 580], [186, 580], [186, 652], [40, 652]], \"text\": \"shd\", \"confident\": 0.44024431705474854}", "{\"boxes\": [[273, 591], [377, 591], [377, 651], [273, 651]], \"text\": \"hif\", \"confident\": 0.3999665642155247}", "{\"boxes\": [[435, 599], [585, 599], [585, 663], [435, 663]], \"text\": \"H(fke\", \"confident\": 0.412486835720703}", "{\"boxes\": [[791, 589], [909, 589], [909, 662], [791, 662]], \"text\": \"Lht\", \"confident\": 0.40065445702625685}", "{\"boxes\": [[984, 594], [1172, 594], [1172, 672], [984, 672]], \"text\": \"nady\", \"confident\": 0.5696041584014893}", "{\"boxes\": [[1244, 593], [1442, 593], [1442, 658], [1244, 658]], \"text\": \"1 faw\", \"confident\": 0.27764149021986395}", "{\"boxes\": [[1613, 619], [1727, 619], [1727, 657], [1613, 657]], \"text\": \"LQ R\", \"confident\": 0.2644401490688324}", "{\"boxes\": [[1769, 596], [1912, 596], [1912, 664], [1769, 664]], \"text\": \"Nick\", \"confident\": 0.4893295840526741}", "{\"boxes\": [[50, 760], [267, 760], [267, 834], [50, 834]], \"text\": \"powd\", \"confident\": 0.25774553418159485}", "{\"boxes\": [[521, 767], [771, 767], [771, 853], [521, 853]], \"text\": \"nearing\", \"confident\": 0.6080649418452251}", "{\"boxes\": [[834, 776], [931, 776], [931, 831], [834, 831]], \"text\": \"hs\", \"confident\": 0.5165713257683805}", "{\"boxes\": [[988, 776], [1129, 776], [1129, 833], [988, 833]], \"text\": \"btee\", \"confident\": 0.3607722222805023}", "{\"boxes\": [[1205, 777], [1393, 777], [1393, 837], [1205, 837]], \"text\": \"chck\", \"confident\": 0.9962078928947449}", "{\"boxes\": [[1445, 779], [1617, 779], [1617, 839], [1445, 839]], \"text\": \"shhk.\", \"confident\": 0.10750498028937668}", "{\"boxes\": [[1656, 780], [1750, 780], [1750, 836], [1656, 836]], \"text\": \"He\", \"confident\": 0.41526090878504773}", "{\"boxes\": [[46, 960], [211, 960], [211, 1010], [46, 1010]], \"text\": \"Cavne\", \"confident\": 0.4041568204142571}", "{\"boxes\": [[290, 968], [378, 968], [378, 1024], [290, 1024]], \"text\": \"cp\", \"confident\": 0.6799552638979998}", "{\"boxes\": [[469, 950], [627, 950], [627, 1014], [469, 1014]], \"text\": \"clese\", \"confident\": 0.9422376034523527}", "{\"boxes\": [[718, 960], [934, 960], [934, 1032], [718, 1032]], \"text\": \"eyeing\", \"confident\": 0.6790407909600154}", "{\"boxes\": [[1015, 977], [1101, 977], [1101, 1013], [1015, 1013]], \"text\": \"CLS\", \"confident\": 0.2112189206339477}", "{\"boxes\": [[1167, 963], [1563, 963], [1563, 1029], [1167, 1029]], \"text\": \"fuspiciolsk .\", \"confident\": 0.515176541077939}", "{\"boxes\": [[1722, 962], [1798, 962], [1798, 1016], [1722, 1016]], \"text\": \"ve\", \"confident\": 0.8044261973537676}", "{\"boxes\": [[57, 1147], [219, 1147], [219, 1187], [57, 1187]], \"text\": \"com\u20ac\", \"confident\": 0.8646426796913147}", "{\"boxes\": [[266, 1104], [618, 1104], [618, 1217], [266, 1217]], \"text\": \"Za - @ lhng\", \"confident\": 0.11919705420220722}", "{\"boxes\": [[687, 1125], [781, 1125], [781, 1185], [687, 1185]], \"text\": \"\\\"1\", \"confident\": 0.23318412973326222}", "{\"boxes\": [[822, 1134], [1000, 1134], [1000, 1190], [822, 1190]], \"text\": \"Sce 2  \", \"confident\": 0.5001576054904503}", "{\"boxes\": [[1078, 1130], [1262, 1130], [1262, 1192], [1078, 1192]], \"text\": \"(26 %\", \"confident\": 0.22473967178095564}", "{\"boxes\": [[1290, 1156], [1409, 1156], [1409, 1199], [1290, 1199]], \"text\": \"See\", \"confident\": 0.21301574609172289}", "{\"boxes\": [[1463, 1155], [1551, 1155], [1551, 1192], [1463, 1192]], \"text\": \"40\", \"confident\": 0.22426496724753847}", "{\"boxes\": [[1596, 1154], [1793, 1154], [1793, 1193], [1596, 1193]], \"text\": \"Recso2\", \"confident\": 0.10834890877502097}", "{\"boxes\": [[58, 1310], [164, 1310], [164, 1366], [58, 1366]], \"text\": \"Foc\", \"confident\": 0.57040257074266}", "{\"boxes\": [[542, 1314], [616, 1314], [616, 1364], [542, 1364]], \"text\": \"he\", \"confident\": 0.6658505501565036}", "{\"boxes\": [[670, 1307], [835, 1307], [835, 1362], [670, 1362]], \"text\": \"Sccl\", \"confident\": 0.49097251892089844}", "{\"boxes\": [[926, 1308], [1070, 1308], [1070, 1360], [926, 1360]], \"text\": \"54l\", \"confident\": 0.4400503195207063}", "{\"boxes\": [[1297, 1333], [1385, 1333], [1385, 1369], [1297, 1369]], \"text\": \"2_5\", \"confident\": 0.23371482223128665}", "{\"boxes\": [[1451, 1335], [1565, 1335], [1565, 1379], [1451, 1379]], \"text\": \"VoG\", \"confident\": 0.44105743772667805}", "{\"boxes\": [[1585, 1335], [1649, 1335], [1649, 1375], [1585, 1375]], \"text\": \"ne\", \"confident\": 0.4850365014055215}", "{\"boxes\": [[1701, 1314], [1844, 1314], [1844, 1375], [1701, 1375]], \"text\": \"here\", \"confident\": 0.590001106262207}", "{\"boxes\": [[62, 1502], [184, 1502], [184, 1554], [62, 1554]], \"text\": \"You\", \"confident\": 0.3834416159082328}", "{\"boxes\": [[461, 1499], [548, 1499], [548, 1544], [461, 1544]], \"text\": \"a$\", \"confident\": 0.16998966737548843}", "{\"boxes\": [[586, 1490], [732, 1490], [732, 1553], [586, 1553]], \"text\": \"wel\", \"confident\": 0.7249863865333461}", "{\"boxes\": [[1046, 1512], [1082, 1512], [1082, 1544], [1046, 1544]], \"text\": \"0\", \"confident\": 0.8122590917284924}", "{\"boxes\": [[1144, 1489], [1321, 1489], [1321, 1553], [1144, 1553]], \"text\": \"bh;k\", \"confident\": 0.4673732817173004}", "{\"boxes\": [[930, 46], [1192, 79], [1179, 143], [917, 110]], \"text\": \"running\", \"confident\": 0.993425250457729}", "{\"boxes\": [[479, 210], [634, 266], [607, 331], [452, 275]], \"text\": \"They\", \"confident\": 0.979661762714386}", "{\"boxes\": [[372, 429], [598, 410], [600, 470], [373, 489]], \"text\": \"neanesA\", \"confident\": 