{"prediction": ["{\"boxes\": [[996, 66], [1020, 66], [1020, 92], [996, 92]], \"text\": \"4\", \"confident\": 0.9987878898415126}", "{\"boxes\": [[1068, 70], [1104, 70], [1104, 100], [1068, 100]], \"text\": \"4\", \"confident\": 0.19842778052669985}", "{\"boxes\": [[82, 63], [220, 63], [220, 160], [82, 160]], \"text\": \"Yoo\", \"confident\": 0.4804506094387421}", "{\"boxes\": [[338, 76], [454, 76], [454, 157], [338, 157]], \"text\": \"he\", \"confident\": 0.9746346947887871}", "{\"boxes\": [[485, 87], [648, 87], [648, 160], [485, 160]], \"text\": \"JcUdl\", \"confident\": 0.3490474796572203}", "{\"boxes\": [[780, 84], [1008, 84], [1008, 158], [780, 158]], \"text\": \"(lwk_ .\", \"confident\": 0.14705232452205025}", "{\"boxes\": [[1114, 82], [1212, 82], [1212, 162], [1114, 162]], \"text\": \"No\", \"confident\": 0.39548891336412234}", "{\"boxes\": [[1245, 87], [1413, 87], [1413, 151], [1245, 151]], \"text\": \"Mcn\", \"confident\": 0.722068827218976}", "{\"boxes\": [[1456, 100], [1630, 100], [1630, 154], [1456, 154]], \"text\": \"vuA\", \"confident\": 0.17439660674681212}", "{\"boxes\": [[1668, 110], [1822, 110], [1822, 160], [1668, 160]], \"text\": \"(one\", \"confident\": 0.17928975820541382}", "{\"boxes\": [[652, 250], [676, 250], [676, 274], [652, 274]], \"text\": \"M\", \"confident\": 0.10032190940775365}", "{\"boxes\": [[68, 268], [132, 268], [132, 318], [68, 318]], \"text\": \"46\", \"confident\": 0.2399907416279945}", "{\"boxes\": [[197, 265], [301, 265], [301, 327], [197, 327]], \"text\": \"h\", \"confident\": 0.3273418359481326}", "{\"boxes\": [[364, 254], [533, 254], [533, 335], [364, 335]], \"text\": \"Dah -\", \"confident\": 0.34193520865434623}", "{\"boxes\": [[695, 231], [905, 231], [905, 339], [695, 339]], \"text\": \"Jlue 'U\", \"confident\": 0.43208492596615194}", "{\"boxes\": [[961, 263], [1039, 263], [1039, 329], [961, 329]], \"text\": \"hz\", \"confident\": 0.41910370052466617}", "{\"boxes\": [[1065, 248], [1199, 248], [1199, 326], [1065, 326]], \"text\": \"clQ\", \"confident\": 0.15143538231872036}", "{\"boxes\": [[1220, 249], [1432, 249], [1432, 377], [1220, 377]], \"text\": \"^64\", \"confident\": 0.2457531988620758}", "{\"boxes\": [[1570, 236], [1694, 236], [1694, 336], [1570, 336]], \"text\": \"K;\", \"confident\": 0.3420764980562646}", "{\"boxes\": [[76, 447], [221, 447], [221, 511], [76, 511]], \"text\": \"C\", \"confident\": 0.45682015968145606}", "{\"boxes\": [[312, 421], [533, 421], [533, 519], [312, 519]], \"text\": \"Lho' U\", \"confident\": 0.8886485119502956}", "{\"boxes\": [[570, 438], [846, 438], [846, 536], [570, 536]], \"text\": \"be 40l\", \"confident\": 0.564512157330722}", "{\"boxes\": [[900, 434], [1090, 434], [1090, 512], [900, 512]], \"text\": \"Au\", \"confident\": 0.4310162472082623}", "{\"boxes\": [[1398, 434], [1506, 434], [1506, 508], [1398, 508]], \"text\": \"Il\", \"confident\": 0.3092309152902201}", "{\"boxes\": [[1550, 440], [1852, 440], [1852, 518], [1550, 518]], \"text\": \"uiloAe d\", \"confident\": 0.1763630049570806}", "{\"boxes\": [[762, 630], [973, 630], [973, 704], [762, 704]], \"text\": \"lctc .\", \"confident\": 0.18992324656961057}", "{\"boxes\": [[1018, 610], [1281, 610], [1281, 745], [1018, 745]], \"text\": \"Ouut {Q\", \"confident\": 0.11627650884158212}", "{\"boxes\": [[1316, 625], [1471, 625], [1471, 703], [1316, 703]], \"text\": \"lcl\", \"confident\": 0.8492002016778836}", "{\"boxes\": [[1559, 635], [1673, 635], [1673, 697], [1559, 697]], \"text\": \"fe (\", \"confident\": 0.5536145254647136}", "{\"boxes\": [[65, 778], [290, 778], [290, 912], [65, 912]], \"text\": \"(115\", \"confident\": 0.11428795009851456}", "{\"boxes\": [[328, 798], [466, 798], [466, 872], [328, 872]], \"text\": \"Ae\", \"confident\": 0.8076027176422478}", "{\"boxes\": [[782, 804], [882, 804], [882, 876], [782, 876]], \"text\": \"h\", \"confident\": 0.8258087919058745}", "{\"boxes\": [[912, 828], [978, 828], [978, 876], [912, 876]], \"text\": \"M\", \"confident\": 0.8951310312049863}", "{\"boxes\": [[1032, 799], [1283, 799], [1283, 921], [1032, 921]], \"text\": \"duwy:\", \"confident\": 0.4109856124295392}", "{\"boxes\": [[1432, 800], [1639, 800], [1639, 890], [1432, 890]], \"text\": \"@an\", \"confident\": 0.33722143693124806}", "{\"boxes\": [[1676, 822], [1756, 822], [1756, 878], [1676, 878]], \"text\": \"So\", \"confident\": 0.5501877194342858}", "{\"boxes\": [[62, 976], [198, 976], [198, 1052], [62, 1052]], \"text\": \"Rit\", \"confident\": 0.22731452609023534}", "{\"boxes\": [[253, 971], [510, 971], [510, 1051], [253, 1051]], \"text\": \"Icedtn\", \"confident\": 0.16420113566308522}", "{\"boxes\": [[737, 967], [845, 967], [845, 1057], [737, 1057]], \"text\": \"'3\", \"confident\": 0.17940890924882041}", "{\"boxes\": [[902, 980], [984, 980], [984, 1052], [902, 1052]], \"text\": \"he\", \"confident\": 0.8754272948171178}", "{\"boxes\": [[1017, 995], [1117, 995], [1117, 1059], [1017, 1059]], \"text\": \"bo\", \"confident\": 0.5754628759837399}", "{\"boxes\": [[1167, 995], [1279, 995], [1279, 1057], [1167, 1057]], \"text\": \"bus\", \"confident\": 0.1884741336042671}", "{\"boxes\": [[1672, 986], [1774, 986], [1774, 1058], [1672, 1058]], \"text\": \"ch\", \"confident\": 0.10173784809264311}", "{\"boxes\": [[74, 1140], [273, 1140], [273, 1229], [74, 1229]], \"text\": \"W k\", \"confident\": 0.21052180230617523}", "{\"boxes\": [[342, 1154], [546, 1154], [546, 1228], [342, 1228]], \"text\": \"bilu\", \"confident\": 0.26760372519493103}", "{\"boxes\": [[604, 1160], [764, 1160], [764, 1232], [604, 1232]], \"text\": \"Lh\", \"confident\": 0.23525457103926692}", "{\"boxes\": [[803, 1159], [919, 1159], [919, 1223], [803, 1223]], \"text\": \"h&\", \"confident\": 0.14296448248175947}", "{\"boxes\": [[976, 1160], [1177, 1160], [1177, 1232], [976, 1232]], \"text\": \"(oaul1\", \"confident\": 0.1458720353992829}", "{\"boxes\": [[1212, 1164], [1381, 1164], [1381, 1237], [1212, 1237]], \"text\": \"atA\", \"confident\": 0.21878746917444833}", "{\"boxes\": [[1426, 1164], [1556, 1164], [1556, 1236], [1426, 1236]], \"text\": \"he\", \"confident\": 0.13379373076398823}", "{\"boxes\": [[1593, 1161], [1771, 1161], [1771, 1247], [1593, 1247]], \"text\": \"Qalls\", \"confident\": 0.22237394608011088}", "{\"boxes\": [[83, 1319], [327, 1319], [327, 1408], [83, 1408]], \"text\": \"in' ,-\", \"confident\": 0.3148669883961345}", "{\"boxes\": [[1751, 249], [1860, 269], [1844, 343], [1735, 323]], \"text\": \"Xe\", \"confident\": 0.23141324847157813}", "{\"boxes\": [[1136, 454], [1335, 436], [1336, 512], [1138, 530]], \"text\": \"(oucla\", \"confident\": 0.24239056677421197}", "{\"boxes\": [[238, 591], [516, 643], [489, 750], [211, 698]], \"text\": \"Jhn-?\", \"confident\": 0.5351163717191102}", "{\"boxes\": [[518, 816], [712, 795], [716, 880], [522, 901]], \"text\": \"nA4\", \"confident\": 0.17941306417206412}", "{\"boxes\": [[566, 949], [760, 979], [739, 1083], [545, 1052]], \"text\": \"Ae1'\", \"confident\": 0.0829053595662117}", "{\"boxes\": [[1428, 962], [1651, 991], [1636, 1071], [1413, 1041]], \"text\": \"MooL\", \"confident\": 0.7341716885566711}"]}