{"prediction": ["{\"boxes\": [[226, 68], [328, 68], [328, 120], [226, 120]], \"text\": \"Qf\", \"confident\": 0.17038205630987274}", "{\"boxes\": [[403, 63], [548, 63], [548, 124], [403, 124]], \"text\": \"LJ6)\", \"confident\": 0.2098052054643631}", "{\"boxes\": [[620, 42], [796, 42], [796, 120], [620, 120]], \"text\": \"(ce4\", \"confident\": 0.4811054766178131}", "{\"boxes\": [[852, 56], [1010, 56], [1010, 128], [852, 128]], \"text\": \"aad\", \"confident\": 0.3786891983016858}", "{\"boxes\": [[1069, 63], [1223, 63], [1223, 129], [1069, 129]], \"text\": \"lecf\", \"confident\": 0.21434766054153442}", "{\"boxes\": [[1310, 49], [1465, 49], [1465, 136], [1310, 136]], \"text\": \"@Al\", \"confident\": 0.48179930903236984}", "{\"boxes\": [[1569, 74], [1707, 74], [1707, 160], [1569, 160]], \"text\": \"7u`\", \"confident\": 0.2170757905576125}", "{\"boxes\": [[69, 226], [282, 226], [282, 307], [69, 307]], \"text\": \"Could\", \"confident\": 0.5026655235496346}", "{\"boxes\": [[359, 252], [469, 252], [469, 308], [359, 308]], \"text\": \"Jeq_\", \"confident\": 0.17573131620883942}", "{\"boxes\": [[533, 239], [637, 239], [637, 329], [533, 329]], \"text\": \"Ivv\", \"confident\": 0.2641897611672579}", "{\"boxes\": [[731, 237], [896, 237], [896, 314], [731, 314]], \"text\": \"Je\", \"confident\": 0.3712326969940952}", "{\"boxes\": [[972, 246], [1125, 246], [1125, 320], [972, 320]], \"text\": \"@Ad\", \"confident\": 0.14333124262052158}", "{\"boxes\": [[1211, 249], [1397, 249], [1397, 311], [1211, 311]], \"text\": \"Vomla\", \"confident\": 0.4459053083221186}", "{\"boxes\": [[1450, 248], [1540, 248], [1540, 328], [1450, 328]], \"text\": \"(3\", \"confident\": 0.37645870448193014}", "{\"boxes\": [[1607, 254], [1764, 254], [1764, 315], [1607, 315]], \"text\": \"MCU\", \"confident\": 0.3641442616061009}", "{\"boxes\": [[49, 407], [264, 407], [264, 492], [49, 492]], \"text\": \"nls ,\", \"confident\": 0.16693330546364735}", "{\"boxes\": [[300, 403], [443, 403], [443, 490], [300, 490]], \"text\": \"te\", \"confident\": 0.7172639398646011}", "{\"boxes\": [[504, 414], [655, 414], [655, 491], [504, 491]], \"text\": \"(ecl\", \"confident\": 0.7250828146934509}", "{\"boxes\": [[738, 418], [866, 418], [866, 496], [738, 496]], \"text\": \"hY\", \"confident\": 0.5979412028442463}", "{\"boxes\": [[1206, 416], [1308, 416], [1308, 524], [1206, 524]], \"text\": \"c\", \"confident\": 0.8201269262829705}", "{\"boxes\": [[1355, 411], [1495, 411], [1495, 497], [1355, 497]], \"text\": \"He\", \"confident\": 0.6493360638467693}", "{\"boxes\": [[1535, 405], [1808, 405], [1808, 509], [1535, 509]], \"text\": \"locliie_,\", \"confident\": 0.194547403052248}", "{\"boxes\": [[64, 588], [276, 588], [276, 686], [64, 686]], \"text\": \"wpk &\", \"confident\": 0.12772489120055375}", "{\"boxes\": [[460, 597], [702, 597], [702, 675], [460, 675]], \"text\": \"0' +e\", \"confident\": 0.08271165330669694}", "{\"boxes\": [[761, 599], [1038, 599], [1038, 678], [761, 678]], \"text\": \"dSlanc\", \"confident\": 0.23897787290517777}", "{\"boxes\": [[1113, 585], [1253, 585], [1253, 675], [1113, 675]], \"text\": \"Ule\", \"confident\": 0.6552588477451045}", "{\"boxes\": [[1283, 615], [1325, 615], [1325, 665], [1283, 665]], \"text\": \"4\", \"confident\": 0.24255308668452713}", "{\"boxes\": [[1396, 612], [1561, 612], [1561, 702], [1396, 702]], \"text\": \"bak\", \"confident\": 0.28048872445175915}", "{\"boxes\": [[1593, 581], [1847, 581], [1847, 682], [1593, 682]], \"text\": \"Wclu _\", \"confident\": 0.6909871719100762}", "{\"boxes\": [[50, 774], [248, 774], [248, 848], [50, 848]], \"text\": \"Colow\", \"confident\": 0.6508783318700871}", "{\"boxes\": [[326, 772], [553, 772], [553, 851], [326, 851]], \"text\": \"drawil\", \"confident\": 0.5394279064725905}", "{\"boxes\": [[722, 772], [1004, 772], [1004, 850], [722, 850]], \"text\": \"GetJQ6~\", \"confident\": 0.15487401443255597}", "{\"boxes\": [[1038, 796], [1136, 796], [1136, 848], [1038, 848]], \"text\": \"0\", \"confident\": 0.23832551413534375}", "{\"boxes\": [[1157, 783], [1305, 783], [1305, 849], [1157, 849]], \"text\": \"0~4\", \"confident\": 0.34555625652016625}", "{\"boxes\": [[1367, 775], [1550, 775], [1550, 848], [1367, 848]], \"text\": \"niaA\", \"confident\": 0.12572434544563293}", "{\"boxes\": [[237, 963], [395, 963], [395, 1027], [237, 1027]], \"text\": \"Vo /A\", \"confident\": 0.2279570397486656}", "{\"boxes\": [[511, 947], [687, 947], [687, 1031], [511, 1031]], \"text\": \"(akh\", \"confident\": 0.25382924052913836}", "{\"boxes\": [[732, 954], [808, 954], [808, 1036], [732, 1036]], \"text\": \"cp\", \"confident\": 0.9003752873042326}", "{\"boxes\": [[1060, 947], [1775, 947], [1775, 1084], [1060, 1084]], \"text\": \"(an70w?1 llus and\", \"confident\": 0.10297730010529962}", "{\"boxes\": [[54, 1133], [365, 1133], [365, 1241], [54, 1241]], \"text\": \"mlpcuv , -\", \"confident\": 0.08885405256493595}", "{\"boxes\": [[52, 37], [189, 58], [175, 128], [38, 107]], \"text\": \"T\", \"confident\": 0.6592111619686456}", "{\"boxes\": [[978, 388], [1203, 444], [1172, 547], [947, 490]], \"text\": \"(7\", \"confident\": 0.433329392563644}", "{\"boxes\": [[320, 594], [434, 626], [409, 709], [295, 677]], \"text\": \"up\", \"confident\": 0.10727507542941114}", "{\"boxes\": [[870, 928], [1050, 953], [1033, 1043], [853, 1018]], \"text\": \"All)\", \"confident\": 0.2174224853515625}"]}