{"prediction": ["{\"boxes\": [[46, 42], [130, 42], [130, 116], [46, 116]], \"text\": \"lle\", \"confident\": 0.4765883433899973}", "{\"boxes\": [[192, 48], [354, 48], [354, 129], [192, 129]], \"text\": \"rodq\", \"confident\": 0.6214139461517334}", "{\"boxes\": [[399, 43], [585, 43], [585, 127], [399, 127]], \"text\": \"dab\", \"confident\": 0.18266699360536304}", "{\"boxes\": [[754, 43], [989, 43], [989, 134], [754, 134]], \"text\": \"Lle\", \"confident\": 0.1996360444049611}", "{\"boxes\": [[1054, 56], [1080, 56], [1080, 114], [1054, 114]], \"text\": \"(\", \"confident\": 0.9998579075747784}", "{\"boxes\": [[1107, 60], [1272, 60], [1272, 134], [1107, 134]], \"text\": \"LJa g\", \"confident\": 0.47638907375343176}", "{\"boxes\": [[1731, 63], [1866, 63], [1866, 124], [1731, 124]], \"text\": \"UJc)\", \"confident\": 0.22390398383140564}", "{\"boxes\": [[377, 224], [577, 224], [577, 302], [377, 302]], \"text\": \"LMaA\", \"confident\": 0.2921302318572998}", "{\"boxes\": [[684, 246], [734, 246], [734, 298], [684, 298]], \"text\": \"0\", \"confident\": 0.2782684846315533}", "{\"boxes\": [[777, 223], [953, 223], [953, 315], [777, 315]], \"text\": \"Xlull\", \"confident\": 0.5949068805569021}", "{\"boxes\": [[1028, 223], [1137, 223], [1137, 308], [1028, 308]], \"text\": \"he\", \"confident\": 0.9712880694782583}", "{\"boxes\": [[1178, 225], [1355, 225], [1355, 322], [1178, 322]], \"text\": \"hack\", \"confident\": 0.20917052030563354}", "{\"boxes\": [[1423, 235], [1535, 235], [1535, 327], [1423, 327]], \"text\": \"(er\", \"confident\": 0.25385955805427274}", "{\"boxes\": [[245, 409], [485, 409], [485, 493], [245, 493]], \"text\": \"Klud .\", \"confident\": 0.3837666541127267}", "{\"boxes\": [[570, 403], [727, 403], [727, 481], [570, 481]], \"text\": \"Thv\", \"confident\": 0.2757730012772735}", "{\"boxes\": [[775, 405], [1003, 405], [1003, 491], [775, 491]], \"text\": \"LJuuld\", \"confident\": 0.3868243730109362}", "{\"boxes\": [[1062, 408], [1154, 408], [1154, 488], [1062, 488]], \"text\": \"he\", \"confident\": 0.9660660887928167}", "{\"boxes\": [[1600, 434], [1654, 434], [1654, 490], [1600, 490]], \"text\": \"C\", \"confident\": 0.8758457245340914}", "{\"boxes\": [[1711, 419], [1885, 419], [1885, 511], [1711, 511]], \"text\": \"pplac\", \"confident\": 0.575518839577309}", "{\"boxes\": [[42, 590], [168, 590], [168, 694], [42, 694]], \"text\": \"por\", \"confident\": 0.2557428777217865}", "{\"boxes\": [[218, 628], [270, 628], [270, 678], [218, 678]], \"text\": \"C\", \"confident\": 0.5328159671535246}", "{\"boxes\": [[337, 585], [506, 585], [506, 671], [337, 671]], \"text\": \"holu \", \"confident\": 0.2990521149331236}", "{\"boxes\": [[703, 607], [789, 607], [789, 667], [703, 667]], \"text\": \"(J\", \"confident\": 0.3534639220865734}", "{\"boxes\": [[1136, 592], [1226, 592], [1226, 668], [1136, 668]], \"text\": \"hq\", \"confident\": 0.300850525313207}", "{\"boxes\": [[1261, 592], [1446, 592], [1446, 683], [1261, 683]], \"text\": \"Scl d\", \"confident\": 0.42270510468558886}", "{\"boxes\": [[1750, 594], [1836, 594], [1836, 672], [1750, 672]], \"text\": \"in\", \"confident\": 0.23225044850323676}", "{\"boxes\": [[48, 776], [184, 776], [184, 832], [48, 832]], \"text\": \"Wv\", \"confident\": 0.5574909018143474}", "{\"boxes\": [[238, 780], [348, 780], [348, 830], [238, 830]], \"text\": \"K\u20ac\", \"confident\": 0.09681337661286683}", "{\"boxes\": [[826, 772], [1005, 772], [1005, 851], [826, 851]], \"text\": \"Salu _\", \"confident\": 0.4514226686730162}", "{\"boxes\": [[1121, 767], [1283, 767], [1283, 859], [1121, 859]], \"text\": \"It 'c\", \"confident\": 0.33990990543089555}", "{\"boxes\": [[1318, 786], [1400, 786], [1400, 858], [1318, 858]], \"text\": \"be\", \"confident\": 0.9473054867879265}", "{\"boxes\": [[1457, 791], [1605, 791], [1605, 851], [1457, 851]], \"text\": \"hre\", \"confident\": 0.3100395171457208}", "{\"boxes\": [[1536, 936], [1560, 936], [1560, 962], [1536, 962]], \"text\": \"4\", \"confident\": 0.9998025991592385}", "{\"boxes\": [[44, 968], [270, 968], [270, 1018], [44, 1018]], \"text\": \"MdcC O )\", \"confident\": 0.12286292737400352}", "{\"boxes\": [[343, 973], [419, 973], [419, 1017], [343, 1017]], \"text\": \"C)\", \"confident\": 0.655195437974935}", "{\"boxes\": [[482, 944], [658, 944], [658, 1020], [482, 1020]], \"text\": \"Ulec\", \"confident\": 0.08842869102954865}", "{\"boxes\": [[867, 969], [955, 969], [955, 1013], [867, 1013]], \"text\": \"V16\", \"confident\": 0.2548699975013733}", "{\"boxes\": [[1373, 963], [1433, 963], [1433, 1029], [1373, 1029]], \"text\": \"d\", \"confident\": 0.23251117481359884}", "{\"boxes\": [[1601, 933], [1773, 933], [1773, 1034], [1601, 1034]], \"text\": \"Lin\", \"confident\": 0.30184460554241366}", "{\"boxes\": [[49, 1117], [336, 1117], [336, 1197], [49, 1197]], \"text\": \"Jeanne\", \"confident\": 0.713506058819519}", "{\"boxes\": [[356, 1116], [454, 1116], [454, 1188], [356, 1188]], \"text\": \"@\", \"confident\": 0.17932695905109597}", "{\"boxes\": [[493, 1137], [577, 1137], [577, 1199], [493, 1199]], \"text\": \"hc\", \"confident\": 0.708895103049125}", "{\"boxes\": [[624, 1142], [717, 1142], [717, 1199], [624, 1199]], \"text\": \"OLA\", \"confident\": 0.7468452261019298}", "{\"boxes\": [[749, 1119], [947, 1119], [947, 1205], [749, 1205]], \"text\": \"Hicu\", \"confident\": 0.21344546973705292}", "{\"boxes\": [[976, 1134], [1178, 1134], [1178, 1206], [976, 1206]], \"text\": \"(oud\", \"confident\": 0.8171537518501282}", "{\"boxes\": [[1225, 1121], [1393, 1121], [1393, 1206], [1225, 1206]], \"text\": \"Dai1\", \"confident\": 0.3151492774486542}", "{\"boxes\": [[619, 38], [722, 56], [706, 131], [603, 113]], \"text\": \"40\", \"confident\": 0.625774950715392}", "{\"boxes\": [[1357, 20], [1596, 88], [1561, 193], [1322, 126]], \"text\": \"Ja4l)\", \"confident\": 0.3228015919192791}", "{\"boxes\": [[59, 180], [343, 237], [313, 355], [29, 298]], \"text\": \"Quiuly )\", \"confident\": 0.16395636839523012}", "{\"boxes\": [[1575, 244], [1785, 229], [1785, 306], [1575, 321]], \"text\": \"reacl\", \"confident\": 0.7277274020826926}", "{\"boxes\": [[1325, 432], [1543, 393], [1554, 510], [1337, 549]], \"text\": \"jovc/\", \"confident\": 0.14129720571243054}", "{\"boxes\": [[1209, 426], [1296, 438], [1287, 490], [1200, 479]], \"text\": \"W)\", \"confident\": 0.38445811841205935}", "{\"boxes\": [[496, 595], [648, 617], [630, 710], [478, 688]], \"text\": \"~up\", \"confident\": 0.6170526185272753}", "{\"boxes\": [[1518, 583], [1723, 625], [1701, 710], [1496, 668]], \"text\": \"coln )\", \"confident\": 0.32519120978157706}", "{\"boxes\": [[863, 572], [1022, 645], [983, 723], [825, 650]], \"text\": \"O1\", \"confident\": 0.4152839116618845}", "{\"boxes\": [[517, 747], [659, 772], [639, 867], [497, 842]], \"text\": \"Yo\", \"confident\": 0.9235940622312137}", "{\"boxes\": [[1150, 940], [1387, 980], [1366, 1076], [1129, 1037]], \"text\": \"(paln\", \"confident\": 0.574094142196979}"]}