{"prediction": ["{\"boxes\": [[356, 62], [388, 62], [388, 86], [356, 86]], \"text\": \"L\", \"confident\": 0.030626756574068992}", "{\"boxes\": [[722, 66], [748, 66], [748, 90], [722, 90]], \"text\": \"V\", \"confident\": 0.24309551952825714}", "{\"boxes\": [[227, 69], [329, 69], [329, 153], [227, 153]], \"text\": \"he,\", \"confident\": 0.4318872114640967}", "{\"boxes\": [[471, 64], [662, 64], [662, 154], [471, 154]], \"text\": \"Scu ,\", \"confident\": 0.2790212293282033}", "{\"boxes\": [[774, 70], [932, 70], [932, 148], [774, 148]], \"text\": \"Bu4\", \"confident\": 0.737228408656559}", "{\"boxes\": [[981, 83], [1103, 83], [1103, 145], [981, 145]], \"text\": \"L_\", \"confident\": 0.15435766208964907}", "{\"boxes\": [[1439, 79], [1527, 79], [1527, 147], [1439, 147]], \"text\": \"to\", \"confident\": 0.791147637283943}", "{\"boxes\": [[1588, 78], [1879, 78], [1879, 147], [1588, 147]], \"text\": \"Cu-&xJhU\", \"confident\": 0.15982766178930935}", "{\"boxes\": [[75, 249], [235, 249], [235, 313], [75, 313]], \"text\": \"Au4\", \"confident\": 0.5141018193766563}", "{\"boxes\": [[529, 252], [673, 252], [673, 328], [529, 328]], \"text\": \"cQ\", \"confident\": 0.36335353012440785}", "{\"boxes\": [[708, 256], [837, 256], [837, 330], [708, 330]], \"text\": \"4e\", \"confident\": 0.2672730709222188}", "{\"boxes\": [[877, 269], [1041, 269], [1041, 333], [877, 333]], \"text\": \"Hv e\", \"confident\": 0.35911649465560913}", "{\"boxes\": [[1100, 250], [1248, 250], [1248, 328], [1100, 328]], \"text\": \"pai1\", \"confident\": 0.22782959043979645}", "{\"boxes\": [[1429, 253], [1581, 253], [1581, 345], [1429, 345]], \"text\": \"Reek\", \"confident\": 0.14280131459236145}", "{\"boxes\": [[1650, 250], [1828, 250], [1828, 328], [1650, 328]], \"text\": \"lun J\", \"confident\": 0.14362137910452955}", "{\"boxes\": [[904, 418], [934, 418], [934, 452], [904, 452]], \"text\": \"4\", \"confident\": 0.384420996571194}", "{\"boxes\": [[1390, 442], [1414, 442], [1414, 468], [1390, 468]], \"text\": \"4\", \"confident\": 0.9940473476207821}", "{\"boxes\": [[67, 431], [159, 431], [159, 517], [67, 517]], \"text\": \"6 p\", \"confident\": 0.7324605584144592}", "{\"boxes\": [[203, 416], [589, 416], [589, 552], [203, 552]], \"text\": \"(wpowh&\", \"confident\": 0.11036077192282498}", "{\"boxes\": [[640, 428], [742, 428], [742, 528], [640, 528]], \"text\": \"lcr\", \"confident\": 0.1817644135178781}", "{\"boxes\": [[769, 439], [875, 439], [875, 503], [769, 503]], \"text\": \"ho\", \"confident\": 0.34199021609350766}", "{\"boxes\": [[1068, 438], [1148, 438], [1148, 530], [1068, 530]], \"text\": \"0p\", \"confident\": 0.2467552701793412}", "{\"boxes\": [[1169, 449], [1353, 449], [1353, 511], [1169, 511]], \"text\": \"(oyne\", \"confident\": 0.16424724992121104}", "{\"boxes\": [[1634, 436], [1800, 436], [1800, 508], [1634, 508]], \"text\": \"Jcs' d\", \"confident\": 0.48717766725534856}", "{\"boxes\": [[78, 602], [282, 602], [282, 728], [78, 728]], \"text\": \"515\", \"confident\": 0.6096253919462886}", "{\"boxes\": [[320, 616], [434, 616], [434, 680], [320, 680]], \"text\": \"he\", \"confident\": 0.3022945658206473}", "{\"boxes\": [[490, 621], [605, 621], [605, 677], [490, 677]], \"text\": \"0ly\", \"confident\": 0.3166323200591662}", "{\"boxes\": [[632, 592], [712, 592], [712, 690], [632, 690]], \"text\": \"6p\", \"confident\": 0.6204346054103224}", "{\"boxes\": [[1215, 603], [1409, 603], [1409, 689], [1215, 689]], \"text\": \"(odlcs ,\", \"confident\": 0.5074781747993035}", "{\"boxes\": [[1458, 608], [1644, 608], [1644, 688], [1458, 688]], \"text\": \"74en\", \"confident\": 0.5327243804931641}", "{\"boxes\": [[1669, 615], [1772, 615], [1772, 681], [1669, 681]], \"text\": \"lnq\", \"confident\": 0.1454326271325817}", "{\"boxes\": [[80, 784], [324, 784], [324, 856], [80, 856]], \"text\": \"hunec\", \"confident\": 0.475177699900944}", "{\"boxes\": [[371, 787], [503, 787], [503, 855], [371, 855]], \"text\": \"4e\", \"confident\": 0.12965420201051217}", "{\"boxes\": [[558, 785], [957, 785], [957, 872], [558, 872]], \"text\": \"(o1ajcbdL\", \"confident\": 0.11840687189097672}", "{\"boxes\": [[1114, 781], [1269, 781], [1269, 862], [1114, 862]], \"text\": \"le4 5\", \"confident\": 0.15943569353686632}", "{\"boxes\": [[1335, 787], [1517, 787], [1517, 873], [1335, 873]], \"text\": \"1cle\", \"confident\": 0.12466280319272986}", "{\"boxes\": [[1578, 788], [1738, 788], [1738, 862], [1578, 862]], \"text\": \"LV Q\", \"confident\": 0.25570014119148254}", "{\"boxes\": [[66, 968], [227, 968], [227, 1042], [66, 1042]], \"text\": \"a\", \"confident\": 0.3735527317999754}", "{\"boxes\": [[310, 964], [492, 964], [492, 1039], [310, 1039]], \"text\": \"Mnv &\", \"confident\": 0.16055979829704084}", "{\"boxes\": [[522, 988], [570, 988], [570, 1036], [522, 1036]], \"text\": \"C\", \"confident\": 0.9337937682814754}", "{\"boxes\": [[648, 965], [795, 965], [795, 1037], [648, 1037]], \"text\": \"loukc\", \"confident\": 0.18808729562188015}", "{\"boxes\": [[861, 979], [971, 979], [971, 1039], [861, 1039]], \"text\": \"W\", \"confident\": 0.12567219091068083}", "{\"boxes\": [[1025, 975], [1157, 975], [1157, 1035], [1025, 1035]], \"text\": \"# Q\", \"confident\": 0.23147964758923018}", "{\"boxes\": [[1241, 978], [1394, 978], [1394, 1044], [1241, 1044]], \"text\": \"Val\", \"confident\": 0.26011044478679224}", "{\"boxes\": [[1567, 990], [1733, 990], [1733, 1052], [1567, 1052]], \"text\": \"CCl^\", \"confident\": 0.06892126798629761}", "{\"boxes\": [[61, 1143], [207, 1143], [207, 1231], [61, 1231]], \"text\": \"Nles\", \"confident\": 0.6799151301383972}", "{\"boxes\": [[252, 1144], [379, 1144], [379, 1223], [252, 1223]], \"text\": \"ull\", \"confident\": 0.25775040312747954}", "{\"boxes\": [[438, 1146], [566, 1146], [566, 1224], [438, 1224]], \"text\": \"45\", \"confident\": 0.15137768125939055}", "{\"boxes\": [[643, 1145], [847, 1145], [847, 1232], [643, 1232]], \"text\": \"#enn\", \"confident\": 0.19382277131080627}", "{\"boxes\": [[898, 1150], [1088, 1150], [1088, 1228], [898, 1228]], \"text\": \"LJe (ce\", \"confident\": 0.34001536298841917}", "{\"boxes\": [[1150, 1159], [1471, 1159], [1471, 1270], [1150, 1270]], \"text\": \"Jepnne .\", \"confident\": 0.2660819186816289}", "{\"boxes\": [[1533, 1163], [1629, 1163], [1629, 1223], [1533, 1223]], \"text\": \"to\", \"confident\": 0.10229814278371333}", "{\"boxes\": [[1709, 1167], [1802, 1167], [1802, 1230], [1709, 1230]], \"text\": \"h<\", \"confident\": 0.26671671350948384}", "{\"boxes\": [[82, 1332], [303, 1332], [303, 1399], [82, 1399]], \"text\": \"Walc`\", \"confident\": 0.11553105140606543}", "{\"boxes\": [[402, 1322], [494, 1322], [494, 1400], [402, 1400]], \"text\": \"bbc\", \"confident\": 0.14946233808487772}", "{\"boxes\": [[588, 1340], [664, 1340], [664, 1392], [588, 1392]], \"text\": \"4)\", \"confident\": 0.39848679363766015}", "{\"boxes\": [[734, 1326], [890, 1326], [890, 1402], [734, 1402]], \"text\": \"~el\", \"confident\": 0.44775189842076946}", "{\"boxes\": [[936, 1354], [1026, 1354], [1026, 1408], [936, 1408]], \"text\": \"09\", \"confident\": 0.26124315472875126}", "{\"boxes\": [[1071, 1335], [1231, 1335], [1231, 1409], [1071, 1409]], \"text\": \"+e\", \"confident\": 0.6301703847425768}", "{\"boxes\": [[1300, 1328], [1633, 1328], [1633, 1419], [1300, 1419]], \"text\": \"tunw (alk\", \"confident\": 0.156949411719522}", "{\"boxes\": [[1674, 1336], [1826, 1336], [1826, 1412], [1674, 1412]], \"text\": \"C~d\", \"confident\": 0.1965196275909178}", "{\"boxes\": [[62, 1489], [214, 1489], [214, 1581], [62, 1581]], \"text\": \"Xl\", \"confident\": 0.19272644307514405}", "{\"boxes\": [[281, 1527], [323, 1527], [323, 1575], [281, 1575]], \"text\": \"U\", \"confident\": 0.2715715334991877}", "{\"boxes\": [[604, 1500], [910, 1500], [910, 1580], [604, 1580]], \"text\": \"deledle\", \"confident\": 0.37797043211270853}", "{\"boxes\": [[312, 1517], [444, 1517], [444, 1633], [312, 1633]], \"text\": \"8 \", \"confident\": 0.07749011333390533}", "{\"boxes\": 