{"prediction": ["{\"boxes\": [[99, 48], [229, 48], [229, 124], [99, 124]], \"text\": \"Jl,\", \"confident\": 0.20210628749273132}", "{\"boxes\": [[412, 52], [626, 52], [626, 126], [412, 126]], \"text\": \"4hpmne\", \"confident\": 0.2845263832932609}", "{\"boxes\": [[929, 83], [977, 83], [977, 121], [929, 121]], \"text\": \"Q\", \"confident\": 0.21745279338976875}", "{\"boxes\": [[1041, 89], [1131, 89], [1131, 125], [1041, 125]], \"text\": \"WCL\", \"confident\": 0.7429524071737622}", "{\"boxes\": [[1252, 54], [1467, 54], [1467, 126], [1252, 126]], \"text\": \"Abu^3\", \"confident\": 0.1834952179553012}", "{\"boxes\": [[1512, 54], [1626, 54], [1626, 132], [1512, 132]], \"text\": \"81\", \"confident\": 0.18264582199976245}", "{\"boxes\": [[1648, 48], [1744, 48], [1744, 120], [1648, 120]], \"text\": \"He\", \"confident\": 0.2228833005589205}", "{\"boxes\": [[1779, 53], [1909, 53], [1909, 121], [1779, 121]], \"text\": \"Aclle\", \"confident\": 0.2928847096443734}", "{\"boxes\": [[188, 226], [288, 226], [288, 304], [188, 304]], \"text\": \"HDe\", \"confident\": 0.20820097779277277}", "{\"boxes\": [[355, 218], [563, 218], [563, 298], [355, 298]], \"text\": \"JL\", \"confident\": 0.1156144125754403}", "{\"boxes\": [[627, 226], [814, 226], [814, 306], [627, 306]], \"text\": \"~lere\", \"confident\": 0.4764905821726397}", "{\"boxes\": [[878, 222], [1016, 222], [1016, 296], [878, 296]], \"text\": \"Here\", \"confident\": 0.7879720330238342}", "{\"boxes\": [[1075, 263], [1175, 263], [1175, 303], [1075, 303]], \"text\": \"Wrag\", \"confident\": 0.2119162678718567}", "{\"boxes\": [[1361, 229], [1563, 229], [1563, 293], [1361, 293]], \"text\": \"Pue LQ\", \"confident\": 0.10296451042150906}", "{\"boxes\": [[1613, 251], [1767, 251], [1767, 315], [1613, 315]], \"text\": \"Opet~\", \"confident\": 0.3289160136093005}", "{\"boxes\": [[67, 400], [406, 400], [406, 480], [67, 480]], \"text\": \"O- lexueal\", \"confident\": 0.14375754955126743}", "{\"boxes\": [[508, 412], [682, 412], [682, 484], [508, 484]], \"text\": \"nle\", \"confident\": 0.1004486420533417}", "{\"boxes\": [[739, 405], [839, 405], [839, 473], [739, 473]], \"text\": \"Hee\", \"confident\": 0.11533207582644109}", "{\"boxes\": [[1105, 409], [1305, 409], [1305, 501], [1105, 501]], \"text\": \"oal\", \"confident\": 0.12789435998627108}", "{\"boxes\": [[1580, 404], [1700, 404], [1700, 476], [1580, 476]], \"text\": \"J\", \"confident\": 0.8800602019130253}", "{\"boxes\": [[1735, 409], [1924, 409], [1924, 495], [1735, 495]], \"text\": \"{Pado\", \"confident\": 0.31659842497172835}", "{\"boxes\": [[53, 584], [204, 584], [204, 663], [53, 663]], \"text\": \"ana\", \"confident\": 0.6137747684846129}", "{\"boxes\": [[253, 585], [395, 585], [395, 673], [253, 673]], \"text\": \"06\", \"confident\": 0.8704245562227073}", "{\"boxes\": [[476, 591], [625, 591], [625, 666], [476, 666]], \"text\": \"av e\", \"confident\": 0.2258169949054718}", "{\"boxes\": [[665, 580], [924, 580], [924, 705], [665, 705]], \"text\": \"6d4lf\", \"confident\": 0.35952459417548577}", "{\"boxes\": [[1160, 573], [1545, 573], [1545, 683], [1160, 683]], \"text\": \"Ahnenk.\", \"confident\": 0.30004533160542934}", "{\"boxes\": [[1586, 590], [1678, 590], [1678, 662], [1586, 662]], \"text\": \"4\", \"confident\": 0.25184373991129405}", "{\"boxes\": [[1722, 580], [1953, 580], [1953, 689], [1722, 689]], \"text\": \"witk}\", \"confident\": 0.1639220544688892}", "{\"boxes\": [[44, 762], [286, 762], [286, 864], [44, 864]], \"text\": \"Je pen\", \"confident\": 0.2436422315739342}", "{\"boxes\": [[363, 769], [455, 769], [455, 835], [363, 835]], \"text\": \"QA\", \"confident\": 0.1880830497767249}", "{\"boxes\": [[495, 793], [611, 793], [611, 835], [495, 835]], \"text\": \"Wfaa\", \"confident\": 0.21915942430496216}", "{\"boxes\": [[683, 771], [777, 771], [777, 835], [683, 835]], \"text\": \"1e\", \"confident\": 0.22920011708817858}", "{\"boxes\": [[847, 771], [1099, 771], [1099, 859], [847, 859]], \"text\": \"@xkerezl ,\", \"confident\": 0.15780509648392924}", "{\"boxes\": [[1349, 759], [1564, 759], [1564, 834], [1349, 834]], \"text\": \"keek 4\", \"confident\": 0.39244595294689905}", "{\"boxes\": [[1623, 752], [1910, 752], [1910, 838], [1623, 838]], \"text\": \"Lznh ell\", \"confident\": 0.13842009371357383}", "{\"boxes\": [[68, 990], [136, 990], [136, 1018], [68, 1018]], \"text\": \"AAA\", \"confident\": 0.43175021579271633}", "{\"boxes\": [[207, 977], [265, 977], [265, 1017], [207, 1017]], \"text\": \"4\", \"confident\": 0.8482264047859509}", "{\"boxes\": [[367, 939], [622, 939], [622, 1023], [367, 1023]], \"text\": \"Rnxek\", \"confident\": 0.15185857175358064}", "{\"boxes\": [[702, 975], [872, 975], [872, 1042], [702, 1042]], \"text\": \"Mpo\", \"confident\": 0.2296105797123508}", "{\"boxes\": [[928, 982], [1002, 982], [1002, 1014], [928, 1014]], \"text\": \"4 h\", \"confident\": 0.1446096840719516}", "{\"boxes\": [[1094, 942], [1412, 942], [1412, 1038], [1094, 1038]], \"text\": \"Mpfnmecl\", \"confident\": 0.2781531725184091}", "{\"boxes\": [[1464, 926], [1896, 926], [1896, 1024], [1464, 1024]], \"text\": \"Aebbuatrw) .\", \"confident\": 0.11373724014448373}", "{\"boxes\": [[56, 1128], [176, 1128], [176, 1200], [56, 1200]], \"text\": \"N\", \"confident\": 0.8825979323143116}", "{\"boxes\": [[262, 1154], [484, 1154], [484, 1202], [262, 1202]], \"text\": \"cno ua\", \"confident\": 0.14026002006112082}", "{\"boxes\": [[576, 1120], [901, 1120], [901, 1234], [576, 1234]], \"text\": \"Madaea_4\", \"confident\": 0.12275729424362346}", "{\"boxes\": [[1186, 1120], [1314, 1120], [1314, 1194], [1186, 1194]], \"text\": \"+l\", \"confident\": 0.03223092741313645}", "{\"boxes\": [[70, 1332], [199, 1332], [199, 1383], [70, 1383]], \"text\": \"wec\u20ac\", \"confident\": 0.23499353229999542}", "{\"boxes\": [[495, 1345], [561, 1345], [561, 1383], [495, 1383]], \"text\": \"6+\", \"confident\": 0.2278738442018656}", "{\"boxes\": [[833, 1296], [949, 1296], [949, 1371], [833, 1371]], \"text\": \"Ai\", \"confident\": 0.10129854042130917}", "{\"boxes\": [[1033, 1291], [1421, 1291], [1421, 1376], [1033, 1376]], \"text\": \"Ben Idared\", \"confident\": 0.19270948999433898}", "{\"boxes\": [[1474, 1294], [1674, 1294], [1674, 1360], [1474, 1360]], \"text\": \"Brau\", \"confident\": 0.6706128596819325}", "{\"boxes\": [[1763, 1298], [1936, 1298], [1936, 1370], [1763, 1370]], \"text\": \"Abex\", \"confident\": 0.16701699793338776}", "{\"boxes\": [[258, 1329], [429, 1329], [429, 1419], [258, 1419]], \"text\": \"8aw\", \"confident\": 0.06583738858216732}", "{\"boxes\": [[71, 1513], [107, 1513], [107, 1551], [71, 1551]], \"text\": \"0\", \"confident\": 0.17516625266195263}", "{\"boxes\": [[201, 1515], [343, 1515], [343, 1559], [201, 1559]], \"text\": \"Mau\", \"confident\": 0.46612086703920014}", "{\"boxes\": [[513, 1513], [569, 1513], [569, 1555], [513, 1555]], \"text\": \"Q\", \"confident\": 0.13749236626100814}", "{\"boxes\": [[1024, 1479], [1177, 1479], [1177, 1554], [1024, 1554]], \"text\": \"and\", \"confident\": 0.9876539449024815}", "{\"boxes\": [[1250, 1481], [1514, 1481], [1514, 1558], [1250, 1558]], \"text\": \"koesau6\", \"confident\": 0.18895589603762952}", "{\"boxes\": [[1581, 1483], [1663, 1483], [1663, 1545], [1581, 1545]], \"text\": \"ki\", \"confident\": 0.3141440741981553}", "{\"boxes\": [[1730, 1472], [1884, 1472], [1884, 1547], [1730, 1547]], \"text\": \"&a, 4\", \"confident\": 0.48118687115317843}", "{\"boxes\": [[83, 1681], [229, 1681], [229, 1771], [83, 1771]], \"text\": \"qt\", \"confident\": 0.7661286309340978}", "{\"boxes\": [[298, 1672], [386, 1672], [386, 1744], [298, 1744]], \"text\": \"ik\", \"confident\": 0.4930239527222333}", "{\"boxes\": [[459, 1693], [567, 1693], [567, 1737], [459, 1737]], \"text\": \"Ma\", \"confident\": 0.5284222822501805}", "{\"boxes\": [[680, 1673], [844, 1673], [844, 1736], [680, 1736]], \"text\": \"AuL\", \"confident\": 0.562948746902009}", "{\"boxes\": [[840, 1655], [1141, 1655], [1141, 1767], [840, 1767]], \"text\": 