{"prediction": ["{\"boxes\": [[155, 51], [390, 51], [390, 208], [155, 208]], \"text\": \"wuade\", \"confident\": 0.49584104961205344}", "{\"boxes\": [[416, 90], [496, 90], [496, 192], [416, 192]], \"text\": \"i#\", \"confident\": 0.48877800554522394}", "{\"boxes\": [[1118, 78], [1436, 78], [1436, 202], [1118, 202]], \"text\": \"tned to\", \"confident\": 0.6341129898917004}", "{\"boxes\": [[56, 274], [234, 274], [234, 370], [56, 370]], \"text\": \"MOhus\", \"confident\": 0.24268645017341303}", "{\"boxes\": [[930, 47], [1133, 119], [1082, 250], [879, 178]], \"text\": \"Coy\", \"confident\": 0.9849443417278184}", "{\"boxes\": [[1460, 94], [1692, 61], [1703, 219], [1471, 252]], \"text\": \"keak\", \"confident\": 0.16108070313930511}", "{\"boxes\": [[548, 88], [793, 66], [796, 223], [552, 246]], \"text\": \"hyr84\", \"confident\": 0.058990170516081464}", "{\"boxes\": [[239, 206], [449, 283], [390, 432], [180, 355]], \"text\": \"Adby\", \"confident\": 0.3446061313152313}"]}