{"prediction": ["{\"boxes\": [[86, 50], [190, 50], [190, 170], [86, 170]], \"text\": \"Nc\", \"confident\": 0.8029093851564588}", "{\"boxes\": [[287, 99], [329, 99], [329, 161], [287, 161]], \"text\": \"0\", \"confident\": 0.9998151149383183}", "{\"boxes\": [[323, 56], [489, 56], [489, 176], [323, 176]], \"text\": \"(bet\", \"confident\": 0.9606058597564697}", "{\"boxes\": [[543, 105], [726, 105], [726, 179], [543, 179]], \"text\": \"hews\", \"confident\": 0.9909060001373291}", "{\"boxes\": [[1176, 54], [1472, 54], [1472, 188], [1176, 188]], \"text\": \"Flacne\", \"confident\": 0.6715018292486136}", "{\"boxes\": [[1539, 109], [1625, 109], [1625, 171], [1539, 171]], \"text\": \"(S\", \"confident\": 0.30485886831899567}", "{\"boxes\": [[1685, 107], [1773, 107], [1773, 175], [1685, 175]], \"text\": \"@m\", \"confident\": 0.2966521601644517}", "{\"boxes\": [[40, 234], [479, 234], [479, 407], [40, 407]], \"text\": \"an4 gu5\", \"confident\": 0.2318504071686204}", "{\"boxes\": [[540, 234], [616, 234], [616, 338], [540, 338]], \"text\": \"t\", \"confident\": 0.47686905674249047}", "{\"boxes\": [[697, 282], [969, 282], [969, 390], [697, 390]], \"text\": \"matty\", \"confident\": 0.9960486571775073}", "{\"boxes\": [[1042, 292], [1092, 292], [1092, 342], [1042, 342]], \"text\": \"W\", \"confident\": 0.042959677763420245}", "{\"boxes\": [[1121, 240], [1541, 240], [1541, 439], [1121, 439]], \"text\": \"Fotegnet\", \"confident\": 0.4679939848555797}", "{\"boxes\": [[323, 426], [556, 426], [556, 541], [323, 541]], \"text\": \"teedl\", \"confident\": 0.5162144277415259}", "{\"boxes\": [[627, 413], [798, 413], [798, 529], [627, 529]], \"text\": \"the\", \"confident\": 0.3429506082264195}", "{\"boxes\": [[868, 409], [1107, 409], [1107, 550], [868, 550]], \"text\": \"tesk\", \"confident\": 0.8813987970352173}", "{\"boxes\": [[1156, 432], [1294, 432], [1294, 558], [1156, 558]], \"text\": \"oF\", \"confident\": 0.2566388528255131}", "{\"boxes\": [[1336, 420], [1496, 420], [1496, 537], [1336, 537]], \"text\": \"tbe\", \"confident\": 0.447463700657863}", "{\"boxes\": [[1541, 401], [1799, 401], [1799, 539], [1541, 539]], \"text\": \"leftet\", \"confident\": 0.4143242891173996}", "{\"boxes\": [[45, 581], [187, 581], [187, 721], [45, 721]], \"text\": \"i0\", \"confident\": 0.12520297237323091}", "{\"boxes\": [[238, 578], [444, 578], [444, 717], [238, 717]], \"text\": \"Jack\", \"confident\": 0.35009199380874634}", "{\"boxes\": [[497, 635], [589, 635], [589, 703], [497, 703]], \"text\": \"(M\", \"confident\": 0.22050804907829216}", "{\"boxes\": [[1222, 554], [1570, 554], [1570, 726], [1222, 726]], \"text\": \"Elamnz\", \"confident\": 0.49167720970925943}", "{\"boxes\": [[1603, 619], [1776, 619], [1776, 715], [1603, 715]], \"text\": \"Was\", \"confident\": 0.6972178056268797}", "{\"boxes\": [[1797, 645], [1889, 645], [1889, 707], [1797, 707]], \"text\": \"On\", \"confident\": 0.340437893455248}", "{\"boxes\": [[44, 780], [148, 780], [148, 890], [44, 890]], \"text\": \"to\", \"confident\": 0.9964088726974482}", "{\"boxes\": [[681, 785], [829, 785], [829, 897], [681, 897]], \"text\": \"she\", \"confident\": 0.707310442373487}", "{\"boxes\": [[880, 772], [1091, 772], [1091, 904], [880, 904]], \"text\": \"bacl\", \"confident\": 0.7587031126022339}", "{\"boxes\": [[1452, 820], [1546, 820], [1546, 898], [1452, 898]], \"text\": \"su\", \"confident\": 0.18075211901749733}", "{\"boxes\": [[1607, 781], [1852, 781], [1852, 906], [1607, 906]], \"text\": \"muc h\", \"confident\": 0.43207198642451394}", "{\"boxes\": [[37, 947], [267, 947], [267, 1081], [37, 1081]], \"text\": \"WiHb\", \"confident\": 0.31550562381744385}", "{\"boxes\": [[304, 932], [452, 932], [452, 1076], [304, 1076]], \"text\": \"a/\", \"confident\": 0.8999264739112169}", "{\"boxes\": [[510, 942], [1044, 942], [1044, 1140], [510, 1140]], \"text\": \"bet  pacly\", \"confident\": 0.37586942000218204}", "{\"boxes\": [[1143, 951], [1403, 951], [1403, 1083], [1143, 1083]], \"text\": \"Thel\", \"confident\": 0.6070718486219384}", "{\"boxes\": [[1454, 988], [1661, 988], [1661, 1085], [1454, 1085]], \"text\": \"Wos\", \"confident\": 0.6190657197468941}", "{\"boxes\": [[73, 1131], [349, 1131], [349, 1251], [73, 1251]], \"text\": \"Gouh\", \"confident\": 0.20668737590312958}", "{\"boxes\": [[438, 1130], [652, 1130], [652, 1256], [438, 1256]], \"text\": \"hadl\", \"confident\": 0.6847574600454504}", "{\"boxes\": [[742, 1175], [1003, 1175], [1003, 1254], [742, 1254]], \"text\": \"come\", \"confident\": 0.5185816884040833}", "{\"boxes\": [[1092, 1107], [1339, 1107], [1339, 1259], [1092, 1259]], \"text\": \"back\", \"confident\": 0.9933216571807861}", "{\"boxes\": [[1416, 1129], [1777, 1129], [1777, 1257], [1416, 1257]], \"text\": \"k bet _\", \"confident\": 0.31335258909557057}", "{\"boxes\": [[331, 1285], [513, 1285], [513, 1471], [331, 1471]], \"text\": \"ling\", \"confident\": 0.542288601398468}", "{\"boxes\": [[547, 1345], [754, 1345], [754, 1433], [547, 1433]], \"text\": \"Wa $\", \"confident\": 0.5348373064702802}", "{\"boxes\": [[1159, 1302], [1432, 1302], [1432, 1441], [1159, 1441]], \"text\": \"cleet\", \"confident\": 0.9665841115983969}", "{\"boxes\": [[1763, 1329], [2041, 1329], [2041, 1441], [1763, 1441]], \"text\": \"und b\", \"confident\": 0.48082883792941966}", "{\"boxes\": [[74, 1476], [252, 1476], [252, 1602], [74, 1602]], \"text\": \"he\", \"confident\": 0.9697942909763374}", "{\"boxes\": [[340, 1528], [522, 1528], [522, 1604], [340, 1604]], \"text\": \"Own\", \"confident\": 0.8783702543781831}", "{\"boxes\": [[601, 1526], [953, 1526], [953, 1646], [601, 1646]], \"text\": \"sutrife\", \"confident\": 0.9040008742944232}", "{\"boxes\": [[1261, 1497], [1501, 1497], [1501, 1656], [1261, 1656]], \"text\": \"Fell\", \"confident\": 0.5145066380500793}", "{\"boxes\": [[1528, 1540], [1634, 1540], [1634, 1614], [1528, 1614]], \"text\": \"ho\", \"confident\": 0.4843664042132735}", "{\"boxes\": [[1670, 1487], [2145, 1487], [2145, 1626], [1670, 1626]], \"text\": \"heatlbieak\", \"confident\": 0.30377442231321744}", "{\"boxes\": [[2123, 1591], [2161, 1591], [2161, 1647], [2123, 1647]], \"text\": \"1\", \"confident\": 0.9351765108182839}", "{\"boxes\": [[85, 1691], [201, 1691], [201, 1783], [85, 1783]], \"text\": \"Ya\", \"confident\": 0.24906069449736307}", "{\"boxes\": [[401, 1719], [477, 1719], [477, 1779], [401, 1779]], \"text\": \"0\", \"confident\": 0.4849369956914984}", "{\"boxes\": [[584, 1711], [815, 1711], [815, 1803], [584, 1803]], \"text\": \"sense\", \"confident\": 0.7224336663339609}", "{\"boxes\": [[886, 1670], [1346, 1670], [1346, 1816], [886, 1816]], \"text\": \"o/ tekef\", \"confident\": 0.5007599223828682}", "{\"boxes\": [[1600, 1662], [1812, 1662], [1812, 1786], [1600, 1786]], \"text\": \"tbd\", \"confident\": 0.31897610866756587}", "{\"boxes\": [[1850, 1676], [2008, 1676], [2008, 1776], [1850, 1776]], \"text\": \"sbe\", \"confident\": 0.9411073355113512}", "{\"boxes\": [[335, 1831], [573, 1831], [573, 2013], [335, 2013]], \"text\": \"wby\", \"confident\": 0.9384758890168947}", "{\"boxes\": [[671, 1832], [940, 1832], [940, 1971], [671, 1971]], \"text\": \"Govin\", \"confident\": 0.6817609550699566}", "{\"boxes\": [[1022, 1841], [1227, 1841], [1227, 1967], [1022, 1967]], \"text\": \"had\", \"confident\": 0.8949175418334576}", "{\"boxes\": [[1283, 1888], [1554, 1888], [1554, 1972], [1283, 1972]], \"text\": \"cownt\", \"confident\": 0.12361025055904139}", "{\"boxes\": [[1637, 1843], [1753, 1843], [1753, 1969], [1637, 1969]], \"text\": \"to\", \"confident\": 0.8272380880726918}", "{\"boxes\": [[1805, 1885], [1972, 1885], [1972, 1960], [1805, 1960]], \"text\": \"Se6\", \"confident\": 0.24546306361540532}", "{\"boxes\": [[61, 2006], [285, 2006], [285, 2129], [61, 2129]], \"text\": \"bet .\", \"confident\": 0.762185917913318}", "{\"boxes\": [[816, 99], [1106, 49], [1119, 193], [830, 242]], \"text\": \"except\", \"confident\": 0.5029242476977163}", "{\"boxes\": [[1745, 113], [2005, 52], [2024, 179], [1764, 239]], 