{"prediction": ["{\"boxes\": [[40, 42], [220, 42], [220, 170], [40, 170]], \"text\": \"8O .\", \"confident\": 0.8171369102297581}", "{\"boxes\": [[242, 142], [274, 142], [274, 182], [242, 182]], \"text\": \"4\", \"confident\": 0.19163511825425772}", "{\"boxes\": [[259, 61], [979, 61], [979, 225], [259, 225]], \"text\": \"Dx Gutueved kr lev.\", \"confident\": 0.26500372314398046}", "{\"boxes\": [[1077, 44], [1821, 44], [1821, 229], [1077, 229]], \"text\": \"ksf Ulel . kccs al 6\", \"confident\": 0.07814520089648197}", "{\"boxes\": [[27, 218], [1142, 218], [1142, 415], [27, 415]], \"text\": \"tvust hn aut & 'ur sUt aud\", \"confident\": 0.08334694126855764}", "{\"boxes\": [[1407, 279], [1471, 279], [1471, 355], [1407, 355]], \"text\": \"tv\", \"confident\": 0.6598287777705454}", "{\"boxes\": [[1673, 279], [1749, 279], [1749, 339], [1673, 339]], \"text\": \"Ou\", \"confident\": 0.642500165245762}", "{\"boxes\": [[63, 459], [103, 459], [103, 511], [63, 511]], \"text\": \"O\", \"confident\": 0.7517963609985578}", "{\"boxes\": [[158, 399], [729, 399], [729, 557], [158, 557]], \"text\": \"bvave  fate Gud\", \"confident\": 0.5351523795997273}", "{\"boxes\": [[929, 419], [1165, 419], [1165, 535], [929, 535]], \"text\": \"d Mct\", \"confident\": 0.27520760933496896}", "{\"boxes\": [[1344, 429], [1547, 429], [1547, 542], [1344, 542]], \"text\": \"doutF\", \"confident\": 0.3442412751362908}", "{\"boxes\": [[1174, 470], [1320, 470], [1320, 592], [1174, 592]], \"text\": \"Uvu\", \"confident\": 0.4618600261118183}", "{\"boxes\": [[53, 561], [241, 561], [241, 701], [53, 701]], \"text\": \"Mkus\", \"confident\": 0.19581186771392822}", "{\"boxes\": [[229, 633], [363, 633], [363, 697], [229, 697]], \"text\": \"Ue^\", \"confident\": 0.6088405592549725}", "{\"boxes\": [[394, 606], [518, 606], [518, 703], [394, 703]], \"text\": \"l\", \"confident\": 0.13489013725929055}", "{\"boxes\": [[537, 595], [741, 595], [741, 753], [537, 753]], \"text\": \"{ab\", \"confident\": 0.23620519437297421}", "{\"boxes\": [[787, 591], [1496, 591], [1496, 716], [787, 716]], \"text\": \"milk  aolles wta\", \"confident\": 0.1084084498358317}", "{\"boxes\": [[1537, 585], [1842, 585], [1842, 725], [1537, 725]], \"text\": \"& tzl\", \"confident\": 0.10513864943527661}", "{\"boxes\": [[50, 816], [206, 816], [206, 936], [50, 936]], \"text\": \"Asbu\", \"confident\": 0.1623319387435913}", "{\"boxes\": [[270, 793], [467, 793], [467, 908], [270, 908]], \"text\": \"Kiol\", \"confident\": 0.3153884708881378}", "{\"boxes\": [[984, 832], [1138, 832], [1138, 954], [984, 954]], \"text\": \"dou\", \"confident\": 0.13463232189580687}", "{\"boxes\": [[1385, 789], [1715, 789], [1715, 951], [1385, 951]], \"text\": \"4u typ\", \"confident\": 0.222526854503528}", "{\"boxes\": [[48, 940], [237, 940], [237, 1088], [48, 1088]], \"text\": \"Alo\", \"confident\": 0.38470801653765635}", "{\"boxes\": [[281, 1005], [343, 1005], [343, 1077], [281, 1077]], \"text\": \"U\", \"confident\": 0.13118684800013458}", "{\"boxes\": [[401, 962], [922, 962], [922, 1137], [401, 1137]], \"text\": \"tuk encud\", \"confident\": 0.26533842083764936}", "{\"boxes\": [[975, 979], [1067, 979], [1067, 1085], [975, 1085]], \"text\": \"to\", \"confident\": 0.6278358731712079}", "{\"boxes\": [[1371, 975], [1516, 975], [1516, 1075], [1371, 1075]], \"text\": \"L\", \"confident\": 0.9199666956718069}", "{\"boxes\": [[1476, 289], [1635, 234], [1665, 342], [1506, 398]], \"text\": \"Qul\", \"confident\": 0.35557207465171814}", "{\"boxes\": [[1177, 225], [1411, 298], [1370, 412], [1136, 339]], \"text\": \"kawj\", \"confident\": 0.12164238840341568}", "{\"boxes\": [[730, 448], [928, 403], [948, 533], [750, 579]], \"text\": \"Pvelu_\", \"confident\": 0.30029727778208704}", "{\"boxes\": [[1554, 444], [1725, 428], [1728, 518], [1556, 534]], \"text\": \"Md\", \"confident\": 0.7691149671094325}", "{\"boxes\": [[510, 768], [790, 833], [751, 971], [471, 907]], \"text\": \"cluced'\", \"confident\": 0.2117641457425613}", "{\"boxes\": [[1152, 815], [1365, 791], [1370, 888], [1157, 912]], \"text\": \"Ovex (\", \"confident\": 0.25107875550304776}", "{\"boxes\": [[805, 819], [956, 804], [959, 898], [809, 914]], \"text\": \"Gud\", \"confident\": 0.16083958436397708}", "{\"boxes\": [[1106, 943], [1363, 1012], [1320, 1148], [1063, 1080]], \"text\": \"lorde\", \"confident\": 0.14203659053157233}"]}