{"prediction": ["{\"boxes\": [[82, 40], [546, 40], [546, 168], [82, 168]], \"text\": \"Gaynddu .\", \"confident\": 0.35554296382715855}", "{\"boxes\": [[621, 65], [663, 65], [663, 123], [621, 123]], \"text\": \"1\", \"confident\": 0.9965068857572987}", "{\"boxes\": [[691, 47], [1042, 47], [1042, 134], [691, 134]], \"text\": \"khore Hhal\", \"confident\": 0.2976230088245873}", "{\"boxes\": [[1627, 59], [1811, 59], [1811, 143], [1627, 143]], \"text\": \"'Huk\", \"confident\": 0.7597712278366089}", "{\"boxes\": [[80, 254], [244, 254], [244, 302], [80, 302]], \"text\": \"Ibto\", \"confident\": 0.2039867490530014}", "{\"boxes\": [[259, 230], [419, 230], [419, 308], [259, 308]], \"text\": \"Hak\", \"confident\": 0.20201534844610278}", "{\"boxes\": [[472, 223], [1532, 223], [1532, 346], [472, 346]], \"text\": \"do neale Mhat, ad  any cau,\", \"confident\": 0.23510660409090128}", "{\"boxes\": [[1671, 246], [1862, 246], [1862, 320], [1671, 320]], \"text\": \"added\", \"confident\": 0.8286967389924834}", "{\"boxes\": [[150, 395], [338, 395], [338, 495], [150, 495]], \"text\": \"Lche\", \"confident\": 0.21698935329914093}", "{\"boxes\": [[389, 421], [471, 421], [471, 487], [389, 487]], \"text\": \"Il\", \"confident\": 0.0277257583231669}", "{\"boxes\": [[472, 404], [1082, 404], [1082, 528], [472, 528]], \"text\": \"#adly , \\\" / dd\", \"confident\": 0.1974579718931064}", "{\"boxes\": [[1296, 404], [1915, 404], [1915, 526], [1296, 526]], \"text\": \"Gaveny h troelsntt\", \"confident\": 0.05964644479374538}", "{\"boxes\": [[62, 575], [286, 575], [286, 675], [62, 675]], \"text\": \"k kh\", \"confident\": 0.26585868361917947}", "{\"boxes\": [[302, 614], [478, 614], [478, 668], [302, 668]], \"text\": \"tam<\", \"confident\": 0.6356012225151062}", "{\"boxes\": [[778, 573], [1166, 573], [1166, 676], [778, 676]], \"text\": \"Enotr rokak\", \"confident\": 0.4281805269389092}", "{\"boxes\": [[1215, 618], [1382, 618], [1382, 668], [1215, 668]], \"text\": \"mean\", \"confident\": 0.9549445509910583}", "{\"boxes\": [[1411, 579], [1816, 579], [1816, 682], [1411, 682]], \"text\": \"\\\"Utu und\", \"confident\": 0.5456057899638133}", "{\"boxes\": [[49, 755], [206, 755], [206, 859], [49, 859]], \"text\": \"Lze\", \"confident\": 0.25341279301870906}", "{\"boxes\": [[242, 774], [410, 774], [410, 852], [242, 852]], \"text\": \"Ule\", \"confident\": 0.22194013751512023}", "{\"boxes\": [[427, 805], [489, 805], [489, 845], [427, 845]], \"text\": \"U\", \"confident\": 0.28094678868564316}", "{\"boxes\": [[506, 763], [898, 763], [898, 871], [506, 871]], \"text\": \"TUzrdo-land,\", \"confident\": 0.1361242409590378}", "{\"boxes\": [[1075, 759], [1587, 759], [1587, 884], [1075, 884]], \"text\": \"qekly tockeel\", \"confident\": 0.15745559383020813}", "{\"boxes\": [[1740, 780], [1888, 780], [1888, 856], [1740, 856]], \"text\": \"end\", \"confident\": 0.45780434198017084}", "{\"boxes\": [[51, 939], [167, 939], [167, 1031], [51, 1031]], \"text\": \"Im\", \"confident\": 0.6510620981197767}", "{\"boxes\": [[966, 947], [1379, 947], [1379, 1032], [966, 1032]], \"text\": \"k aex Hkal _\", \"confident\": 0.10601495654221249}", "{\"boxes\": [[48, 1129], [395, 1129], [395, 1240], [48, 1240]], \"text\": \"Uoec kunc\", \"confident\": 0.3394385066565109}", "{\"boxes\": [[425, 1163], [515, 1163], [515, 1203], [425, 1203]], \"text\": \"on\", \"confident\": 0.695582619834075}", "{\"boxes\": [[544, 1122], [726, 1122], [726, 1202], [544, 1202]], \"text\": \"llak\", \"confident\": 0.12061046682831313}", "{\"boxes\": [[1272, 75], [1463, 36], [1476, 134], [1285, 173]], \"text\": \"~ak\", \"confident\": 0.6085791716523146}", "{\"boxes\": [[1475, 43], [1589, 58], [1575, 146], [1461, 130]], \"text\": \"Dcc ,\", \"confident\": 0.4537001474022389}", "{\"boxes\": [[1032, 81], [1262, 53], [1266, 138], [1037, 165]], \"text\": \"Yu ^\", \"confident\": 0.23842954635620117}", "{\"boxes\": [[1546, 238], [1656, 228], [1660, 308], [1550, 318]], \"text\": \"#e\", \"confident\": 0.4599600531096099}", "{\"boxes\": [[1091, 401], [1308, 445], [1284, 538], [1067, 494]], \"text\": \"chrar\", \"confident\": 0.17744296979998442}", "{\"boxes\": [[534, 572], [767, 605], [745, 716], [512, 682]], \"text\": \"4 yu\", \"confident\": 0.9080465372370113}", "{\"boxes\": [[1192, 586], [1230, 606], [1194, 671], [1156, 652]], \"text\": \"7\", \"confident\": 0.16925044246282628}", "{\"boxes\": [[950, 759], [1085, 780], [1068, 864], [934, 844]], \"text\": \"Doc\", \"confident\": 0.44877302646636963}", "{\"boxes\": [[1602, 763], [1737, 796], [1711, 890], [1575, 856]], \"text\": \"ho,\", \"confident\": 0.13814662226200067}", "{\"boxes\": [[170, 964], [369, 929], [380, 1032], [181, 1066]], \"text\": \"Z@d\", \"confident\": 0.12516453699405924}", "{\"boxes\": [[632, 938], [958, 986], [934, 1096], [608, 1047]], \"text\": \"kxtunnery\", \"confident\": 0.030632487063702748}", "{\"boxes\": [[365, 970], [609, 948], [611, 1036], [367, 1058]], \"text\": \"yr' e\", \"confident\": 0.3023463478853252}", "{\"boxes\": [[1609, 919], [1856, 977], [1824, 1088], [1577, 1029]], \"text\": \"xvathrg\", \"confident\": 0.14452827025779325}", "{\"boxes\": [[1347, 968], [1595, 929], [1603, 1032], [1355, 1071]], \"text\": \"yoa' _\", \"confident\": 0.11164120782435036}", "{\"boxes\": [[750, 1104], [918, 1142], [890, 1252], [721, 1214]], \"text\": \"t .\", \"confident\": 0.24637175121321556}"]}