{"prediction": ["{\"boxes\": [[99, 36], [1575, 36], [1575, 193], [99, 193]], \"text\": \"Andl   Jlon IQ 'QQ 90 (ar & mhal aCon\", \"confident\": 0.09815791875678477}", "{\"boxes\": [[1656, 56], [1810, 56], [1810, 154], [1656, 154]], \"text\": \"AQ\", \"confident\": 0.0908377369662219}", "{\"boxes\": [[38, 217], [282, 217], [282, 330], [38, 330]], \"text\": \"Oeod\", \"confident\": 0.35212984681129456}", "{\"boxes\": [[331, 233], [375, 233], [375, 309], [331, 309]], \"text\": \"A\", \"confident\": 0.95913477118701}", "{\"boxes\": [[423, 210], [1508, 210], [1508, 331], [423, 331]], \"text\": \"(Om Qilo Jus  wuueln '\u20ac\", \"confident\": 0.32138111086897625}", "{\"boxes\": [[1529, 233], [1645, 233], [1645, 323], [1529, 323]], \"text\": \"Ir\", \"confident\": 0.09028511959841408}", "{\"boxes\": [[1685, 230], [2028, 230], [2028, 339], [1685, 339]], \"text\": \"wosled\", \"confident\": 0.8064476899774079}", "{\"boxes\": [[2064, 240], [2090, 240], [2090, 280], [2064, 280]], \"text\": \"U\", \"confident\": 0.8750949485047954}", "{\"boxes\": [[55, 409], [157, 409], [157, 497], [55, 497]], \"text\": \"HQ\", \"confident\": 0.8678693674545799}", "{\"boxes\": [[164, 379], [533, 379], [533, 540], [164, 540]], \"text\": \"cshuled\", \"confident\": 0.37861065364995455}", "{\"boxes\": [[566, 396], [959, 396], [959, 507], [566, 507]], \"text\": \"Aauouds\", \"confident\": 0.2973029143282779}", "{\"boxes\": [[999, 409], [1139, 409], [1139, 501], [999, 501]], \"text\": \"K\", \"confident\": 0.6151138205553686}", "{\"boxes\": [[1383, 401], [1644, 401], [1644, 514], [1383, 514]], \"text\": \"(Qie\", \"confident\": 0.7057214975357056}", "{\"boxes\": [[1672, 412], [1808, 412], [1808, 514], [1672, 514]], \"text\": \"Jo\", \"confident\": 0.26012902386334946}", "{\"boxes\": [[1835, 401], [1997, 401], [1997, 557], [1835, 557]], \"text\": \"Qul\", \"confident\": 0.12291420297013314}", "{\"boxes\": [[54, 594], [281, 594], [281, 683], [54, 683]], \"text\": \"WO\", \"confident\": 0.2815584242625135}", "{\"boxes\": [[313, 588], [516, 588], [516, 685], [313, 685]], \"text\": \"(CO\", \"confident\": 0.3046093704313205}", "{\"boxes\": [[523, 574], [742, 574], [742, 739], [523, 739]], \"text\": \"Kel\", \"confident\": 0.3818029142502739}", "{\"boxes\": [[1057, 589], [1677, 589], [1677, 700], [1057, 700]], \"text\": \"QOr  A (odlo\", \"confident\": 0.13161680473552664}", "{\"boxes\": [[1717, 583], [1923, 583], [1923, 688], [1717, 688]], \"text\": \"Jo\", \"confident\": 0.2682390704414774}", "{\"boxes\": [[45, 751], [652, 751], [652, 866], [45, 866]], \"text\": \"Qd lus (and\", \"confident\": 0.40130126730971766}", "{\"boxes\": [[678, 764], [980, 764], [980, 866], [678, 866]], \"text\": \"0 Iop\", \"confident\": 0.6866648386365065}", "{\"boxes\": [[1036, 753], [1929, 753], [1929, 922], [1036, 922]], \"text\": \"Oy Quiled &l lucu\", \"confident\": 0.21059000699768246}", "{\"boxes\": [[47, 928], [345, 928], [345, 1100], [47, 1100]], \"text\": \"oqQun,\", \"confident\": 0.3326025637155816}", "{\"boxes\": [[667, 926], [1690, 926], [1690, 1098], [667, 1098]], \"text\": \"lxfd lof; Unanirg\", \"confident\": 0.08835001050746401}", "{\"boxes\": [[1750, 928], [1986, 928], [1986, 1050], [1750, 1050]], \"text\": \"Mat\", \"confident\": 0.38297829086568647}", "{\"boxes\": [[56, 1122], [255, 1122], [255, 1219], [56, 1219]], \"text\": \"nau\", \"confident\": 0.22293781172759283}", "{\"boxes\": [[273, 1101], [537, 1101], [537, 1285], [273, 1285]], \"text\": \"Ooin\", \"confident\": 0.4766240119934082}", "{\"boxes\": [[557, 1133], [765, 1133], [765, 1225], [557, 1225]], \"text\": \"UJTO\", \"confident\": 0.20269836485385895}", "{\"boxes\": [[795, 1113], [1135, 1113], [1135, 1222], [795, 1222]], \"text\": \"An Q\", \"confident\": 0.3890525799288944}", "{\"boxes\": [[1171, 1113], [1623, 1113], [1623, 1226], [1171, 1226]], \"text\": \"cill lor 8\", \"confident\": 0.16074211686840026}", "{\"boxes\": [[1656, 1124], [1820, 1124], [1820, 1226], [1656, 1226]], \"text\": \"Ior\", \"confident\": 0.2655142311998404}", "{\"boxes\": [[236, 1360], [268, 1360], [268, 1418], [236, 1418]], \"text\": \"1\", \"confident\": 0.7328494869912596}", "{\"boxes\": [[292, 1294], [440, 1294], [440, 1468], [292, 1468]], \"text\": \"}\", \"confident\": 0.15257659854770456}", "{\"boxes\": [[1121, 1289], [1347, 1289], [1347, 1445], [1121, 1445]], \"text\": \"Yar a\", \"confident\": 0.6518337510963422}", "{\"boxes\": [[1369, 1311], [1730, 1311], [1730, 1408], [1369, 1408]], \"text\": \"(ooond\", \"confident\": 0.562550437988411}", "{\"boxes\": [[35, 1461], [355, 1461], [355, 1578], [35, 1578]], \"text\": \"lesos\", \"confident\": 0.30086451462144903}", "{\"boxes\": [[411, 1469], [797, 1469], [797, 1578], [411, 1578]], \"text\": \"dx Uoq\", \"confident\": 0.2541400846430665}", "{\"boxes\": [[829, 1472], [1298, 1472], [1298, 1587], [829, 1587]], \"text\": \"Qqn lui\", \"confident\": 0.27181433388764514}", "{\"boxes\": [[1676, 1471], [1963, 1471], [1963, 1585], [1676, 1585]], \"text\": \"@luna\", \"confident\": 0.18474659656098988}", "{\"boxes\": [[1178, 379], [1381, 437], [1337, 570], [1135, 513]], \"text\": \"0oy\", \"confident\": 0.7707486742264618}", "{\"boxes\": [[778, 538], [1046, 603], [1003, 751], [736, 686]], \"text\": \"reinq\", \"confident\": 0.9171894983544205}", "{\"boxes\": [[379, 927], [661, 973], [631, 1112], [349, 1066]], \"text\": \"UY\", \"confident\": 0.2353160079958434}", "{\"boxes\": [[57, 1278], [268, 1327], [231, 1466], [20, 1417]], \"text\": \"only\", \"confident\": 0.42694300413131714}", "{\"boxes\": [[1768, 1290], [1925, 1315], [1904, 1423], [1747, 1398]], \"text\": \"Ax\", \"confident\": 0.2982890765110099}", "{\"boxes\": [[485, 1246], [1094, 1321], [1066, 1461], [457, 1386]], \"text\": \"MQlaubonq\", \"confident\": 0.6137292079302883}", "{\"boxes\": [[1349, 1436], [1657, 1501], [1619, 1642], [1312, 1577]], \"text\": \"qioinq\", \"confident\": 0.20766788850605952}"]}