{"prediction": ["{\"boxes\": [[1523, 35], [1893, 35], [1893, 149], [1523, 149]], \"text\": \"Po-t6J\", \"confident\": 0.15212411164695425}", "{\"boxes\": [[94, 74], [374, 74], [374, 196], [94, 196]], \"text\": \"Senferze\", \"confident\": 0.3755165107282116}", "{\"boxes\": [[406, 85], [676, 85], [676, 196], [406, 196]], \"text\": \"Dalubas\", \"confident\": 0.8582441791828994}", "{\"boxes\": [[497, 257], [611, 257], [611, 379], [497, 379]], \"text\": \"the\", \"confident\": 0.4814271087053573}", "{\"boxes\": [[667, 305], [788, 305], [788, 377], [667, 377]], \"text\": \"Man\", \"confident\": 0.49570487749350656}", "{\"boxes\": [[842, 276], [1199, 276], [1199, 428], [842, 428]], \"text\": \"whovn You\", \"confident\": 0.5882327301146575}", "{\"boxes\": [[1227, 305], [1363, 305], [1363, 397], [1227, 397]], \"text\": \"have\", \"confident\": 0.9999739527702332}", "{\"boxes\": [[1407, 305], [1541, 305], [1541, 395], [1407, 395]], \"text\": \"Fren\", \"confident\": 0.15748007595539093}", "{\"boxes\": [[1781, 324], [1920, 324], [1920, 420], [1781, 420]], \"text\": \"Sour\", \"confident\": 0.6722002625465393}", "{\"boxes\": [[97, 433], [367, 433], [367, 547], [97, 547]], \"text\": \"heart ouf\", \"confident\": 0.8185215565663627}", "{\"boxes\": [[385, 487], [524, 487], [524, 552], [385, 552]], \"text\": \"Over\", \"confident\": 0.9821590781211853}", "{\"boxes\": [[544, 456], [592, 456], [592, 510], [544, 510]], \"text\": \"2\", \"confident\": 0.9999678137508141}", "{\"boxes\": [[659, 457], [1041, 457], [1041, 565], [659, 565]], \"text\": \"Doc  nodded\", \"confident\": 0.773277670154819}", "{\"boxes\": [[1076, 467], [1315, 467], [1315, 576], [1076, 576]], \"text\": \"towards\", \"confident\": 0.9807545454291537}", "{\"boxes\": [[1351, 453], [1467, 453], [1467, 569], [1351, 569]], \"text\": \"tk\", \"confident\": 0.869920690225213}", "{\"boxes\": [[1740, 466], [1876, 466], [1876, 592], [1740, 592]], \"text\": \"You\", \"confident\": 0.9740092161412847}", "{\"boxes\": [[257, 623], [502, 623], [502, 731], [257, 731]], \"text\": \"Considec\", \"confident\": 0.4717092048431095}", "{\"boxes\": [[526, 630], [638, 630], [638, 728], [526, 728]], \"text\": \"him\", \"confident\": 0.8630981341089679}", "{\"boxes\": [[681, 681], [723, 681], [723, 723], [681, 723]], \"text\": \"0\", \"confident\": 0.08202848814279662}", "{\"boxes\": [[770, 682], [886, 682], [886, 738], [770, 738]], \"text\": \"Man\", \"confident\": 0.9754616086203389}", "{\"boxes\": [[968, 656], [1016, 656], [1016, 726], [968, 726]], \"text\": \"1\", \"confident\": 0.9925463138398847}", "{\"boxes\": [[1075, 635], [1261, 635], [1261, 743], [1075, 743]], \"text\": \"would\", \"confident\": 0.9974817523058127}", "{\"boxes\": [[1456, 644], [1532, 644], [1532, 742], [1456, 742]], \"text\": \"he\", \"confident\": 0.9871006787555177}", "{\"boxes\": [[1737, 695], [1777, 695], [1777, 739], [1737, 739]], \"text\": \"a\", \"confident\": 0.7288694037868915}", "{\"boxes\": [[88, 833], [265, 833], [265, 901], [88, 901]], \"text\": \"melal\", \"confident\": 0.938724954262426}", "{\"boxes\": [[379, 798], [691, 798], [691, 919], [379, 919]], \"text\": \"ddolescent\", \"confident\": 0.6714796341665129}", "{\"boxes\": [[864, 842], [894, 842], [894, 880], [864, 880]], \"text\": \"1\", \"confident\": 0.15723571187786778}", "{\"boxes\": [[997, 821], [1109, 821], [1109, 931], [997, 931]], \"text\": \"Oh ,\", \"confident\": 0.6081046462059021}", "{\"boxes\": [[1140, 831], [1260, 831], [1260, 917], [1140, 917]], \"text\": \"Dc\", \"confident\": 0.9908017519188832}", "{\"boxes\": [[69, 1018], [188, 1018], [188, 1087], [69, 1087]], \"text\": \"Wea\", \"confident\": 0.9997229136185645}", "{\"boxes\": [[181, 971], [289, 971], [289, 1107], [181, 1107]], \"text\": \"Ky\", \"confident\": 0.4376555595852469}", "{\"boxes\": [[398, 972], [926, 972], [926, 1116], [398, 1116]], \"text\": \"You don't know\", \"confident\": 0.5870694839065759}", "{\"boxes\": [[948, 990], [1134, 990], [1134, 1088], [948, 1088]], \"text\": \"Gavin\", \"confident\": 0.739865441697509}", "{\"boxes\": [[1468, 986], [1872, 986], [1872, 1134], [1468, 1134]], \"text\": \"only nctf hin\", \"confident\": 0.23983022265216275}", "{\"boxes\": [[276, 1148], [708, 1148], [708, 1275], [276, 1275]], \"text\": \"bl 1 #nk\", \"confident\": 0.2610150147037675}", "{\"boxes\": [[735, 1183], [905, 1183], [905, 1274], [735, 1274]], \"text\": \"[ Can\", \"confident\": 0.8256110926433011}", "{\"boxes\": [[944, 1155], [1175, 1155], [1175, 1294], [944, 1294]], \"text\": \"Sofely\", \"confident\": 0.5240896244251986}", "{\"boxes\": [[1210, 1209], [1343, 1209], [1343, 1306], [1210, 1306]], \"text\": \"Say\", \"confident\": 0.9496511456984537}", "{\"boxes\": [[1379, 1169], [1629, 1169], [1629, 1283], [1379, 1283]], \"text\": \"that [\", \"confident\": 0.3951600162430248}", "{\"boxes\": [[1669, 1169], [1862, 1169], [1862, 1284], [1669, 1284]], \"text\": \"Know\", \"confident\": 0.7754946947097778}", "{\"boxes\": [[64, 1334], [210, 1334], [210, 1454], [64, 1454]], \"text\": \"hin\", \"confident\": 0.7855561155371722}", "{\"boxes\": [[220, 1390], [272, 1390], [272, 1448], [220, 1448]], \"text\": \"(\", \"confident\": 0.14857731262196694}", "{\"boxes\": [[523, 1336], [683, 1336], [683, 1462], [523, 1462]], \"text\": \"deal\", \"confident\": 0.993126392364502}", "{\"boxes\": [[723, 1327], [919, 1327], [919, 1461], [723, 1461]], \"text\": \"beler\", \"confident\": 0.6507915132590076}", "{\"boxes\": [[1122, 1388], [1258, 1388], [1258, 1486], [1122, 1486]], \"text\": \"You\", \"confident\": 0.351231197804367}", "{\"boxes\": [[1310, 1342], [1438, 1342], [1438, 1446], [1310, 1446]], \"text\": \"do .\", \"confident\": 0.2947255074977875}", "{\"boxes\": [[297, 253], [479, 241], [480, 374], [298, 386]], \"text\": \"#hal s\", \"confident\": 0.6314036800091201}", "{\"boxes\": [[181, 244], [307, 262], [287, 377], [161, 359]], \"text\": \"And\", \"confident\": 0.9500935259078392}", "{\"boxes\": [[1595, 301], [1772, 331], [1751, 427], [1574, 396]], \"text\": \"ealing\", \"confident\": 0.6381048891222822}", "{\"boxes\": [[1511, 449], [1652, 489], [1621, 588], [1480, 548]], \"text\": \"dobr -\", \"confident\": 0.6978644859606563}", "{\"boxes\": [[107, 658], [226, 675], [213, 748], [94, 730]], \"text\": \"mdi\", \"confident\": 0.5139846599762429}", "{\"boxes\": [[1303, 662], [1420, 683], [1400, 779], [1283, 759]], \"text\": \"Say\", \"confident\": 0.3944775284536615}", "{\"boxes\": [[1582, 676], [1703, 697], [1691, 755], [1570, 735]], \"text\": \"WuS\", \"confident\": 0.22356557923651652}", "{\"boxes\": [[1610, 818], [1884, 769], [1899, 916], [1625, 965]], \"text\": \"Pafestd\", \"confident\": 0.20163443143970164}", "{\"boxes\": [[1473, 795], [1620, 839], [1578, 970], [1431, 926]], \"text\": \"G4y\", \"confident\": 0.5319593312336878}", "{\"boxes\": [[694, 877], [838, 799], [881, 883], [737, 961]], \"text\": \"cad _\", \"confident\": 0.8426121105171784}", "{\"boxes\": [[1293, 991], [1444, 1014], [1424, 1111], [1274, 1088]], \"text\": \"I've\", \"confident\": 0.33013129234313965}", "{\"boxes\": [[74, 1143], [262, 1173], [237, 1301], [48, 1271]], \"text\": \"today\", \"confident\": 0.8764179192005297}", "{\"boxes\": [[307, 1363], [491, 1329], [504, 1448], [321, 1482]], \"text\": \"S\\\"eat\", \"confident\": 0.17165532144001883}", "{\"boxes\": [[963, 1326], [1106, 1348], [1084, 1461], [941, 1439]], \"text\": \"#han\", \"confident\": 0.6866800785064697}"]}