{"prediction": ["{\"boxes\": [[101, 55], [675, 55], [675, 172], [101, 172]], \"text\": \"Ok, he Wasn \u20ac\", \"confident\": 0.34521269634592217}", "{\"boxes\": [[782, 74], [914, 74], [914, 150], [782, 150]], \"text\": \"Ins\", \"confident\": 0.2645051156806944}", "{\"boxes\": [[956, 80], [1170, 80], [1170, 154], [956, 154]], \"text\": \"mofor\", \"confident\": 0.5755146855507235}", "{\"boxes\": [[1233, 54], [1432, 54], [1432, 154], [1233, 154]], \"text\": \"bike\", \"confident\": 0.9786949157714844}", "{\"boxes\": [[1457, 72], [1625, 72], [1625, 156], [1457, 156]], \"text\": \"had\", \"confident\": 0.9974263010492586}", "{\"boxes\": [[91, 240], [390, 240], [390, 330], [91, 330]], \"text\": \"brobeh\", \"confident\": 0.2743026098231663}", "{\"boxes\": [[437, 248], [667, 248], [667, 328], [437, 328]], \"text\": \"olown\", \"confident\": 0.37819702893956}", "{\"boxes\": [[716, 245], [1043, 245], [1043, 333], [716, 333]], \"text\": \"@uside\", \"confident\": 0.6811207367693649}", "{\"boxes\": [[1075, 246], [1253, 246], [1253, 339], [1075, 339]], \"text\": \"and\", \"confident\": 0.999912729756656}", "{\"boxes\": [[1274, 250], [1386, 250], [1386, 326], [1274, 326]], \"text\": \"he\", \"confident\": 0.9964016310818041}", "{\"boxes\": [[1429, 249], [1729, 249], [1729, 337], [1429, 337]], \"text\": \"notked\", \"confident\": 0.8477265444474505}", "{\"boxes\": [[51, 437], [273, 437], [273, 551], [51, 551]], \"text\": \"Sour\", \"confident\": 0.17553125321865082}", "{\"boxes\": [[312, 437], [472, 437], [472, 516], [312, 516]], \"text\": \"car\", \"confident\": 0.5798154574220349}", "{\"boxes\": [[507, 421], [693, 421], [693, 509], [507, 509]], \"text\": \"and\", \"confident\": 0.8261909856322401}", "{\"boxes\": [[723, 434], [954, 434], [954, 512], [723, 512]], \"text\": \"then\", \"confident\": 0.33746951818466187}", "{\"boxes\": [[962, 441], [1189, 441], [1189, 576], [962, 576]], \"text\": \"Je\", \"confident\": 0.13875678056180885}", "{\"boxes\": [[1571, 416], [1801, 416], [1801, 521], [1571, 521]], \"text\": \"eoc+h\", \"confident\": 0.2648246419255754}", "{\"boxes\": [[1057, 575], [1095, 575], [1095, 615], [1057, 615]], \"text\": \"4\", \"confident\": 0.7586930062470856}", "{\"boxes\": [[43, 595], [240, 595], [240, 684], [43, 684]], \"text\": \"tiS\", \"confident\": 0.43505713854009864}", "{\"boxes\": [[269, 598], [558, 598], [558, 696], [269, 696]], \"text\": \"blonde\", \"confident\": 0.9977075345906786}", "{\"boxes\": [[612, 604], [652, 604], [652, 634], [612, 634]], \"text\": \"c(\", \"confident\": 0.6601040264094118}", "{\"boxes\": [[688, 604], [730, 604], [730, 636], [688, 636]], \"text\": \"U(\", \"confident\": 0.09730151492401415}", "{\"boxes\": [[996, 590], [1044, 590], [1044, 664], [996, 664]], \"text\": \"2\", \"confident\": 0.9826379673477881}", "{\"boxes\": [[1124, 597], [1691, 597], [1691, 732], [1124, 732]], \"text\": \"Nigel Cocked\", \"confident\": 0.4577659758886392}", "{\"boxes\": [[665, 771], [705, 771], [705, 807], [665, 807]], \"text\": \"4\", \"confident\": 0.2997230456368847}", "{\"boxes\": [[58, 798], [219, 798], [219, 871], [58, 871]], \"text\": \"One\", \"confident\": 0.9453969034240739}", "{\"boxes\": [[1072, 779], [1266, 779], [1266, 876], [1072, 876]], \"text\": \"she\", \"confident\": 0.6000672544841853}", "{\"boxes\": [[1287, 801], [1447, 801], [1447, 863], [1287, 863]], \"text\": \"Oas\", \"confident\": 0.23925960090979984}", "{\"boxes\": [[1471, 776], [1808, 776], [1808, 879], [1471, 879]], \"text\": \"biunelk_\", \"confident\": 0.481240227637537}", "{\"boxes\": [[52, 952], [337, 952], [337, 1049], [52, 1049]], \"text\": \"a+4he\", \"confident\": 0.3773950704712252}", "{\"boxes\": [[368, 959], [571, 959], [571, 1048], [368, 1048]], \"text\": \"Coots\", \"confident\": 0.5946068519916863}", "{\"boxes\": [[600, 958], [797, 958], [797, 1059], [600, 1059]], \"text\": \"and\", \"confident\": 0.993190695657482}", "{\"boxes\": [[820, 964], [874, 964], [874, 1036], [820, 1036]], \"text\": \"J\", \"confident\": 0.9704755036618486}", "{\"boxes\": [[905, 969], [1081, 969], [1081, 1055], [905, 1055]], \"text\": \"had\", \"confident\": 0.7855567818925494}", "{\"boxes\": [[1107, 981], [1175, 981], [1175, 1047], [1107, 1047]], \"text\": \"Q\", \"confident\": 0.12893071062025285}", "{\"boxes\": [[1219, 963], [1557, 963], [1557, 1049], [1219, 1049]], \"text\": \"ledheacl\", \"confident\": 0.6224405891732665}", "{\"boxes\": [[1616, 994], [1724, 994], [1724, 1050], [1616, 1050]], \"text\": \"Qn\", \"confident\": 0.8401057086393504}", "{\"boxes\": [[49, 1137], [203, 1137], [203, 1227], [49, 1227]], \"text\": \"+he\", \"confident\": 0.3947872752267366}", "{\"boxes\": [[243, 1136], [461, 1136], [461, 1225], [243, 1225]], \"text\": \"ofhes\", \"confident\": 0.972522098602631}", "{\"boxes\": [[477, 1159], [649, 1159], [649, 1221], [477, 1221]], \"text\": \"alm\", \"confident\": 0.33003653763611596}", "{\"boxes\": [[754, 1150], [852, 1150], [852, 1224], [754, 1224]], \"text\": \"te\", \"confident\": 0.8270574790545927}", "{\"boxes\": [[889, 1135], [1196, 1135], [1196, 1239], [889, 1239]], \"text\": \"bould\", \"confident\": 0.5155146847270158}", "{\"boxes\": [[1220, 1138], [1651, 1138], [1651, 1237], [1220, 1237]], \"text\": \"hav +ld\", \"confident\": 0.4678483104896966}", "{\"boxes\": [[720, 1312], [750, 1312], [750, 1342], [720, 1342]], \"text\": \"4\", \"confident\": 0.10948491808768779}", "{\"boxes\": [[771, 1323], [899, 1323], [899, 1415], [771, 1415]], \"text\": \"No\", \"confident\": 0.9381393951184964}", "{\"boxes\": [[971, 1317], [1548, 1317], [1548, 1446], [971, 1446]], \"text\": \"she laehod\", \"confident\": 0.4522860071631892}", "{\"boxes\": [[51, 1495], [89, 1495], [89, 1531], [51, 1531]], \"text\": \"((\", \"confident\": 0.49454400511709956}", "{\"boxes\": [[125, 1511], [223, 1511], [223, 1577], [125, 1577]], \"text\": \"He\", \"confident\": 0.9931889708926602}", "{\"boxes\": [[256, 1495], [511, 1495], [511, 1583], [256, 1583]], \"text\": \"&dn \u20ac\", \"confident\": 0.10308370074534547}", "{\"boxes\": [[939, 1516], [1089, 1516], [1089, 1597], [939, 1597]], \"text\": \"sec\", \"confident\": 0.5524560247618565}", "{\"boxes\": [[1082, 1505], [1312, 1505], [1312, 1639], [1082, 1639]], \"text\": \"&eu _\", \"confident\": 0.17014821027389238}", "{\"boxes\": [[1388, 1488], [1768, 1488], [1768, 1601], [1388, 1601]], \"text\": \"&ecause\", \"confident\": 0.2839000052413721}", "{\"boxes\": [[80, 1696], [354, 1696], [354, 1772], [80, 1772]], \"text\": \"itwas\", \"confident\": 0.6715280959383064}", "{\"boxes\": [[372, 1688], [613, 1688], [613, 1810], [372, 1810]], \"text\": \"Yaur\", \"confident\": 0.43875235319137573}", "{\"boxes\": [[652, 1693], [805, 1693], [805, 1769], [652, 1769]], \"text\": \"Car\", \"confident\": 0.9807011307600075}", "{\"boxes\": [[852, 1682], [1308, 1682], [1308, 1807], [852, 1807]], \"text\": \"J sufyose\", \"confident\": 0.4749017422947647}", "{\"boxes\": [[1364, 1692], [1474, 1692], [1474, 1766], [1364, 1766]], \"text\": \"he\", \"confident\": 0.9864739568862134}", "{\"boxes\": [[75, 1850], [499, 1850], [499, 1967], [75, 1967]], \"text\": \"presumed\", \"confident\": 0.8295980218809367}", "{\"boxes\": [[514, 1852], [1188, 1852], [1188, 1988], [514, 1988]], \"text\": \"itnas &ou, all\", \"confident\": 0.3333920474297634}", "{\"boxes\": [[1212, 1860], [1521, 1860], [1521, 1947], [1212, 1947]], \"text\": \"drecSed\", \"confident\": 0.5795965728881675}", "{\"boxes\": [[1559, 1877], [1671, 1877], [1671, 1967], [1559, 1967]], \"text\": \"up\", \"confident\": 0.48247199357273024}", "{\"boxes\": [[1706, 1872], [1784, 1872], [1784, 1944], [1706, 1944]], \"text\": \"in\", \"confident\": 0.9939735284843471}", "{\"boxes\": [[1217, 398], [1559, 451], [1534, 559], [1193, 505]], \"text\": \"doncc5\", \"confident\": 0.15425627272722484}", "{\"boxes\": [[776, 561], [1007, 622], [971, 736], [740, 675]], \"text\": \"Qealy)\", \"confident\": 0.5883033498930523}", "{\"boxes\": [[262, 793], [636, 760], [637, 873], [263, 906]], 