{"prediction": ["{\"boxes\": [[96, 47], [464, 47], [464, 171], [96, 171]], \"text\": \"Dana\", \"confident\": 0.45198413729667664}", "{\"boxes\": [[512, 44], [748, 44], [748, 140], [512, 140]], \"text\": \"wlls\", \"confident\": 0.3271453082561493}", "{\"boxes\": [[797, 73], [1059, 73], [1059, 159], [797, 159]], \"text\": \"efkev\", \"confident\": 0.28245873228178453}", "{\"boxes\": [[1110, 72], [1313, 72], [1313, 151], [1110, 151]], \"text\": \"SAL\", \"confident\": 0.8470796498222333}", "{\"boxes\": [[1345, 80], [1471, 80], [1471, 153], [1345, 153]], \"text\": \"~1\", \"confident\": 0.3895909304025724}", "{\"boxes\": [[1516, 76], [1696, 76], [1696, 156], [1516, 156]], \"text\": \"Lle\", \"confident\": 0.3881877505904357}", "{\"boxes\": [[1744, 53], [2046, 53], [2046, 154], [1744, 154]], \"text\": \"Dvard\", \"confident\": 0.26157956456239084}", "{\"boxes\": [[240, 284], [358, 284], [358, 334], [240, 334]], \"text\": \"L\", \"confident\": 0.5312721194549717}", "{\"boxes\": [[457, 241], [712, 241], [712, 349], [457, 349]], \"text\": \"5 2a+\", \"confident\": 0.14469022096692138}", "{\"boxes\": [[803, 248], [1222, 248], [1222, 341], [803, 341]], \"text\": \"2 ~LzAz\", \"confident\": 0.04648283460293709}", "{\"boxes\": [[1296, 252], [1491, 252], [1491, 344], [1296, 344]], \"text\": \"+hx\", \"confident\": 0.22445416352784353}", "{\"boxes\": [[1578, 252], [2001, 252], [2001, 369], [1578, 369]], \"text\": \"hasp iL~|\", \"confident\": 0.15347444312671424}", "{\"boxes\": [[94, 425], [398, 425], [398, 562], [94, 562]], \"text\": \"J2Les\", \"confident\": 0.19464362462327095}", "{\"boxes\": [[491, 451], [675, 451], [675, 515], [491, 515]], \"text\": \"3nA\", \"confident\": 0.20621541596980683}", "{\"boxes\": [[848, 424], [1246, 424], [1246, 573], [848, 573]], \"text\": \"henjh+\", \"confident\": 0.5070379808809998}", "{\"boxes\": [[1461, 444], [1744, 444], [1744, 584], [1461, 584]], \"text\": \"JYAv]\", \"confident\": 0.030818177241418596}", "{\"boxes\": [[87, 600], [593, 600], [593, 738], [87, 738]], \"text\": \"+henJhLs\", \"confident\": 0.7040686182406056}", "{\"boxes\": [[713, 617], [845, 617], [845, 685], [713, 685]], \"text\": \"AL\", \"confident\": 0.9849782390816448}", "{\"boxes\": [[908, 638], [1090, 638], [1090, 688], [908, 688]], \"text\": \"21 @\", \"confident\": 0.06386272155957735}", "{\"boxes\": [[1173, 636], [1431, 636], [1431, 702], [1173, 702]], \"text\": \"+(~~_\", \"confident\": 0.06231072544324978}", "{\"boxes\": [[1489, 617], [1661, 617], [1661, 691], [1489, 691]], \"text\": \"she\", \"confident\": 0.5607707652245809}", "{\"boxes\": [[1719, 602], [1930, 602], [1930, 705], [1719, 705]], \"text\": \"h^d\", \"confident\": 0.3677094520752926}", "{\"boxes\": [[93, 791], [554, 791], [554, 867], [93, 867]], \"text\": \"~CLck2A\", \"confident\": 0.1574634761864861}", "{\"boxes\": [[653, 784], [854, 784], [854, 871], [653, 871]], \"text\": \"F6_\", \"confident\": 0.09728914023430585}", "{\"boxes\": [[934, 797], [1393, 797], [1393, 863], [934, 863]], \"text\": \"LCALmln\", \"confident\": 0.07063555765244592}", "{\"boxes\": [[1488, 802], [1628, 802], [1628, 852], [1488, 852]], \"text\": \"ao\", \"confident\": 0.08519476073722067}", "{\"boxes\": [[77, 963], [265, 963], [265, 1040], [77, 1040]], \"text\": \"+h&\", \"confident\": 0.14330516675037144}", "{\"boxes\": [[368, 968], [678, 968], [678, 1042], [368, 1042]], \"text\": \"Wcl1c\", \"confident\": 0.13712894161332392}", "{\"boxes\": [[712, 958], [1119, 958], [1119, 1042], [712, 1042]], \"text\": \"=A bcv L\", \"confident\": 0.16965223888753153}", "{\"boxes\": [[1702, 1004], [1734, 1004], [1734, 1046], [1702, 1046]], \"text\": \"S\", \"confident\": 0.7875230344836837}", "{\"boxes\": [[70, 1134], [176, 1134], [176, 1210], [70, 1210]], \"text\": \"+o\", \"confident\": 0.4993883699268923}", "{\"boxes\": [[258, 1145], [458, 1145], [458, 1247], [258, 1247]], \"text\": \"r hl\", \"confident\": 0.06690270453691483}", "{\"boxes\": [[549, 1135], [701, 1135], [701, 1219], [549, 1219]], \"text\": \"SL.\", \"confident\": 0.9607187033639982}", "{\"boxes\": [[725, 1145], [1065, 1145], [1065, 1230], [725, 1230]], \"text\": \"Johh ' $\", \"confident\": 0.2866940596492922}", "{\"boxes\": [[1141, 1111], [1610, 1111], [1610, 1248], [1141, 1248]], \"text\": \"CaswAll]\", \"confident\": 0.2853219154758544}", "{\"boxes\": [[1680, 1139], [2140, 1139], [2140, 1292], [1680, 1292]], \"text\": \"Defnht\", \"confident\": 0.05629386984941105}", "{\"boxes\": [[2128, 1170], [2184, 1170], [2184, 1236], [2128, 1236]], \"text\": \"L\", \"confident\": 0.3381934030341007}", "{\"boxes\": [[67, 1323], [255, 1323], [255, 1383], [67, 1383]], \"text\": \"Al L\", \"confident\": 0.4361414559801244}", "{\"boxes\": [[316, 1318], [434, 1318], [434, 1392], [316, 1392]], \"text\": \"2f\", \"confident\": 0.2673574101339744}", "{\"boxes\": [[514, 1312], [1021, 1312], [1021, 1434], [514, 1434]], \"text\": \"2 ( L-aLo\", \"confident\": 0.0244002496698564}", "{\"boxes\": [[112, 1500], [362, 1500], [362, 1580], [112, 1580]], \"text\": \"Les L\", \"confident\": 0.35031195679110805}", "{\"boxes\": [[464, 1491], [674, 1491], [674, 1582], [464, 1582]], \"text\": \"SL<\", \"confident\": 0.7018408785771365}", "{\"boxes\": [[773, 1497], [1097, 1497], [1097, 1583], [773, 1583]], \"text\": \"Lyokla\", \"confident\": 0.08837474022838061}", "{\"boxes\": [[1189, 1503], [1507, 1503], [1507, 1593], [1189, 1593]], \"text\": \"+L'b\", \"confident\": 0.25953465700149536}", "{\"boxes\": [[1582, 1518], [1702, 1518], [1702, 1598], [1582, 1598]], \"text\": \"9 f\", \"confident\": 0.881777822971344}", "{\"boxes\": [[47, 1670], [257, 1670], [257, 1766], [47, 1766]], \"text\": \"s 2(f\", \"confident\": 0.6596702544143859}", "{\"boxes\": [[348, 1698], [459, 1698], [459, 1752], [348, 1752]], \"text\": \"3 $\", \"confident\": 0.34940698742866516}", "{\"boxes\": [[735, 1672], [1031, 1672], [1031, 1764], [735, 1764]], \"text\": \"sLAw\", \"confident\": 0.14804555475711823}", "{\"boxes\": [[1455, 1670], [1752, 1670], [1752, 1767], [1455, 1767]], \"text\": \"Kese\", \"confident\": 0.25286853313446045}", "{\"boxes\": [[641, 1843], [947, 1843], [947, 1936], [641, 1936]], \"text\": \"+L2s 0\", \"confident\": 0.14802616376142633}", "{\"boxes\": [[1025, 1869], [1287, 1869], [1287, 1933], [1025, 1933]], \"text\": \"Lvoss\", \"confident\": 0.5754940860789272}", "{\"boxes\": [[1287, 1851], [1607, 1851], [1607, 1944], [1287, 1944]], \"text\": \"V-AAs\", \"confident\": 0.36638546981041537}", "{\"boxes\": [[1981, 1863], [2083, 1863], [2083, 1955], [1981, 1955]], \"text\": \"A\", \"confident\": 0.9001888046652908}", "{\"boxes\": [[48, 2008], [263, 2008], [263, 2072], [48, 2072]], \"text\": \"2L &\", \"confident\": 0.5709213481440547}", "{\"boxes\": [[350, 1998], [468, 1998], [468, 2074], [350, 2074]], \"text\": \"Lz\", \"confident\": 0.5460024402609934}", "{\"boxes\": [[533, 1999], [851, 1999], [851, 2089], [533, 2089]], \"text\": \"Lal e\", \"confident\": 0.2597415446067947}", "{\"boxes\": [[870, 1990], [924, 1990], [924, 2046], [870, 2046]], \"text\": \"9\", \"confident\": 0.9988046882319992}", "{\"boxes\": [[1652, 725], [2088, 811], [2056, 932], [1620, 846]], \"text\": \"sL~Ain)\", \"confident\": 0.15239082330071013}", "{\"boxes\": [[1813, 1712], [2090, 1689], [2091, 1784], [1814, 1807]], \"text\": \"V~ LS\", \"confident\": 0.28944499398669155}", "{\"boxes\": [[60, 1783], [565, 1862], [536, 1987], [32, 1907]], \"text\": \"s~dyi  J\", \"confident\": 0.1840174624351134}"]}