{"prediction": ["{\"boxes\": [[38, 64], [140, 64], [140, 168], [38, 168]], \"text\": \"(lu\", \"confident\": 0.70213966715809}", "{\"boxes\": [[173, 68], [678, 68], [678, 156], [173, 156]], \"text\": \"(Uldu '} RUulA\", \"confident\": 0.17101497361993173}", "{\"boxes\": [[893, 46], [1179, 46], [1179, 203], [893, 203]], \"text\": \"hwy  Lad\", \"confident\": 0.10165113025910483}", "{\"boxes\": [[1201, 61], [1321, 61], [1321, 147], [1201, 147]], \"text\": \"bet\", \"confident\": 0.5652368878682149}", "{\"boxes\": [[1542, 48], [1730, 48], [1730, 146], [1542, 146]], \"text\": \"abolf\", \"confident\": 0.2801208271429823}", "{\"boxes\": [[1746, 76], [1796, 76], [1796, 130], [1746, 130]], \"text\": \"lr\", \"confident\": 0.15581801139404639}", "{\"boxes\": [[34, 239], [204, 239], [204, 340], [34, 340]], \"text\": \"lluck\", \"confident\": 0.42550677047428787}", "{\"boxes\": [[294, 228], [420, 228], [420, 332], [294, 332]], \"text\": \"lauk\", \"confident\": 0.5976566076278687}", "{\"boxes\": [[410, 238], [434, 238], [434, 278], [410, 278]], \"text\": \"6\", \"confident\": 0.3291060564755668}", "{\"boxes\": [[454, 240], [562, 240], [562, 336], [454, 336]], \"text\": \"fle\", \"confident\": 0.2393584210222265}", "{\"boxes\": [[585, 243], [757, 243], [757, 329], [585, 329]], \"text\": \"Ucllok\", \"confident\": 0.04979122046923501}", "{\"boxes\": [[810, 215], [1497, 215], [1497, 366], [810, 366]], \"text\": \"luut b Pl , Qly  lta}\", \"confident\": 0.1308294276498543}", "{\"boxes\": [[1787, 237], [1825, 237], [1825, 309], [1787, 309]], \"text\": \"F\", \"confident\": 0.12012399622562953}", "{\"boxes\": [[42, 413], [183, 413], [183, 518], [42, 518]], \"text\": \"WOd\", \"confident\": 0.49840473529118023}", "{\"boxes\": [[216, 410], [445, 410], [445, 519], [216, 519]], \"text\": \"(Uated\", \"confident\": 0.5987327583581563}", "{\"boxes\": [[602, 422], [694, 422], [694, 502], [602, 502]], \"text\": \"6ea\", \"confident\": 0.1500558061750643}", "{\"boxes\": [[729, 398], [1085, 398], [1085, 561], [729, 561]], \"text\": \"V @l a\", \"confident\": 0.21131580377501788}", "{\"boxes\": [[1112, 403], [1347, 403], [1347, 537], [1112, 537]], \"text\": \"lur o\", \"confident\": 0.1395174919138267}", "{\"boxes\": [[1659, 411], [1803, 411], [1803, 503], [1659, 503]], \"text\": \"Qu\", \"confident\": 0.41085076159548284}", "{\"boxes\": [[55, 594], [272, 594], [272, 699], [55, 699]], \"text\": \"Il t\", \"confident\": 0.11885695109358611}", "{\"boxes\": [[314, 612], [424, 612], [424, 686], [314, 686]], \"text\": \"Wng\", \"confident\": 0.539311342085291}", "{\"boxes\": [[697, 627], [739, 627], [739, 685], [697, 685]], \"text\": \"0\", \"confident\": 0.6730938126316097}", "{\"boxes\": [[789, 585], [1156, 585], [1156, 688], [789, 688]], \"text\": \"dX Uabodi ek\", \"confident\": 0.14709764856066126}", "{\"boxes\": [[1152, 554], [1891, 554], [1891, 758], [1152, 758]], \"text\": \"bapuut 9 wbuahrs,\", \"confident\": 0.032885330610433625}", "{\"boxes\": [[1861, 653], [1881, 653], [1881, 693], [1861, 693]], \"text\": \"1\", \"confident\": 0.4890023046183991}", "{\"boxes\": [[53, 768], [228, 768], [228, 877], [53, 877]], \"text\": \"Ouc\", \"confident\": 0.19284586179367738}", "{\"boxes\": [[266, 786], [380, 786], [380, 864], [266, 864]], \"text\": \"Wqw\", \"confident\": 0.186462462658069}", "{\"boxes\": [[517, 771], [645, 771], [645, 863], [517, 863]], \"text\": \"tok\", \"confident\": 0.5159474411731777}", "{\"boxes\": [[668, 788], [758, 788], [758, 860], [668, 860]], \"text\": \"OUA\", \"confident\": 0.10041955533323703}", "{\"boxes\": [[790, 775], [1049, 775], [1049, 865], [790, 865]], \"text\": \"Qulds\", \"confident\": 0.11870656819044964}", "{\"boxes\": [[1444, 746], [1940, 746], [1940, 918], [1444, 918]], \"text\": \"Nrt tad beh\", \"confident\": 0.10435295413892934}", "{\"boxes\": [[83, 965], [209, 965], [209, 1051], [83, 1051]], \"text\": \"Rel\", \"confident\": 0.1857655834672728}", "{\"boxes\": [[243, 973], [311, 973], [311, 1049], [243, 1049]], \"text\": \"Il\", \"confident\": 0.7535648618999585}", "{\"boxes\": [[347, 929], [695, 929], [695, 1117], [347, 1117]], \"text\": \"Fixlit lau\", \"confident\": 0.12370275926802217}", "{\"boxes\": [[714, 968], [792, 968], [792, 1040], [714, 1040]], \"text\": \"Ol\", \"confident\": 0.5199710686862175}", "{\"boxes\": [[833, 973], [923, 973], [923, 1039], [833, 1039]], \"text\": \"OA\", \"confident\": 0.3418284122795754}", "{\"boxes\": [[959, 946], [1294, 946], [1294, 1049], [959, 1049]], \"text\": \"Occa Ac W\", \"confident\": 0.2852834311066627}", "{\"boxes\": [[1330, 942], [1646, 942], [1646, 1046], [1330, 1046]], \"text\": \"bod dWog\", \"confident\": 0.20256403169632428}", "{\"boxes\": [[1687, 931], [1941, 931], [1941, 1039], [1687, 1039]], \"text\": \"lu bol\", \"confident\": 0.18639266386661818}", "{\"boxes\": [[96, 1134], [228, 1134], [228, 1238], [96, 1238]], \"text\": \"Ixll\", \"confident\": 0.6133953928947449}", "{\"boxes\": [[582, 1140], [638, 1140], [638, 1214], [582, 1214]], \"text\": \"Il\", \"confident\": 0.6808193623202657}", "{\"boxes\": [[670, 1120], [766, 1120], [766, 1254], [670, 1254]], \"text\": \"Ar\", \"confident\": 0.1408962615195702}", "{\"boxes\": [[794, 1124], [944, 1124], [944, 1224], [794, 1224]], \"text\": \"luke\", \"confident\": 0.9530746340751648}", "{\"boxes\": [[979, 1116], [1462, 1116], [1462, 1225], [979, 1225]], \"text\": \"FicLf  0k   Uut\", \"confident\": 0.11624444040499438}", "{\"boxes\": [[1702, 1144], [1774, 1144], [1774, 1218], [1702, 1218]], \"text\": \"JU\", \"confident\": 0.14530283526906462}", "{\"boxes\": [[95, 1285], [621, 1285], [621, 1436], [95, 1436]], \"text\": \"(Kte   (Wlataw .\", \"confident\": 0.07707714882071509}", "{\"boxes\": [[1360, 7], [1557, 93], [1499, 217], [1302, 131]], \"text\": \"Yalbic\", \"confident\": 0.11373102972209705}", "{\"boxes\": [[707, 70], [867, 46], [876, 142], [716, 166]], \"text\": \"Wha /\", \"confident\": 0.3250453047846214}", "{\"boxes\": [[1509, 234], [1802, 211], [1803, 363], [1510, 386]], \"text\": \"bjwhcaur\", \"confident\": 0.11975007175278805}", "{\"boxes\": [[1851, 217], [1971, 265], [1929, 363], [1809, 314]], \"text\": \"hu\", \"confident\": 0.6814627312463021}", "{\"boxes\": [[1386, 359], [1623, 430], [1573, 575], [1336, 504]], \"text\": \"W(wjiug\", \"confident\": 0.0942742684690404}", "{\"boxes\": [[467, 433], [578, 416], [585, 498], [474, 515]], \"text\": \"kub\", \"confident\": 0.6373689128809281}", "{\"boxes\": [[454, 606], [669, 574], [679, 702], [464, 734]], \"text\": \"(Cuplud\", \"confident\": 0.5779866781839759}", "{\"boxes\": [[1065, 774], [1407, 745], [1408, 900], [1066, 929]], \"text\": \"eiv hcouce\", \"confident\": 0.10330542597425946}", "{\"boxes\": [[289, 1077], [567, 1156], [519, 1300], [241, 1220]], \"text\": \"ctaudhuyg\", \"confident\": 0.2037693417401217}", "{\"boxes\": [[1486, 1126], [1691, 1155], [1667, 1274], [1463, 1245]], \"text\": \"mkM\", \"confident\": 0.22760835573620694}"]}