{"prediction": ["{\"boxes\": [[1376, 46], [1400, 46], [1400, 74], [1376, 74]], \"text\": \"M\", \"confident\": 0.317323357365499}", "{\"boxes\": [[77, 45], [300, 45], [300, 120], [77, 120]], \"text\": \"Alncosd\", \"confident\": 0.12356865770357991}", "{\"boxes\": [[361, 75], [423, 75], [423, 119], [361, 119]], \"text\": \"i^\", \"confident\": 0.516436636146071}", "{\"boxes\": [[460, 44], [837, 44], [837, 137], [460, 137]], \"text\": \"olespeetow\", \"confident\": 0.3910625173296785}", "{\"boxes\": [[881, 55], [996, 55], [996, 121], [881, 121]], \"text\": \"Sle\", \"confident\": 0.8706490411138229}", "{\"boxes\": [[1010, 46], [1313, 46], [1313, 157], [1010, 157]], \"text\": \"appea lecl _\", \"confident\": 0.3839339322678939}", "{\"boxes\": [[1415, 31], [1701, 31], [1701, 146], [1415, 146]], \"text\": \"W;U Yav\", \"confident\": 0.705343721004116}", "{\"boxes\": [[1729, 55], [1893, 55], [1893, 119], [1729, 119]], \"text\": \"ieet\", \"confident\": 0.36283767223358154}", "{\"boxes\": [[1552, 220], [1584, 220], [1584, 246], [1552, 246]], \"text\": \"1\", \"confident\": 0.04776120915988091}", "{\"boxes\": [[73, 239], [281, 239], [281, 305], [73, 305]], \"text\": \"me at\", \"confident\": 0.8188060822563848}", "{\"boxes\": [[326, 241], [436, 241], [436, 303], [326, 303]], \"text\": \"He\", \"confident\": 0.5236763048065058}", "{\"boxes\": [[651, 220], [1048, 220], [1048, 304], [651, 304]], \"text\": \"fur  Oclck\", \"confident\": 0.4011564322159838}", "{\"boxes\": [[1079, 231], [1288, 231], [1288, 309], [1079, 309]], \"text\": \"towor\", \"confident\": 0.1639782677497686}", "{\"boxes\": [[1579, 196], [1834, 196], [1834, 354], [1579, 354]], \"text\": \"Why?\\\"\", \"confident\": 0.651171569896055}", "{\"boxes\": [[1841, 227], [1940, 227], [1940, 300], [1841, 300]], \"text\": \"Le\", \"confident\": 0.24021963729255377}", "{\"boxes\": [[47, 419], [331, 419], [331, 516], [47, 516]], \"text\": \"d1quired\", \"confident\": 0.5716637754210222}", "{\"boxes\": [[727, 415], [833, 415], [833, 481], [727, 481]], \"text\": \"hi S\", \"confident\": 0.3343863785266876}", "{\"boxes\": [[864, 391], [1119, 391], [1119, 501], [864, 501]], \"text\": \"4uick,\", \"confident\": 0.5566608775484471}", "{\"boxes\": [[1410, 412], [1576, 412], [1576, 484], [1410, 484]], \"text\": \"laic\", \"confident\": 0.11652234941720963}", "{\"boxes\": [[1546, 570], [1570, 570], [1570, 598], [1546, 598]], \"text\": \"0\", \"confident\": 0.2560996235923909}", "{\"boxes\": [[45, 607], [150, 607], [150, 663], [45, 663]], \"text\": \"Ie\", \"confident\": 0.21524746422348096}", "{\"boxes\": [[188, 610], [280, 610], [280, 688], [188, 688]], \"text\": \"Up\", \"confident\": 0.5438376797500079}", "{\"boxes\": [[310, 580], [382, 580], [382, 660], [310, 660]], \"text\": \"C\", \"confident\": 0.1348877292345243}", "{\"boxes\": [[420, 603], [533, 603], [533, 660], [420, 660]], \"text\": \"4ea\", \"confident\": 0.43368862263801955}", "{\"boxes\": [[588, 590], [664, 590], [664, 666], [588, 666]], \"text\": \"0f\", \"confident\": 0.41981607798175286}", "{\"boxes\": [[699, 607], [908, 607], [908, 660], [699, 660]], \"text\": \"Covr Se\", \"confident\": 0.6633148230340901}", "{\"boxes\": [[1224, 584], [1575, 584], [1575, 712], [1224, 712]], \"text\": \"4uoucaLl.\", \"confident\": 0.13238028467539056}", "{\"boxes\": [[1605, 575], [1777, 575], [1777, 663], [1605, 663]], \"text\": \"\\\"T\", \"confident\": 0.45198185940801994}", "{\"boxes\": [[58, 765], [336, 765], [336, 845], [58, 845]], \"text\": \"Le told\", \"confident\": 0.4540164087883817}", "{\"boxes\": [[557, 775], [720, 775], [720, 843], [557, 843]], \"text\": \"auo\", \"confident\": 0.35612854767954394}", "{\"boxes\": [[745, 771], [951, 771], [951, 837], [745, 837]], \"text\": \"Sualde .\", \"confident\": 0.4904922799248266}", "{\"boxes\": [[1104, 768], [1341, 768], [1341, 845], [1104, 845]], \"text\": \"Sei Rea\", \"confident\": 0.4815461733841497}", "{\"boxes\": [[1362, 771], [1489, 771], [1489, 838], [1362, 838]], \"text\": \"L\", \"confident\": 0.6254321950056898}", "{\"boxes\": [[1528, 786], [1712, 786], [1712, 836], [1528, 836]], \"text\": \"\\\"1 A\", \"confident\": 0.17975233495235443}", "{\"boxes\": [[1750, 771], [2057, 771], [2057, 839], [1750, 839]], \"text\": \"eiulre ( 0\", \"confident\": 0.24710435696875332}", "{\"boxes\": [[52, 948], [289, 948], [289, 1015], [52, 1015]], \"text\": \"(licl\", \"confident\": 0.524037684892236}", "{\"boxes\": [[554, 957], [741, 957], [741, 1021], [554, 1021]], \"text\": \"hufl .\", \"confident\": 0.24194998656885078}", "{\"boxes\": [[788, 930], [1098, 930], [1098, 1029], [788, 1029]], \"text\": \"\\\"WJi4Lcu4\", \"confident\": 0.12496792978948396}", "{\"boxes\": [[1126, 968], [1278, 968], [1278, 1048], [1126, 1048]], \"text\": \"Yovr\", \"confident\": 0.2947714924812317}", "{\"boxes\": [[1305, 958], [1440, 958], [1440, 1055], [1305, 1055]], \"text\": \"n1g\", \"confident\": 0.6944737208978}", "{\"boxes\": [[1500, 944], [1654, 944], [1654, 1018], [1500, 1018]], \"text\": \"'4\\\"$\", \"confident\": 0.16887561976909637}", "{\"boxes\": [[1834, 943], [1981, 943], [1981, 1018], [1834, 1018]], \"text\": \"abe\", \"confident\": 0.24376017257224897}", "{\"boxes\": [[749, 1119], [962, 1119], [962, 1198], [749, 1198]], \"text\": \"elge' $\", \"confident\": 0.3495839239302335}", "{\"boxes\": [[999, 1128], [1174, 1128], [1174, 1232], [999, 1232]], \"text\": \"9i(1,\", \"confident\": 0.30869851579091107}", "{\"boxes\": [[1360, 1113], [1667, 1113], [1667, 1206], [1360, 1206]], \"text\": \"decdea(\", \"confident\": 0.3646111094297388}", "{\"boxes\": [[66, 1302], [234, 1302], [234, 1376], [66, 1376]], \"text\": \"ao\", \"confident\": 0.4388121268863731}", "{\"boxes\": [[268, 1306], [487, 1306], [487, 1383], [268, 1383]], \"text\": \"kssed\", \"confident\": 0.6386410163611246}", "{\"boxes\": [[528, 1316], [649, 1316], [649, 1378], [528, 1378]], \"text\": \"LJ\", \"confident\": 0.4775139239852226}", "{\"boxes\": [[683, 1315], [942, 1315], [942, 1413], [683, 1413]], \"text\": \"4da i1/\", \"confident\": 0.12803586971311703}", "{\"boxes\": [[984, 1317], [1367, 1317], [1367, 1379], [984, 1379]], \"text\": \"Sow Q ~Jlat\", \"confident\": 0.10156810950151922}", "{\"boxes\": [[1418, 1308], [1736, 1308], [1736, 1382], [1418, 1382]], \"text\": \"stcAk 2\", \"confident\": 0.17185070911000785}", "{\"boxes\": [[1777, 1313], [1869, 1313], [1869, 1373], [1777, 1373]], \"text\": \"46\", \"confident\": 0.20243004268297277}", "{\"boxes\": [[65, 1487], [348, 1487], [348, 1555], [65, 1555]], \"text\": \"reciveg\", \"confident\": 0.9166137589791525}", "{\"boxes\": [[380, 1502], [440, 1502], [440, 1552], [380, 1552]], \"text\": \"a\", \"confident\": 0.5428364065255806}", "{\"boxes\": [[499, 1484], [704, 1484], [704, 1575], [499, 1575]], \"text\": \"slc P\", \"confident\": 0.6585835776963673}", "{\"boxes\": [[947, 1475], [1033, 1475], [1033, 1537], [947, 1537]], \"text\": \"\u20ac'\", \"confident\": 0.3286529951079852}", "{\"boxes\": [[1266, 1497], [1488, 1497], [1488, 1584], [1266, 1584]], \"text\": \"Pa ins_\", \"confident\": 0.6010835876936146}", "{\"boxes\": [[1276, 241], [1502, 202], [1512, 283], [1286, 322]], \"text\": \"Caw?\\\"\", \"confident\": 0.39739398201634746}", "{\"boxes\": [[455, 246], [591, 228], [597, 318], [462, 336]], \"text\": \"Ile\", \"confident\": 0.11525737096130188}", "{\"boxes\": [[1632, 388], [1775, 422], [1755, 492], [1612, 457]], \"text\": \"\\\"Tu\", \"confident\": 0.6785588936465162}", "{\"boxes\": [[1148, 386], [1385, 443], [1361, 523], [1124, 466]], \"text\": \"4auwyj\", \"confident\": 0.19033039965236445}", "{\"boxes\": [[1789, 396], [1971, 449], [1946, 521], [1765, 468]], \"text\": \"bhno\", \"confident\": 0.2493136078119278}", "{\"boxes\": [[408, 391], [703, 438], [684, 518], [389, 471]], \"text\": \"Comb: ^\", \"confident\": 0.15787667109151513}", "{\"boxes\": [[1037, 594], [1196, 581], [1197, 676], [1038, 689]], \"text\": \"Jes+\", \"confident\": 0.3542341887950897}", "{\"boxes\": [[1802, 587], [1928, 