{"prediction": ["{\"boxes\": [[102, 42], [136, 42], [136, 72], [102, 72]], \"text\": \"IA\", \"confident\": 0.9529975054460927}", "{\"boxes\": [[129, 45], [438, 45], [438, 136], [129, 136]], \"text\": \"Gu Ll,ns\", \"confident\": 0.40717300615832724}", "{\"boxes\": [[461, 63], [499, 63], [499, 117], [461, 117]], \"text\": \"2\", \"confident\": 0.6204458929437068}", "{\"boxes\": [[570, 44], [938, 44], [938, 143], [570, 143]], \"text\": \"6uE8,. ?\", \"confident\": 0.1664745145448789}", "{\"boxes\": [[1004, 62], [1107, 62], [1107, 136], [1004, 136]], \"text\": \"12\", \"confident\": 0.6889942278005085}", "{\"boxes\": [[1142, 70], [1480, 70], [1480, 146], [1142, 146]], \"text\": \"Fre/z .\", \"confident\": 0.18445430187833087}", "{\"boxes\": [[1764, 72], [1816, 72], [1816, 144], [1764, 144]], \"text\": \"5\", \"confident\": 0.20092097850284407}", "{\"boxes\": [[1854, 74], [2014, 74], [2014, 148], [1854, 148]], \"text\": \"42 ?\", \"confident\": 0.9778352402864374}", "{\"boxes\": [[80, 251], [364, 251], [364, 354], [80, 354]], \"text\": \"Thvw]4\", \"confident\": 0.3957264832177891}", "{\"boxes\": [[483, 259], [703, 259], [703, 323], [483, 323]], \"text\": \"D,a +2\", \"confident\": 0.2652396111238073}", "{\"boxes\": [[1085, 260], [1212, 260], [1212, 325], [1085, 325]], \"text\": \"1 Z\", \"confident\": 0.3119160110983411}", "{\"boxes\": [[1326, 281], [1559, 281], [1559, 321], [1326, 321]], \"text\": \"674477 \u20ac\", \"confident\": 0.18720448024863287}", "{\"boxes\": [[1608, 260], [1706, 260], [1706, 334], [1608, 334]], \"text\": \"27\", \"confident\": 0.34787326992919737}", "{\"boxes\": [[1745, 266], [1955, 266], [1955, 345], [1745, 345]], \"text\": \"2127\", \"confident\": 0.6815916299819946}", "{\"boxes\": [[83, 435], [414, 435], [414, 500], [83, 500]], \"text\": \"672-22_\", \"confident\": 0.1317542868235085}", "{\"boxes\": [[474, 434], [578, 434], [578, 512], [474, 512]], \"text\": \"~ /\", \"confident\": 0.2356181726592336}", "{\"boxes\": [[618, 431], [990, 431], [990, 508], [618, 508]], \"text\": \"J -k /\", \"confident\": 0.1477725529230052}", "{\"boxes\": [[1047, 444], [1184, 444], [1184, 494], [1047, 494]], \"text\": \"2c\", \"confident\": 0.13250018705826277}", "{\"boxes\": [[1177, 433], [1626, 433], [1626, 533], [1177, 533]], \"text\": \"4~16-8k4\", \"confident\": 0.010007932430301514}", "{\"boxes\": [[1834, 460], [1984, 460], [1984, 512], [1834, 512]], \"text\": \"1737 ,\", \"confident\": 0.05744375365457027}", "{\"boxes\": [[75, 600], [391, 600], [391, 693], [75, 693]], \"text\": \"ZL 3&\", \"confident\": 0.029861289728761023}", "{\"boxes\": [[425, 611], [643, 611], [643, 695], [425, 695]], \"text\": \"c7/23\", \"confident\": 0.3405858520360299}", "{\"boxes\": [[695, 615], [1311, 615], [1311, 683], [695, 683]], \"text\": \"482 2 /__ 4\", \"confident\": 0.10384892968607518}", "{\"boxes\": [[1378, 616], [1623, 616], [1623, 679], [1378, 679]], \"text\": \"Ler2\", \"confident\": 0.13714860379695892}", "{\"boxes\": [[1682, 622], [1750, 622], [1750, 674], [1682, 674]], \"text\": \"2\", \"confident\": 0.9963524285726777}", "{\"boxes\": [[1795, 619], [1992, 619], [1992, 679], [1795, 679]], \"text\": \"Fcyz\", \"confident\": 0.1016608327627182}", "{\"boxes\": [[64, 773], [239, 773], [239, 854], [64, 854]], \"text\": \"Ve\", \"confident\": 0.2226540804093022}", "{\"boxes\": [[325, 797], [517, 797], [517, 863], [325, 863]], \"text\": \"Oz /\", \"confident\": 0.2058462931913714}", "{\"boxes\": [[670, 793], [1036, 793], [1036, 857], [670, 857]], \"text\": \"47 2 ' ( /\", \"confident\": 0.20545870137453356}", "{\"boxes\": [[1106, 791], [1460, 791], [1460, 888], [1106, 888]], \"text\": \"22_877\", \"confident\": 0.1870029069279506}", "{\"boxes\": [[1741, 786], [2144, 786], [2144, 858], [1741, 858]], \"text\": \"711 / 4 ?\", \"confident\": 0.2178803670300798}", "{\"boxes\": [[83, 967], [169, 967], [169, 1031], [83, 1031]], \"text\": \"he\", \"confident\": 0.5185095206718384}", "{\"boxes\": [[256, 990], [449, 990], [449, 1032], [256, 1032]], \"text\": \"17 0 L\", \"confident\": 0.6351249127933037}", "{\"boxes\": [[532, 978], [740, 978], [740, 1028], [532, 1028]], \"text\": \"2d\", \"confident\": 0.572591689271122}", "{\"boxes\": [[767, 985], [1067, 985], [1067, 1027], [767, 1027]], \"text\": \"27,253\u20ac\", \"confident\": 0.025748923984963968}", "{\"boxes\": [[1179, 973], [1467, 973], [1467, 1035], [1179, 1035]], \"text\": \"2427\", \"confident\": 0.7284583449363708}", "{\"boxes\": [[1554, 991], [1719, 991], [1719, 1029], [1554, 1029]], \"text\": \"L 4\", \"confident\": 0.344497948884964}", "{\"boxes\": [[73, 1120], [368, 1120], [368, 1246], [73, 1246]], \"text\": \"326- '13\", \"confident\": 0.10335474700162807}", "{\"boxes\": [[445, 1130], [758, 1130], [758, 1218], [445, 1218]], \"text\": \"2 / /\", \"confident\": 0.8957025909439006}", "{\"boxes\": [[839, 1142], [1114, 1142], [1114, 1219], [839, 1219]], \"text\": \"2 02-2\", \"confident\": 0.3767792466264451}", "{\"boxes\": [[1376, 1150], [1432, 1150], [1432, 1210], [1376, 1210]], \"text\": \"0\", \"confident\": 0.3345682981221252}", "{\"boxes\": [[1424, 1130], [1868, 1130], [1868, 1227], [1424, 1227]], \"text\": \"ro2g 4 ?\", \"confident\": 0.3824495038145795}", "{\"boxes\": [[1594, 58], [1737, 85], [1723, 150], [1579, 124]], \"text\": \"V/Lo\", \"confident\": 0.3015635013580322}", "{\"boxes\": [[828, 239], [1028, 269], [1015, 331], [815, 301]], \"text\": \"Lee\", \"confident\": 0.15127123275346505}", "{\"boxes\": [[1525, 788], [1693, 811], [1683, 861], [1515, 837]], \"text\": \"(3 2<\", \"confident\": 0.500355069460563}"]}