{"prediction": ["{\"boxes\": [[56, 41], [175, 41], [175, 118], [56, 118]], \"text\": \"CShe\", \"confident\": 0.26270880824162585}", "{\"boxes\": [[210, 61], [335, 61], [335, 115], [210, 115]], \"text\": \"was\", \"confident\": 0.5058467028543671}", "{\"boxes\": [[381, 49], [646, 49], [646, 162], [381, 162]], \"text\": \"engagecl\", \"confident\": 0.47265308151715885}", "{\"boxes\": [[659, 63], [721, 63], [721, 107], [659, 107]], \"text\": \"to\", \"confident\": 0.385828574378137}", "{\"boxes\": [[757, 49], [913, 49], [913, 157], [757, 157]], \"text\": \"Nigel\", \"confident\": 0.9985854607926204}", "{\"boxes\": [[959, 51], [1082, 51], [1082, 112], [959, 112]], \"text\": \"had\", \"confident\": 0.970280760902943}", "{\"boxes\": [[1103, 57], [1343, 57], [1343, 141], [1103, 141]], \"text\": \"been fcr\", \"confident\": 0.41253428532055436}", "{\"boxes\": [[1380, 58], [1476, 58], [1476, 108], [1380, 108]], \"text\": \"two\", \"confident\": 0.9620360052764787}", "{\"boxes\": [[47, 225], [322, 225], [322, 298], [47, 298]], \"text\": \"Scmetimes\", \"confident\": 0.7645838979661851}", "{\"boxes\": [[508, 236], [688, 236], [688, 290], [508, 290]], \"text\": \"talhed\", \"confident\": 0.77640500029856}", "{\"boxes\": [[717, 249], [787, 249], [787, 287], [717, 287]], \"text\": \"On\", \"confident\": 0.4229324688667769}", "{\"boxes\": [[804, 238], [896, 238], [896, 288], [804, 288]], \"text\": \"the\", \"confident\": 0.8155730722207474}", "{\"boxes\": [[929, 235], [1086, 235], [1086, 288], [929, 288]], \"text\": \"theme\", \"confident\": 0.998888904725241}", "{\"boxes\": [[1116, 236], [1164, 236], [1164, 296], [1116, 296]], \"text\": \"0\", \"confident\": 0.2586345486099759}", "{\"boxes\": [[1233, 234], [1364, 234], [1364, 286], [1233, 286]], \"text\": \"when\", \"confident\": 0.9694740176200867}", "{\"boxes\": [[1395, 243], [1475, 243], [1475, 287], [1395, 287]], \"text\": \"We\", \"confident\": 0.5124304669004467}", "{\"boxes\": [[1620, 234], [1810, 234], [1810, 286], [1620, 286]], \"text\": \"maied\", \"confident\": 0.9974351436068876}", "{\"boxes\": [[45, 417], [160, 417], [160, 470], [45, 470]], \"text\": \"and\", \"confident\": 0.9993918825238779}", "{\"boxes\": [[179, 416], [304, 416], [304, 476], [179, 476]], \"text\": \"then\", \"confident\": 0.8750543594360352}", "{\"boxes\": [[340, 409], [441, 409], [441, 469], [340, 469]], \"text\": \"all\", \"confident\": 0.7259223768282507}", "{\"boxes\": [[466, 418], [573, 418], [573, 469], [466, 469]], \"text\": \"42S\", \"confident\": 0.4325992521599318}", "{\"boxes\": [[598, 414], [870, 414], [870, 494], [598, 494]], \"text\": \"wcndedkue\", \"confident\": 0.2324042312921853}", "{\"boxes\": [[918, 411], [1035, 411], [1035, 465], [918, 465]], \"text\": \"and\", \"confident\": 0.9413217006027493}", "{\"boxes\": [[1067, 410], [1270, 410], [1270, 491], [1067, 491]], \"text\": \"pethzps\", \"confident\": 0.8429632981052825}", "{\"boxes\": [[1303, 419], [1353, 419], [1353, 463], [1303, 463]], \"text\": \"iC\", \"confident\": 0.446202572136488}", "{\"boxes\": [[1376, 408], [1492, 408], [1492, 468], [1376, 468]], \"text\": \"had\", \"confident\": 0.9995353734090688}", "{\"boxes\": [[1529, 415], [1653, 415], [1653, 503], [1529, 503]], \"text\": \"enly\", \"confident\": 0.9656715989112854}", "{\"boxes\": [[1692, 414], [1826, 414], [1826, 466], [1692, 466]], \"text\": \"been\", \"confident\": 0.7667914628982544}", "{\"boxes\": [[43, 603], [91, 603], [91, 643], [43, 643]], \"text\": \"a\", \"confident\": 0.9996220230662267}", "{\"boxes\": [[119, 595], [300, 595], [300, 668], [119, 668]], \"text\": \"~ip %\", \"confident\": 0.23607503280737013}", "{\"boxes\": [[338, 592], [443, 592], [443, 649], [338, 649]], \"text\": \"the\", \"confident\": 0.8348762967713655}", "{\"boxes\": [[475, 589], [683, 589], [683, 689], [475, 689]], \"text\": \"torque\", \"confident\": 0.42699041637376994}", "{\"boxes\": [[738, 594], [884, 594], [884, 646], [738, 646]], \"text\": \"when\", \"confident\": 0.9841498732566833}", "{\"boxes\": [[922, 583], [1083, 583], [1083, 693], [922, 693]], \"text\": \"Niqel\", \"confident\": 0.9925211743619069}", "{\"boxes\": [[1108, 589], [1223, 589], [1223, 650], [1108, 650]], \"text\": \"had\", \"confident\": 0.9996834781666173}", "{\"boxes\": [[1244, 594], [1378, 594], [1378, 642], [1244, 642]], \"text\": \"Said\", \"confident\": 0.9965636730194092}", "{\"boxes\": [[1431, 589], [1555, 589], [1555, 679], [1431, 679]], \"text\": \"only\", \"confident\": 0.3472220116279113}", "{\"boxes\": [[1592, 594], [1694, 594], [1694, 642], [1592, 642]], \"text\": \"last\", \"confident\": 0.9992480874061584}", "{\"boxes\": [[504, 782], [584, 782], [584, 832], [504, 832]], \"text\": \"ue\", \"confident\": 0.4665762550121894}", "{\"boxes\": [[723, 771], [926, 771], [926, 832], [723, 832]], \"text\": \"married\", \"confident\": 0.8129264489552407}", "{\"boxes\": [[977, 770], [1073, 770], [1073, 832], [977, 832]], \"text\": \"cld\", \"confident\": 0.9952334994376002}", "{\"boxes\": [[1370, 766], [1424, 766], [1424, 820], [1370, 820]], \"text\": \"le\", \"confident\": 0.846331976864856}", "{\"boxes\": [[1442, 766], [1574, 766], [1574, 820], [1442, 820]], \"text\": \"have\", \"confident\": 0.9992812275886536}", "{\"boxes\": [[1618, 770], [1678, 770], [1678, 820], [1618, 820]], \"text\": \"t0\", \"confident\": 0.16360554099082947}", "{\"boxes\": [[59, 953], [180, 953], [180, 1005], [59, 1005]], \"text\": \"thai\", \"confident\": 0.9820048809051514}", "{\"boxes\": [[233, 951], [352, 951], [352, 1008], [233, 1008]], \"text\": \"lark\", \"confident\": 0.7948538661003113}", "{\"boxes\": [[434, 952], [464, 952], [464, 1004], [434, 1004]], \"text\": \"I\", \"confident\": 0.2092221975446229}", "{\"boxes\": [[506, 954], [631, 954], [631, 1007], [506, 1007]], \"text\": \"can\", \"confident\": 0.9866789307415165}", "{\"boxes\": [[676, 950], [770, 950], [770, 1004], [676, 1004]], \"text\": \"teu\", \"confident\": 0.740868145415339}", "{\"boxes\": [[1454, 84], [1624, 28], [1649, 109], [1479, 165]], \"text\": \"(tars _\", \"confident\": 0.27428553077971934}", "{\"boxes\": [[358, 223], [486, 244], [467, 333], [340, 312]], \"text\": \"they]\", \"confident\": 0.7134059669932153}", "{\"boxes\": [[1463, 286], [1558, 205], [1604, 273], [1509, 354]], \"text\": \"(Jez\", \"confident\": 0.948525071144104}", "{\"boxes\": [[1090, 772], [1201, 764], [1203, 861], [1093, 870]], \"text\": \"&re\", \"confident\": 0.47912586588046074}", "{\"boxes\": [[1240, 781], [1359, 764], [1366, 846], [1246, 862]], \"text\": \"Yu'\", \"confident\": 0.26603094157342694}", "{\"boxes\": [[1697, 764], [1814, 781], [1802, 847], [1685, 830]], \"text\": \"Sicp\", \"confident\": 0.8018879805272098}", "{\"boxes\": [[69, 743], [282, 789], [260, 871], [46, 825]], \"text\": \"csening\", \"confident\": 0.6237327584984632}", "{\"boxes\": [[778, 958], [910, 949], [911, 1043], [779, 1052]], \"text\": \"Yfu\", \"confident\": 0.2130158245563507}"]}