{"prediction": ["{\"boxes\": [[107, 78], [467, 78], [467, 213], [107, 213]], \"text\": \"Hy whitc\", \"confident\": 0.8686199418155494}", "{\"boxes\": [[482, 52], [1044, 52], [1044, 204], [482, 204]], \"text\": \"or mb black ?\", \"confident\": 0.45883170697803544}", "{\"boxes\": [[1116, 65], [1753, 65], [1753, 203], [1116, 203]], \"text\": \"Uige enqid\", \"confident\": 0.24344121413727884}", "{\"boxes\": [[50, 254], [78, 254], [78, 286], [50, 286]], \"text\": \"4\", \"confident\": 0.9940472287668314}", "{\"boxes\": [[99, 263], [279, 263], [279, 347], [99, 347]], \"text\": \"Now\", \"confident\": 0.9083230624114605}", "{\"boxes\": [[303, 267], [365, 267], [365, 341], [303, 341]], \"text\": \"J\", \"confident\": 0.9747612480063061}", "{\"boxes\": [[396, 254], [971, 254], [971, 351], [396, 351]], \"text\": \"Woades hid_\", \"confident\": 0.3615446976762433}", "{\"boxes\": [[1019, 265], [1079, 265], [1079, 333], [1019, 333]], \"text\": \"J\", \"confident\": 0.894291652545153}", "{\"boxes\": [[1123, 283], [1323, 283], [1323, 345], [1123, 345]], \"text\": \"Wor\", \"confident\": 0.270500250670817}", "{\"boxes\": [[1460, 248], [1652, 248], [1652, 328], [1460, 328]], \"text\": \"that\", \"confident\": 0.7426217794418335}", "{\"boxes\": [[77, 417], [515, 417], [515, 549], [77, 549]], \"text\": \"Particalar\", \"confident\": 0.5256186267226242}", "{\"boxes\": [[544, 420], [940, 420], [940, 570], [544, 570]], \"text\": \"Sugesg?\", \"confident\": 0.4012084872209115}", "{\"boxes\": [[1059, 429], [1269, 429], [1269, 565], [1059, 565]], \"text\": \"<Jou\", \"confident\": 0.1308005005121231}", "{\"boxes\": [[1294, 457], [1501, 457], [1501, 523], [1294, 523]], \"text\": \"Cfe 4\", \"confident\": 0.37593727517901465}", "{\"boxes\": [[1525, 436], [1740, 436], [1740, 552], [1525, 552]], \"text\": \"(ooC ,\", \"confident\": 0.2750824198882492}", "{\"boxes\": [[460, 602], [492, 602], [492, 630], [460, 630]], \"text\": \"4\", \"confident\": 0.5771188235513023}", "{\"boxes\": [[1246, 610], [1274, 610], [1274, 636], [1246, 636]], \"text\": \"\", \"confident\": 0.0}", "{\"boxes\": [[502, 618], [610, 618], [610, 696], [502, 696]], \"text\": \"Di\", \"confident\": 0.3367538974726943}", "{\"boxes\": [[635, 611], [1187, 611], [1187, 747], [635, 747]], \"text\": \"Sad hAfoy\", \"confident\": 0.2685225888196037}", "{\"boxes\": [[1301, 601], [1807, 601], [1807, 711], [1301, 711]], \"text\": \"J shel Ake_\", \"confident\": 0.35996379351581537}", "{\"boxes\": [[711, 811], [807, 811], [807, 877], [711, 877]], \"text\": \"in\", \"confident\": 0.9642397192212258}", "{\"boxes\": [[1118, 791], [1608, 791], [1608, 932], [1118, 932]], \"text\": \"+hat &ouns\", \"confident\": 0.23961061832689742}", "{\"boxes\": [[1633, 827], [1779, 827], [1779, 887], [1633, 887]], \"text\": \"nan\", \"confident\": 0.8014617041631155}", "{\"boxes\": [[63, 969], [337, 969], [337, 1105], [63, 1105]], \"text\": \"exaty\", \"confident\": 0.4857247076036564}", "{\"boxes\": [[361, 977], [791, 977], [791, 1104], [361, 1104]], \"text\": \"what yau\", \"confident\": 0.22014616734939693}", "{\"boxes\": [[825, 994], [1035, 994], [1035, 1061], [825, 1061]], \"text\": \"~ere\", \"confident\": 0.14605936408042908}", "{\"boxes\": [[1336, 975], [1565, 975], [1565, 1072], [1336, 1072]], \"text\": \"thot\", \"confident\": 0.5648215413093567}", "{\"boxes\": [[529, 1145], [571, 1145], [571, 1185], [529, 1185]], \"text\": \"4\", \"confident\": 0.563963917434851}", "{\"boxes\": [[922, 1158], [1006, 1158], [1006, 1238], [922, 1238]], \"text\": \"\u20ac\", \"confident\": 0.2588539371814136}", "{\"boxes\": [[1118, 1145], [1463, 1145], [1463, 1246], [1118, 1246]], \"text\": \"he ~Sasa\", \"confident\": 0.1871897910374322}", "{\"boxes\": [[1528, 1154], [1752, 1154], [1752, 1254], [1528, 1254]], \"text\": \"afles\", \"confident\": 0.6287731855943902}", "{\"boxes\": [[369, 1322], [841, 1322], [841, 1466], [369, 1466]], \"text\": \"hes asatn\", \"confident\": 0.4414434070695803}", "{\"boxes\": [[950, 1332], [1024, 1332], [1024, 1410], [950, 1410]], \"text\": \"J\", \"confident\": 0.8561890285588483}", "{\"boxes\": [[1059, 1327], [1303, 1327], [1303, 1415], [1059, 1415]], \"text\": \"TZthes\", \"confident\": 0.21000353970770155}", "{\"boxes\": [[1329, 1327], [1501, 1327], [1501, 1419], [1329, 1419]], \"text\": \"lke\", \"confident\": 0.5755318331954608}", "{\"boxes\": [[1539, 1341], [1837, 1341], [1837, 1427], [1539, 1427]], \"text\": \"1 have\", \"confident\": 0.4449283216693975}", "{\"boxes\": [[69, 1512], [233, 1512], [233, 1604], [69, 1604]], \"text\": \"~e\", \"confident\": 0.3818471283810188}", "{\"boxes\": [[273, 1517], [677, 1517], [677, 1595], [273, 1595]], \"text\": \"houSemen\", \"confident\": 0.5915240605007771}", "{\"boxes\": [[719, 1503], [1075, 1503], [1075, 1613], [719, 1613]], \"text\": \"ehne &f\", \"confident\": 0.3547536973952246}", "{\"boxes\": [[1125, 1541], [1247, 1541], [1247, 1601], [1125, 1601]], \"text\": \"Me\", \"confident\": 0.996213607086136}", "{\"boxes\": [[1285, 1533], [1406, 1533], [1406, 1598], [1285, 1598]], \"text\": \"as\", \"confident\": 0.5798798199956188}", "{\"boxes\": [[1441, 1545], [1499, 1545], [1499, 1589], [1441, 1589]], \"text\": \"A\", \"confident\": 0.1727415691784353}", "{\"boxes\": [[97, 1695], [297, 1695], [297, 1783], [97, 1783]], \"text\": \"hoo-\", \"confident\": 0.48102080821990967}", "{\"boxes\": [[568, 1688], [1044, 1688], [1044, 1810], [568, 1810]], \"text\": \"Don Juan.\", \"confident\": 0.7955869773438708}", "{\"boxes\": [[1348, 271], [1455, 259], [1458, 329], [1351, 340]], \"text\": \"at\", \"confident\": 0.9927132766403044}", "{\"boxes\": [[104, 578], [449, 646], [418, 767], [72, 699]], \"text\": \"darling ,\", \"confident\": 0.21269786217553685}", "{\"boxes\": [[857, 741], [1111, 835], [1062, 955], [807, 861]], \"text\": \"+lin5\", \"confident\": 0.3788191709466441}", "{\"boxes\": [[53, 820], [302, 792], [307, 895], [58, 923]], \"text\": \"Dieat\", \"confident\": 0.3411243604916464}", "{\"boxes\": [[328, 804], [681, 770], [682, 879], [329, 914]], \"text\": \"pleasur<\", \"confident\": 0.4418776589943865}", "{\"boxes\": [[1101, 954], [1331, 998], [1304, 1109], [1074, 1065]], \"text\": \"dok5\", \"confident\": 0.5286046266555786}", "{\"boxes\": [[770, 1151], [920, 1142], [920, 1235], [769, 1245]], \"text\": \"Ooa\\\"\", \"confident\": 0.8056783676147461}", "{\"boxes\": [[88, 1120], [435, 1177], [405, 1312], [57, 1255]], \"text\": \"erenin) '\", \"confident\": 0.4761109446776541}", "{\"boxes\": [[610, 1153], [758, 1180], [741, 1259], [592, 1232]], \"text\": \"No(\", \"confident\": 0.18949808999197781}", "{\"boxes\": [[88, 1312], [370, 1353], [346, 1472], [64, 1431]], \"text\": \"lissins\", \"confident\": 0.5358524052424906}", "{\"boxes\": [[315, 1641], [561, 1717], [519, 1836], [273, 1760]], \"text\": \"ximnins\", \"confident\": 0.2086782021202189}"]}