{"prediction": ["{\"boxes\": [[1234, 60], [1266, 60], [1266, 94], [1234, 94]], \"text\": \"4\", \"confident\": 0.23148946464801057}", "{\"boxes\": [[1307, 65], [1343, 65], [1343, 101], [1307, 101]], \"text\": \"4\", \"confident\": 0.6314690303680983}", "{\"boxes\": [[41, 59], [189, 59], [189, 151], [41, 151]], \"text\": \"Jm\", \"confident\": 0.6818099878688484}", "{\"boxes\": [[232, 73], [508, 73], [508, 165], [232, 165]], \"text\": \"Sud a\", \"confident\": 0.5529621888451016}", "{\"boxes\": [[548, 76], [714, 76], [714, 150], [548, 150]], \"text\": \"dul\", \"confident\": 0.803639124318288}", "{\"boxes\": [[748, 64], [968, 64], [968, 162], [748, 162]], \"text\": \"Allocs\", \"confident\": 0.467013208748227}", "{\"boxes\": [[1003, 65], [1205, 65], [1205, 179], [1003, 179]], \"text\": \"Rally\", \"confident\": 0.7650876466429931}", "{\"boxes\": [[1338, 54], [1552, 54], [1552, 152], [1338, 152]], \"text\": \"Dual 2\", \"confident\": 0.225850642606711}", "{\"boxes\": [[1626, 68], [1784, 68], [1784, 146], [1626, 146]], \"text\": \"she\", \"confident\": 0.8412772562110794}", "{\"boxes\": [[62, 241], [431, 241], [431, 329], [62, 329]], \"text\": \"Couldo '\u20ac\", \"confident\": 0.29279098505280315}", "{\"boxes\": [[474, 251], [750, 251], [750, 331], [474, 331]], \"text\": \"be (teve\", \"confident\": 0.7292383121608518}", "{\"boxes\": [[772, 248], [884, 248], [884, 332], [772, 332]], \"text\": \"it,\", \"confident\": 0.46601617104408627}", "{\"boxes\": [[940, 242], [1136, 242], [1136, 346], [940, 346]], \"text\": \"Self\", \"confident\": 0.9553603529930115}", "{\"boxes\": [[1208, 240], [1761, 240], [1761, 355], [1208, 355]], \"text\": \"dlepie caton_\", \"confident\": 0.5259202800510272}", "{\"boxes\": [[62, 437], [239, 437], [239, 510], [62, 510]], \"text\": \"Was\", \"confident\": 0.6544061707808501}", "{\"boxes\": [[278, 436], [437, 436], [437, 509], [278, 509]], \"text\": \"not\", \"confident\": 0.9169730800920506}", "{\"boxes\": [[476, 452], [634, 452], [634, 508], [476, 508]], \"text\": \"one\", \"confident\": 0.8445508365599751}", "{\"boxes\": [[685, 443], [795, 443], [795, 527], [685, 527]], \"text\": \"of\", \"confident\": 0.997373745269764}", "{\"boxes\": [[823, 417], [1377, 417], [1377, 543], [823, 543]], \"text\": \"Nigel'$ uSual\", \"confident\": 0.46197341634389233}", "{\"boxes\": [[1588, 424], [1808, 424], [1808, 500], [1588, 500]], \"text\": \"buks .\", \"confident\": 0.5310460069136833}", "{\"boxes\": [[114, 604], [294, 604], [294, 728], [114, 728]], \"text\": \"you\", \"confident\": 0.2575890471661345}", "{\"boxes\": [[320, 610], [518, 610], [518, 686], [320, 686]], \"text\": \"nee &\", \"confident\": 0.4015634377925108}", "{\"boxes\": [[516, 618], [737, 618], [737, 722], [516, 722]], \"text\": \"our\", \"confident\": 0.6412259815295638}", "{\"boxes\": [[1114, 608], [1278, 608], [1278, 684], [1114, 684]], \"text\": \"dor\", \"confident\": 0.6413081441356998}", "{\"boxes\": [[1272, 602], [1428, 602], [1428, 722], [1272, 722]], \"text\": \"ln9\", \"confident\": 0.22960439168884608}", "{\"boxes\": [[1496, 600], [1748, 600], [1748, 722], [1496, 722]], \"text\": \"Joly\", \"confident\": 0.6702440977096558}", "{\"boxes\": [[1364, 772], [1402, 772], [1402, 804], [1364, 804]], \"text\": \"6\", \"confident\": 0.10590849054123996}", "{\"boxes\": [[69, 787], [280, 787], [280, 876], [69, 876]], \"text\": \"bish\", \"confident\": 0.578444242477417}", "{\"boxes\": [[331, 795], [397, 795], [397, 865], [331, 865]], \"text\": \"J\", \"confident\": 0.6628806552930975}", "{\"boxes\": [[439, 782], [1044, 782], [1044, 907], [439, 907]], \"text\": \"could 55 A4h\", \"confident\": 0.199396956114626}", "{\"boxes\": [[1422, 772], [1691, 772], [1691, 859], [1422, 859]], \"text\": \"Doctor\", \"confident\": 0.8894502450901813}", "{\"boxes\": [[68, 946], [729, 946], [729, 1098], [68, 1098]], \"text\": \"Wclls, T6 youe\", \"confident\": 0.18088021167153268}", "{\"boxes\": [[769, 940], [1092, 940], [1092, 1079], [769, 1079]], \"text\": \"maeins\", \"confident\": 0.7734548137928803}", "{\"boxes\": [[1115, 929], [2083, 929], [2083, 1087], [1115, 1087]], \"text\": \"ivpfopes susaestios_?\\\"\", \"confident\": 0.2039217515261755}", "{\"boxes\": [[54, 1146], [196, 1146], [196, 1222], [54, 1222]], \"text\": \"4 Jt\", \"confident\": 0.6591144669024122}", "{\"boxes\": [[245, 1148], [500, 1148], [500, 1224], [245, 1224]], \"text\": \"Woulc\", \"confident\": 0.7636862718312933}", "{\"boxes\": [[525, 1124], [770, 1124], [770, 1245], [525, 1245]], \"text\": \"mcke\", \"confident\": 0.7742109298706055}", "{\"boxes\": [[805, 1171], [941, 1171], [941, 1231], [805, 1231]], \"text\": \"m<\", \"confident\": 0.09378103776700714}", "{\"boxes\": [[1000, 1161], [1205, 1161], [1205, 1228], [1000, 1228]], \"text\": \"nore\", \"confident\": 0.6349143981933594}", "{\"boxes\": [[1253, 1146], [1534, 1146], [1534, 1227], [1253, 1227]], \"text\": \"inkres\", \"confident\": 0.6588686714413841}", "{\"boxes\": [[101, 1327], [145, 1327], [145, 1393], [101, 1393]], \"text\": \"J\", \"confident\": 0.18985677211220775}", "{\"boxes\": [[171, 1275], [629, 1275], [629, 1431], [171, 1431]], \"text\": \"suppoSe 2 \\\"\", \"confident\": 0.18360880599137916}", "{\"boxes\": [[648, 1326], [812, 1326], [812, 1402], [648, 1402]], \"text\": \"she\", \"confident\": 0.9801260366832767}", "{\"boxes\": [[842, 1314], [1254, 1314], [1254, 1450], [842, 1450]], \"text\": \"entuited\", \"confident\": 0.7054744695063059}", "{\"boxes\": [[1410, 427], [1590, 413], [1590, 494], [1411, 508]], \"text\": \"attt'\", \"confident\": 0.7155451189790105}", "{\"boxes\": [[793, 558], [1115, 637], [1081, 749], [758, 670]], \"text\": \"holiday '\", \"confident\": 0.6929705673357514}", "{\"boxes\": [[1040, 801], [1274, 763], [1284, 873], [1050, 911]], \"text\": \"(oul\", \"confident\": 0.1178351491689682}", "{\"boxes\": [[1546, 1105], [1757, 1179], [1715, 1288], [1503, 1214]], \"text\": \"Hnj'\", \"confident\": 0.22346578538417816}", "{\"boxes\": [[1309, 1289], [1588, 1334], [1565, 1442], [1286, 1397]], \"text\": \"arcla\", \"confident\": 0.40628665632832955}"]}