{"prediction": ["{\"boxes\": [[168, 70], [355, 70], [355, 206], [168, 206]], \"text\": \"9pioq\", \"confident\": 0.24920350480895087}", "{\"boxes\": [[376, 65], [517, 65], [517, 151], [376, 151]], \"text\": \"M\", \"confident\": 0.30410954266892887}", "{\"boxes\": [[549, 91], [585, 91], [585, 143], [549, 143]], \"text\": \"O\", \"confident\": 0.19101459099901152}", "{\"boxes\": [[939, 76], [1177, 76], [1177, 188], [939, 188]], \"text\": \"prJhd `\", \"confident\": 0.47587950063270973}", "{\"boxes\": [[1239, 59], [1551, 59], [1551, 150], [1239, 150]], \"text\": \"Whal els\", \"confident\": 0.8189155697851338}", "{\"boxes\": [[1583, 81], [1729, 81], [1729, 143], [1583, 143]], \"text\": \"Can\", \"confident\": 0.9975569567325653}", "{\"boxes\": [[1775, 57], [1873, 57], [1873, 145], [1775, 145]], \"text\": \"do\", \"confident\": 0.9793149223055753}", "{\"boxes\": [[66, 248], [140, 248], [140, 322], [66, 322]], \"text\": \"0\", \"confident\": 0.7846633999381538}", "{\"boxes\": [[322, 243], [473, 243], [473, 331], [322, 331]], \"text\": \"time\", \"confident\": 0.6313767433166504}", "{\"boxes\": [[579, 259], [731, 259], [731, 370], [579, 370]], \"text\": \"Vrn\", \"confident\": 0.16623092951467497}", "{\"boxes\": [[792, 250], [998, 250], [998, 326], [792, 326]], \"text\": \"(can t\", \"confident\": 0.6560319740816001}", "{\"boxes\": [[1035, 249], [1163, 249], [1163, 337], [1035, 337]], \"text\": \"ask\", \"confident\": 0.39146149154176196}", "{\"boxes\": [[1190, 260], [1360, 260], [1360, 358], [1190, 358]], \"text\": \"Ipwy\", \"confident\": 0.21769600348463616}", "{\"boxes\": [[1709, 233], [1827, 233], [1827, 323], [1709, 323]], \"text\": \"I's\", \"confident\": 0.32084251329328994}", "{\"boxes\": [[52, 438], [100, 438], [100, 500], [52, 500]], \"text\": \"Q\", \"confident\": 0.47278124175179315}", "{\"boxes\": [[509, 415], [693, 415], [693, 523], [509, 523]], \"text\": \"oloic.\", \"confident\": 0.5303088992998456}", "{\"boxes\": [[870, 428], [1053, 428], [1053, 513], [870, 513]], \"text\": \"krn\", \"confident\": 0.6387256584472034}", "{\"boxes\": [[1102, 414], [1374, 414], [1374, 514], [1102, 514]], \"text\": \"Idian +\", \"confident\": 0.3584663061352317}", "{\"boxes\": [[1795, 407], [1919, 407], [1919, 497], [1795, 497]], \"text\": \"Heli\", \"confident\": 0.4095761775970459}", "{\"boxes\": [[41, 601], [179, 601], [179, 689], [41, 689]], \"text\": \"don\", \"confident\": 0.5043843388557434}", "{\"boxes\": [[800, 602], [970, 602], [970, 700], [800, 700]], \"text\": \"thlo\", \"confident\": 0.5250298380851746}", "{\"boxes\": [[1063, 601], [1203, 601], [1203, 687], [1063, 687]], \"text\": \"lov\", \"confident\": 0.3123686021313425}", "{\"boxes\": [[1269, 599], [1601, 599], [1601, 733], [1269, 733]], \"text\": \"Wrh 'U\", \"confident\": 0.28353379642427246}", "{\"boxes\": [[1643, 587], [1860, 587], [1860, 688], [1643, 688]], \"text\": \"cquld\", \"confident\": 0.22751150276670093}", "{\"boxes\": [[55, 807], [239, 807], [239, 867], [55, 867]], \"text\": \"Coe\", \"confident\": 0.9717996670274426}", "{\"boxes\": [[281, 779], [493, 779], [493, 871], [281, 871]], \"text\": \"l)\", \"confident\": 0.43785204213086953}", "{\"boxes\": [[765, 807], [907, 807], [907, 915], [765, 915]], \"text\": \"lon\", \"confident\": 0.3593036044928791}", "{\"boxes\": [[950, 785], [1167, 785], [1167, 909], [950, 909]], \"text\": \"bcp &\", \"confident\": 0.4552492435770141}", "{\"boxes\": [[1204, 773], [1320, 773], [1320, 865], [1204, 865]], \"text\": \"1'8\", \"confident\": 0.20381578645154852}", "{\"boxes\": [[1553, 795], [1947, 795], [1947, 911], [1553, 911]], \"text\": \"yo ; Ioy\", \"confident\": 0.13610765724391197}", "{\"boxes\": [[55, 967], [261, 967], [261, 1051], [55, 1051]], \"text\": \"COn '4\", \"confident\": 0.32066416469763204}", "{\"boxes\": [[351, 971], [639, 971], [639, 1081], [351, 1081]], \"text\": \"Imaf?ae\", \"confident\": 0.1535215404115697}", "{\"boxes\": [[665, 950], [809, 950], [809, 1047], [665, 1047]], \"text\": \"the\", \"confident\": 0.9969256474994357}", "{\"boxes\": [[848, 943], [1171, 943], [1171, 1070], [848, 1070]], \"text\": \"hsp}al\", \"confident\": 0.6268957907389934}", "{\"boxes\": [[1224, 939], [1483, 939], [1483, 1040], [1224, 1040]], \"text\": \"Wl}\", \"confident\": 0.6878893979363173}", "{\"boxes\": [[1531, 971], [1623, 971], [1623, 1033], [1531, 1033]], \"text\": \"m\", \"confident\": 0.8823624263819774}", "{\"boxes\": [[1659, 947], [1751, 947], [1751, 1039], [1659, 1039]], \"text\": \"lpr\", \"confident\": 0.30676702588542476}", "{\"boxes\": [[1375, 1115], [1413, 1115], [1413, 1175], [1375, 1175]], \"text\": \"2\", \"confident\": 0.9528289793336207}", "{\"boxes\": [[31, 1120], [220, 1120], [220, 1230], [31, 1230]], \"text\": \"Hhee\", \"confident\": 0.292890727519989}", "{\"boxes\": [[256, 1152], [488, 1152], [488, 1232], [256, 1232]], \"text\": \"lle es\", \"confident\": 0.2457316111181336}", "{\"boxes\": [[612, 1141], [899, 1141], [899, 1229], [612, 1229]], \"text\": \"@lcelesa\", \"confident\": 0.6700166069300222}", "{\"boxes\": [[970, 1131], [1388, 1131], [1388, 1235], [970, 1235]], \"text\": \"Q Yclesc '\", \"confident\": 0.15672548741813466}", "{\"boxes\": [[636, 43], [906, 92], [883, 188], [612, 140]], \"text\": \"shobag\", \"confident\": 0.1461836237828307}", "{\"boxes\": [[67, 73], [150, 92], [134, 156], [50, 136]], \"text\": \"Im\", \"confident\": 0.5252899454384099}", "{\"boxes\": [[1415, 228], [1664, 265], [1646, 355], [1397, 318]], \"text\": \"because\", \"confident\": 0.949207017538341}", "{\"boxes\": [[167, 235], [302, 253], [288, 332], [153, 315]], \"text\": \"Yis\", \"confident\": 0.3784573996616133}", "{\"boxes\": [[1427, 442], [1662, 412], [1668, 513], [1433, 543]], \"text\": \"expect\", \"confident\": 0.9256083500692384}", "{\"boxes\": [[128, 386], [368, 438], [338, 551], [98, 499]], \"text\": \"strictly\", \"confident\": 0.98863463212927}", "{\"boxes\": [[379, 414], [518, 452], [488, 547], [350, 509]], \"text\": \"sla(\", \"confident\": 0.656613826751709}", "{\"boxes\": [[308, 584], [474, 625], [443, 731], [277, 690]], \"text\": \"koep\", \"confident\": 0.5947346091270447}", "{\"boxes\": [[506, 580], [791, 627], [767, 737], [482, 691]], \"text\": \"hiohof ,\", \"confident\": 0.311562567595792}", "{\"boxes\": [[1353, 770], [1515, 792], [1501, 870], [1339, 848]], \"text\": \"miss\", \"confident\": 0.9981661438941956}", "{\"boxes\": [[560, 786], [736, 810], [721, 888], [546, 863]], \"text\": \"me' )\", \"confident\": 0.18377013219320293}"]}