{"prediction": ["{\"boxes\": [[66, 38], [1034, 38], [1034, 166], [66, 166]], \"text\": \"Bt aker thedl   seiglt   &ip % I\", \"confident\": 0.18963448481122405}", "{\"boxes\": [[1231, 79], [1300, 79], [1300, 124], [1231, 124]], \"text\": \"on\", \"confident\": 0.36821753331031354}", "{\"boxes\": [[1327, 53], [1503, 53], [1503, 161], [1327, 161]], \"text\": \"Ug9 $\", \"confident\": 0.14899105880980693}", "{\"boxes\": [[1634, 58], [1878, 58], [1878, 135], [1634, 135]], \"text\": \"Lu Ladl\", \"confident\": 0.28458888086400813}", "{\"boxes\": [[63, 227], [288, 227], [288, 311], [63, 311]], \"text\": \"ceal  sed\", \"confident\": 0.2245999456616738}", "{\"boxes\": [[330, 244], [380, 244], [380, 304], [330, 304]], \"text\": \"&\", \"confident\": 0.274610907924}", "{\"boxes\": [[423, 263], [529, 263], [529, 307], [423, 307]], \"text\": \"unc\", \"confident\": 0.2955175036874808}", "{\"boxes\": [[820, 246], [994, 246], [994, 344], [820, 344]], \"text\": \"eu\", \"confident\": 0.7736709416859521}", "{\"boxes\": [[1014, 232], [1668, 232], [1668, 330], [1014, 330]], \"text\": \"kr Les  lave teawiberel\", \"confident\": 0.26555024441188857}", "{\"boxes\": [[1811, 245], [1871, 245], [1871, 305], [1811, 305]], \"text\": \"&\", \"confident\": 0.2469064628256854}", "{\"boxes\": [[76, 430], [178, 430], [178, 480], [76, 480]], \"text\": \"uc\", \"confident\": 0.11529706287492816}", "{\"boxes\": [[216, 436], [284, 436], [284, 484], [216, 484]], \"text\": \"aS\", \"confident\": 0.442296877285852}", "{\"boxes\": [[289, 403], [500, 403], [500, 520], [289, 520]], \"text\": \"#logl\", \"confident\": 0.41412108555027444}", "{\"boxes\": [[521, 439], [567, 439], [567, 479], [521, 479]], \"text\": \"a\", \"confident\": 0.5006979251959365}", "{\"boxes\": [[578, 414], [814, 414], [814, 486], [578, 486]], \"text\": \"(ed mist\", \"confident\": 0.50082150032167}", "{\"boxes\": [[838, 418], [1005, 418], [1005, 487], [838, 487]], \"text\": \"Ue Qaal\", \"confident\": 0.28141161083889044}", "{\"boxes\": [[1027, 423], [1140, 423], [1140, 484], [1027, 484]], \"text\": \"Ls\", \"confident\": 0.3217536592272861}", "{\"boxes\": [[1373, 423], [1501, 423], [1501, 489], [1373, 489]], \"text\": \"clacs\", \"confident\": 0.48628498999644076}", "{\"boxes\": [[1522, 419], [1702, 419], [1702, 530], [1522, 530]], \"text\": \"2ipd\", \"confident\": 0.21387150883674622}", "{\"boxes\": [[62, 594], [240, 594], [240, 659], [62, 659]], \"text\": \"mbcle\", \"confident\": 0.5117804678549699}", "{\"boxes\": [[279, 597], [398, 597], [398, 664], [279, 664]], \"text\": \"Css\", \"confident\": 0.25061308678949346}", "{\"boxes\": [[421, 590], [796, 590], [796, 668], [421, 668]], \"text\": \"(inL (Luse\", \"confident\": 0.23317250654888214}", "{\"boxes\": [[817, 625], [935, 625], [935, 663], [817, 663]], \"text\": \"uas\", \"confident\": 0.17058308306373726}", "{\"boxes\": [[969, 627], [1039, 627], [1039, 665], [969, 665]], \"text\": \"4\", \"confident\": 0.7626385513291645}", "{\"boxes\": [[1260, 570], [1840, 570], [1840, 693], [1260, 693]], \"text\": \"immeclasely aleal\", \"confident\": 0.35115755055769604}", "{\"boxes\": [[81, 773], [249, 773], [249, 881], [81, 881]], \"text\": \"Nigel\", \"confident\": 0.24377885179576936}", "{\"boxes\": [[341, 781], [453, 781], [453, 843], [341, 843]], \"text\": \"s\", \"confident\": 0.599798012922804}", "{\"boxes\": [[485, 775], [619, 775], [619, 841], [485, 841]], \"text\": \"Laal\", \"confident\": 0.7739031910896301}", "{\"boxes\": [[649, 772], [930, 772], [930, 884], [649, 884]], \"text\": \"Lesgld\", \"confident\": 0.2712010714691659}", "{\"boxes\": [[949, 773], [1096, 773], [1096, 857], [949, 857]], \"text\": \"LUm _\", \"confident\": 0.2400063409452515}", "{\"boxes\": [[1172, 780], [1416, 780], [1416, 882], [1172, 882]], \"text\": \"yeu lrow\", \"confident\": 0.14293132250664628}", "{\"boxes\": [[1442, 772], [1582, 772], [1582, 844], [1442, 844]], \"text\": \"lat\", \"confident\": 0.18689426224484368}", "{\"boxes\": [[1608, 799], [1735, 799], [1735, 843], [1608, 843]], \"text\": \"2uen\", \"confident\": 0.6154280304908752}", "{\"boxes\": [[70, 968], [168, 968], [168, 1044], [70, 1044]], \"text\": \"yu\", \"confident\": 0.5738747671413138}", "{\"boxes\": [[189, 943], [349, 943], [349, 1020], [189, 1020]], \"text\": \"tccl\", \"confident\": 0.4012793302536011}", "{\"boxes\": [[376, 948], [534, 948], [534, 1024], [376, 1024]], \"text\": \"Lle\", \"confident\": 0.41297866609516953}", "{\"boxes\": [[781, 983], [821, 983], [821, 1021], [781, 1021]], \"text\": \"8\", \"confident\": 0.4862973901368264}", "{\"boxes\": [[859, 964], [1096, 964], [1096, 1063], [859, 1063]], \"text\": \"Surg-ryj\", \"confident\": 0.24566470059398873}", "{\"boxes\": [[1244, 960], [1409, 960], [1409, 1025], [1244, 1025]], \"text\": \"(es e\", \"confident\": 0.3167741436169738}", "{\"boxes\": [[1448, 974], [1559, 974], [1559, 1023], [1448, 1023]], \"text\": \"ieac\", \"confident\": 0.35931411385536194}", "{\"boxes\": [[1597, 983], [1639, 983], [1639, 1023], [1597, 1023]], \"text\": \"0\", \"confident\": 0.5575776080143591}", "{\"boxes\": [[1669, 985], [1855, 985], [1855, 1023], [1669, 1023]], \"text\": \"uoner\", \"confident\": 0.13611095096773315}", "{\"boxes\": [[69, 1137], [227, 1137], [227, 1197], [69, 1197]], \"text\": \"Cl\", \"confident\": 0.36843191264937003}", "{\"boxes\": [[281, 1155], [327, 1155], [327, 1195], [281, 1195]], \"text\": \"a\", \"confident\": 0.9835792977675375}", "{\"boxes\": [[543, 1167], [613, 1167], [613, 1203], [543, 1203]], \"text\": \"cn\", \"confident\": 0.6254766439687769}", "{\"boxes\": [[644, 1136], [777, 1136], [777, 1209], [644, 1209]], \"text\": \"Ls\", \"confident\": 0.9709087328560716}", "{\"boxes\": [[810, 1158], [909, 1158], [909, 1197], [810, 1197]], \"text\": \"Cf\", \"confident\": 0.2758595371864535}", "{\"boxes\": [[1037, 1115], [1115, 1115], [1115, 1175], [1037, 1175]], \"text\": \"74\", \"confident\": 0.6561218771119518}", "{\"boxes\": [[1040, 44], [1228, 78], [1205, 180], [1017, 146]], \"text\": \"tcvqlu\", \"confident\": 0.24220576575730163}", "{\"boxes\": [[1502, 78], [1610, 50], [1626, 128], [1518, 157]], \"text\": \"fect\", \"confident\": 0.15731966495513916}", "{\"boxes\": [[558, 253], [792, 228], [796, 324], [562, 349]], \"text\": \"mnportwl\", \"confident\": 0.3086191139909862}", "{\"boxes\": [[1680, 248], [1790, 240], [1792, 305], [1682, 313]], \"text\": \"and\", \"confident\": 0.41855624938123487}", "{\"boxes\": [[1721, 450], [1845, 413], [1861, 472], [1737, 509]], \"text\": \"anal\", \"confident\": 0.8858696818351746}", "{\"boxes\": [[1161, 399], [1372, 435], [1353, 522], [1141, 486]], \"text\": \"usually\", \"confident\": 0.9088004408377037}", "{\"boxes\": [[1095, 585], [1249, 630], [1224, 707], [1069, 662]], \"text\": \"ayss\", \"confident\": 0.22128237783908844}", "{\"boxes\": [[1735, 798], [1834, 813], [1827, 854], [1727, 839]], \"text\": \"cQ\", \"confident\": 0.5304335844285519}", "{\"boxes\": [[567, 937], [763, 978], [746, 1044], [550, 1003]], \"text\": \"Rasson\", \"confident\": 0.9611907423555872}", "{\"boxes\": [[1099, 977], [1216, 962], [1219, 1017], [1102, 1032]], \"text\": \"anal\", \"confident\": 0.6889177560806274}", "{\"boxes\": [[377, 1154], [509, 1133], [518, 1220], [386, 1240]], \"text\": \"cyst\", \"confident\": 0.42710912227630615}"]}