{"prediction": ["{\"boxes\": [[401, 51], [425, 51], [425, 71], [401, 71]], \"text\": \"M\", \"confident\": 0.26784855429093923}", "{\"boxes\": [[348, 54], [400, 54], [400, 102], [348, 102]], \"text\": \"2\", \"confident\": 0.9999914169495696}", "{\"boxes\": [[81, 75], [123, 75], [123, 133], [81, 133]], \"text\": \"5\", \"confident\": 0.9974971001257735}", "{\"boxes\": [[128, 74], [336, 74], [336, 174], [128, 174]], \"text\": \"Ye -es\", \"confident\": 0.5890233833893258}", "{\"boxes\": [[446, 66], [534, 66], [534, 140], [446, 140]], \"text\": \"he\", \"confident\": 0.9970419842019008}", "{\"boxes\": [[549, 63], [1063, 63], [1063, 179], [549, 179]], \"text\": \"Qowetrel  his eses\", \"confident\": 0.30098369441268796}", "{\"boxes\": [[1248, 61], [1586, 61], [1586, 140], [1248, 140]], \"text\": \"feisscd her\", \"confident\": 0.36111666077735033}", "{\"boxes\": [[1609, 95], [1675, 95], [1675, 133], [1609, 133]], \"text\": \"0n\", \"confident\": 0.27044529768571923}", "{\"boxes\": [[1697, 75], [1813, 75], [1813, 139], [1697, 139]], \"text\": \"+h &\", \"confident\": 0.7706302574062835}", "{\"boxes\": [[49, 245], [269, 245], [269, 322], [49, 322]], \"text\": \"mduh\", \"confident\": 0.9406335949897766}", "{\"boxes\": [[316, 270], [397, 270], [397, 318], [316, 318]], \"text\": \"dm\", \"confident\": 0.925429855298442}", "{\"boxes\": [[444, 246], [550, 246], [550, 320], [444, 320]], \"text\": \"act\", \"confident\": 0.8897616173491467}", "{\"boxes\": [[584, 256], [656, 256], [656, 336], [584, 336]], \"text\": \"04\", \"confident\": 0.10504706852169642}", "{\"boxes\": [[677, 244], [924, 244], [924, 321], [677, 321]], \"text\": \"cuotio ^\", \"confident\": 0.15634483894915618}", "{\"boxes\": [[954, 248], [1038, 248], [1038, 320], [954, 320]], \"text\": \"he\", \"confident\": 0.6997904127667505}", "{\"boxes\": [[1059, 243], [1300, 243], [1300, 320], [1059, 320]], \"text\": \"diem ' t\", \"confident\": 0.19071299321278876}", "{\"boxes\": [[1329, 267], [1450, 267], [1450, 318], [1329, 318]], \"text\": \"quy\", \"confident\": 0.2784221213008195}", "{\"boxes\": [[1496, 270], [1562, 270], [1562, 318], [1496, 318]], \"text\": \"U\", \"confident\": 0.7252347275056401}", "{\"boxes\": [[52, 412], [86, 412], [86, 444], [52, 444]], \"text\": \"4\", \"confident\": 0.2761144806581797}", "{\"boxes\": [[1002, 416], [1030, 416], [1030, 440], [1002, 440]], \"text\": \"h\", \"confident\": 0.18957475103935284}", "{\"boxes\": [[1066, 424], [1096, 424], [1096, 452], [1066, 452]], \"text\": \"h\", \"confident\": 0.7189441694350904}", "{\"boxes\": [[83, 421], [254, 421], [254, 501], [83, 501]], \"text\": \"Uhul\", \"confident\": 0.41793566942214966}", "{\"boxes\": [[275, 426], [469, 426], [469, 500], [275, 500]], \"text\": \"aSdus\", \"confident\": 0.3334526103538014}", "{\"boxes\": [[489, 431], [555, 431], [555, 501], [489, 501]], \"text\": \"*\", \"confident\": 0.13650640742071118}", "{\"boxes\": [[947, 427], [987, 427], [987, 475], [947, 475]], \"text\": \"2\", \"confident\": 0.9999974966064862}", "{\"boxes\": [[1088, 421], [1262, 421], [1262, 508], [1088, 508]], \"text\": \"(J&u ,\", \"confident\": 0.09961759669990715}", "{\"boxes\": [[1302, 424], [1416, 424], [1416, 500], [1302, 500]], \"text\": \"she\", \"confident\": 0.6319921453347306}", "{\"boxes\": [[1579, 433], [1711, 433], [1711, 497], [1579, 497]], \"text\": \"Gee\", \"confident\": 0.6130529062829442}", "{\"boxes\": [[410, 624], [576, 624], [576, 678], [410, 678]], \"text\": \"( 0\", \"confident\": 0.2959437966346741}", "{\"boxes\": [[615, 605], [966, 605], [966, 721], [615, 721]], \"text\": \"upsujcg\", \"confident\": 0.37904464060980186}", "{\"boxes\": [[1012, 614], [1092, 614], [1092, 700], [1012, 700]], \"text\": \"04\", \"confident\": 0.5318795953200759}", "{\"boxes\": [[1381, 593], [1523, 593], [1523, 678], [1381, 678]], \"text\": \"bat\", \"confident\": 0.5798482147087503}", "{\"boxes\": [[1675, 609], [1741, 609], [1741, 675], [1675, 675]], \"text\": \"8\", \"confident\": 0.5926327966926159}", "{\"boxes\": [[48, 773], [292, 773], [292, 893], [48, 893]], \"text\": \"S-yin>\", \"confident\": 0.37714115862430664}", "{\"boxes\": [[461, 778], [677, 778], [677, 894], [461, 894]], \"text\": \"#Lo-G'\", \"confident\": 0.04334873731298309}", "{\"boxes\": [[694, 780], [776, 780], [776, 856], [694, 856]], \"text\": \"he\", \"confident\": 0.6578006780855874}", "{\"boxes\": [[796, 804], [928, 804], [928, 856], [796, 856]], \"text\": \"Sa\", \"confident\": 0.4684378152873609}", "{\"boxes\": [[947, 779], [1456, 779], [1456, 887], [947, 887]], \"text\": \"s*u 0 {Gc dad\", \"confident\": 0.061490968053239524}", "{\"boxes\": [[1471, 779], [1778, 779], [1778, 871], [1471, 871]], \"text\": \"4 TocS_le\", \"confident\": 0.3665318617893645}", "{\"boxes\": [[1012, 944], [1036, 944], [1036, 970], [1012, 970]], \"text\": \"0\", \"confident\": 0.12691301353492523}", "{\"boxes\": [[60, 956], [194, 956], [194, 1032], [60, 1032]], \"text\": \"Uifl\", \"confident\": 0.652337372303009}", "{\"boxes\": [[205, 983], [247, 983], [247, 1029], [205, 1029]], \"text\": \"0\", \"confident\": 0.8028425390376839}", "{\"boxes\": [[270, 960], [486, 960], [486, 1036], [270, 1036]], \"text\": \"blondc\", \"confident\": 0.517099796106278}", "{\"boxes\": [[527, 966], [640, 966], [640, 1035], [527, 1035]], \"text\": \"Loo\", \"confident\": 0.976876555208781}", "{\"boxes\": [[697, 965], [976, 965], [976, 1082], [697, 1082]], \"text\": \"Imajine\", \"confident\": 0.43365845799461167}", "{\"boxes\": [[1060, 963], [1246, 963], [1246, 1067], [1060, 1067]], \"text\": \"Oigsl\", \"confident\": 0.0550230933603229}", "{\"boxes\": [[1403, 971], [1701, 971], [1701, 1063], [1403, 1063]], \"text\": \"ktawuma9\", \"confident\": 0.13136594161763096}", "{\"boxes\": [[1771, 965], [1857, 965], [1857, 1031], [1771, 1031]], \"text\": \"H2\", \"confident\": 0.196792676868743}", "{\"boxes\": [[161, 1133], [751, 1133], [751, 1249], [161, 1249]], \"text\": \"Gcd  distunescsGed\", \"confident\": 0.11181915764939812}", "{\"boxes\": [[790, 1129], [960, 1129], [960, 1218], [790, 1218]], \"text\": \"6les\", \"confident\": 0.13185963034629822}", "{\"boxes\": [[981, 1147], [1065, 1147], [1065, 1211], [981, 1211]], \"text\": \"he\", \"confident\": 0.357387757362225}", "{\"boxes\": [[1102, 1144], [1373, 1144], [1373, 1243], [1102, 1243]], \"text\": \"bauned\", \"confident\": 0.36069210163995336}", "{\"boxes\": [[1395, 1106], [1703, 1106], [1703, 1255], [1395, 1255]], \"text\": \"boyi4a\", \"confident\": 0.31091382201950263}", "{\"boxes\": [[53, 1315], [386, 1315], [386, 1396], [53, 1396]], \"text\": \"hune Sa 2\", \"confident\": 0.13163529902734372}", "{\"boxes\": [[425, 1325], [499, 1325], [499, 1393], [425, 1393]], \"text\": \"04\", \"confident\": 0.3592859388090824}", "{\"boxes\": [[529, 1312], [680, 1312], [680, 1396], [529, 1396]], \"text\": \"0/54\", \"confident\": 0.86063551902771}", "{\"boxes\": [[710, 1322], [887, 1322], [887, 1391], [710, 1391]], \"text\": \"Eumes\", \"confident\": 0.2378243008781301}", "{\"boxes\": [[1084, 86], [1220, 74], [1221, 135], [1085, 146]], \"text\": \"dc\", \"confident\": 0.5506779431762763}", "{\"boxes\": [[1573, 216], [1757, 275], [1721, 373], [1537, 314]], \"text\": \"duls?\", \"confident\": 0.3641587355218256}", "{\"boxes\": [[741, 441], [920, 428], [920, 492], [742, 505]], \"text\": \"Sceet\", \"confident\": 0.31573903145710064}", "{\"boxes\": [[1454, 422], [1604, 452], [1586, 524], [1436, 495]], \"text\": \"Oaua\", \"confident\": 0.08207042515277863}", "{\"boxes\": [[625, 411], [754, 473], [723, 535], [594, 473]], \"text\": \"cc~ls\", \"confident\": 0.10232522049534871}", "{\"boxes\": [[1550, 588], [1699, 624], [1675, 707], [1526, 670]], \"text\": \"s~p' c\", \"confident\": 0.2792860973442344}", "{\"boxes\": [[1115, 588], [1304, 617], [1285, 709], [1096, 679]], \"text\": \"0i4\", \"confident\": 0.25236195717084897}", "{\"boxes\": [[78, 573], [393, 619], [372, 717], [57, 671]], \"text\": \"Sudde-lia\", \"confident\": 0.3721845481384846}", 