{"prediction": ["{\"boxes\": [[30, 44], [216, 44], [216, 148], [30, 148]], \"text\": \"V  #\", \"confident\": 0.3354487121105194}", "{\"boxes\": [[236, 58], [298, 58], [298, 108], [236, 108]], \"text\": \"iS;\", \"confident\": 0.2922140990391855}", "{\"boxes\": [[423, 51], [523, 51], [523, 111], [423, 111]], \"text\": \"ShQ\", \"confident\": 0.8772274406714288}", "{\"boxes\": [[567, 15], [1166, 15], [1166, 164], [567, 164]], \"text\": \"lougqid  uwcerlaily\", \"confident\": 0.15367387167560104}", "{\"boxes\": [[1321, 52], [1442, 52], [1442, 136], [1321, 136]], \"text\": \"yov\", \"confident\": 0.38986730875707626}", "{\"boxes\": [[1464, 57], [1577, 57], [1577, 114], [1464, 114]], \"text\": \"CO\", \"confident\": 0.9195597365188711}", "{\"boxes\": [[1620, 51], [1755, 51], [1755, 116], [1620, 116]], \"text\": \"Wove\", \"confident\": 0.17205612361431122}", "{\"boxes\": [[37, 228], [171, 228], [171, 312], [37, 312]], \"text\": \"ycur\", \"confident\": 0.6314166188240051}", "{\"boxes\": [[208, 216], [324, 216], [324, 320], [208, 320]], \"text\": \"(wJ\", \"confident\": 0.0728248485333499}", "{\"boxes\": [[368, 212], [508, 212], [508, 293], [368, 293]], \"text\": \"bock\", \"confident\": 0.681689977645874}", "{\"boxes\": [[656, 224], [754, 224], [754, 298], [656, 298]], \"text\": \"Shl\", \"confident\": 0.2639934099260096}", "{\"boxes\": [[830, 224], [1070, 224], [1070, 296], [830, 296]], \"text\": \"loos &wd\", \"confident\": 0.712498635598046}", "{\"boxes\": [[1131, 231], [1223, 231], [1223, 297], [1131, 297]], \"text\": \"Yla\", \"confident\": 0.1648564103401546}", "{\"boxes\": [[1257, 227], [1391, 227], [1391, 335], [1257, 335]], \"text\": \"hoy\", \"confident\": 0.2654050396282132}", "{\"boxes\": [[1642, 238], [1716, 238], [1716, 330], [1642, 330]], \"text\": \"04\", \"confident\": 0.4200940666027195}", "{\"boxes\": [[49, 393], [312, 393], [312, 473], [49, 473]], \"text\": \"dliamods\", \"confident\": 0.3987282615544724}", "{\"boxes\": [[378, 420], [448, 420], [448, 468], [378, 468]], \"text\": \"OM\", \"confident\": 0.895931487713514}", "{\"boxes\": [[501, 405], [587, 405], [587, 467], [501, 467]], \"text\": \"Wt\", \"confident\": 0.2779726740913532}", "{\"boxes\": [[626, 404], [702, 404], [702, 496], [626, 496]], \"text\": \"lyl\", \"confident\": 0.24785364742452737}", "{\"boxes\": [[763, 395], [927, 395], [927, 476], [763, 476]], \"text\": \"havd\", \"confident\": 0.5703844428062439}", "{\"boxes\": [[1001, 400], [1152, 400], [1152, 476], [1001, 476]], \"text\": \"Micd\", \"confident\": 0.950356125831604}", "{\"boxes\": [[1184, 410], [1387, 410], [1387, 530], [1184, 530]], \"text\": \"Ivyer\", \"confident\": 0.24323785367092132}", "{\"boxes\": [[1431, 417], [1563, 417], [1563, 479], [1431, 479]], \"text\": \"Od\", \"confident\": 0.39327269383762076}", "{\"boxes\": [[1630, 404], [1772, 404], [1772, 476], [1630, 476]], \"text\": \"Itd\", \"confident\": 0.22025435816545405}", "{\"boxes\": [[1808, 420], [1862, 420], [1862, 478], [1808, 478]], \"text\": \"iL\", \"confident\": 0.39144716406978475}", "{\"boxes\": [[73, 578], [166, 578], [166, 643], [73, 643]], \"text\": \"Ow}\", \"confident\": 0.6289531478872382}", "{\"boxes\": [[242, 578], [296, 578], [296, 638], [242, 638]], \"text\": \"to\", \"confident\": 0.9976783302197924}", "{\"boxes\": [[377, 573], [501, 573], [501, 641], [377, 641]], \"text\": \"Iim\", \"confident\": 0.5013691947167929}", "{\"boxes\": [[596, 580], [694, 580], [694, 652], [596, 652]], \"text\": \"Shll\", \"confident\": 0.62317955493927}", "{\"boxes\": [[755, 587], [1043, 587], [1043, 695], [755, 695]], \"text\": \"play {lly.\", \"confident\": 0.50029721808265}", "{\"boxes\": [[1136, 576], [1364, 576], [1364, 652], [1136, 652]], \"text\": \"Wixeu}\", \"confident\": 0.43452410316760665}", "{\"boxes\": [[1406, 596], [1454, 596], [1454, 652], [1406, 652]], \"text\": \"O\", \"confident\": 0.5934165919217413}", "{\"boxes\": [[54, 770], [110, 770], [110, 878], [54, 878]], \"text\": \"%\", \"confident\": 0.10910742420745212}", "{\"boxes\": [[172, 762], [524, 762], [524, 834], [172, 834]], \"text\": \"CAMMSlml\", \"confident\": 0.148329737925728}", "{\"boxes\": [[630, 772], [690, 772], [690, 822], [630, 822]], \"text\": \"Il\", \"confident\": 0.9392140130122891}", "{\"boxes\": [[771, 763], [863, 763], [863, 823], [771, 823]], \"text\": \"Is\", \"confident\": 0.3593480546458132}", "{\"boxes\": [[919, 767], [1043, 767], [1043, 827], [919, 827]], \"text\": \"OWv\", \"confident\": 0.14935060945558143}", "{\"boxes\": [[1108, 768], [1262, 768], [1262, 864], [1108, 864]], \"text\": \"lyl\", \"confident\": 0.160384992035288}", "{\"boxes\": [[1357, 767], [1635, 767], [1635, 853], [1357, 853]], \"text\": \"hewever,\", \"confident\": 0.4238255689035445}", "{\"boxes\": [[1691, 765], [1773, 765], [1773, 831], [1691, 831]], \"text\": \"he\", \"confident\": 0.5462294416910359}", "{\"boxes\": [[1820, 758], [1950, 758], [1950, 835], [1820, 835]], \"text\": \"Feeh\", \"confident\": 0.5345733165740967}", "{\"boxes\": [[41, 931], [109, 931], [109, 1007], [41, 1007]], \"text\": \"It ,\", \"confident\": 0.4491951480819867}", "{\"boxes\": [[174, 932], [268, 932], [268, 1004], [174, 1004]], \"text\": \"Lco\", \"confident\": 0.22515909724721425}", "{\"boxes\": [[761, 945], [982, 945], [982, 1041], [761, 1041]], \"text\": \"beycud\", \"confident\": 0.6452418889576051}", "{\"boxes\": [[1055, 943], [1167, 943], [1167, 1003], [1055, 1003]], \"text\": \"IeC .\", \"confident\": 0.23499249581228226}", "{\"boxes\": [[1755, 963], [1841, 963], [1841, 1023], [1755, 1023]], \"text\": \"05\", \"confident\": 0.3101369486838696}", "{\"boxes\": [[1646, 1120], [1670, 1120], [1670, 1144], [1646, 1144]], \"text\": \"1t\", \"confident\": 0.2354401652639223}", "{\"boxes\": [[77, 1109], [187, 1109], [187, 1177], [77, 1177]], \"text\": \"Wlil\", \"confident\": 0.6123128533363342}", "{\"boxes\": [[248, 1114], [328, 1114], [328, 1218], [248, 1218]], \"text\": \"8\", \"confident\": 0.3660804867075207}", "{\"boxes\": [[412, 1118], [538, 1118], [538, 1215], [412, 1215]], \"text\": \"ycv\", \"confident\": 0.5769950395467299}", "{\"boxes\": [[599, 1115], [707, 1115], [707, 1179], [599, 1179]], \"text\": \"UlCv\", \"confident\": 0.5993578433990479}", "{\"boxes\": [[724, 1120], [752, 1120], [752, 1172], [724, 1172]], \"text\": \"1\", \"confident\": 0.8716315686347684}", "{\"boxes\": [[825, 1121], [977, 1121], [977, 1185], [825, 1185]], \"text\": \"wlar\", \"confident\": 0.45177775621414185}", "{\"boxes\": [[1015, 1125], [1083, 1125], [1083, 1185], [1015, 1185]], \"text\": \"it\", \"confident\": 0.9859221452306687}", "{\"boxes\": [[1086, 1118], [1294, 1118], [1294, 1218], [1086, 1218]], \"text\": \"Ar &\", \"confident\": 0.05713236704468727}", "{\"boxes\": [[1330, 1116], [1433, 1116], [1433, 1191], [1330, 1191]], \"text\": \"bil ,\", \"confident\": 0.28849247295161806}", "{\"boxes\": [[1488, 1128], [1574, 1128], [1574, 1200], [1488, 1200]], \"text\": \"Di\", \"confident\": 0.5629617170497088}", "{\"boxes\": [[1733, 1117], [1803, 1117], [1803, 1185], [1733, 1185]], \"text\": \"I\", \"confident\": 0.49260220342843297}", "{\"boxes\": [[1566, 1172], [1596, 1172], [1596, 1208], [1566, 1208]], \"text\": \"1\", \"confident\": 0.7330411514003607}", "{\"boxes\": [[66, 1281], [187, 1281], [187, 1359], [66, 1359]], \"text\": \"Holol\", \"confident\": 0.7016475294129954}", "{\"boxes\": [[229, 1291], [321, 1291], [321, 1359], [229, 1359]], \"text\": \"Mdt _\", \"confident\": 0.18515419110109743}", "{\"boxes\": [[1487, 215], [1619, 253], [1592, 337], [1460, 299]], \"text\": \"wop\", \"confident\": 0.5468332171440125}", "{\"boxes\": [[1492, 580], [1776, 557], [1778, 661], [1494, 684]], \"text\": \"Jlmwer\", \"confident\": 0.19928612778670224}", "{\"boxes\": [[269, 913], [409, 940], [382, 1068], [242, 1042]], \"text\": \"Vivy\", \"confident\": 0.4489153325557709}", "{\"boxes\": [[482, 901], [726, 945], [700, 1056], [456, 1012]], \"text\": \"wodily\", \"confident\": 0.6793593689376037}", "{\"boxes\": [[1316, 