{"prediction": ["{\"boxes\": [[32, 26], [929, 26], [929, 202], [32, 202]], \"text\": \"Sle ba & &us #ruk _\", \"confident\": 0.07456053035994643}", "{\"boxes\": [[963, 47], [1964, 47], [1964, 208], [963, 208]], \"text\": \"Ifawo mucL Zaat G2L\", \"confident\": 0.06280490888691066}", "{\"boxes\": [[84, 266], [264, 266], [264, 416], [84, 416]], \"text\": \"Lp\", \"confident\": 0.9523238577146956}", "{\"boxes\": [[485, 289], [567, 289], [567, 349], [485, 349]], \"text\": \"777\", \"confident\": 0.3965724695671788}", "{\"boxes\": [[596, 238], [837, 238], [837, 351], [596, 351]], \"text\": \"Had\", \"confident\": 0.18224988541932086}", "{\"boxes\": [[1126, 248], [1712, 248], [1712, 368], [1126, 368]], \"text\": \"lalea (,&-_0\", \"confident\": 0.10098084516234199}", "{\"boxes\": [[84, 388], [597, 388], [597, 619], [84, 619]], \"text\": \"Etc [%,\", \"confident\": 0.19802158623365199}", "{\"boxes\": [[796, 393], [1867, 393], [1867, 577], [796, 577]], \"text\": \"Da/ndacko_iitlad\", \"confident\": 0.14160335464898774}", "{\"boxes\": [[845, 593], [1225, 593], [1225, 727], [845, 727]], \"text\": \"'Ih Sor\", \"confident\": 0.16354925316292096}", "{\"boxes\": [[1403, 611], [1621, 611], [1621, 721], [1403, 721]], \"text\": \"Io(\", \"confident\": 0.04679315227631635}", "{\"boxes\": [[85, 738], [660, 738], [660, 925], [85, 925]], \"text\": \"H Eoo-ked\", \"confident\": 0.10340381981026414}", "{\"boxes\": [[652, 829], [1081, 829], [1081, 919], [652, 919]], \"text\": \"bt Vorcs\", \"confident\": 0.14828198935904868}", "{\"boxes\": [[1141, 773], [1790, 773], [1790, 910], [1141, 910]], \"text\": \"Tl badl |Geen\", \"confident\": 0.1285012584045978}", "{\"boxes\": [[61, 935], [587, 935], [587, 1147], [61, 1147]], \"text\": \"heel Lu\", \"confident\": 0.5016905726304917}", "{\"boxes\": [[1093, 949], [1565, 949], [1565, 1129], [1093, 1129]], \"text\": \"Enowe-J\", \"confident\": 0.6067950476234834}", "{\"boxes\": [[68, 1106], [498, 1106], [498, 1276], [68, 1276]], \"text\": \"Palz:\", \"confident\": 0.13805816314329453}", "{\"boxes\": [[638, 1142], [734, 1142], [734, 1244], [638, 1244]], \"text\": \"to\", \"confident\": 0.9567318535201493}", "{\"boxes\": [[793, 1115], [1292, 1115], [1292, 1272], [793, 1272]], \"text\": \"K_kotaz\", \"confident\": 0.17408816476738861}", "{\"boxes\": [[1306, 1186], [1546, 1186], [1546, 1264], [1306, 1264]], \"text\": \"2z0l\", \"confident\": 0.06719876825809479}", "{\"boxes\": [[1543, 1146], [2043, 1146], [2043, 1320], [1543, 1320]], \"text\": \"atuolr [\", \"confident\": 0.15295613203905808}", "{\"boxes\": [[70, 1297], [417, 1297], [417, 1446], [70, 1446]], \"text\": \"w-La}\", \"confident\": 0.2667595641308446}", "{\"boxes\": [[708, 1350], [1003, 1350], [1003, 1447], [708, 1447]], \"text\": \"rue_e\", \"confident\": 0.17637047661132718}", "{\"boxes\": [[997, 1278], [1915, 1278], [1915, 1533], [997, 1533]], \"text\": \"Dayz' Gsxra\", \"confident\": 0.0549766928411382}", "{\"boxes\": [[65, 1516], [563, 1516], [563, 1632], [65, 1632]], \"text\": \"Oa-ex Lz\", \"confident\": 0.11252344294999832}", "{\"boxes\": [[530, 1474], [1235, 1474], [1235, 1699], [530, 1699]], \"text\": \"~hnchiel'\", \"confident\": 0.24215985046537877}", "{\"boxes\": [[1307, 1521], [1627, 1521], [1627, 1637], [1307, 1637]], \"text\": \"7 Po Oo(\", \"confident\": 0.06426192642668524}", "{\"boxes\": [[105, 1651], [574, 1651], [574, 1824], [105, 1824]], \"text\": \"Ieen\", \"confident\": 0.37930017709732056}", "{\"boxes\": [[811, 1730], [1010, 1730], [1010, 1807], [811, 1807]], \"text\": \"l 2\", \"confident\": 0.6648426651954651}", "{\"boxes\": [[1029, 1673], [1908, 1673], [1908, 1844], [1029, 1844]], \"text\": \"capassakk fa\", \"confident\": 0.10679791265795825}", "{\"boxes\": [[87, 1838], [585, 1838], [585, 2044], [87, 2044]], \"text\": \"Bera e '$\", \"confident\": 0.1492034933333386}", "{\"boxes\": [[625, 1855], [1015, 1855], [1015, 1971], [625, 1971]], \"text\": \"Aea/L'\", \"confident\": 0.18972668665102294}", "{\"boxes\": [[839, 244], [1109, 210], [1116, 353], [846, 387]], \"text\": \"A2\", \"confident\": 0.3020336675308656}", "{\"boxes\": [[1750, 225], [1964, 260], [1942, 360], [1728, 325]], \"text\": \"lewu\", \"confident\": 0.1027231365442276}", "{\"boxes\": [[253, 311], [359, 225], [426, 318], [319, 404]], \"text\": \"7S\", \"confident\": 0.38394867343799016}", "{\"boxes\": [[551, 580], [761, 625], [731, 740], [521, 695]], \"text\": \"{z\", \"confident\": 0.14246825560303883}", "{\"boxes\": [[54, 618], [462, 585], [461, 745], [53, 778]], \"text\": \"-e_\", \"confident\": 0.07734576425650296}", "{\"boxes\": [[1547, 974], [1739, 951], [1746, 1084], [1554, 1107]], \"text\": \"2\", \"confident\": 0.23914906183932771}", "{\"boxes\": [[780, 947], [1090, 995], [1066, 1113], [756, 1065]], \"text\": \"Here ,\", \"confident\": 0.32852317111876894}", "{\"boxes\": [[1757, 990], [1950, 1024], [1930, 1111], [1737, 1077]], \"text\": \"l&)\", \"confident\": 0.3294746014648098}", "{\"boxes\": [[501, 1181], [755, 1327], [620, 1555], [366, 1409]], \"text\": \"41\", \"confident\": 0.23796267797345588}", "{\"boxes\": [[1661, 1514], [1860, 1558], [1835, 1654], [1635, 1610]], \"text\": \"Lu~\", \"confident\": 0.09541430947305371}", "{\"boxes\": [[604, 1662], [812, 1707], [777, 1839], [570, 1794]], \"text\": \"6ek\", \"confident\": 0.060500263721552476}"]}