{
    "prediction": [
        {
            "box": [
                [
                    61.0,
                    49.0
                ],
                [
                    1780.0,
                    53.0
                ],
                [
                    1780.0,
                    103.0
                ],
                [
                    61.0,
                    99.0
                ]
            ],
            "text": "Bt aRte weat Ms Couie Oad oaid it wes nese",
            "confident": 0.7778325080871582
        },
        {
            "box": [
                [
                    57.0,
                    586.0
                ],
                [
                    1788.0,
                    586.0
                ],
                [
                    1788.0,
                    641.0
                ],
                [
                    57.0,
                    641.0
                ]
            ],
            "text": "Ws iMpotent Ra- if. Tris afienoon,ioer, we ceneed",
            "confident": 0.7454537153244019
        },
        {
            "box": [
                [
                    53.0,
                    766.0
                ],
                [
                    1744.0,
                    760.0
                ],
                [
                    1744.0,
                    822.0
                ],
                [
                    53.0,
                    828.0
                ]
            ],
            "text": "apronantnyamon af cecanrocg crasred wite",
            "confident": 0.6545437574386597
        },
        {
            "box": [
                [
                    45.0,
                    943.0
                ],
                [
                    1778.0,
                    949.0
                ],
                [
                    1778.0,
                    999.0
                ],
                [
                    44.0,
                    992.0
                ]
            ],
            "text": "Hees and lisbestat ntcd weeo at oeetee Qaoe",
            "confident": 0.6900829672813416
        }
    ]
}