{
    "prediction": [
        {
            "box": [
                [
                    101.0,
                    397.0
                ],
                [
                    608.0,
                    384.0
                ],
                [
                    610.0,
                    455.0
                ],
                [
                    103.0,
                    468.0
                ]
            ],
            "text": "Dontnt totae",
            "confident": 0.6627433896064758
        },
        {
            "box": [
                [
                    1185.0,
                    540.0
                ],
                [
                    1489.0,
                    559.0
                ],
                [
                    1484.0,
                    632.0
                ],
                [
                    1180.0,
                    613.0
                ]
            ],
            "text": "RAR",
            "confident": 0.5798957943916321
        },
        {
            "box": [
                [
                    564.0,
                    566.0
                ],
                [
                    786.0,
                    566.0
                ],
                [
                    786.0,
                    625.0
                ],
                [
                    564.0,
                    625.0
                ]
            ],
            "text": "wmng",
            "confident": 0.5604836344718933
        }
    ]
}