{
    "prediction": [
        {
            "box": [
                [
                    137.0,
                    789.0
                ],
                [
                    699.0,
                    768.0
                ],
                [
                    702.0,
                    854.0
                ],
                [
                    140.0,
                    875.0
                ]
            ],
            "text": "Sotin",
            "confident": 0.670301616191864
        },
        {
            "box": [
                [
                    893.0,
                    1677.0
                ],
                [
                    1219.0,
                    1667.0
                ],
                [
                    1221.0,
                    1757.0
                ],
                [
                    896.0,
                    1767.0
                ]
            ],
            "text": "otl",
            "confident": 0.6508070826530457
        },
        {
            "box": [
                [
                    476.0,
                    1714.0
                ],
                [
                    719.0,
                    1723.0
                ],
                [
                    717.0,
                    1765.0
                ],
                [
                    475.0,
                    1756.0
                ]
            ],
            "text": "ioe",
            "confident": 0.8435501456260681
        }
    ]
}