{
    "prediction": [
        {
            "box": [
                [
                    84.0,
                    62.0
                ],
                [
                    1866.0,
                    56.0
                ],
                [
                    1867.0,
                    130.0
                ],
                [
                    85.0,
                    136.0
                ]
            ],
            "text": "Oh, the Preys, said Beuweed.\"Jown here cn busines, Mr.",
            "confident": 0.9106357097625732
        },
        {
            "box": [
                [
                    552.0,
                    228.0
                ],
                [
                    1796.0,
                    241.0
                ],
                [
                    1796.0,
                    324.0
                ],
                [
                    551.0,
                    311.0
                ]
            ],
            "text": "A preyman is always on the jol.",
            "confident": 0.9423543214797974
        },
        {
            "box": [
                [
                    78.0,
                    254.0
                ],
                [
                    540.0,
                    238.0
                ],
                [
                    542.0,
                    308.0
                ],
                [
                    80.0,
                    324.0
                ]
            ],
            "text": "Baley?\"\"",
            "confident": 0.8590718507766724
        },
        {
            "box": [
                [
                    59.0,
                    771.0
                ],
                [
                    1778.0,
                    777.0
                ],
                [
                    1778.0,
                    874.0
                ],
                [
                    58.0,
                    868.0
                ]
            ],
            "text": "Commanderhe said.\"Now what about that",
            "confident": 0.9260818958282471
        }
    ]
}