{
    "prediction": [
        {
            "box": [
                [
                    69.0,
                    205.0
                ],
                [
                    1792.0,
                    224.0
                ],
                [
                    1791.0,
                    304.0
                ],
                [
                    68.0,
                    285.0
                ]
            ],
            "text": "te te+qoe tiliuq Kai pekaps qaoi",
            "confident": 0.744950532913208
        },
        {
            "box": [
                [
                    56.0,
                    379.0
                ],
                [
                    1841.0,
                    396.0
                ],
                [
                    1840.0,
                    472.0
                ],
                [
                    55.0,
                    455.0
                ]
            ],
            "text": "Lodbaeglt a drinl aud tole if cuhidh",
            "confident": 0.7232152819633484
        },
        {
            "box": [
                [
                    62.0,
                    568.0
                ],
                [
                    1746.0,
                    589.0
                ],
                [
                    1745.0,
                    665.0
                ],
                [
                    62.0,
                    644.0
                ]
            ],
            "text": "di Looled noeud scoeuinq fe tables",
            "confident": 0.738774299621582
        },
        {
            "box": [
                [
                    61.0,
                    1278.0
                ],
                [
                    1866.0,
                    1305.0
                ],
                [
                    1865.0,
                    1381.0
                ],
                [
                    59.0,
                    1354.0
                ]
            ],
            "text": "cOne talliug Oenatedley to sione.",
            "confident": 0.6875430345535278
        }
    ]
}