{
    "prediction": [
        {
            "box": [
                [
                    64.0,
                    40.0
                ],
                [
                    1694.0,
                    78.0
                ],
                [
                    1690.0,
                    246.0
                ],
                [
                    60.0,
                    209.0
                ]
            ],
            "text": "I wade it myGoy tied to peak",
            "confident": 0.7855067849159241
        },
        {
            "box": [
                [
                    66.0,
                    264.0
                ],
                [
                    380.0,
                    277.0
                ],
                [
                    376.0,
                    373.0
                ],
                [
                    62.0,
                    360.0
                ]
            ],
            "text": "Homyalle",
            "confident": 0.5033264756202698
        }
    ]
}