{
    "prediction": [
        {
            "box": [
                [
                    184.0,
                    94.0
                ],
                [
                    434.0,
                    94.0
                ],
                [
                    434.0,
                    156.0
                ],
                [
                    184.0,
                    156.0
                ]
            ],
            "text": "isnk",
            "confident": 0.5621423125267029
        },
        {
            "box": [
                [
                    474.0,
                    112.0
                ],
                [
                    720.0,
                    112.0
                ],
                [
                    720.0,
                    156.0
                ],
                [
                    474.0,
                    156.0
                ]
            ],
            "text": "oaue",
            "confident": 0.5201588869094849
        },
        {
            "box": [
                [
                    102.0,
                    1717.0
                ],
                [
                    306.0,
                    1717.0
                ],
                [
                    306.0,
                    1771.0
                ],
                [
                    102.0,
                    1771.0
                ]
            ],
            "text": "NN",
            "confident": 0.6046479344367981
        }
    ]
}