{"predictions": [{"rec_texts": ["names", "c", "jocl", "lcncng", "sols", "loccil", "fc", "goa", "doswing", "wocilst", "saron", "lio", "yauneon", "rogoprolys", "arna", "oue", "peod", "ey", "vey", "t", "wirkioa", "horss", "she", "on", "l", "wy", "of", "od", "cl", "d", "nr", "ond", "c", "sp", "sselfs", "obiaplly", "chas", "i", "slus", "tia", "sely", "acs", "sisglap", "oe", "alicos", "bos", "t", "mecc", "aco", "ungalbly", "luia", "shle", "corl", "stallup", "almolel", "alon", "he", "p", "loglans", "condl", "an", "nee", "yoocr", "hhrallor", "cone", "ho", "alol", "me", "luimplcousy", "rube", "s", "s", "s", "how", "boaljawnoot", "s", "lad", "doul", "l", "he"], "rec_scores": [0.9223458766937256, 0.38644734025001526, 0.6514118537306786, 0.6733743945757548, 0.6185038089752197, 0.7947871188322703, 0.34067467600107193, 0.7266860405604044, 0.7327822255236762, 0.5592058002948761, 0.5183760434389114, 0.7533002495765686, 0.8327629864215851, 0.584206023812294, 0.6822061836719513, 0.6630072295665741, 0.55247538164258, 0.3776133209466934, 0.3477597733338674, 0.4989461600780487, 0.6283382922410965, 0.48919262290000914, 0.8193824688593546, 0.510479249060154, 0.734552800655365, 0.7570152580738068, 0.9965364634990692, 0.9055933952331543, 0.4585315138101578, 0.24786277115345, 0.9579527676105499, 0.9537564516067505, 0.21626105904579163, 0.632171168923378, 0.7136161501208941, 0.7428805530071259, 0.5838484615087509, 0.9701603651046753, 0.6317710429430008, 0.5905896325906118, 0.9404614418745041, 0.48025500277678174, 0.6721996665000916, 0.4902239441871643, 0.46119945247968036, 0.6193371415138245, 0.13254305720329285, 0.5808969810605049, 0.4332539737224579, 0.736117035150528, 0.590475007891655, 0.6661477386951447, 0.9558313190937042, 0.634003004857472, 0.5628926881722042, 0.9117777794599533, 0.9964744746685028, 0.44761577248573303, 0.6888226185526166, 0.6095579564571381, 0.5936159193515778, 0.9082134366035461, 0.6446141421794891, 0.7343462184071541, 0.7593754902482033, 0.5903914272785187, 0.8844538182020187, 0.5252369940280914, 0.5829836861653761, 0.6266534775495529, 0.1922375112771988, 0.7555438280105591, 0.32507258653640747, 0.5554236322641373, 0.7370367402380164, 0.1948772519826889, 0.9819889664649963, 0.7352287247776985, 0.29561102390289307, 0.9638454020023346], "det_polygons": [[73.125, 2162.0, 73.125, 2125.424812030075, 219.375, 2125.424812030075, 219.375, 2162.0], [662.1875, 2090.8815789473683, 662.1875, 2076.657894736842, 672.34375, 2076.657894736842, 672.34375, 2090.8815789473683], [641.3906812667847, 2042.5486100275714, 817.9325151443481, 2039.7001029566713, 819.209361076355, 2118.892890643356, 642.6675271987915, 2121.7413977142564], [1438.125, 2107.1372180451126, 1438.125, 2040.0827067669172, 1850.46875, 2040.0827067669172, 1850.46875, 2107.1372180451126], [895.8403873443604, 2021.4985793264289, 1138.048973083496, 2009.821783883231, 1143.2499599456787, 2117.778688817992, 901.041374206543, 2129.45548426119], [46.270481646060944, 2006.1062482102473, 450.5106449127197, 2003.8597375396498, 451.0498237609863, 2100.9503222013773, 46.809656620025635, 2103.196832871975], [539.0562963485718, 1931.1069719128143, 541.8879461288452, 1874.4555636527843, 645.3246164321899, 1879.6292105079592, 642.4929666519165, 1936.2806187679894], [723.0371618270874, 1867.9211618523848, 969.833664894104, 1840.8243786804658, 980.5605840682983, 1938.5928604011249, 733.7640810012817, 1965.689643573044], [23.093737363815308, 1940.610800951047, 40.53124189376831, 1801.0624792342794, 508.2811975479126, 1859.5516259903297, 490.84370851516724, 1999.0999477070973], [1143.9654350280762, 1947.8135502177074, 1147.0477676391602, 1828.5860175799605, 1453.7714767456055, 1836.5213570272115, 1450.6891441345215, 1955.7488896649581], [1483.47243309021, 1951.5946928325452, 1492.8967189788818, 1819.61039263503, 1729.6352863311768, 1836.526069813205, 1720.2110004425049, 1968.5103700107202], [1017.65625, 1950.6766917293232, 1017.65625, 1832.8233082706768, 1163.90625, 1832.8233082706768, 1163.90625, 1950.6766917293232], [1132.8324890136719, 1797.9209112870064, 1133.9306831359863, 1684.2204844539326, 1607.010841369629, 1688.7928790329095, 1605.9126472473145, 1802.4933058659833], [1627.1837425231934, 1794.3693309583161, 1632.7892684936523, 1671.8053938786786, 2045.477180480957, 1690.6929999329989, 2039.871654510498, 1813.2569370126366], [838.1714344024658, 1763.5725146989178, 839.0651893615723, 1682.214945972414, 1073.0548000335693, 1684.7871349592854, 1072.161045074463, 1766.1447036857892], [59.55511808395386, 1682.9031367481202, 303.2124447822571, 1670.8664332798548, 307.3151135444641, 1753.9739338580828, 63.65778684616089, 1766.0106373263482], [549.9454402923584, 1761.2554362591047, 551.5958309173584, 1647.342686014964, 800.9750366210938, 1650.9581369959321, 799.3246459960938, 1764.8708872400728], [320.965518951416, 1765.2923095244214, 328.2710266113281, 1641.055829499897, 513.5490703582764, 1651.9582397919849, 506.24356269836426, 1776.194719816509], [1497.03125, 1597.1165413533834, 1497.03125, 1503.6466165413533, 1694.0625, 1503.6466165413533, 1694.0625, 1597.1165413533834], [1340.625, 1525.998120300752, 1340.625, 1515.8383458646617, 1350.78125, 1515.8383458646617, 1350.78125, 1525.998120300752], [763.75, 1586.9567669172932, 763.75, 1483.327067669173, 1200.46875, 1483.327067669173, 1200.46875, 1586.9567669172932], [253.1475067138672, 1584.1804398845013, 256.09631538391113, 1476.5118830401198, 464.10157203674316, 1482.2126178024407, 461.1527633666992, 1589.881174646822], [539.3889904022217, 1594.1667093836274, 543.3425140380859, 1467.6105464849256, 692.0498752593994, 1472.2593378052675, 688.0963516235352, 1598.8155007039693], [1293.0700206756592, 1523.2489537977633, 1305.974359512329, 1471.6134380828169, 1378.1434917449951, 1489.6619201889612, 1365.2391529083252, 1541.2974359039076], [80.13337969779968, 1466.1678138675545, 172.99294233322144, 1461.2786704615542, 177.27426290512085, 1542.6523618769825, 84.4147002696991, 1547.5415052829828], [1133.4375, 1444.71992481203, 1133.4375, 1326.8665413533834, 1348.75, 1326.8665413533834, 1348.75, 1444.71992481203], [1666.0871887207031, 1408.411133271411, 1671.7256927490234, 1312.5237972861842, 1798.8960266113281, 1320.006957319446, 1793.2575225830078, 1415.8942933046728], [492.41066217422485, 1399.2814746369097, 495.2128052711487, 1309.5820266608905, 683.6811351776123, 1315.4737532766242, 680.8789920806885, 1405.1732012526434], [321.40148639678955, 1314.0874500704888, 488.34689140319824, 1307.4071999456648, 492.107629776001, 1401.4580376417116, 325.1622247695923, 1408.1382877665355], [1396.1373615264893, 1309.9687231537093, 1621.707525253296, 1290.84597388246, 1633.601942062378, 1431.2478059467517, 1408.0317783355713, 1450.370555218001], [939.0430688858032, 1399.3128518699702, 942.4017477035522, 1305.2372100371167, 1075.4241371154785, 1309.9896826493111, 1072.0653343200684, 1404.065324482165], [62.28344023227692, 1317.6597418534127, 279.8157215118408, 1307.4592886329592, 284.0642809867859, 1398.1265940271821, 66.53199195861816, 1408.3270472476356], [1834.21875, 1217.140977443609, 1834.21875, 1204.9492481203008, 1846.40625, 1204.9492481203008, 1846.40625, 1217.140977443609], [1758.8284301757812, 1232.6066047840548, 1777.0732307434082, 1148.9558936097567, 1924.2924880981445, 1181.0876685121004, 1906.0476875305176, 1264.7383796863985], [1519.0384006500244, 1255.6823893382136, 1522.3991870880127, 1134.6486194581914, 1743.2963848114014, 1140.7868991937853, 1739.935598373413, 1261.8206690738075], [339.08857345581055, 1273.7623726981026, 341.7646312713623, 1133.2213894263245, 844.0361976623535, 1142.7918175718837, 841.3601398468018, 1283.332800843662], [1074.7237873077393, 1230.4879594386969, 1077.312936782837, 1123.0036973307904, 1312.0430660247803, 1128.6617689778034, 1309.4539165496826, 1236.1460310857099], [930.9811735153198, 1223.3111304949996, 941.6576337814331, 1127.1896434583161, 1026.598572731018, 1136.6308420511116, 1015.9221124649048, 1232.752329087795], [1315.2450370788574, 