{"predictions": [{"rec_texts": ["bbc", "calling", "his", "repeaiting", "voice", "calling", "bbc", "wthis", "dns", "came", "shaving", "when", "wlth", "flat", "scundl", "buzzing", "hool", "he", "finishedl", "just", "s", "p", "y", "cove", "the", "cnly", "set", "low", "slighledls", "but", "recliol", "cbo", "to", "aunedl", "ine", "which", "the", "kept", "on", "cnd", "awakened", "early", "seve", "switched", "pertent", "deadly", "deadly", "sillnessl"], "rec_scores": [0.9998350938161215, 0.992587115083422, 0.964189887046814, 0.9107521504163743, 0.9926545262336731, 0.8679680824279785, 0.9962800542513529, 0.755728667974472, 0.4080773840347926, 0.9964951723814011, 0.9580062457493373, 0.9916274845600128, 0.7472646087408066, 0.858378492295742, 0.8834516654411951, 0.9540340985570636, 0.69593695551157, 0.9984248578548431, 0.867439071337382, 0.958805501461029, 0.2014545202255249, 0.9772241115570068, 0.5742467045783997, 0.7331948950886726, 0.9934128721555074, 0.8327184170484543, 0.9982839028040568, 0.9773731231689453, 0.68344706594944, 0.8816228707631429, 0.8545193501881191, 0.9909127553304037, 0.4850500524044037, 0.7804413984219233, 0.6371804773807526, 0.9975807905197144, 0.9150470097859701, 0.9971392899751663, 0.8714732825756073, 0.9398985505104065, 0.9719341620802879, 0.9275161147117614, 0.8814040124416351, 0.9998865649104118, 0.9537345000675747, 0.8508658409118652, 0.9884247481822968, 0.9094670746061537], "det_polygons": [[608.478167401873, 1338.1225686073305, 798.1471832892387, 1332.5455062389376, 800.0150955698539, 1396.0396733283999, 610.3460796824882, 1401.6167356967928], [855.2047941169324, 1399.9214588403704, 857.6304615548759, 1329.107241034508, 1127.48457879857, 1338.3464730978014, 1125.0589113606266, 1409.1606909036639], [238.66951788491448, 1397.9931640625002, 238.66951788491448, 1329.1914062500002, 398.2706065318818, 1329.1914062500002, 398.2706065318818, 1397.9931640625002], [333.32209183379985, 1165.8897128701212, 684.2035957917826, 1157.2918161749842, 685.715415230806, 1218.9597231745722, 334.8339336152025, 1227.5576198697092], [62.759827291984024, 1156.7498350739481, 260.25008909661517, 1154.7754370570185, 260.8792058134895, 1217.6715129017832, 63.38894959445319, 1219.6459109187128], [1413.6470242940807, 1223.1348360776904, 1422.3130076454365, 1132.7848174571993, 1704.4811719357506, 1159.835267543793, 1695.8151885843945, 1250.185286164284], [1166.7778531989636, 1150.8022491931918, 1345.178356022338, 1148.924882411957, 1345.855240746197, 1213.2201379537585, 1167.4547379228227, 1215.0975047349932], [798.4249437489369, 1202.5655543208125, 802.0735436613045, 1137.6366472840311, 979.1143786488203, 1147.580293953419, 975.4657787364528, 1212.5092009902003], [1114.2791601866252, 1033.4902343750002, 1114.2791601866252, 1004.2128906250001, 1188.954898911353, 1004.2128906250001, 1188.954898911353, 1033.4902343750002], [786.0560238187087, 991.9738208651544, 1009.2329784055149, 979.8475968241693, 1012.0961990000486, 1032.5185818076136, 788.9192444132424, 1044.6448058485987], [44.88856582285643, 1031.4137123227122, 52.791959083284226, 951.5216237902642, 381.06022705742583, 983.9797336459161, 373.15683379699806, 1063.871822178364], [429.9881610069453, 1037.7160965800288, 430.6060618494013, 970.3839241862298, 631.3767379120015, 972.2253733277322, 630.7588370695455, 1039.5575457215311], [1265.3102483437926, 1042.1443305611613, 1269.2657431784908, 959.1013179421426, 1445.132441448016, 967.4738805890084, 1441.1769466133178, 1050.516893208027], [1599.3967400012455, 961.145496249199, 1770.4449913772419, 954.3953030109407, 1773.9325474194754, 1042.7253564596178, 1602.884296043479, 1049.4755496978762], [452.6549069892563, 818.0674890279771, 727.718462764568, 801.4011681079866, 730.5531744830902, 848.1618250608445, 455.4896187077785, 864.8281459808351], [56.178940905011835, 858.4351634979249, 60.48547920357569, 788.7645919322969, 383.193432750079, 808.7022771835328, 378.88689445151516, 878.3728487491609], [949.3125044613568, 802.8439493179322, 1109.5960187422543, 793.6345592737199, 1113.0204799052901, 853.2040541172029, 952.7369656243925, 862.4134441614152], [795.2486617353804, 791.9421415328981, 900.2238841197725, 785.7685961723329, 904.5761796111824, 859.7392776012422, 799.6009572267903, 865.9128229618074], [1427.4359364843294, 793.6249097585679, 1742.0808939837373, 790.2057648897172, 1742.8460757906664, 860.5904005765916, 1428.201207660776, 864.0095454454423], [1161.9110573965877, 802.5004087090493, 1351.9408580252023, 774.4347938895227, 1365.4263607042944, 865.6981212496759, 1175.3965600756799, 893.7637360692025], [1142.099533437014, 696.8007812500001, 1142.099533437014, 689.4814453125001, 1159.6702954898913, 689.4814453125001, 1159.6702954898913, 696.8007812500001], [753.375646849257, 640.6467680335046, 842.5473000154154, 627.9111056327821, 849.5463631305131, 676.8921338915826, 760.3747099643548, 689.6277962923051], [724.9597151357316, 641.7539158761502, 755.9018549941376, 632.9154960811139, 769.5496527166056, 680.6706785261632, 738.6075128581995, 689.5090983211995], [1104.948803843829, 626.1794197261335, 1313.2795154814773, 614.3900352418424, 1317.4695159295113, 688.3958301842214, 1109.1388042918632, 700.1852146685125], [37.12894018775383, 676.8192711174489, 38.543547934358635, 618.8346197903157, 191.232602619272, 622.5578137338163, 189.81799487266719, 680.5424650609494], [1378.6034491792623, 608.4019750058652, 1560.1862217738508, 604.9767545163633, 1562.129293818496, 707.9355622828008, 1380.5465212239078, 711.3607827723027], [224.39007875670913, 620.2652050852777, 360.34966809642077, 611.2035062313081, 364.78123434965573, 677.6605212092401, 228.8216450099441, 686.7222200632096], [1705.8281493001557, 671.9150390625001, 1705.8281493001557, 610.4326171875001, 1839.0730948678072, 610.4326171875001, 1839.0730948678072, 671.9150390625001], [394.2212290192837, 605.7212414145471, 676.7478544433974, 597.474301159382, 679.939954861512, 706.7757888436319, 397.41332943739826, 715.022729098797], [892.5361395045351, 678.1326326727868, 893.556381913774, 605.7165060043336, 1045.8266677975098, 607.860664010048, 1044.806425388271, 680.2767906785012], [227.89412347488047, 502.3729684948922, 231.09279255251494, 438.41544598340994, 451.6402054900886, 449.4401063919068, 448.4414917276955, 513.3976289033891], [1593.0824261275272, 510.88964843750006, 1593.0824261275272, 439.16015625000006, 1781.9681181959565, 439.16015625000006, 1781.9681181959565, 510.88964843750006], [1434.4908555477257, 503.573752373457, 1441.7671429054178, 433.2530000507832, 1553.718728547519, 444.83134606480604, 1546.442441189827, 515.1520983874799], [1170.0705836935326, 448.5183096528054, 1390.1138855265237, 439.78853625059133, 1392.2533917701448, 493.6924254894257, 1172.2100899371537, 502.42219889163977], [815.7578935163389, 441.48162409663206, 904.7089827138566, 431.3182722628117, 912.3640180857705, 498.2834056913853, 823.4129288882527, 508.44675752520567], [532.634056293019, 498.9648580253125, 533.2012846191786, 432.0536010563374, 754.3957998889787, 433.927661985159, 753.8286609323362, 500.83891895413404], [51.85720420291598, 433.7382009029389, 182.57650577076487, 431.40453714132315, 183.85917059629924, 503.2156928181649, 53.13986344285553, 505.54935657978064], [936.2717938697542, 440.0126641094685, 1119.1196813509216, 425.95090815424925, 1125.2264792055216, 505.31834897398954, 942.3785917243542, 519.3801049292089], [1672.1837433478324, 267.3817658722401, 1775.4659495969213, 263.82118412852293, 1777.535390138997, 323.8188762068749, 1674.2531838899083, 327.3794579505921], [1052.507932909169, 259.5434557795525, 1219.476287082417, 257.5562364161015, 1220.1883833960835, 317.35718560218817, 1053.2200292228356, 319.34440496563917], [332.1473518715676, 261.20105038583284, 740.711986251048, 257.88023228943354, 741.1965477737261, 317.4663904160262, 332.6319133942457, 320.7872085124255], [822.7714344932355, 327.66201898455625, 827.9516491927033, 247.3889979720116, 1020.9933812926013, 259.8402230441571, 