{"predictions": [{"rec_texts": ["side", "to", "side", "upi", "lowl", "sat", "ands", "sheads", "a", "soly", "shish", "shook", "a", "jeyes", "armings", "h", "c", "e", "r", "bean", "misd", "nedy", "s", "turne", "l", "he", "fhordli", "thirousdh", "all", "mankinds", "foesly", "the", "pkinglond", "tthes", "exal", "molents", "transcend", "alreds", "shhe", "sofalli", "revensts", "desine", "h", "fowsorleds", "veloriouss", "lowye", "visntital", "forwordly", "shhnfle", "ands", "cnees", "whisk", "puleaningls", "soxethembethenl", "shands", "h", "s", "hacip", "rippingly", "ccomed", "neves", "soid", "ther", "ihet", "vereallins", "pkes", "thoxed", "t"], "rec_scores": [0.9992156475782394, 0.8371056616306305, 0.9999097883701324, 0.796474277973175, 0.584585390985012, 0.634256382783254, 0.8692280277609825, 0.9041898945967356, 0.6291807889938354, 0.6833072900772095, 0.6881932973861694, 0.9600043892860413, 0.5618886947631836, 0.8443962633609772, 0.8254067046301705, 0.09740138053894043, 0.26806285977363586, 0.13949938118457794, 0.14130228757858276, 0.9172943532466888, 0.9458359181880951, 0.7967534922063351, 0.37742313742637634, 0.8969684362411499, 0.1492108702659607, 0.7557034492492676, 0.7287511144365583, 0.620377371708552, 0.7549971143404642, 0.8810472264885902, 0.6967577983935674, 0.9940237800280253, 0.6503797140386369, 0.7860447764396667, 0.9999593794345856, 0.8385134509631565, 0.9857688811090257, 0.8775248527526855, 0.4342605508863926, 0.7712343079703194, 0.6670462787151337, 0.8374049166838328, 0.29222261905670166, 0.8175515025854111, 0.5178207784891129, 0.6954450011253357, 0.7743146949344211, 0.9317402773433261, 0.41853708241667065, 0.6416159495711327, 0.9610646843910218, 0.8782461762428284, 0.6338114575906233, 0.7602486193180085, 0.8559450308481852, 0.1996995359659195, 0.722445547580719, 0.6853179454803466, 0.7570257186889648, 0.7610301872094473, 0.9732473134994507, 0.9601148813962936, 0.8056110814213753, 0.4411416295915842, 0.655892863869667, 0.6282230615615845, 0.7671102608243624, 0.08179017901420593], "det_polygons": [[500.44128113879, 1467.2646484375, 500.44128113879, 1352.4736328125, 699.1459074733095, 1352.4736328125, 699.1459074733095, 1467.2646484375], [328.7076833052991, 1385.601695895195, 356.8054674033168, 1353.996152997017, 408.97115891208847, 1400.3590933084488, 380.873352354871, 1431.964636206627], [26.5910665654627, 1352.361711859703, 233.28272057801377, 1337.6000028848648, 241.39678029776465, 1451.1807272434235, 34.70512347781361, 1465.9424362182617], [44.50237670029609, 1264.0316479206085, 46.05192673435414, 1171.071865081787, 189.47191878892346, 1173.4619073867798, 187.92235752526548, 1266.4216902256012], [1871.3520973504224, 1234.3468158841133, 1872.5763932523353, 1171.925464451313, 1987.5125163339633, 1174.178794324398, 1986.2882204320506, 1236.6001457571983], [187.87923586156444, 1170.8933843970299, 347.0388148406222, 1168.9041376709938, 347.87696971961185, 1235.94712382555, 188.71740197015401, 1237.9363705515862], [457.3854678116659, 1150.9643586874008, 645.8481599963856, 1148.6939622163773, 647.056644621608, 1248.9841183423996, 458.5939524368883, 1251.2545148134232], [1128.9366548042703, 1259.7578125, 1128.9366548042703, 1146.4384765625, 1380.6291814946617, 1146.4384765625, 1380.6291814946617, 1259.7578125], [366.49964412811386, 1199.4189453125, 366.49964412811386, 1165.5703125, 403.29679715302484, 1165.5703125, 403.29679715302484, 1199.4189453125], [1422.1247991270016, 1272.6715682148933, 1425.0948037144126, 1130.1338573098183, 1749.2597545040035, 1136.8863016963005, 1746.2897499165924, 1279.4240126013756], [965.2373865310831, 1138.0600345134735, 1121.4096785684496, 1128.8747915029526, 1128.9874125959184, 1257.6773043870926, 972.8151205585519, 1266.8625473976135], [695.8339391090691, 1253.5340733528137, 696.9507901989267, 1120.6470744609833, 950.0230753725533, 1122.7733929157257, 948.9062242826956, 1255.6603918075562], [493.08185053380777, 1016.9306640625, 522.5195729537365, 1016.9306640625, 522.5195729537365, 1036.0625, 493.08185053380777, 1036.0625], [1757.5132409363878, 1085.1508861780167, 1759.8396546930603, 973.5049750804901, 1978.9634668316278, 978.0694816112518, 1976.6370530749552, 1089.7153927087784], [1543.4059156750443, 1076.6803743243217, 1548.0813820618325, 978.5106082558632, 1736.8256227758004, 987.4971601366997, 1732.1501563890122, 1085.6669262051582], [483.5146356657306, 1004.4214765429497, 490.1381232102146, 997.7989179491997, 496.02566769420037, 1003.6856366991997, 489.40218014971634, 1010.3081952929497], [518.1039145907473, 1005.1572265625, 518.1039145907473, 997.798828125, 525.4633451957295, 997.798828125, 525.4633451957295, 1005.1572265625], [477.62704626334516, 998.5347577929497, 485.72241992882556, 990.4405195116997, 491.60996441281134, 996.3272382616997, 483.5145907473309, 1004.4214765429497], [471.7395017793594, 998.5347577929497, 479.8348754448398, 990.4405195116997, 485.72241992882556, 996.3272382616997, 477.62704626334516, 1004.4214765429497], [1390.9323843416369, 1061.0810546875, 1390.9323843416369, 968.365234375, 1558.7274021352312, 968.365234375, 1558.7274021352312, 1061.0810546875], [45.396954704094604, 970.7958772182465, 268.4111775136927, 964.2376327514648, 271.13615223080234, 1056.8733298778534, 48.12193503600422, 1063.431574344635], [1245.2156583629892, 1058.1376953125, 1245.2156583629892, 966.8935546875, 1377.685409252669, 966.8935546875, 1377.685409252669, 1058.1376953125], [466.8908300433718, 999.7465760707855, 481.04695354203733, 976.1564058065414, 509.83533557606756, 993.4270843267441, 495.6792120774021, 1017.0172545909882], [1067.7914832281472, 1059.1655536293983, 1068.8939604301045, 962.1642207503319, 1270.9511164437831, 964.4599476456642, 1269.8486392418258, 1061.4612805247307], [499.70538299669147, 994.1197187304497, 517.3680164486487, 976.4595624804497, 541.65413744509, 1000.7422773241997, 523.9915039931327, 1018.4024335741997], [918.4569395017793, 1064.0244140625, 918.4569395017793, 959.53515625, 1039.1516014234874, 959.53515625, 1039.1516014234874, 1064.0244140625], [559.9828658460298, 945.3496695160866, 809.8634741297819, 932.7311659455299, 815.6500420512677, 1047.2893572449684, 565.7694337675155, 1059.907860815525], [429.37179341706513, 909.6423045396805, 432.30361736474083, 788.4777230024338, 724.2427606657305, 795.5397015810013, 721.3109367180549, 916.704283118248], [782.2583325803491, 799.608558177948, 910.4671240755671, 797.044795870781, 912.4681489448953, 897.0789530277252, 784.2593574496774, 899.6427153348923], [36.88310719011517, 797.6862304806709, 391.7660193609597, 786.5395862460136, 394.8944511440725, 886.1149213910103, 40.011558625027796, 897.2615656256676], [946.1491329098086, 806.8073390126228, 1175.1113322953736, 774.4584110379219, 1190.8169609096974, 885.5907073616982, 961.8547615241324, 917.9396353363991], [1207.7083454390013, 876.7432931661606, 1209.0521242840857, 779.9990371465683, 1375.445328660198, 782.3096748590469, 1374.1015498151132, 879.0539308786392], [1395.8884110528802, 767.4725135564804, 1771.3806289618549, 761.6062747240067, 1773.519283807829, 898.4620660543442, 1398.0271557356537, 904.3283048868179], [1898.2089881978422, 765.6603103280067, 2028.1144374860985, 762.8967790007591, 2030.255068741659, 863.4891037344933, 1900.3496194534027, 866.2526350617409], [1063.6746220598864, 646.3263908922672, 1225.6890011607538, 640.4358097016811, 1228.531617166648, 718.5990317761898, 1066.5172380657805, 724.4896129667759], [393.64329403914587, 620.516799390316, 575.6488764318282, 613.8993607759476, 579.3545545693394, 715.7921602725983, 397.34897217665696, 722.4095988869667], [42.26383456301434, 714.1118638813496, 45.17715213001834, 613.9083881080151, 403.5695416759341, 624.3253005445004, 400.65622410893013, 724.5287763178349], [1221.4092658752222, 713.0320871770382, 1224.2326568060496, 615.6418155133724, 1403.9504552657916, 620.8502717316151, 1401.1270643349642, 718.2405433952808], [884.6035587188611, 724.06640625, 884.6035587188611, 615.162109375, 1014.1295373665479, 