{"predictions": [{"rec_texts": ["ou", "avecccces", "laugo", "twuic", "back", "hen", "spaissy", "roexs", "aud", "s", "slarpness", "ased", "e", "h", "ufl", "alwash", "e", "au", "sau", "au", "lans", "llis", "overlow", "will", "that", "ooun", "aud", "t", "wlisrieg", "liming", "spitclaols", "sigft", "was", "wax", "dap", "iere", "poworial", "the", "over", "was", "saucor", "aedenings", "aud", "tiltiug", "pyngs", "a", "solop", "screeclicsy", "j", "lawner", "a", "lrahet", "to", "ol", "war", "awiud", "cowing", "cliatocues", "fles", "lgrats", "files"], "rec_scores": [0.9968565106391907, 0.8123171495066749, 0.46715437769889834, 0.583610987663269, 0.9535798281431198, 0.2535622666279475, 0.7107010100569043, 0.6622642993927002, 0.8172040184338888, 0.16660939157009125, 0.9778855310546027, 0.9700148552656174, 0.12876646220684052, 0.2729211151599884, 0.6189265549182892, 0.7674922744433085, 0.5831800103187561, 0.7271798849105835, 0.9634076555569967, 0.44398845732212067, 0.8315536379814148, 0.6809846311807632, 0.9991428170885358, 0.8253883793950081, 0.9388758838176727, 0.8542445152997971, 0.999509334564209, 0.43344229459762573, 0.9023388251662254, 0.9364409744739532, 0.7505773782730103, 0.6524541676044464, 0.8495511412620544, 0.9713736176490784, 0.7625835140546163, 0.8724379613995552, 0.7617869041860104, 0.7696932355562845, 0.9036220908164978, 0.9999375343322754, 0.84773621459802, 0.5162600543763902, 0.9004641175270081, 0.827478119305202, 0.6977479368448257, 0.5010944604873657, 0.9117510318756104, 0.7112053605643186, 0.3025549352169037, 0.8930141925811768, 0.9829137921333313, 0.9193551143010458, 0.998486340045929, 0.9820878803730011, 0.9254089792569479, 0.7959294319152832, 0.9551714360713959, 0.7709770619869232, 0.6229776814579964, 0.6957964723308881, 0.367216357588768], "det_polygons": [[624.8666158536586, 1403.05078125, 624.8666158536586, 1342.751953125, 724.845274390244, 1342.751953125, 724.845274390244, 1403.05078125], [1252.673780487805, 1408.93359375, 1252.673780487805, 1323.6328125, 1546.7286585365855, 1323.6328125, 1546.7286585365855, 1408.93359375], [916.4314320261886, 1422.5554608106613, 927.9258476815573, 1310.452946305275, 1170.5699397761648, 1335.3468228578568, 1159.0755241207962, 1447.449337363243], [56.32716738014687, 1319.096109867096, 265.93935769941754, 1310.1101353168488, 269.53252919127306, 1393.9752216339111, 59.920344480654094, 1402.9611961841583], [375.68857914063994, 1319.9177252054214, 581.7672235442371, 1305.7710045576096, 588.0420035850711, 1397.230355143547, 381.96335918147395, 1411.377075791359], [764.8571263755241, 1397.329365491867, 780.0868143221228, 1298.3077068328857, 901.2866366316633, 1316.9593534469604, 886.0569486850646, 1415.9810121059418], [337.5493662182878, 1161.2441718578339, 531.8489222410249, 1151.1214184761047, 536.6243975104355, 1242.837495803833, 342.32486392230527, 1252.9602491855621], [1295.4430251237825, 1162.432655096054, 1502.3374815684995, 1156.9864575862885, 1503.9583370394826, 1218.5972850322723, 1297.0638805947654, 1224.043482542038], [1694.7859357508219, 1166.355188369751, 1826.9214622683644, 1148.56258893013, 1836.7086940858424, 1221.288966178894, 1704.5731675683, 1239.081565618515], [194.07621951219514, 1175.091796875, 194.07621951219514, 1167.73828125, 201.42759146341464, 1167.73828125, 201.42759146341464, 1175.091796875], [709.8462142013923, 1238.2201845645905, 710.2810866193074, 1145.5540387630463, 1085.2687189055653, 1147.315040588379, 1084.8338464876501, 1239.981186389923], [1505.5609756097563, 1225.095703125, 1505.5609756097563, 1147.1484375, 1630.534298780488, 1147.1484375, 1630.534298780488, 1225.095703125], [1823.0686326375824, 1171.3254539966583, 1851.3983361779192, 1148.6550464630127, 1867.3204458283217, 1168.5633974075317, 1838.9907422879849, 1191.2338049411774], [1139.713561081305, 1143.525448679924, 1254.1261071926212, 1130.809216618538, 1264.382132553473, 1223.1407200098038, 1149.9695864421567, 1235.8569520711899], [483.79901986005837, 1150.3976465463638, 657.42591581112, 1123.9684363603592, 675.7184660143969, 1244.2115224599838, 502.0915700633352, 1270.6407326459885], [51.33367260200222, 1127.3320952653885, 316.8123861289606, 1121.8377839326859, 318.81395687708044, 1218.6092237234116, 53.33524895877373, 1224.1035350561142], [722.6399525433053, 1024.344816327095, 732.1967360798907, 1014.785246014595, 741.753519616476, 1024.344816327095, 732.1967360798907, 1033.904386639595], [1666.5226386465679, 991.5512963533401, 1787.1770307959582, 989.4339290857315, 1788.3131192835367, 1054.2023159265518, 1667.6587271341466, 1056.3196831941605], [576.3475609756098, 986.841796875, 724.845274390244, 986.841796875, 724.845274390244, 1044.19921875, 576.3475609756098, 1044.19921875], [811.6965471128138, 982.3972824811935, 934.9131508338743, 975.6744529008865, 938.6669092410949, 1044.5124074220657, 815.4503055200345, 1051.2352370023727], [1193.5619119318521, 1043.956136226654, 1194.346046308192, 971.7882742881775, 1382.2471851721043, 973.8313164710999, 1381.4630507957645, 1045.9991784095764], [958.2122976256582, 1050.5470118522644, 961.003701140241, 951.4257144927979, 1135.993095630553, 956.3564836978912, 1133.20169211597, 1055.4777810573578], [45.34835787953401, 960.5723676681519, 311.56627767841997, 958.7483510971069, 312.1201881199349, 1039.6433064937592, 45.902259908071386, 1041.467323064804], [1418.0922127700435, 1049.6538541316986, 1419.1909700719323, 949.6419124603271, 1625.0853814846134, 951.9052369594574, 1623.9866241827247, 1051.9171786308289], [370.9540245940046, 1037.3839316368103, 374.4833471949508, 944.4168949127197, 559.7685211693369, 951.4551572799683, 556.2391985683907, 1044.4221940040588], [438.1807147700613, 818.7002331018448, 622.2925588096061, 808.3537863492966, 624.9367015652541, 855.4329825639725, 440.82485752570926, 865.7794293165207], [788.9036147885207, 797.4777284860611, 946.5632626603291, 795.4027301073074, 947.4175724866915, 860.3540571928024, 789.7579246148831, 862.4290555715561], [1252.673780487805, 878.009765625, 1252.673780487805, 797.12109375, 1327.657774390244, 797.12109375, 1327.657774390244, 878.009765625], [44.94549123252311, 862.0580585002899, 49.03653151814531, 772.9383323192596, 388.3745416315591, 788.5246975421906, 384.2835013459369, 877.6444237232208], [1581.415611732297, 865.6880489587784, 1583.4393927411338, 783.1979767084122, 1875.4873606053795, 790.3669363260269, 1873.463579596543, 872.8570085763931], [1299.4045279898296, 781.3192934989929, 1551.9722543111664, 768.2194075584412, 1556.7463386349564, 860.3211135864258, 1304.1786123136196, 873.4209995269775], [1062.5977411037538, 893.3384166955948, 1068.3512306213381, 760.9695700407028, 1276.6725280575638, 770.0296901464462, 1270.9190385399797, 902.3985368013382], [1036.4265159513893, 685.9761430621147, 1038.780893325806, 623.9609261155128, 1195.2418152878925, 629.9042399525642, 1192.887437913476, 691.9194568991661], [210.27086476581854, 618.4299908280373, 359.5043435445646, 614.0395147204399, 361.70656941576704, 688.9372975230217, 212.47309063702096, 693.327773630619], [1324.0998252310405, 706.3681905269623, 1329.3498821723754, 594.3354231119156, 1514.702629182397, 603.0263414382935, 1509.4525722410622, 715.0591088533401], [811.3508746914748, 682.206748187542, 812.1240609797037, 607.1937076449394, 1000.1628585908472, 609.132802426815, 999.3896723026184, 684.1458429694176], [413.14710365853665, 682.40625, 413.14710365853665, 601.517578125, 735.1371951219513, 601.517578125, 735.1371951219513, 682.40625], [34.636750154378944, 599.2752136588097, 163.37342813538345, 588.9732901453972, 170.77388700624795, 681.5060457587242, 42.037203416591744, 691.8079692721367], [1646.3122885169055, 505.5443251132965, 1647.6734409797484, 451.08881306648254, 1797.1069467125872, 454.8257131576538, 1795.7457942497442, 509.2812252044678], [621.9260670731708, 502.9804238677025, 621.9260670731708, 442.6815957427025, 786.5967987804879, 442.6815957427025, 786.5967987804879, 502.9804238677025], [328.28461395821927, 442.71207082271576, 