{"predictions": [{"rec_texts": ["namer", "hoskelles", "boords", "veleaso", "ol", "rode", "custerall", "spouehe", "on", "wue", "mocial", "acl", "scrolor", "cilb", "hawing", "smamied", "perone", "lesles", "fiends", "hers", "soool", "dicie", "conl", "poetl", "neels", "dical", "shod", "ys", "sexond", "meorad", "she", "fornik", "nhued", "wne", "in", "she", "reoms", "cot", "badr", "krew", "thods", "bach", "to", "serd", "yool", "sop", "imelerielsed", "nof", "shod", "dored", "shod", "on", "rasal", "waef", "expeclalion", "hhe", "colasy", "chid", "lcorsl", "sx", "le", "smarried", "baon", "slt", "c", "they", "had"], "rec_scores": [0.8944735169410706, 0.8856997821066115, 0.8473068575064341, 0.778155254466193, 0.6728073209524155, 0.8473608940839767, 0.6534056961536407, 0.7785275408199855, 0.9934411942958832, 0.44500188032786053, 0.8288539002339045, 0.3990939259529114, 0.797424452645438, 0.3916032239794731, 0.929318497578303, 0.768620891230447, 0.7846527794996897, 0.767252117395401, 0.9465051690737406, 0.6955251395702362, 0.9086194157600402, 0.6837743401527405, 0.9836931079626083, 0.3630252927541733, 0.8352981805801392, 0.828100511431694, 0.7612375020980835, 0.7989824116230011, 0.8519471834103266, 0.7595394849777222, 0.9501505494117737, 0.7797931432723999, 0.5304662406444549, 0.29926658670107525, 0.9971624314785004, 0.7962912917137146, 0.7080557107925415, 0.6518593927224478, 0.46356552839279175, 0.6856938228011131, 0.5382571637630462, 0.9855360388755798, 0.6316808015108109, 0.9141501933336258, 0.46596308797597885, 0.8601688941319784, 0.9133582959572474, 0.8005347847938538, 0.8800764977931976, 0.7151541233062744, 0.7949622720479965, 0.853797435760498, 0.7168755471706391, 0.39096301794052124, 0.9731060374866832, 0.6110643645127615, 0.7771675686041514, 0.8265615552663803, 0.4276041090488434, 0.5750323534011841, 0.5941541492938995, 0.8069266863167286, 0.5977573171257973, 0.5083019038041433, 0.7628767490386963, 0.666516475379467, 0.828190545241038], "det_polygons": [[90.10242126882076, 2157.4975481091833, 91.44075344502926, 2122.697282100748, 220.65448062121868, 2127.667492451112, 219.31614844501019, 2162.467758459548], [96.6708984375, 2111.8159509202455, 96.6708984375, 2003.7607361963192, 473.876953125, 2003.7607361963192, 473.876953125, 2111.8159509202455], [101.11760196089745, 1657.0771094948238, 339.2167646884918, 1648.3652411150788, 342.8797085881233, 1748.4956107110336, 104.78054586052895, 1757.2074790907786], [1430.1335724592209, 1574.3539308887318, 1433.4446951150894, 1500.399894480325, 1729.9357141256332, 1513.6770068209596, 1726.6245914697647, 1587.6310432293665], [504.75224635005, 1493.2978253510832, 686.6964695155621, 1486.913240959308, 690.0795529782772, 1583.3424491648295, 508.1353298127651, 1589.7270335566047], [1114.55859375, 1584.8098159509204, 1114.55859375, 1480.5460122699387, 1370.4521484375, 1480.5460122699387, 1370.4521484375, 1584.8098159509204], [93.59809533879161, 1481.4892368433666, 458.6986604332924, 1469.8606848219422, 462.2021220624447, 1579.8810278769652, 97.10156419873238, 1591.5095798983898], [710.0904997587204, 1521.6579687200442, 1066.3197478652, 1479.8735366540454, 1076.782293856144, 1569.09017775834, 720.5530457496643, 1610.8746098243387], [1457.735285282135, 1342.0602345846914, 1555.9613238573074, 1337.1483393944116, 1559.284478545189, 1403.616282831672, 1461.0584399700165, 1408.5281780219518], [1557.3622457385063, 1400.2235901253357, 1566.528803050518, 1303.9642363940281, 1695.5170453190804, 1316.250222422594, 1686.3504880070686, 1412.5095761539017], [204.14307638257742, 1308.6310690663345, 461.58177825808525, 1303.6798342839343, 463.47306329011917, 1402.0378395501823, 206.03437587618828, 1406.9890743325825], [1220.9079893231392, 1394.4461082037242, 1225.6039525866508, 1302.084613823452, 1408.4172586798668, 1311.3812536695984, 1403.7212954163551, 1403.7427480498707], [552.1385533511639, 1395.0403674541076, 558.2608908712864, 1302.4303394153806, 843.9855550825596, 1321.323294235885, 837.8632175624371, 1413.9333222746118], [875.1987285912037, 1302.8023299702838, 1070.0034007430077, 1299.7581397682611, 1071.6940169334412, 1407.9646962171685, 876.8892869353294, 1411.008886419191], [773.8375936746597, 1241.1383292543378, 775.9134662747383, 1142.5255422767686, 1024.9127823114395, 1147.7681214502254, 1022.8369097113609, 1246.3809084277943], [1041.6843937039375, 1145.774066948452, 1304.025960624218, 1136.486683476922, 1306.7829156517982, 1214.3813899689658, 1044.4413487315178, 1223.6687734404957], [1674.847749710083, 1228.1249078855926, 1675.8278975486755, 1142.8512509585892, 1895.9610961675644, 1145.3817123693923, 1894.9809483289719, 1230.6553692963957], [1431.2082411646843, 1221.6287841796875, 1433.562354505062, 1128.6309140445267, 1661.3092841506004, 1134.3971726119153, 1658.9551708102226, 1227.3950427470763], [58.57117983698845, 1129.2716865773582, 276.4723208248615, 1119.7966301104775, 280.76046761870384, 1218.4341778901457, 62.859326630830765, 1227.9092343570267], [513.6826171875, 1218.9386503067485, 513.6826171875, 1124.153374233129, 682.3828125, 1124.153374233129, 682.3828125, 1218.9386503067485], [1585.3567349910736, 971.2646776445074, 1817.5034548044205, 966.3768490282305, 1819.0921458005905, 1041.8524020142352, 1586.9454259872437, 1046.740230630512], [1154.8855687379837, 1030.6130805454372, 1156.963639497757, 965.6645710014859, 1430.8494783639908, 974.4298949446415, 1428.7714076042175, 1039.3784044885929], [273.1600701659918, 967.9859540506376, 411.765376791358, 962.2102076992668, 414.75481612980366, 1033.964466680047, 276.14950950443745, 1039.7402130314179], [736.5024875700474, 971.4941200303155, 916.7005620896816, 951.7828438413655, 927.0785367786884, 1046.6769401690713, 746.8804622590542, 1066.3882742103624], [404.9078705459833, 1036.4931925206097, 406.04038555920124, 954.940887451172, 597.8972387909889, 957.6057398509395, 596.764723777771, 1039.1581027727186], [915.72631457448, 959.4220141077335, 1086.2110106348991, 945.890120055778, 1093.4817130565643, 1037.51046809097, 922.9969591498375, 1051.0423621429256], [55.96367074549198, 1031.9582631865894, 59.76029746234417, 933.2359617268381, 223.69794841110706, 939.541924786714, 219.90132169425488, 1038.264168394124], [955.9249286055565, 804.9049476670342, 1138.3835211396217, 794.7672504822901, 1142.8161680102348, 874.5618278643836, 960.3575754761696, 884.6995250491277], [678.0760970413685, 794.9640062952335, 926.0691187083721, 789.6302518318037, 927.6652140319347, 863.8545743790141, 679.6721923649311, 869.188328842444], [1445.9618262648582, 791.7669702073548, 1725.3213141560555, 776.5276221526913, 1729.3772658705711, 850.8937986409006, 1450.017777979374, 866.1331466955642], [1747.658203125, 860.6503067484663, 1747.658203125, 777.2392638036811, 1887.92578125, 777.2392638036811, 1887.92578125, 860.6503067484663], [55.95354041084647, 776.4977124922116, 246.97634388506413, 770.5275822738929, 249.87415467202663, 863.2673152619345, 58.85135842859745, 869.2374454802531], [214.41118647158146, 776.2208311864936, 385.7011320590973, 770.510573685535, 388.4970465749502, 854.3971628762463, 217.2071009874344, 860.1074203772048], [523.16015625, 864.4417177914111, 523.16015625, 767.760736196319, 650.1591796875, 767.760736196319, 650.1591796875, 864.4417177914111], [430.2802734375, 860.6503067484663, 430.2802734375, 773.4478527607363, 513.6826171875, 773.4478527607363, 513.6826171875, 860.6503067484663], [1256.8120356202126, 769.1614570851707, 1401.6131445765495, 759.8185353659414, 1407.6277722716331, 853.0538315100173, 1262.8266633152962, 862.3967532292467], [1467.123046875, 678.6625188347753, 1467.123046875, 616.1042366261863, 1632.0322265625, 616.1042366261863, 1632.0322265625, 678.6625188347753], [1162.5756568908691, 616.6264118592433, 1295.8574835062027, 613.7287037855277, 1297.5086485147476, 689.6858196609592, 1164.226821899414, 692.5835277346746], [1337.56825786829, 599.7356687206433, 1469.9530039429665, 596.5832946402895, 1471.893631875515, 678.0975907214581, 1339.5088858008385, 