{"predictions": [{"rec_texts": ["c", "i", "1", "a", "h", "i", "eskadp", "we", "wydb", "sbelers", "rifhre", "go", "emighly", "bbif", "splliss", "coos", "coykert", "srucieneds", "eccnomic", "hofl", "eligf", "shea", "nyshess", "a", "ephs", "eine", "ruices", "fsker", "doped", "therl", "sopi", "chade", "wuhrs", "a", "eveys", "well", "ywed", "sinondehruees", "andi", "vrsmals", "noues", "ophuyers", "couhyl", "wnesp", "tromanade", "meskrunsal", "thimeing", "loboay", "abone", "phisa", "i", "manner", "e", "sbrowl", "ss", "ging", "fmidolke", "suky", "thisc", "sorda", "oluhes", "guos", "eyefy", "nof", "formilalle", "ceskru", "flank", "shsy", "thome"], "rec_scores": [0.39586788415908813, 0.18007515370845795, 0.40776973962783813, 0.10533139109611511, 0.0835241749882698, 0.5115868449211121, 0.7319290637969971, 0.999542772769928, 0.5064731985330582, 0.646586115871157, 0.775489017367363, 0.7412053346633911, 0.6751299372741154, 0.6355269029736519, 0.4927994353430612, 0.827974408864975, 0.5939760037830898, 0.642664659023285, 0.8490704894065857, 0.8560199737548828, 0.6306241124868393, 0.7401286959648132, 0.6876444944313594, 0.09592974185943604, 0.48220792412757874, 0.6484749466180801, 0.8200032015641531, 0.699419030547142, 0.6475297152996063, 0.7380245387554168, 0.5026766955852509, 0.7758417844772338, 0.27556516528129577, 0.7076894044876099, 0.7269551634788514, 0.8679232448339462, 0.7363968417048454, 0.41438025350754076, 0.991683155298233, 0.5983044888292041, 0.5183862507343292, 0.5226917117834091, 0.5616654107968012, 0.5695216357707977, 0.7431221107641856, 0.788582855463028, 0.8156750202178955, 0.6687446037928263, 0.6692159473896027, 0.6812741696834564, 0.34483206272125244, 0.8916997214158376, 0.10490705072879791, 0.7069435169299444, 0.32921434938907623, 0.6337680444121361, 0.8473928458988667, 0.6138563044369221, 0.7599746823310852, 0.7563339173793793, 0.6455408036708832, 0.5813295692205429, 0.5523541778326034, 0.9629528721173605, 0.8451227843761444, 0.9680375258127848, 0.6107844889163971, 0.5127167478203773, 0.9676633834838867], "det_polygons": [[1388.567359050445, 1201.6171875, 1388.567359050445, 1193.7890625, 1395.092581602374, 1193.7890625, 1395.092581602374, 1201.6171875], [1004.8842729970327, 1184.65625, 1016.6296735905045, 1184.65625, 1016.6296735905045, 1191.1796875, 1004.8842729970327, 1191.1796875], [993.7913946587537, 1187.9180483818054, 1000.3166172106825, 1181.3946108818054, 1006.8418397626112, 1187.9180483818054, 1000.3166172106825, 1194.4414858818054], [1032.2902077151334, 1185.9609375, 1032.2902077151334, 1178.1328125, 1040.120474777448, 1178.1328125, 1040.120474777448, 1185.9609375], [1010.1045306921712, 1171.6094546318054, 1015.3247087337143, 1166.3907046318054, 1020.5448867752573, 1171.6094546318054, 1015.3247087337143, 1176.8282046318054], [997.054005934718, 1162.4765625, 997.054005934718, 1155.953125, 1003.5792284866469, 1155.953125, 1003.5792284866469, 1162.4765625], [1619.729421625788, 1229.2866916656494, 1622.048934329794, 1130.1541719436646, 1917.4987766888446, 1137.0633459091187, 1915.1792639848386, 1236.1958656311035], [80.91275964391691, 1221.1875, 80.91275964391691, 1133.7734375, 223.1626112759644, 1133.7734375, 223.1626112759644, 1221.1875], [478.52809593132764, 1139.062741279602, 661.5870335066708, 1108.5612115859985, 685.4658671846022, 1251.7947807312012, 502.4068897824613, 1282.2963104248047], [1101.510058485082, 1226.398286819458, 1106.723386317403, 1117.8166570663452, 1334.258342763295, 1128.7352924346924, 1329.045014930974, 1237.3169221878052], [1341.277337954377, 1131.8484182357788, 1591.4055588719398, 1110.8152694702148, 1600.783654604043, 1222.2786149978638, 1350.65543368648, 1243.3117637634277], [692.0902584630587, 1142.005693912506, 834.8137303745712, 1131.4364829063416, 840.8742538497427, 1213.2312474250793, 698.1507819382302, 1223.800458431244], [248.94422995909738, 1249.0012969970703, 249.96992930969782, 1117.7454662322998, 498.8104104605202, 1119.6889600753784, 497.7847111099198, 1250.944790840149], [952.0059149405369, 1219.2530045509338, 955.329222256352, 1126.226333141327, 1070.4923907814818, 1130.33820104599, 1067.1690834656667, 1223.364872455597], [1910.5851632047477, 1239.453125, 1910.5851632047477, 1111.59375, 2142.8830860534126, 1111.59375, 2142.8830860534126, 1239.453125], [995.4769443953426, 1042.1842794418335, 996.4713398828704, 971.5981693267822, 1131.8198446845443, 973.5039176940918, 1130.8254491970163, 1044.090027809143], [447.6281960688288, 965.9309329986572, 735.8857966663576, 955.9247188568115, 740.0398909843286, 1075.53089427948, 451.7822903867999, 1085.5371084213257], [1136.9309769537044, 981.8354749679565, 1451.6174812656482, 966.5636873245239, 1454.7948631943157, 1031.9985752105713, 1140.108358882372, 1047.270362854004], [76.06729202949683, 1053.2963404655457, 77.75061146540882, 962.8430504798889, 435.4517898695405, 969.4961285591125, 433.7684704336285, 1059.9494185447693], [799.9277654540291, 958.9466662406921, 979.5528365228579, 955.3906283378601, 981.4487514054385, 1051.1120400428772, 801.8236803366098, 1054.6680779457092], [1844.9071095633576, 950.4813275337219, 2079.9193083358446, 941.44486951828, 2084.682593353, 1065.2571969032288, 1849.6703945805127, 1074.2936549186707], [1736.4120621406714, 1039.4345932006836, 1747.976808379312, 946.9422512054443, 1862.1780800839206, 961.213544845581, 1850.61333384528, 1053.7058868408203], [1539.952522255193, 1043.75, 1539.952522255193, 951.1171875, 1742.234421364985, 951.1171875, 1742.234421364985, 1043.75], [1537.3424332344214, 812.8203125, 1537.3424332344214, 806.296875, 1546.4777448071216, 806.296875, 1546.4777448071216, 812.8203125], [1843.7929150680407, 778.3285126686096, 2064.4677852460823, 772.598207950592, 2067.328942400199, 882.7275614738464, 1846.6540722221578, 888.457866191864], [1468.0906413726354, 842.77787733078, 1481.789148130332, 780.3904986381531, 1579.2978937256582, 801.7889981269836, 1565.5993869679617, 864.1763768196106], [1270.7674972036118, 867.3400688171387, 1271.8313506265067, 775.8725881576538, 1455.4838667962954, 778.0075168609619, 1454.4200133734005, 869.4749975204468], [506.29430386234816, 875.2113542556763, 512.3110178599371, 772.9553565979004, 658.8134953077185, 781.5707216262817, 652.7967813101295, 883.8267192840576], [872.4544352455026, 775.9952211380005, 1132.1168729425538, 768.9315614700317, 1135.0691538100427, 877.3977251052856, 875.4067161129915, 884.4613847732544], [1149.1678402320567, 865.8480076789856, 1151.1443645533893, 769.0219435691833, 1277.228359650292, 771.5943694114685, 1275.2518353289595, 868.4204335212708], [1592.5957428974639, 865.8746047019958, 1594.2158970320613, 756.5367913246155, 1839.355891178482, 760.1675238609314, 1837.7357370438845, 869.5053372383118], [666.8411041531435, 770.1183142662048, 836.7976624802949, 763.5832505226135, 840.5354871076363, 860.7391495704651, 670.578928780485, 867.2742133140564], [236.00153625669392, 855.2490940093994, 260.28743963496265, 722.816782951355, 511.5672125841814, 768.8721561431885, 487.2813092059127, 901.3044672012329], [17.90373868404581, 850.724335193634, 53.43394188583781, 701.9823155403137, 241.66976577351284, 746.9218878746033, 206.13956257172083, 895.6639075279236], [1004.2008451467451, 709.0635738372803, 1009.2778060233911, 607.5516557693481, 1148.0487072138121, 614.4882230758667, 1142.9717463371662, 716.0001411437988], [840.9187802096857, 675.0373015403748, 843.765599716594, 611.0021417140961, 998.0071408597227, 617.8553743362427, 995.1603213528143, 681.8904943466187], [721.5654342877758, 683.6153988838196, 727.3339476814609, 604.8014917373657, 828.5535949888144, 612.2058162689209, 822.7850815951293, 691.0197234153748], [1356.142132658916, 690.477032661438, 1358.9057938120131, 601.5604374408722, 1882.7438419330722, 617.8334755897522, 1879.980180779975, 706.7501106262207], [577.3561838574508, 611.9151601791382, 715.3800936282919, 602.9549894332886, 719.8580594659912, 671.8974194526672, 581.8341496951502, 680.8575901985168], [1135.7900188502642, 693.29918384552, 