{"predictions": [{"rec_texts": ["law", "as", "makes", "in", "court", "lawyer", "him", "hhae", "to", "w", "wer", "so", "tinterrational", "in", "abstact", "ssharply", "spolites", "training", "made", "poins", "fle", "and", "he", "sespecteol", "def", "war", "remembered", "huyer", "maturrity", "trod", "ore", "i", "same", "perhape", "opennux", "hooph", "tasras", "nof", "and", "h", "lara", "marwulacterer", "hes", "have", "adolesent", "frbe", "hie", "m", "th", "c", "as", "as", "to", "furnarel", "privorely", "frandly", "ocf", "he", "ba"], "rec_scores": [0.9436888694763184, 0.9974589645862579, 0.9880589604377746, 0.9375379085540771, 0.9007088422775269, 0.9278110365072886, 0.996343195438385, 0.7306954264640808, 0.9334740936756134, 0.6108054518699646, 0.8935973246892294, 0.5825893878936768, 0.8689778255564826, 0.9962246417999268, 0.9677056925637382, 0.9310304298996925, 0.7544197551906109, 0.7924097701907158, 0.9978945106267929, 0.9604091644287109, 0.5785332719484965, 0.8725061416625977, 0.9120752513408661, 0.8830407321453094, 0.7735496163368225, 0.8541241685549418, 0.9734754502773285, 0.8906187295913697, 0.9675739076402452, 0.5053567811846733, 0.8667957981427511, 0.25773972272872925, 0.9200103133916855, 0.9087201229163578, 0.929317159312112, 0.7058497369289398, 0.7012796103954315, 0.6544543306032816, 0.9719671010971069, 0.9133503437042236, 0.5883919671177864, 0.8460800235088055, 0.5756888190905253, 0.9937334358692169, 0.901484469572703, 0.7448452711105347, 0.7463748653729757, 0.9998352527618408, 0.9946256279945374, 0.17650146782398224, 0.951670229434967, 0.9916917383670807, 0.5934003740549088, 0.8064266666769981, 0.929448127746582, 0.838052681514195, 0.7209681073824564, 0.9976786375045776, 0.9450162947177887], "det_polygons": [[197.51517367524724, 1374.2230205535889, 198.52828387360074, 1300.277666091919, 351.3651065282938, 1302.3709530830383, 350.3519963299403, 1376.3163075447083], [415.6514222806312, 1201.252305984497, 417.5582882222521, 1159.3083696365356, 506.7038246889774, 1163.3597996234894, 504.7969587473565, 1205.3037359714508], [1190.1519599821384, 1206.7984795570374, 1191.3835891454482, 1153.8443024158478, 1418.5800650401225, 1159.126987695694, 1417.3484358768126, 1212.0811648368835], [1467.1206038124362, 1199.2455451488495, 1473.1202904379027, 1151.2551474571228, 1549.060327579079, 1160.746165752411, 1543.0606409536126, 1208.7365634441376], [1667.9207028268634, 1139.287849187851, 1860.2479956949096, 1135.2816371917725, 1861.6503255318753, 1202.589296579361, 1669.3230326638293, 1206.5955085754395], [903.641250506832, 1214.8562915325165, 904.2551948619827, 1137.5068383216858, 1138.1880566041862, 1139.3631558418274, 1137.5741122490354, 1216.712609052658], [207.37481653221263, 1201.6220395565033, 211.39954396924622, 1133.2128291130066, 359.58964010624254, 1141.9285118579865, 355.5648914166351, 1210.3377223014832], [545.9810040705563, 1207.365234375, 545.9810040705563, 1133.55859375, 708.9396200814111, 1133.55859375, 708.9396200814111, 1207.365234375], [69.60942137419288, 1188.2565534114838, 73.23205011282394, 1142.9811050891876, 144.47786654675508, 1148.6797618865967, 140.855237808124, 1193.9552102088928], [1607.3012211668927, 1038.86328125, 1607.3012211668927, 980.375, 1717.333107191316, 980.375, 1717.333107191316, 1038.86328125], [1387.237449118046, 1038.86328125, 1387.237449118046, 972.01953125, 1561.3385345997285, 972.01953125, 1561.3385345997285, 1038.86328125], [39.15072125366294, 1026.8585846424103, 41.7697821996267, 964.0115270614624, 149.81502543310944, 968.5125870704651, 147.1959644871457, 1031.359644651413], [621.09083066446, 1029.0741811990738, 621.3001260123389, 971.9536591768265, 1034.9280907308714, 973.4684618711472, 1034.7187953829928, 1030.5889838933945], [508.19090979070154, 1018.1372071504593, 511.3504874489524, 967.592502951622, 598.6693226828504, 973.0490905046463, 595.5097450245995, 1023.5937947034836], [1749.5503090349919, 1025.4517271518707, 1751.593276459941, 961.1043162345886, 1975.6538925688496, 968.2161202430725, 1973.6109251439004, 1032.5635311603546], [159.7864036974137, 966.8245620727539, 438.4088484454834, 961.9085505008698, 439.75677169323615, 1038.280037164688, 161.13433757145336, 1043.1960487365723], [1072.7330193073165, 958.0284729003906, 1343.9410254635027, 947.3945953845978, 1347.1993000749978, 1030.4665043354034, 1075.9912939188114, 1041.1003818511963], [192.25941214697332, 860.673203587532, 198.61099889126368, 773.1770712137222, 453.34371221534593, 791.6627298593521, 446.99212547105554, 879.1588622331619], [1776.9965630664592, 843.7030276060104, 1777.7364926797563, 780.8326810598373, 1934.921889492744, 782.6816889047623, 1934.1819598794468, 845.5520354509354], [1421.0874437101822, 860.4081853628159, 1424.1223112647212, 773.9304777383804, 1632.1521108723075, 781.2285934686661, 1629.1172433177683, 867.7063010931015], [1276.669318148692, 855.9334741830826, 1278.195933037891, 778.0883229970932, 1400.4975250533994, 780.4860664606094, 1398.9709101642002, 858.3312176465988], [512.4671826925497, 784.8802862167358, 671.2413369208533, 779.142361164093, 673.5038009291587, 841.7266104221344, 514.7296467008551, 847.4645354747772], [1661.4662111196944, 817.0975947380066, 1680.8982045394916, 766.2837924957275, 1753.0930280957164, 793.8830862045288, 1733.661034675919, 844.6968884468079], [712.4329056552177, 846.9701124429703, 714.3003693248071, 777.8809322118759, 1067.7027900933895, 787.4307678937912, 1065.8352839186525, 856.5199481248856], [1119.4291747053087, 849.1412559747696, 1120.7454741230813, 770.1807843446732, 1249.7302355410447, 772.3301688432693, 1248.4139361232722, 851.2906404733658], [1334.6289976785108, 667.7394685149193, 1337.3579981893179, 619.9907150864601, 1466.1502962979403, 627.3490931391716, 1463.4212957871332, 675.0978465676308], [550.0132549187545, 612.8449550867081, 970.6512961316464, 611.2638553380966, 970.8842243417147, 673.2221924066544, 550.2461406236749, 674.8032921552658], [1579.1679139260198, 681.3031233549118, 1583.8839450872413, 597.7787795066833, 1821.5105041752352, 611.1909285783768, 1816.7944730140136, 694.7152724266052], [52.24272652138201, 666.3289561867714, 53.67821037364944, 603.5366361737251, 350.1915393969097, 610.312960088253, 348.75605554464227, 673.1052801012993], [1002.3556308616938, 668.1601998209953, 1003.2963547933052, 595.7402725815773, 1161.9412083619322, 597.8002410531044, 1161.0004844303207, 670.2201682925224], [383.48939211882924, 666.5451440811157, 388.970515940859, 595.3024995326996, 512.3077883882147, 604.7884180545807, 506.82666456618495, 676.0310626029968], [1518.1614654002713, 463.728515625, 1518.1614654002713, 456.765625, 1525.1255088195387, 456.765625, 1525.1255088195387, 463.728515625], [1604.1407083953898, 492.75115609169006, 1604.6772933815032, 441.23137521743774, 1776.1774038576204, 443.01757085323334, 1775.640818871507, 494.53735172748566], [1065.0521690751675, 509.55801182985306, 1066.3630278340188, 432.23312252759933, 1318.3653379774157, 436.5036727786064, 1317.0544792185644, 513.8285620808601], [41.43181845614512, 493.9986456632614, 42.73681150459693, 428.32435870170593, 300.0004832294935, 433.4346716403961, 298.6954901810417, 499.1089586019516], [817.9471320433079, 508.9349895119667, 820.2995369444061, 421.12879091501236, 1029.9408767265413, 426.74321645498276, 1027.588471825443, 514.5494150519371], [525.0888738127544, 490.1875, 525.0888738127544, 424.736328125, 788.3297150610583, 424.736328125, 788.3297150610583, 490.1875], [1340.9325111006137, 435.50275725126266, 1467.7617514621936, 423.131216943264, 1474.1832591746522, 488.9409878849983, 1347.3540188130723, 501.312528192997], [335.0760287488008, 425.03224247694016, 492.62679981247214, 423.1112428307533, 493.39809822486245, 486.3452882170677, 335.8473271611911, 488.26628786325455], [1493.105020799986, 482.407073199749, 1500.3876828073323, 420.5157981514931, 1581.280079731624, 430.0309553742409, 1573.997417724278, 491.9222304224968], [1488.0210650792114, 311.2690896987915, 1490.5965369960832, 