{"predictions": [{"rec_texts": ["cor", "our", "proneation", "esone", "ars", "pics", "suck", "l", "us", "tn", "any", "timahaols", "selaps", "or", "praps", "sak", "ren", "sonce", "noves", "approndal", "fras", "sanbes", "us", "and", "lunla", "rudeds", "prad", "pal", "fol", "doroingy", "levants", "toxed", "indion", "eoaol", "evand", "uld", "ya", "were", "we", "mmosh", "vkanguil", "tinvodods", "by", "a", "ws", "undaods", "m", "shoufyly", "habit", "rout", "shad", "s", "very", "rseved", "aa", "axphimus", "cotaidy", "suys", "permulicall", "obseruation", "snrulladly", "yalff", "wer", "casual", "fliea", "bul", "vire", "al"], "rec_scores": [0.7984444896380106, 0.8660313288370768, 0.8651836305856705, 0.5793911159038544, 0.9715332388877869, 0.860021248459816, 0.9007367491722107, 0.13445663452148438, 0.8796636164188385, 0.9413959085941315, 0.47975611686706543, 0.857907149526808, 0.7937544087568918, 0.6253763437271118, 0.5026311278343201, 0.748446544011434, 0.3761236568291982, 0.761723256111145, 0.7305620372295379, 0.9652501609590318, 0.5519473999738693, 0.5780262251694998, 0.8035396933555603, 0.8949729998906454, 0.6289976894855499, 0.346148744225502, 0.3400302194058895, 0.5224366933107376, 0.5542818407217661, 0.6469651684165001, 0.7662137108189719, 0.7147591233253479, 0.8998392422993978, 0.5467432588338852, 0.7263028264045716, 0.3319496810436249, 0.7092847526073456, 0.9921396374702454, 0.5892250686883926, 0.6535291075706482, 0.8301226645708084, 0.7552234629789988, 0.9853585362434387, 0.32644709944725037, 0.7371602952480316, 0.7852814154965537, 0.2515034079551697, 0.6159131396561861, 0.7304238200187683, 0.7658420279622078, 0.48905712366104126, 0.18647994101047516, 0.7655776143074036, 0.915199855963389, 0.7313059866428375, 0.9267148226499557, 0.7184107899665833, 0.5293910317122936, 0.7115670821883462, 0.9678699590943076, 0.5612765043973923, 0.713325810432434, 0.9656826655069987, 0.9749171336491903, 0.6121842175722122, 0.8101339538892111, 0.516406312584877, 0.5323319584131241], "det_polygons": [[1660.820092611755, 1727.8266379833221, 1785.7067208195363, 1721.4241044521332, 1788.6763115687086, 1779.3124511241913, 1663.789683360927, 1785.7149846553802], [1054.7450913182947, 1767.6674942970276, 1056.5521329159767, 1714.3767232894897, 1207.567641504553, 1719.4943976402283, 1205.7605999068708, 1772.785168647766], [480.4012281405215, 1776.8806710243225, 482.1004145540149, 1706.3872952461243, 834.6514156922599, 1714.8798956871033, 832.9522292787665, 1785.3732714653015], [1401.443876759106, 1770.2446866035461, 1406.4894324296356, 1701.7886204719543, 1619.4065604304635, 1717.472475528717, 1614.3610047599336, 1785.9285416603088], [1828.8887042115066, 1794.7887942790985, 1830.7630316121688, 1693.6128933429718, 1991.8928497516554, 1696.5958769321442, 1990.0185223509932, 1797.7717778682709], [1251.0725307843543, 1693.984941959381, 1402.0304286527316, 1690.3042435646057, 1404.4817428083609, 1790.78067111969, 1253.5238449399833, 1794.4613695144653], [210.31885978243997, 1687.5453684329987, 420.9468274653352, 1684.8457353115082, 422.1510729252897, 1778.7479484081268, 211.52311898540975, 1781.4475815296173], [11.903059195209023, 1785.052990913391, 31.06787271057533, 1654.7715673446655, 183.73966201883277, 1677.2164855003357, 164.57484850346646, 1807.4979090690613], [1428.4503311258277, 1613.5, 1428.4503311258277, 1536.06640625, 1538.3311258278145, 1536.06640625, 1538.3311258278145, 1613.5], [778.3468316690811, 1535.5481760501862, 861.2536055204883, 1528.917687177658, 866.2537542684188, 1591.4009716510773, 783.3469804170115, 1598.0314605236053], [35.55268587024006, 1612.6642370224, 52.126817311672184, 1503.308102607727, 237.6082690914735, 1531.4028840065002, 221.03413765004137, 1640.759018421173], [839.5378272454469, 1594.8154656887054, 841.8706216370033, 1520.7732846736908, 1125.0218142073675, 1529.6888225078583, 1122.6890198158112, 1603.731003522873], [1577.9602649006622, 1633.30859375, 1577.9602649006622, 1505.453125, 1911.2052980132448, 1505.453125, 1911.2052980132448, 1633.30859375], [1196.4178782077813, 1507.8025817871094, 1399.2832548634105, 1489.6949701309204, 1409.7231089610925, 1606.5857210159302, 1206.8577323054635, 1624.6933326721191], [519.723623111548, 1598.0410227775574, 553.6854725010347, 1473.5516872406006, 732.931113539942, 1522.422059059143, 698.9692641504553, 1646.9113945960999], [292.9143131079263, 1583.8681137561798, 312.41752088938324, 1481.5073726177216, 494.6863229511589, 1516.2148373126984, 475.183115169702, 1618.5755784511566], [1544.165200745033, 1355.3090314865112, 1804.690552566225, 1347.495680809021, 1808.3798375413905, 1470.4324140548706, 1547.8544857201985, 1478.2457647323608], [32.48261993610306, 1445.0480370521545, 41.045755348458194, 1339.8755536079407, 294.48450757967714, 1360.4981479644775, 285.9213446812914, 1465.6706314086914], [594.1921305877484, 1407.1957998275757, 597.4856167218543, 1342.1696152687073, 782.7295891970198, 1351.5461196899414, 779.4361030629138, 1416.5723042488098], [829.6415368894867, 1341.0490729808807, 1221.0452517073675, 1324.2797372341156, 1225.4001384002484, 1425.8629682064056, 833.9964235823675, 1442.6323039531708], [1296.953642384106, 1431.62109375, 1296.953642384106, 1319.97265625, 1484.2913907284767, 1319.97265625, 1484.2913907284767, 1431.62109375], [346.52521115738824, 1407.1601886749268, 349.45065934137, 1288.7144174575806, 567.7226433153974, 1294.102252960205, 564.7971401593543, 1412.5480241775513], [1016.8846233443708, 1195.8174500465393, 1068.4075175910596, 1176.502136707306, 1080.622089714404, 1209.06413936615, 1029.0991954677152, 1228.3794527053833], [1816.132437396523, 1166.642683506012, 2015.177035906457, 1157.5978903770447, 2019.7823753104303, 1258.887219429016, 1820.7377768004965, 1267.9320125579834], [1576.158940397351, 1251.54296875, 1576.158940397351, 1141.6953125, 1759.894039735099, 1141.6953125, 1759.894039735099, 1251.54296875], [352.9212104847889, 1172.9958670139313, 718.0817854925497, 1114.0262162685394, 738.8837631932946, 1242.761192560196, 373.7231606995033, 1301.7308433055878], [1406.0690061051323, 1143.2534103393555, 1561.0473406456952, 1128.063934803009, 1572.5096750827813, 1244.944573879242, 1417.5313405422185, 1260.1340494155884], [1205.9848859168046, 1129.0490667819977, 1391.1387042115066, 1120.635602235794, 1396.6875840749171, 1242.6728241443634, 1211.5337657802152, 1251.086288690567], [778.8797858029801, 1225.4979169368744, 786.7171525765727, 1120.5085451602936, 969.5148683257449, 1134.1460778713226, 961.6775015521522, 1239.1354496479034], [1766.161734271523, 1063.6295108795166, 1783.0465128311257, 960.7436151504517, 2096.552617963576, 1012.1626024246216, 2079.667839403973, 1115.0484981536865], [1079.792891142384, 1065.3434624671936, 1081.3382657284767, 966.4653601646423, 1374.8543305049668, 971.0501861572266, 1373.308955918874, 1069.9282884597778], [1446.687422392384, 1066.1954922676086, 1449.050561361755, 966.1875052452087, 1750.3418744826158, 973.3024816513062, 1747.9787355132448, 1073.310468673706], [800.630581281043, 962.189713716507, 1060.1677553290563, 957.2001955509186, 1062.1808322123343, 1061.8492829799652, 802.6436581643211, 1066.8388011455536], [50.08509311297082, 1049.5738768577576, 55.7660158675238, 955.2990655899048, 275.4465833247102, 968.5288286209106, 269.76566057015725, 1062.8036398887634], [368.29541177307533, 1054.794867515564, 375.6470454133899, 946.3916611671448, 584.829838834851, 960.5692963600159, 577.4782051945364, 1068.972502708435], [574.3683257450331, 1064.6937787532806, 579.407944432947, 931.1844899654388, 749.5098626345198, 937.6015317440033, 744.4702439466059, 1071.110820531845], [1138.9332639176323, 881.778082370758, 1141.4993597371688, 822.776997089386, 1230.8485293356787, 826.6605911254883, 1228.2824335161422, 885.6616764068604], [230.25080841266555, 813.0346540212631, 433.46272894246687, 810.5572608709335, 434.42325576883275, 889.2968167066574, 231.21133523903143, 891.774209856987], [51.498672182196806, 815.1782475709915, 160.6577455634313, 