{"predictions": [{"rec_texts": ["wiokoss", "sh", "hed", "h", "yot", "i", "a", "suoats", "a", "pask", "be", "aga", "smfts", "going", "thees", "hap", "sensonesal", "slockings", "bings", "some", "whes", "edtings", "sts", "clros", "eliogy", "cee", "feet", "gues", "got", "trood", "lars", "tve", "lonifty", "ribbochols", "conic", "p", "siops", "kandiworks", "oe", "he", "jox", "i", "cet", "gazing", "rntlys", "eveeti", "essivel", "lo", "unpess", "sad", "undurtone"], "rec_scores": [0.666756774697985, 0.31677186489105225, 0.6266847948233286, 0.21421906352043152, 0.5880083392063776, 0.3083369731903076, 0.8544020056724548, 0.42513012140989304, 0.19443757832050323, 0.6972608007490635, 0.9931067228317261, 0.596590002377828, 0.5092979967594147, 0.834195899963379, 0.9947836756706238, 0.5188086628913879, 0.7323307037353516, 0.7940524419148763, 0.9073962688446044, 0.9940768480300903, 0.9208231568336487, 0.8154294788837433, 0.2294871707757314, 0.6408910930156708, 0.7706511368354162, 0.3095179150501887, 0.6794330067932606, 0.5683824494481087, 0.5257562001546224, 0.8827534437179565, 0.800599604845047, 0.8358725508054098, 0.6067154897110802, 0.49937180131673814, 0.8216306746006012, 0.2026451677083969, 0.6918963670730591, 0.9226045787334443, 0.49801430106163025, 0.5301696583628654, 0.7916434009869894, 0.09907865524291992, 0.685999850432078, 0.9949853221575419, 0.7109763224919637, 0.9019129027922949, 0.9399949993406024, 0.9251572787761688, 0.809840609629949, 0.9865230917930603, 0.8525151213010153], "det_polygons": [[324.6224147017284, 1251.2491981387138, 328.32786970241096, 1179.3745071291924, 492.9663910404329, 1187.8597480654716, 489.26093603975033, 1259.7344390749931], [234.3581989247312, 1255.2021484375, 234.3581989247312, 1175.40625, 335.70228494623655, 1175.40625, 335.70228494623655, 1255.2021484375], [66.92743720546845, 1237.4587489366531, 79.17046186744525, 1157.211685538292, 198.92012698675998, 1175.4756718873978, 186.67710232478316, 1255.722735285759], [276.1626344086022, 1080.4111328125, 276.1626344086022, 1074.078125, 283.76344086021504, 1074.078125, 283.76344086021504, 1080.4111328125], [215.0056552886963, 1035.4833436608315, 319.4438704623971, 1031.6158178448677, 321.67206097674625, 1091.7671775221825, 217.23384580304545, 1095.6347033381462], [1573.366935483871, 1039.8798828125, 1573.366935483871, 1033.546875, 1579.700940860215, 1033.546875, 1579.700940860215, 1039.8798828125], [578.9280913978495, 1061.412109375, 578.9280913978495, 1027.2138671875, 647.3353494623656, 1027.2138671875, 647.3353494623656, 1061.412109375], [1069.5817044986193, 1009.849505007267, 1290.7436465191586, 1000.2352693676949, 1294.3049781553207, 1082.134233534336, 1073.1430361347814, 1091.7484691739082], [1007.1068548387098, 1028.48046875, 1007.1068548387098, 1022.1474609375, 1017.2412634408603, 1022.1474609375, 1017.2412634408603, 1028.48046875], [386.23797519232636, 1013.4567373991013, 511.12504579687635, 997.8482542037964, 521.084016676872, 1077.5077826976776, 396.1969460723221, 1093.1162658929825], [1547.6786467849568, 1050.8772220015526, 1552.8030674431914, 1006.0459895730019, 1611.753853418494, 1012.7820772528648, 1606.6294327602593, 1057.6133096814156], [746.0450088336904, 994.1912359595299, 929.4054954282699, 984.9086483120918, 934.755379461473, 1090.551289498806, 751.3948928668935, 1099.833877146244], [1326.3407258064517, 1094.34375, 1326.3407258064517, 972.75, 1513.8272849462367, 972.75, 1513.8272849462367, 1094.34375], [471.729302970312, 853.7723264694214, 622.122497763685, 829.5750106573105, 631.7107221131683, 889.149503827095, 481.3175273197954, 913.3468196392059], [1059.3993578674972, 886.2189415693283, 1060.7082206972184, 821.4439914226532, 1281.47645232498, 825.9032267332077, 1280.1675894952589, 890.6781768798828], [793.7535538211946, 905.6031095981598, 809.212021776425, 807.7153106927872, 992.0080767395676, 836.5733244419098, 976.5496087843372, 934.4611233472824], [69.66451019369146, 832.9056378006935, 355.5212192125218, 824.0202546715736, 357.0863958584365, 874.3600906729698, 71.22968683960617, 883.2454738020897], [1618.4747650802776, 881.42589366436, 1626.299797796434, 809.8075534105301, 1835.9077470020582, 832.7022424936295, 1828.0827142859018, 904.3205827474594], [1353.5876190021474, 888.6209543347359, 1361.0229619344077, 809.3241513371468, 1552.016729129258, 827.226958334446, 1544.581386196998, 906.5237613320351], [1254.3900742069368, 673.0329837799072, 1414.7505130562731, 668.40800178051, 1416.0940149778962, 714.9777190685272, 1255.7335761285597, 719.6027010679245], [1007.1068548387098, 728.2958984375, 1007.1068548387098, 658.6328125, 1162.9233870967741, 658.6328125, 1162.9233870967741, 728.2958984375], [1421.6170944706087, 715.869999051094, 1431.8940800492483, 638.2349534928799, 1590.7220483595327, 659.2529710531235, 1580.445062780893, 736.8879779577255], [815.0061057716288, 661.3330765366554, 927.5922781421292, 634.4145464301109, 948.4103723751601, 721.4584609866142, 835.8242000046597, 748.3769910931587], [601.3182437035346, 720.2352287769318, 606.0865311981529, 635.2141350507736, 802.7340476743636, 646.239382147789, 797.9657601797453, 731.2604758739471], [178.4263296537502, 732.2293673157692, 182.08442652097312, 633.4760753810406, 286.4289305799751, 637.3400064110756, 282.77083371275216, 736.0932596921921], [355.9224682469522, 708.2738685011864, 371.56255947646275, 630.0856124460697, 460.7258242945517, 647.9154800772667, 445.08573306504115, 726.1037747859955], [57.91029395595674, 719.7190484404564, 80.69593500065547, 615.3013788759708, 203.02679236217213, 641.9875621199608, 180.2411513174734, 746.4052703380585], [1655.442098802136, 558.4968808591366, 1659.7735316779024, 469.2825659811497, 1851.6660595965643, 478.59623113274574, 1847.3346267207976, 567.8105460107327], [1375.4734941708145, 473.2939991950989, 1517.4761421449723, 456.59038186073303, 1527.8440553398543, 544.7034553289413, 1385.8414073656963, 561.4070726633072], [975.1613389292071, 533.8761147260666, 981.7591581036968, 458.0130667090416, 1143.840726831908, 472.1049367785454, 1137.2429076574183, 547.9679847955704], [349.63709677419354, 520.5732421875, 349.63709677419354, 462.3095703125, 429.445564516129, 462.3095703125, 429.445564516129, 520.5732421875], [1213.3983429529335, 462.46785685420036, 1343.6509934292046, 453.92803701758385, 1348.773867699408, 532.0384060442448, 1218.521139903735, 540.5782258808613], [724.286942635813, 530.7846761345863, 731.040328446255, 449.75711899995804, 934.6371580964776, 466.7208751440048, 927.8837722860358, 547.7484322786331], [438.52123855262676, 513.709172397852, 440.3981670256584, 451.77936002612114, 654.6745843784784, 458.27154341340065, 652.7976559054467, 520.2013557851315], [368.9905295833465, 356.57021778821945, 370.39364476357736, 293.44021075963974, 560.7983154378911, 297.6707713007927, 559.3952002576602, 360.8007783293724], [105.14448924731182, 314.1171875, 105.14448924731182, 306.517578125, 114.01209677419355, 306.517578125, 114.01209677419355, 314.1171875], [1302.0424853089035, 350.12325912714005, 1304.2414490894605, 284.1644068211317, 1457.607265595467, 289.27582520246506, 1455.40830181491, 355.2346581816673], [616.5413514003959, 342.91501757502556, 617.6873795704175, 280.75589264929295, 939.392223973428, 286.684989541769, 938.2461958034064, 348.8441337943077], [1204.1160714754494, 286.1133219450712, 1259.3652684201477, 283.7115411013365, 1262.0972721551054, 346.5373635292053, 1206.8480752104072, 348.93914437294006], [191.98552382889616, 350.98171719908714, 209.63758186627462, 258.3230175971985, 324.8388317067136, 280.2626532316208, 307.18679299918557, 372.92135283350945], [1108.450940860215, 349.58203125, 1108.450940860215, 272.3193359375, 1218.6626344086021, 272.3193359375, 1218.6626344086021, 349.58203125], [1730.4502688172045, 150.7255859375, 1730.4502688172045, 144.392578125, 1738.0510752688172, 144.392578125, 1738.0510752688172, 150.7255859375], [1544.2305107526881, 164.658203125, 1544.2305107526881, 124.126953125, 1608.8373655913979, 124.126953125, 