{"predictions": [{"rec_texts": ["huvcr", "autharitiy", "zible", "iu", "wab", "inn", "an", "tovch", "a", "nihh", "narrl", "mcre", "ily", "anil", "hraf", "definitel", "wene", "sson", "mpes", "became", "haf", "anothes", "s", "i", "were", "scmpy", "nel", "uhl", "corfiring", "opi", "mo", "mese", "u", "anel", "nless", "twl", "to", "hothefo", "i", "prepa", "deecl", "s", "nr", "hornisres", "caini", "sarol", "recently", "crinel", "keen", "hao", "cleanecl", "ht", "s", "press", "on", "impr", "the", "hnest", "hada", "diskinet"], "rec_scores": [0.6926189303398133, 0.7610323935747146, 0.8546771287918091, 0.6058728098869324, 0.5145934323469797, 0.9986118872960409, 0.9999875426292419, 0.7947827577590942, 0.3449973464012146, 0.6918402686715126, 0.8359193086624146, 0.9581530094146729, 0.9380508263905843, 0.9931127578020096, 0.671518050134182, 0.9757861693700155, 0.8956752121448517, 0.6454544737935066, 0.9991327226161957, 0.9584652880827585, 0.9686510960261027, 0.920276267187936, 0.2978222668170929, 0.2640265226364136, 0.7222983688116074, 0.6566187262535095, 0.6906904975573221, 0.5941383639971415, 0.8433851533465915, 0.3894786834716797, 0.7387998998165131, 0.6487278640270233, 0.9507874250411987, 0.8079743161797523, 0.9676495909690856, 0.4803562064965566, 0.9597668647766113, 0.656550543648856, 0.21034489572048187, 0.8041246652603149, 0.7594089865684509, 0.18891987204551697, 0.9555831253528595, 0.5198087460464902, 0.776992267370224, 0.5526445508003235, 0.9009890109300613, 0.7708294490973154, 0.8900254964828491, 0.6561902463436127, 0.9188387915492058, 0.7140187621116638, 0.14759710431098938, 0.9160531282424926, 0.8770391345024109, 0.9745203256607056, 0.9028035203615824, 0.8761969089508057, 0.978889063000679, 0.8300524093210697], "det_polygons": [[394.9077897219313, 1520.6088395118716, 695.4326681550015, 1507.2093358039858, 698.404374270095, 1573.8620638847353, 397.87949583702476, 1587.261567592621], [933.299544186936, 1564.8522756099703, 943.2608390886758, 1470.4162766933443, 1393.8279953789463, 1517.9456613063815, 1383.8667004772067, 1612.3816602230074], [64.0741074552241, 1501.9972136020663, 320.71704038639655, 1484.1432716846468, 326.65150498852284, 1569.4534585475924, 70.00857827098098, 1587.3074004650118], [584.246459331709, 1357.1174161434176, 688.6149732452077, 1355.0299823284151, 689.365281567131, 1392.5449340343478, 584.9967676536323, 1394.6323678493502], [321.59455415391426, 1410.148535013199, 322.9162182365496, 1345.3849961757662, 534.9793776679284, 1349.7129714488985, 533.6577135852931, 1414.4765102863314], [1648.1155087185887, 1392.4867730140688, 1648.8030842259984, 1332.6745762825014, 1832.9341348864366, 1334.7910408973696, 1832.2465593790268, 1394.603237628937], [1418.184035468347, 1386.8175151348116, 1421.8923302090043, 1325.011339902878, 1578.8711075930248, 1334.4302437305453, 1575.1628128523678, 1396.2364189624789], [740.8640010873066, 1392.5044698715212, 741.3231138249032, 1320.8773341178896, 1050.8993133859535, 1322.8617682456972, 1050.4402006483567, 1394.4889039993288], [63.92303545450426, 1415.201783180237, 77.37112159335734, 1294.1660156250002, 301.9162843055331, 1319.1159996986391, 288.46819816668005, 1440.151767253876], [1098.9092035981796, 1390.5254044532778, 1101.2777401639012, 1312.3603734970095, 1356.281958511195, 1320.087934970856, 1353.9134219454734, 1398.2529659271243], [1144.7348783827317, 1176.401482343674, 1401.8916972052189, 1169.1575024127962, 1403.1650440963272, 1214.3640253543856, 1146.00822527384, 1221.6080052852633], [326.893016382591, 1166.868145465851, 584.1189059228011, 1160.977279186249, 585.3321545787693, 1213.957295894623, 328.10628989308145, 1219.848162174225], [1392.616387121456, 1211.8298950195315, 1397.5855020739366, 1154.6837596893313, 1466.8902499798644, 1160.7104344367983, 1461.9211350273838, 1217.8565697669985], [37.46391752577319, 1223.3085937500002, 37.46391752577319, 1146.7500000000002, 262.24742268041234, 1146.7500000000002, 262.24742268041234, 1223.3085937500002], [1615.2508708521261, 1217.2873871326449, 1621.8562087226157, 1138.0213730335238, 1858.16545183634, 1157.7141973972323, 1851.5601139658502, 1236.9802114963534], [642.0629996073613, 1142.8365089893343, 1082.1948355448612, 1131.314462900162, 1084.6033381825869, 1223.3230097293856, 644.4715022450869, 1234.845055818558], [1769.8953114932342, 1042.7942848205569, 1770.889492388853, 990.10417842865, 1974.886265705541, 993.9533443450929, 1973.8920848099224, 1046.6434507369997], [764.5870959095118, 982.9624028205873, 1023.7824329494199, 974.9868865013124, 1025.6320070876286, 1035.0993332862856, 766.4367197567653, 1043.0748496055605], [476.47570926626923, 1051.2980225086214, 481.61542566043806, 961.3502647876741, 760.8221825668492, 977.3052742481233, 755.6824661726803, 1067.2530319690707], [1323.8556550016106, 1039.6402673721316, 1326.5578386759018, 963.641013622284, 1739.413128725032, 978.3206562995912, 1736.7109450507407, 1054.3199100494387], [1038.2186354804282, 1030.5809676647189, 1042.596212800016, 955.4317595958711, 1286.7618710232762, 969.6552608013154, 1282.3842937036886, 1044.8044688701632], [36.05822340975102, 971.9660925865174, 443.62056582735977, 956.8708720207215, 446.15756634584403, 1025.3720269203188, 38.59524567594233, 1040.4672474861147], [1799.082673062983, 851.1035156250001, 1805.5981369805088, 844.5878906250001, 1812.9280338877252, 851.9179687500001, 1806.4125699701995, 858.4335937500001], [1138.5773195876286, 845.4023437500001, 1138.5773195876286, 837.2578125000001, 1148.3505154639174, 837.2578125000001, 1148.3505154639174, 845.4023437500001], [500.8464135238804, 809.9356541633607, 740.3865457121858, 804.2321459054948, 741.7643810154235, 862.1030073165895, 502.2242488271182, 867.8065652847291], [800.7142875120811, 877.1629335880281, 809.769485945554, 772.1208003759385, 1208.0721548807987, 806.4580228328706, 1199.0169564473258, 911.5001063346864], [311.6714855076111, 859.6759529113771, 317.72883086843586, 791.8319181203843, 458.57911100092616, 804.4081699848176, 452.5217656401014, 872.2522544860841], [45.087187894840824, 792.1543886661531, 290.72558530827155, 785.9616816043855, 292.5884814704816, 859.8588867187501, 46.95009337749677, 866.0515937805177], [1239.687306197648, 876.9625017642976, 1243.15401498067, 781.9703443050386, 1832.9691300539623, 803.4968812465669, 1829.5024212709404, 898.4890387058259], [632.4403227186693, 630.4325019121171, 794.8987269450707, 624.1839205026628, 798.8782342340527, 727.6543639898301, 636.4198300076513, 733.9029453992845], [807.158468659391, 698.2117642164231, 808.9583337528188, 626.2183631658555, 932.8376477428317, 629.3154126405717, 931.0377826494039, 701.3088136911393], [210.7342626827279, 640.8320900201799, 474.8236291629751, 629.513756632805, 476.9140436231475, 678.2913662195207, 212.82465228837788, 689.6096996068956], [51.689608465764934, 619.4334576129914, 199.84622963187618, 616.9222934246064, 201.06438705601641, 688.7944014072419, 52.90775967627456, 691.305565595627], [1705.7334613603412, 684.7324258089067, 1708.5465956225835, 610.4645808935167, 1973.7944562459727, 620.5121208429338, 1970.9813219837304, 694.7799657583238], [1461.0927835051543, 695.5429687500001, 1461.0927835051543, 615.7265625000001, 1646.783505154639, 615.7265625000001, 1646.783505154639, 695.5429687500001], [1340.4367033968265, 684.4477350711824, 1351.7562482381602, 611.6770641803743, 1479.410864761195, 631.5349266529084, 1468.0913199198612, 704.3055975437165], [545.5871884060888, 683.5475317239762, 552.0819733609858, 602.3612097501756, 650.8757173203929, 610.2649444341661, 644.380932365496, 691.4512664079667], [975.8298075567815, 603.9895194768907, 1355.693801093347, 593.8325175046922, 1358.0796364066525, 683.0623594522477, 978.2156428700869, 693.2193614244462], [1733.1134020618554, 485.41406250000006, 1733.1134020618554, 465.86718750000006, 1742.8865979381442, 465.86718750000006, 1742.8865979381442, 485.41406250000006], [44.83102165300821, 443.5833642482758, 276.8079972414626, 427.01314043998724, 284.6546693782216, 