{"predictions": [{"rec_texts": ["s", "w", "ua", "compole", "a", "rae", "c", "v", "vorrahvo", "i", "ceer", "nuberd", "y", "so", "ouy", "unexpeakedy", "faf", "p", "oec", "1", "as", "h", "ewd", "w", "h", "rodes", "vileaes", "sayivg", "x", "laeo", "lary", "swauls", "haf", "saf", "ihahor", "pe", "ord", "coce", "gurud", "ecreav", "af", "serry", "pse", "cl", "a", "tees", "wr", "ablons", "fo", "hod", "heocls", "sla", "k", "le", "o", "fa", "eeahed", "bloekl", "bah", "ard", "ak", "shlkain", "vepul", "er", "yae", "crec", "c", "hve", "suns", "eaburs", "hhary", "erall"], "rec_scores": [0.14312992990016937, 0.6916213631629944, 0.7925779223442078, 0.9495881370135716, 0.30522623658180237, 0.8975138862927755, 0.9876343607902527, 0.6526116728782654, 0.8302959948778152, 0.1451437771320343, 0.805526964366436, 0.5582076658805212, 0.18918342888355255, 0.9048855304718018, 0.40618226925532025, 0.8037790276787498, 0.737748364607493, 0.34075668454170227, 0.679285486539205, 0.15780870616436005, 0.17697874829173088, 0.6540032625198364, 0.5232217609882355, 0.23428693413734436, 0.2225666493177414, 0.7625824272632599, 0.4423225224018097, 0.8687217036883036, 0.18753954768180847, 0.6961874514818192, 0.642632432281971, 0.7211715032656988, 0.7077122430006663, 0.533108780781428, 0.7517314602931341, 0.9552428126335144, 0.8269883791605631, 0.5663052275776863, 0.7547269821166992, 0.566196545958519, 0.6455286741256714, 0.4344732403755188, 0.6127697825431824, 0.643802285194397, 0.12882402539253235, 0.6319899782538414, 0.7797689735889435, 0.7625474433104197, 0.7772133052349091, 0.7088310321172079, 0.9093080262343088, 0.7644611100355784, 0.9992122650146484, 0.7384417057037354, 0.9869816899299622, 0.1636640429496765, 0.7590163399775823, 0.834379643201828, 0.7117360830307007, 0.689165194829305, 0.36314384639263153, 0.7264982547078814, 0.9664121389389038, 0.55654177069664, 0.4089617778857549, 0.905676856637001, 0.991587221622467, 0.8385877013206482, 0.5689521133899689, 0.6845118999481201, 0.39567042887210846, 0.7635223090648651], "det_polygons": [[938.5174825174826, 1555.6054687500002, 938.5174825174826, 1547.4609375000002, 946.6643356643357, 1547.4609375000002, 946.6643356643357, 1555.6054687500002], [533.8860008399803, 1547.95475935936, 604.9906650356479, 1541.492622613907, 607.194353010271, 1565.7259833812716, 536.0896888146034, 1572.1881201267245], [878.2307692307693, 1568.6367187500002, 878.2307692307693, 1539.3164062500002, 954.8111888111888, 1539.3164062500002, 954.8111888111888, 1568.6367187500002], [54.27965841760169, 1539.222553253174, 427.40512853235634, 1502.9288835525515, 435.0341513040182, 1581.316417694092, 61.90867497370793, 1617.6100873947146], [231.37062937062936, 1376.4257812500002, 231.37062937062936, 1366.6523437500002, 241.14685314685315, 1366.6523437500002, 241.14685314685315, 1376.4257812500002], [726.2804219706076, 1358.7444334030154, 845.3071199430452, 1356.364504337311, 846.0583568653027, 1393.9120659828188, 727.0316588928649, 1396.2919950485232], [200.7885788070572, 1355.5005397796633, 242.46283545860877, 1347.168103694916, 249.10567330313728, 1380.3727769851687, 207.43141665158572, 1388.705213069916], [74.95104895104895, 1392.7148437500002, 74.95104895104895, 1342.2187500000002, 185.74825174825176, 1342.2187500000002, 185.74825174825176, 1392.7148437500002], [1369.6977406748524, 1356.1220176219942, 1693.1108048445694, 1341.9877960681918, 1694.8823873880026, 1382.4994819164278, 1371.4692237693946, 1396.6337034702303], [1699.4335664335665, 1197.2460937500002, 1699.4335664335665, 1189.1015625000002, 1709.2097902097903, 1189.1015625000002, 1709.2097902097903, 1197.2460937500002], [981.5680123709299, 1178.6565392017367, 1099.875396515106, 1172.0858352184298, 1102.6128266874728, 1221.3439443111422, 984.3054425432965, 1227.914648294449], [1097.7563395466839, 1171.3760719299319, 1244.625842968067, 1169.278497219086, 1245.308460155567, 1217.0423154830935, 1098.4389567341839, 1219.1398901939394], [1238.3216783216783, 1211.9062500000002, 1238.3216783216783, 1171.1835937500002, 1318.1608391608393, 1171.1835937500002, 1318.1608391608393, 1211.9062500000002], [845.0873378940396, 1170.4744269847872, 928.6932249269286, 1164.0450990200045, 932.7187171349159, 1216.3617818355563, 849.1128301020269, 1222.791109800339], [1676.6223776223776, 1187.4727556705477, 1730.065813824847, 1160.7586534023287, 1751.2476320066653, 1203.1102159023287, 1697.8041958041958, 1229.8243181705477], [277.5309509063934, 1180.5824146270754, 785.8490645401961, 1147.3091411590578, 790.6136111812991, 1220.0555534362795, 282.2954726852737, 1253.328826904297], [1416.7649117849924, 1135.837998390198, 1606.2420991484103, 1133.4095520973208, 1607.4444362400295, 1227.1607422828677, 1417.9672488766116, 1229.5891885757449], [1874.7245684003497, 1219.6053771972659, 1883.500734129152, 1109.9325828552248, 2037.1122756637894, 1122.2179799079897, 2028.336109934987, 1231.8907742500307], [1428.3810394927339, 1046.7072787284853, 1429.196122602983, 1010.852849006653, 1545.1177278532016, 1013.4866981506349, 1544.3026447429525, 1049.3411278724673], [539.3216783216783, 1021.3242187500001, 539.3216783216783, 1013.1796875000001, 555.6153846153846, 1013.1796875000001, 555.6153846153846, 1021.3242187500001], [356.83216783216784, 1016.4375000000001, 356.83216783216784, 1005.0351562500001, 386.16083916083915, 1005.0351562500001, 386.16083916083915, 1016.4375000000001], [1938.951048951049, 1005.0351562500001, 1938.951048951049, 995.2617187500001, 1950.3566433566434, 995.2617187500001, 1950.3566433566434, 1005.0351562500001], [510.23869547810585, 993.1667289733888, 686.0302237130545, 983.4032335281373, 689.1234820172504, 1039.066809654236, 513.3319537823016, 1048.8303050994875], [39.81194253401323, 981.1231226921083, 139.30968464671315, 978.1088905334474, 141.2395152378749, 1041.775224208832, 41.74177001739715, 1044.789456367493], [1893.3286713286714, 998.5195312500001, 1893.3286713286714, 990.3750000000001, 1904.7342657342658, 990.3750000000001, 1904.7342657342658, 998.5195312500001], [142.5769536478536, 1043.736393928528, 144.03074726024707, 962.3461604118348, 292.08169107503824, 964.9891562461854, 290.6278974626448, 1046.3793897628786], [1577.2307692307693, 969.1992187500001, 2013.0476330310314, 920.7889680862428, 2025.188353638549, 1030.0251073837283, 1589.3714898382866, 1078.4353580474856], [669.8196069677393, 871.4142386913301, 674.2116677877787, 813.601985692978, 906.7366004356971, 831.2570865154267, 902.3445396156578, 889.0693395137788], [371.4965034965035, 822.5976562500001, 371.4965034965035, 814.4531250000001, 379.64335664335664, 814.4531250000001, 379.64335664335664, 822.5976562500001], [1736.4452612816872, 853.3759710788728, 1737.0602532233393, 793.1293065547944, 1940.9432091346155, 795.209184408188, 1940.3282171929634, 855.4558489322663], [35.41474455720061, 862.9930200576783, 36.53998389610877, 783.1237220764161, 217.3642475688374, 785.669882297516, 216.23900822992925, 865.5391802787782], [1420.9052674620302, 795.2332441806794, 1705.2845424838833, 771.866283774376, 1711.8280806107955, 851.457452774048, 1427.4488055889424, 874.8244628906251], [1000.4335664335664, 868.2070312500001, 1000.4335664335664, 772.1015625000001, 1192.6993006993007, 772.1015625000001, 1192.6993006993007, 868.2070312500001], [1218.3647721297257, 855.1420776844026, 1225.6575582010762, 767.6529901027681, 1400.0115527173023, 782.1783320903779, 1392.7187666459517, 869.6674196720124], [206.55392936226372, 772.2084892988206, 427.98655647331185, 769.8782705068589, 428.79527485453997, 846.6854653358461, 207.3626726057146, 849.0156841278077], [533.7976902248142, 642.583631515503, 615.345681357217, 633.5253260135652, 619.260188602901, 668.7454526424409, 537.7121974704983, 677.8037581443788], [1037.9089914602, 677.6249502897264, 1037.9089914602, 625.4999502897264, 1205.7341662853748, 625.4999502897264, 1205.7341662853748, 677.6249502897264], [1300.6590277398384, 679.7830224037172, 1307.6260192444274, 618.4909508228303, 1504.7890146962413, 640.8894059658052, 