{"predictions": [{"rec_texts": ["thovejalliyn", "snuggertoby", "j", "r", "s", "o", "venl", "cams", "u", "dut", "about", "rashollary", "wx", "y", "daflist", "loohad", "forlommy", "s", "h", "s", "rlors", "intandings", "roes", "ats", "they", "edevoelal", "s", "mojyold", "te", "googte", "dal", "etals", "lis", "s", "d", "dach", "hayballs", "neal", "rttars", "cimoboraeed", "unkas", "ladoads", "syneorede", "conrfuctovs", "omsduingress", "rimntss", "a", "a", "unleyings", "rond", "daer", "laduabladors", "hen", "s", "n", "vuhins", "diygeds", "thightoy", "rath", "mogral", "dsmant"], "rec_scores": [0.6854019115368525, 0.6930256499485536, 0.2598327100276947, 0.1280573010444641, 0.49578335881233215, 0.9035903811454773, 0.9254690557718277, 0.5271335281431675, 0.43100786209106445, 0.7636832992235819, 0.9797056794166565, 0.7221698969602585, 0.5667523890733719, 0.5393842458724976, 0.7498973288706371, 0.7961021959781647, 0.7002653330564499, 0.6438626050949097, 0.0708940401673317, 0.1812349557876587, 0.5512481272220612, 0.7812901020050049, 0.6151616126298904, 0.9798163175582886, 0.5365131050348282, 0.6754162112871805, 0.39286506175994873, 0.8664816617965698, 0.635202094912529, 0.6360059231519699, 0.7986573080221812, 0.6439020693302154, 0.9975831906000773, 0.19480769336223602, 0.2386900782585144, 0.8023531138896942, 0.8381029143929482, 0.7523521035909653, 0.49510203798611957, 0.6610717177391052, 0.6284153580665588, 0.7536690192563194, 0.7720153662893507, 0.7273630635304884, 0.6305988853176435, 0.7436126981462751, 0.21183635294437408, 0.1663520485162735, 0.8486166662640042, 0.7696063220500946, 0.7500772550702095, 0.8306245232621828, 0.5124312738577524, 0.14361272752285004, 0.417233407497406, 0.4077841465671857, 0.6633869452135903, 0.7370364516973495, 0.703178234398365, 0.5395158678293228, 0.8012354771296183], "det_polygons": [[693.6212691427578, 1596.7755239009857, 699.6988281630873, 1478.2206542491913, 1179.7756010582218, 1502.849140405655, 1173.6980420378923, 1621.4040100574493], [206.17651321958638, 1525.4573913812637, 659.0587264848015, 1499.8819481134415, 663.8646451619783, 1585.0460778474808, 210.982419399315, 1610.621521115303], [35.265752194266234, 1491.122594833374, 186.85184663245903, 1484.9331679344177, 190.79274193916973, 1581.5207929611206, 39.2066443766149, 1587.710219860077], [791.185647425897, 1374.845703125, 791.185647425897, 1366.65234375, 801.0140405616223, 1366.65234375, 801.0140405616223, 1374.845703125], [481.59126365054595, 1378.123046875, 481.59126365054595, 1366.65234375, 489.7815912636505, 1366.65234375, 489.7815912636505, 1378.123046875], [745.4248913364737, 1390.4531925916672, 747.4894697692204, 1342.9503113031387, 859.6629650098113, 1347.8293207883835, 857.5983865770645, 1395.332202076912], [468.4866394899936, 1389.59375, 468.4866394899936, 1342.072265625, 719.110664450992, 1342.072265625, 719.110664450992, 1389.59375], [1257.6019096672069, 1396.1467372179031, 1263.7018641146035, 1315.2921224832535, 1501.4741132858203, 1333.2439008951187, 1495.3741588384237, 1414.0985156297684], [1965.1909267288659, 1349.482295036316, 2009.546669708585, 1329.0028972625732, 2022.251675467409, 1356.540666103363, 1977.8959324876898, 1377.0200638771057], [866.2795139735276, 1399.1961431503296, 867.1223418760968, 1314.0422151088715, 1089.6665004783783, 1316.2463808059692, 1088.8236725758093, 1401.4003088474274], [49.594404544919584, 1318.7057888507843, 336.7852066682765, 1312.6361818313599, 338.4999315377888, 1393.8296527862549, 51.309123165707874, 1399.8992598056793], [1495.0913165921168, 1408.7065210342407, 1497.1301002919022, 1309.988142490387, 1997.4539389290412, 1320.3292582035065, 1995.4151552292558, 1419.0476367473602], [1442.6796185616954, 1145.8557109832764, 1748.832705017185, 1141.7448289394379, 1749.968073185818, 1226.3686690330505, 1443.8149867303284, 1230.479551076889], [1049.8292348686134, 1138.5182936191559, 1362.9480989786464, 1131.3449034690857, 1365.484781012334, 1242.153487920761, 1052.365916902301, 1249.3268780708313], [363.65054602184085, 1233.919921875, 363.65054602184085, 1132.322265625, 653.588143525741, 1132.322265625, 653.588143525741, 1233.919921875], [39.14428211039574, 1215.7552081346512, 39.66567564680126, 1135.4316815137863, 360.53215776702353, 1137.5160273313522, 360.010764230618, 1217.839553952217], [668.1893620959681, 1133.9315326213837, 1051.2525442423946, 1124.2547271251678, 1054.0035825065813, 1233.239609003067, 670.940400360155, 1242.9164144992828], [1703.5881435257409, 1017.615234375, 1703.5881435257409, 1006.14453125, 1711.7784711388454, 1006.14453125, 1711.7784711388454, 1017.615234375], [1557.8003120124804, 1009.421875, 1557.8003120124804, 1001.228515625, 1567.6287051482057, 1001.228515625, 1567.6287051482057, 1009.421875], [1703.5881435257409, 1007.783203125, 1703.5881435257409, 999.58984375, 1711.7784711388454, 999.58984375, 1711.7784711388454, 1007.783203125], [1522.5261146676335, 977.3829593658447, 1751.3713866425749, 967.6413431167603, 1754.5615352446127, 1042.6403863430023, 1525.7162632696713, 1052.3820025920868], [723.6993774794936, 1053.4740837812424, 730.6741532966983, 952.3010979890823, 1179.2908000499706, 983.2516330480576, 1172.316024232766, 1084.4246188402176], [46.29308489295138, 1041.1104325056076, 50.527145338132854, 953.221050620079, 238.0743874774522, 962.2627507448196, 233.84030203737444, 1050.1521326303482], [1216.7321548818982, 1040.5441385507584, 1219.693150274839, 957.6043778657913, 1360.328833807649, 962.6290115118027, 1357.3678384147083, 1045.5687721967697], [1345.1796271313742, 956.3288662433624, 1548.1577809254948, 949.0768630504608, 1551.6300719167436, 1046.336799621582, 1348.651918122623, 1053.5888028144836], [272.98265954075663, 1038.5300043821335, 280.3996450629509, 946.4379252195358, 679.8469817210656, 978.6328667402267, 672.4299961988713, 1070.7249459028244], [1291.6148645457536, 826.7100609540939, 1298.167126636237, 820.1553734540939, 1305.5384214880312, 827.5293968915939, 1298.9861593975477, 834.0840843915939], [490.42995887315953, 891.5925257205963, 492.7826784702247, 782.1515681743622, 877.057213269976, 790.418539762497, 874.7044936729109, 899.8594973087311], [1705.1228301573467, 881.3918333053589, 1710.7292853725867, 781.8412166833878, 1887.7015493217382, 791.8152714967728, 1882.0950941064984, 891.3658881187439], [905.7045637538391, 786.694021821022, 1349.5337380633896, 784.6094759702682, 1350.0566312935719, 896.0213605165482, 906.2274569840215, 898.1059063673019], [1462.4521811927164, 868.2087460756302, 1463.5255620185744, 781.230815410614, 1655.0692506215871, 783.5964078903198, 1653.995869795729, 870.574338555336], [249.34646082742722, 872.3118268251419, 253.58484538966516, 772.67269551754, 472.1321951022572, 781.9760390520096, 467.8938605298118, 881.6151703596115], [26.951759207453257, 794.1602605581284, 220.39249795089458, 779.4631221294403, 227.27254311119708, 870.0837571620941, 33.83179187030762, 884.7808955907822], [199.84399375975036, 647.275390625, 199.84399375975036, 639.08203125, 208.0343213728549, 639.08203125, 208.0343213728549, 647.275390625], [1880.4992199687986, 635.8046875, 1880.4992199687986, 625.97265625, 1888.689547581903, 625.97265625, 1888.689547581903, 635.8046875], [382.33530577184996, 691.0547541379929, 383.8729917910095, 601.0661239624023, 632.842179653983, 605.3236303329468, 631.3044936348234, 695.3122605085373], [1131.9032761310452, 712.822265625, 1131.9032761310452, 599.75390625, 1503.7441497659904, 599.75390625, 1503.7441497659904, 712.822265625], [643.7597503900155, 689.880859375, 643.7597503900155, 606.30859375, 856.7082683307332, 606.30859375, 856.7082683307332, 689.880859375], [876.4110452113396, 696.8785703778267, 880.3598389052748, 594.1723302006721, 1116.2074810629142, 603.2467357516289, 1112.258687368979, 705.9529759287834], [1502.7579511383578, 623.8212993144989, 2009.3437111507897, 610.731227517128, 2011.2669184501754, 685.2138850688934, 1504.6811584377435, 698.3039568662643], [43.35246034047904, 690.7434024810791, 46.50891582233113, 