{"predictions": [{"rec_texts": ["a", "f", "howoed", "s", "da", "ses", "so", "s", "user", "bad", "sck", "dais", "s", "p", "soie", "s", "s", "s", "su", "sip", "siv", "d", "s", "jows", "uluwelys", "llargeuee", "d4", "i", "s", "sge", "rornols", "shoo", "plains", "brap", "hhis", "coph", "booyless", "sra", "s", "nyghyl", "couskic", "cl", "stok", "slab", "tow", "sle", "ssies", "ho", "molico", "agms", "soorol", "cad", "vyest", "fila", "he", "nony", "eid", "colo", "eys", "molas", "uacing", "je", "cowns", "slibes", "idise", "stalies", "o", "spoople", "uae", "cnsidel", "lods", "vas", "lill", "uve", "flej", "he", "ts"], "rec_scores": [0.10130220651626587, 0.5866110920906067, 0.7133877178033193, 0.09476763010025024, 0.21238122135400772, 0.9711664517720541, 0.9725665748119354, 0.23075708746910095, 0.774712547659874, 0.9732011755307516, 0.6552561521530151, 0.7246725335717201, 0.1569986790418625, 0.4477790296077728, 0.8356549441814423, 0.20128393173217773, 0.22156676650047302, 0.16320563852787018, 0.6064391806721687, 0.7267427146434784, 0.9473337531089783, 0.07506577670574188, 0.12948749959468842, 0.8229882270097733, 0.6011430025100708, 0.5752939979235331, 0.4589388370513916, 0.08861438930034637, 0.1325283795595169, 0.8059816161791483, 0.47607457424913135, 0.9866097867488861, 0.7321072369813919, 0.5261230692267418, 0.504589568823576, 0.7579045742750168, 0.44320384226739407, 0.5048753072818121, 0.8991444110870361, 0.5179846485455831, 0.8161117221627917, 0.7332870066165924, 0.5073123052716255, 0.406502403318882, 0.35696173707644147, 0.8811177213986715, 0.6084137320518493, 0.46482203900814056, 0.8481775770584742, 0.3970763608813286, 0.7609387735525767, 0.7171143194039663, 0.7665189862251282, 0.6644210740923882, 0.5885802656412125, 0.39461566135287285, 0.6878216564655304, 0.46605245769023895, 0.7566106915473938, 0.5383990108966827, 0.6013287802537283, 0.421855129301548, 0.8436603903770447, 0.669380247592926, 0.30607178509235383, 0.7175878286361694, 0.5868862271308899, 0.7157119001661029, 0.7455415030320486, 0.6484870335885456, 0.35196781903505325, 0.3285749802986781, 0.8727605491876602, 0.7548299332459768, 0.5511256828904152, 0.7908729016780853, 0.4100077822804451], "det_polygons": [[743.0823442136498, 1365.9365234375, 743.0823442136498, 1358.724609375, 751.7396142433233, 1358.724609375, 751.7396142433233, 1365.9365234375], [604.986716477029, 1331.7917374372482, 768.6307315090643, 1308.8321089744568, 781.5361439509632, 1400.7510877847672, 617.8921289189278, 1423.7107162475586], [315.266407024259, 1398.4956919550896, 317.3500557964562, 1313.0940226912498, 569.2463716908802, 1319.2357704043388, 567.162722918683, 1404.6374396681786], [1504.9221068249258, 1197.177734375, 1504.9221068249258, 1178.4267578125, 1535.2225519287833, 1178.4267578125, 1535.2225519287833, 1197.177734375], [217.87462908011867, 1218.8134765625, 217.87462908011867, 1164.0029296875, 295.790059347181, 1164.0029296875, 295.790059347181, 1218.8134765625], [1555.9058042803574, 1213.9272111058235, 1557.410329032015, 1149.256273329258, 1665.634658768198, 1151.7723439335823, 1664.1301340165405, 1216.4432817101479], [1030.5253030567565, 1158.9742218852043, 1088.863946026086, 1156.1972123980522, 1091.3025020067344, 1207.388772904873, 1032.963859037405, 1210.165782392025], [1757.4258160237387, 1189.9658203125, 1757.4258160237387, 1162.560546875, 1777.6261127596438, 1162.560546875, 1777.6261127596438, 1189.9658203125], [746.2785346147214, 1140.4494979977608, 933.192749702612, 1134.4220210909843, 936.0110475896727, 1221.758194744587, 749.096832501782, 1227.7856716513634], [39.92769943146748, 1218.9047699570656, 44.42341824313653, 1135.7624581456184, 211.65963583247242, 1144.799183666706, 207.16391702080338, 1227.9414954781532], [1315.5941704543477, 1216.0997650027275, 1319.9543332063124, 1126.0221484303474, 1463.4175141558094, 1132.9615028500557, 1459.0573514038447, 1223.0391194224358], [462.4997505165349, 1129.3541372418404, 633.6285207957825, 1122.4188324809074, 637.8924270765717, 1227.559418976307, 466.76365679732413, 1234.4947237372398], [444.40652818991094, 1019.7646484375, 444.40652818991094, 1009.66796875, 451.6209198813056, 1009.66796875, 451.6209198813056, 1019.7646484375], [441.52077151335305, 1035.630859375, 441.52077151335305, 1002.4560546875, 468.9354599406528, 1002.4560546875, 468.9354599406528, 1035.630859375], [563.4745501056976, 997.0123448967934, 715.92674685515, 987.1162113547325, 719.3704035727843, 1040.1297661662102, 566.918206823332, 1050.025899708271], [271.26112759643917, 995.244140625, 278.47551928783383, 995.244140625, 278.47551928783383, 1008.2255859375, 271.26112759643917, 1008.2255859375], [265.48961424332344, 1005.3408203125, 265.48961424332344, 995.244140625, 272.70400593471805, 995.244140625, 272.70400593471805, 1005.3408203125], [259.7181008902077, 995.244140625, 266.93249258160233, 995.244140625, 266.93249258160233, 1008.2255859375, 259.7181008902077, 1008.2255859375], [1708.367952522255, 979.3779296875, 1822.3553412462907, 979.3779296875, 1822.3553412462907, 1050.0546875, 1708.367952522255, 1050.0546875], [328.39262370893437, 976.7177440524101, 459.5961163800972, 974.2888291478157, 460.9895014550636, 1049.5073673129082, 329.78603080047696, 1051.9362822175026], [31.743323442136496, 1045.7274510264397, 31.743323442136496, 977.9354588389397, 151.5022035027116, 977.9354588389397, 151.5022035027116, 1045.7274510264397], [265.48961424332344, 996.6865234375, 265.48961424332344, 989.474609375, 272.70400593471805, 989.474609375, 272.70400593471805, 996.6865234375], [245.2893175074184, 998.12890625, 245.2893175074184, 989.474609375, 252.50370919881303, 989.474609375, 252.50370919881303, 998.12890625], [1475.0134687112416, 976.1889114379883, 1682.1680507037333, 967.9055985212326, 1685.5263711719908, 1051.833368062973, 1478.3717011131941, 1060.1166809797287], [1187.9197808330773, 1043.1686829328537, 1191.9852737290921, 960.7266099452972, 1446.988833056713, 973.2928771972656, 1442.923340160698, 1055.734950184822], [761.0866195723988, 1061.8700071573257, 762.7151416812522, 961.4754446744919, 1100.0962748088893, 966.9445968866348, 1098.4677527000358, 1067.3391593694687], [233.97711258613742, 980.9933033585548, 292.96198610028455, 972.5698370337486, 299.68580444064264, 1019.6203573346138, 240.70093092649554, 1028.04382365942], [1458.7499999999998, 866.8720703125, 1458.7499999999998, 859.66015625, 1467.4072700296736, 859.66015625, 1467.4072700296736, 866.8720703125], [1416.906528189911, 866.8720703125, 1416.906528189911, 858.2177734375, 1424.1209198813056, 858.2177734375, 1424.1209198813056, 866.8720703125], [1391.6373110807967, 806.3142653107643, 1503.9340028847714, 796.6920999884605, 1511.1882005459477, 881.2947539687157, 1398.891508741973, 890.9169192910194], [1486.1646884272996, 861.1025390625, 1486.1646884272996, 799.080078125, 1662.1958456973293, 799.080078125, 1662.1958456973293, 861.1025390625], [1087.0755835739724, 813.5505653619766, 1251.6008781184073, 801.0593048334122, 1255.1798927465602, 848.167048573494, 1090.6545982021253, 860.6583091020584], [363.38407465541394, 859.8979416489601, 368.2345025263483, 783.5305328965187, 499.7391599434419, 791.8772317767143, 494.88873207250754, 868.2446405291557], [48.77955196165543, 862.0174098014832, 54.043451133750665, 776.5083365440369, 209.99408184243944, 786.1019781827927, 204.73018267034422, 871.611051440239], [1288.8821630732596, 855.7637682557106, 1292.3849122814324, 782.2316488623619, 1392.4037521317025, 786.9928150773048, 1388.9010029235296, 860.5249344706535], [229.99693392292326, 860.9899409413338, 241.87249899617993, 769.9750924706459, 374.9873827472992, 787.3319299817085, 363.11183969061875, 878.3467784523964], [713.7967752066139, 786.2269893884659, 1062.3161823034993, 768.4111318588257, 1067.9179038209093, 877.9179548025131, 719.398496724024, 895.7338123321533], [544.5861771127944, 797.3109934926033, 682.7831691662706, 761.9705017209053, 705.2371707089931, 849.7149866223335, 567.0401786555168, 885.0554783940315], [581.4799703264094, 