{"predictions": [{"rec_texts": ["s", "", "e", "c", "e", "m", "s", "faro", "p", "fseat", "tlo", "hazkoll", "back", "s", "clay", "j", "rls", "cowl", "t", "e", "hs", "al", "slrbe", "n", "slau", "s", "s", "us", "loubore", "n", "rboorng", "behsorvol", "flo", "ica", "ors", "a", "i", "i", "s", "nilatcoo", "e", "h", "a", "mestual", "t", "gh", "sil", "aey", "s", "s", "i", "e", "dimpost", "af", "loudou", "coclrol", "redo", "i", "fu", "lc", "ige", "w", "exptch", "shi", "s", "i", "s", "2", "eokos", "fypul", "vos", "sli", "coroluchor", "alllaby", "c", "sleoags", "x", "uc", "h", "i", "c", "", "rfeest", "dowd", "ahe", "hit", "abord", "decels"], "rec_scores": [0.22094881534576416, NaN, 0.22199688851833344, 0.34562432765960693, 0.09114933013916016, 0.9994878768920898, 0.12789711356163025, 0.7565832659602165, 0.1262921392917633, 0.715819674730301, 0.6465253432591757, 0.7921894235270364, 0.6541562303900719, 0.24377304315567017, 0.8563785254955292, 0.28804564476013184, 0.5749686261018118, 0.9100760817527771, 0.07067155092954636, 0.07962299883365631, 0.6866563409566879, 0.6265572309494019, 0.7355652660131454, 0.5209975242614746, 0.6123510375618935, 0.12300955504179001, 0.17877869307994843, 0.769136905670166, 0.8451476352555412, 0.3629300594329834, 0.5318025733743396, 0.49438614315456814, 0.5145498762528101, 0.5435142616430918, 0.693903903166453, 0.10049570351839066, 0.5024385452270508, 0.44285690784454346, 0.23536361753940582, 0.600809782743454, 0.2762609124183655, 0.11290635168552399, 0.11702747642993927, 0.9535787446158273, 0.2070934772491455, 0.7463796436786652, 0.6776801645755768, 0.48941489557425183, 0.39151251316070557, 0.11221545189619064, 0.36391615867614746, 0.14143021404743195, 0.9310581769262042, 0.7989907264709473, 0.916985034942627, 0.717533107314791, 0.7037148997187614, 0.38547369837760925, 0.762862503528595, 0.9517866373062134, 0.6649932463963827, 0.7109152674674988, 0.6877664476633072, 0.7323794464270273, 0.18697205185890198, 0.0739636942744255, 0.18434253334999084, 0.4806394577026367, 0.3269504725933075, 0.5382025420665741, 0.9635515809059143, 0.7247746785481771, 0.8204072535037994, 0.8444548674992153, 0.5389832854270935, 0.40845178067684174, 0.43857768177986145, 0.5392976552248001, 0.4694487452507019, 0.17504185438156128, 0.7764516472816467, NaN, 0.6735314130783081, 0.7380049228668213, 0.5661636491616567, 0.6316373944282532, 0.9635434985160828, 0.6387099126974741], "det_polygons": [[1590.0507757404796, 1380.3603515625, 1590.0507757404796, 1370.263671875, 1597.265162200282, 1370.263671875, 1597.265162200282, 1380.3603515625], [124.08744710860367, 1374.5908203125, 124.08744710860367, 1367.37890625, 132.74471086036672, 1367.37890625, 132.74471086036672, 1374.5908203125], [1601.5937940761635, 1380.3603515625, 1601.5937940761635, 1358.724609375, 1608.8081805359661, 1358.724609375, 1608.8081805359661, 1380.3603515625], [678.1523272214387, 1357.2822265625, 678.1523272214387, 1348.6279296875, 691.1382228490831, 1348.6279296875, 691.1382228490831, 1357.2822265625], [161.60225669957686, 1354.3974609375, 161.60225669957686, 1347.185546875, 168.8166431593794, 1347.185546875, 168.8166431593794, 1354.3974609375], [89.83181497980073, 1341.9420310854912, 147.97977424912122, 1337.4706795811653, 151.36629549572598, 1381.4802582859993, 93.21833622640548, 1385.9516097903252], [184.688293370945, 1348.6279296875, 184.688293370945, 1341.416015625, 191.90267983074753, 1341.416015625, 191.90267983074753, 1348.6279296875], [779.2400425748193, 1333.7375104427338, 890.9719722086014, 1329.7484204769135, 893.2070934042775, 1392.3093099594116, 781.4751637704954, 1396.298399925232], [139.50929899444364, 1335.9826060533524, 209.61548690903507, 1332.1944143772125, 211.77612608141555, 1372.1525735855103, 141.66993816682415, 1375.94076526165], [1529.6466694604526, 1327.2020654678345, 1713.528276064164, 1312.841271162033, 1720.0423597758177, 1396.1936370134354, 1536.1607531721063, 1410.5544313192368], [1105.244005641749, 1397.6689453125, 1105.244005641749, 1311.1259765625, 1245.2031029619181, 1311.1259765625, 1245.2031029619181, 1397.6689453125], [339.5273049466196, 1307.4956335425377, 727.8322991073888, 1301.759203851223, 729.5190758537002, 1415.8601005673409, 341.21410370949127, 1421.5965302586555], [1319.902561806489, 1391.6742178201675, 1331.923075300682, 1290.0814845561981, 1526.6864108366758, 1313.1101332902908, 1514.6657212100008, 1414.7028665542603], [373.7052186177715, 1192.8505859375, 373.7052186177715, 1185.638671875, 382.3624823695346, 1185.638671875, 382.3624823695346, 1192.8505859375], [550.6198608656696, 1232.0951248407364, 554.5108035239581, 1161.4340374469757, 776.3593958328742, 1173.6416457891464, 772.4684531745856, 1244.302733182907], [375.14809590973204, 1187.0810546875, 375.14809590973204, 1179.869140625, 382.3624823695346, 1179.869140625, 382.3624823695346, 1187.0810546875], [1328.6280768949996, 1217.7572199106216, 1331.6203916304876, 1163.914189338684, 1434.3087989796368, 1169.6171653270721, 1431.3164842441488, 1223.4601958990097], [1187.2606242493277, 1218.5604609251022, 1187.9899888569948, 1163.8751013278961, 1345.0624703863275, 1165.9685988426208, 1344.3331057786604, 1220.653958439827], [317.4330042313117, 1174.099609375, 328.97602256699577, 1174.099609375, 328.97602256699577, 1181.3115234375, 317.4330042313117, 1181.3115234375], [1552.5359661495063, 1175.5419921875, 1552.5359661495063, 1168.330078125, 1559.750352609309, 1168.330078125, 1559.750352609309, 1175.5419921875], [88.33333486495133, 1219.3429254293442, 91.0399186816303, 1134.790452003479, 337.75015022051855, 1142.6825326681137, 335.0435664038396, 1227.2350060939789], [307.33286318758815, 1208.716796875, 307.33286318758815, 1151.021484375, 415.54866008462625, 1151.021484375, 415.54866008462625, 1208.716796875], [1438.5486600846261, 1223.140625, 1438.5486600846261, 1135.1552734375, 1581.3935119887165, 1135.1552734375, 1581.3935119887165, 1223.140625], [408.24506252272676, 1153.0390948057175, 444.0738439304368, 1144.7737412452698, 448.353863241306, 1163.313959479332, 412.52508183359595, 1171.5793130397797], [799.0221861501675, 1230.029974937439, 800.3000273065608, 1120.1722402572632, 1011.8543365435472, 1122.6312634944916, 1010.576495387154, 1232.4889981746674], [574.265250266523, 1013.9952052235603, 578.5938821424046, 1005.3409083485603, 588.4054301144878, 1010.2450451254845, 584.0767982386063, 1018.8993420004845], [985.4851904090268, 1003.8984375, 985.4851904090268, 995.244140625, 994.1424541607898, 995.244140625, 994.1424541607898, 1003.8984375], [64.92947813822285, 1045.7275390625, 64.92947813822285, 979.3779296875, 147.17348377997178, 979.3779296875, 147.17348377997178, 1045.7275390625], [220.7602256699577, 1044.28515625, 220.7602256699577, 964.9541015625, 554.064880112835, 964.9541015625, 554.064880112835, 1044.28515625], [952.2990126939351, 1012.552734375, 952.2990126939351, 980.8203125, 978.2708039492243, 980.8203125, 978.2708039492243, 1012.552734375], [679.9987240294979, 1031.5302277207375, 688.6589820334538, 948.2877308726311, 937.5928311152923, 974.1680436730385, 928.9325731113364, 1057.4105405211449], [1526.1206733047206, 1038.8514825701714, 1531.6917437081277, 931.3649111390114, 1930.5448058307254, 952.0238052010536, 1924.9737354273184, 1059.5103766322136], [1092.2579338816224, 1005.3408203125, 1135.2557476350382, 919.3748399019241, 1261.0747531734837, 982.2626953125, 1218.076939420068, 1068.2286757230759], [1074.9435825105782, 851.005859375, 1074.9435825105782, 830.8125, 1122.558533145275, 830.8125, 1122.558533145275, 851.005859375], [1397.6487603234639, 817.1639174222946, 1500.1742451268292, 814.3170073032379, 1501.6882799414889, 868.8049900531769, 1399.1627951381236, 871.6519001722336], [1754.5387870239774, 820.7158203125, 1754.5387870239774, 813.50390625, 1763.1960507757406, 813.50390625, 1763.1960507757406, 820.7158203125], [1320.2327221438645, 819.2734375, 1320.2327221438645, 810.619140625, 1328.8899858956277, 810.619140625, 1328.8899858956277, 819.2734375], [1315.904090267983, 