{"predictions": [{"rec_texts": ["no", "wanel", "ia", "r", "oy", "whisked", "kuvager", "sbeigs", "mobbay", "sovial", "sonl", "lesef", "sreadful", "by", "cz", "c", "t", "s", "vas", "l", "sinl", "hi", "s", "thousel", "colps", "sose", "algs", "as", "glingst", "obss", "rubhogt", "slet", "forkered", "taemb", "ditl", "oven", "fleotadyi", "deorly", "be", "larred", "shl", "chos", "c", "4v", "coube", "rasles", "syfuareds", "rolpantedls", "wost", "polcious", "vofyell", "ooes", "jesels", "taeh", "haw", "coo", "wove", "t", "so", "oliie", "cariccly", "stiseable", "hoo", "ions", "migsi", "h", "fer", "hocis", "poledi", "cowpieke", "he", "chai", "h", "t", "ollaugraly", "otrienty", "sfaled", "trot", "ao", "bas", "the"], "rec_scores": [0.1632072776556015, 0.6921695351600647, 0.7813764810562134, 0.8541708588600159, 0.6979581564664841, 0.9985357522964478, 0.6368579353604998, 0.48507923384507495, 0.7069197793801626, 0.8078739841779073, 0.9107945561408997, 0.8631118893623352, 0.7859168313443661, 0.8835138380527496, 0.20796025544404984, 0.7251408100128174, 0.11474574357271194, 0.4707070589065552, 0.8603116075197855, 0.3118036091327667, 0.43810833990573883, 0.7401089072227478, 0.2252812385559082, 0.7476291230746678, 0.5386350393295288, 0.6183372251689434, 0.48460349440574646, 0.9999483823776245, 0.7979258384023394, 0.31978795677423477, 0.5201905582632337, 0.47793978452682495, 0.7617011852562428, 0.5744733184576034, 0.6468018740415573, 0.6887713000178337, 0.6680276725027297, 0.8910977691411972, 0.7924234867095947, 0.6942460735638937, 0.8709743817647299, 0.6014697775244713, 0.0946129783987999, 0.7732546925544739, 0.5158974707126618, 0.8779581139485041, 0.5709868437714047, 0.7052132189273834, 0.8524437099695206, 0.9425349682569504, 0.7628380230494908, 0.5917941033840179, 0.9571014245351156, 0.45248843729496, 0.6178761919339498, 0.99077836672465, 0.6730017066001892, 0.2411375790834427, 0.5896653085947037, 0.4603098064661026, 0.6800833530724049, 0.5452749215894275, 0.8736513455708822, 0.5464476980268955, 0.5778370857238769, 0.1930519938468933, 0.7371559540430704, 0.42643737196922304, 0.8755446374416351, 0.7968269810080528, 0.9222179651260376, 0.6204285360872746, 0.21760408580303192, 0.9704814553260803, 0.7032824039459229, 0.7851790376007557, 0.8389219890038172, 0.8509092777967453, 0.2692607343196869, 0.7968061963717142, 0.9982171456019083], "det_polygons": [[78.83691406250001, 2000.9221153846156, 78.83691406250001, 1974.0125000000003, 217.28222656250003, 1974.0125000000003, 217.28222656250003, 2000.9221153846156], [85.96344452351333, 1942.7835215641906, 95.13636424392463, 1852.3992835411661, 305.43318760395056, 1873.725566687951, 296.26026788353926, 1964.1098047109754], [433.65760046243673, 1874.9523465083198, 477.86640369892126, 1869.0600023122936, 482.04799556732183, 1900.4098168593189, 437.8391923308373, 1906.302161055345], [411.49023437500006, 1722.215384615385, 411.49023437500006, 1710.6826923076926, 423.02734375000006, 1710.6826923076926, 423.02734375000006, 1722.215384615385], [393.21780458092695, 1696.165934636043, 487.27815416455275, 1691.2172852736255, 490.16777145862585, 1746.0984660221982, 396.10742187500006, 1751.0471153846156], [826.437000989914, 1670.1508584242604, 1139.934569835663, 1667.623623950665, 1140.6823976039889, 1760.328619208703, 827.1848287582399, 1762.8558536822982], [1485.5199588537218, 1764.427427027776, 1495.5823030471804, 1665.6165713383605, 1904.823655486107, 1707.2599801283618, 1894.7613112926485, 1806.0708358177774], [514.9083481132985, 1758.114033508301, 524.580465167761, 1644.8546984159032, 771.6951750814916, 1665.9418903057394, 762.0230580270292, 1779.2012253981372], [57.98941058665515, 1751.75148432805, 65.0036993995309, 1647.5790247990537, 365.0329599678517, 1667.7654597355772, 358.01867115497595, 1771.9379192645736], [806.0399751365186, 1576.3619749802813, 808.9472553431989, 1507.7777445866514, 1084.1542702913287, 1519.4345578707184, 1081.2469900846484, 1588.0187882643481], [33.74087954685093, 1581.2378880427436, 35.778686743229635, 1501.793424166166, 237.84106464684012, 1506.9724833561827, 235.80325745046142, 1586.41694723276], [1301.4807421565058, 1577.3005078829253, 1304.9518272280695, 1478.988013164814, 1532.243820011616, 1487.0070729182319, 1528.7727349400523, 1585.3195676363434], [358.6475529968739, 1466.1255370506876, 772.4466410577298, 1461.0501857464133, 774.0636484324933, 1592.7836024944602, 360.2645603716374, 1597.8589537987345], [1601.3508751392367, 1505.7853565509504, 1645.0380063056948, 1473.0324353144722, 1709.4150390625002, 1558.83569423969, 1665.727907896042, 1591.5886154761683], [1634.4238281250002, 1439.6644230769232, 1634.4238281250002, 1430.0538461538463, 1647.8837890625002, 1430.0538461538463, 1647.8837890625002, 1439.6644230769232], [1623.8482618927958, 1434.8591346153848, 1631.5396681427958, 1427.1706730769233, 1640.1925001740458, 1435.8201923076924, 1632.5010939240458, 1443.508653846154], [1503.6699218750002, 1393.533653846154, 1503.6699218750002, 1382.0009615384618, 1513.2841796875002, 1382.0009615384618, 1513.2841796875002, 1393.533653846154], [1503.6699218750002, 1385.8451923076925, 1503.6699218750002, 1374.3125000000002, 1513.2841796875002, 1374.3125000000002, 1513.2841796875002, 1385.8451923076925], [844.5307478308679, 1342.4318277799168, 992.4756559133531, 1337.242679361197, 994.766788005829, 1402.5141232417182, 846.8218799233438, 1407.703271660438], [711.4550781250001, 1382.0009615384618, 711.4550781250001, 1349.3250000000003, 732.6064453125001, 1349.3250000000003, 732.6064453125001, 1382.0009615384618], [1133.7208628058436, 1422.0373673659108, 1152.419138967991, 1323.9085904634917, 1286.459168493748, 1349.430350318322, 1267.7608923316004, 1447.559127220741], [1028.7255859375002, 1412.7548076923078, 1028.7255859375002, 1330.1038461538462, 1157.5566406250002, 1330.1038461538462, 1157.5566406250002, 1412.7548076923078], [690.3037109375001, 1335.8701923076926, 705.6865234375001, 1335.8701923076926, 705.6865234375001, 1353.169230769231, 690.3037109375001, 1353.169230769231], [56.40607130527497, 1397.507284839337, 59.10943582654, 1303.8266846290003, 360.85697211325174, 1312.5275885361893, 358.1536075919867, 1406.2081887465258], [401.1053806543351, 1425.080208352896, 409.80680036544805, 1285.910091517522, 677.4797322154046, 1302.6333400432882, 668.7783125042916, 1441.8034568786622], [1289.8442275524142, 1413.5895153925971, 1298.1682125329974, 1292.9375912592964, 1466.776146411896, 1304.5613212585451, 1458.4521614313128, 1425.213245391846], [1459.4773145318034, 1403.707702460656, 1517.7595275044443, 1267.7677812429577, 1717.1063279509547, 1353.1693480858437, 1658.8241149783137, 1489.109269303542], [84.60546875000001, 1209.010576923077, 84.60546875000001, 1162.8798076923078, 151.90527343750003, 1162.8798076923078, 151.90527343750003, 1209.010576923077], [868.930330514908, 1256.634786635179, 872.7837795019151, 1128.2376197228066, 1163.6225894689562, 1136.9594059870794, 1159.769140481949, 1265.3565728994517], [1741.6389986276629, 1214.3718288128193, 1764.9430112838747, 1124.5190350459175, 1879.253860831261, 1154.1438261178826, 1855.949848175049, 1243.9966198847846], [615.7653982043267, 1258.2189128582295, 631.4220151901246, 1115.4068190941446, 863.7465884089471, 1140.8572504483739, 848.0899714231492, 1283.6693442124588], [1165.67970263958, 1232.4089060856747, 1170.9553388357165, 1119.0259192833535, 1332.6617096662524, 1126.5442717332107, 1327.386073470116, 1239.927258535532], [1346.7490854263308, 1126.4258992708649, 1726.8711606264117, 1112.5243499168985, 1730.9184908866885, 1223.1088662367602, 1350.7964156866076, 1237.0104155907266], [410.17091456055647, 1214.8245536217325, 418.1428149044514, 1113.8851053091198, 667.0680613815786, 1133.5295374943662, 659.0961610376836, 1234.468985806979], [198.05371093750003, 1216.6990384615387, 198.05371093750003, 1110.9826923076926, 371.11035156250006, 1110.9826923076926, 371.11035156250006, 1216.6990384615387], [1660.9518797993662, 1039.3976202744705, 1667.3490229249003, 