{"predictions": [{"rec_texts": ["marpe", "s", "cr", "spioiapaliny", "s", "suponsye", "haw", "ho", "ya", "akoy", "sounds", "lavisy", "paa", "hur", "lyjan", "uix", "lulbei", "up", "moe", "srush", "ana", "tolnl", "bind", "uoheols", "lish", "lhips", "mcery", "i", "agaee", "re", "1", "a", "loul", "roas", "s", "la", "opell", "spullolo", "mr", "rha", "pau", "t", "c", "h", "i", "tox", "aymg", "s", "s", "poul", "1", "bal", "bmk", "magobes", "x", "skah", "dslunal", "harti", "chab", "e", "nu", "ao", "sus", "thas", "nox", "tradings", "onjyay", "pex", "iimadl", "n", "k", "thous", "aojes", "euplas", "k", "sougl", "ahro", "muni", "hadat"], "rec_scores": [0.7996307730674743, 0.22834111750125885, 0.7067060470581055, 0.5121943727135658, 0.3978042006492615, 0.5633953288197517, 0.6443769236405691, 0.6920472979545593, 0.5804293155670166, 0.4271017238497734, 0.5802115648984909, 0.5911476711432139, 0.8383007248242696, 0.8968973755836487, 0.6216177880764008, 0.6870816995700201, 0.44427575170993805, 0.9872584939002991, 0.6850157777468363, 0.5690026104450225, 0.9477442502975464, 0.5106087505817414, 0.41939065605401993, 0.5623257564646857, 0.8919038772583008, 0.5286664813756943, 0.7205547451972961, 0.22455793619155884, 0.6181645512580871, 0.8142305910587311, 0.34892338514328003, 0.9791688323020935, 0.6229588463902473, 0.7326733134686947, 0.19055716693401337, 0.7561127245426178, 0.8731714367866517, 0.682291753590107, 0.9404736459255219, 0.6294512252012888, 0.7723544836044312, 0.29911378026008606, 0.11820324510335922, 0.20171940326690674, 0.7574679851531982, 0.5215514103571574, 0.5917886644601822, 0.33693766593933105, 0.19091154634952545, 0.7188208475708961, 0.3046945035457611, 0.5444286465644836, 0.7376402815183004, 0.5380442057337079, 0.5033767223358154, 0.4878448471426964, 0.6438736702714648, 0.6542386531829834, 0.8482303842902184, 0.08092515915632248, 0.5919944047927856, 0.7392290532588959, 0.7739719947179159, 0.8913760334253311, 0.5669726729393005, 0.783788662403822, 0.351634681224823, 0.47242433826128644, 0.7340149333079656, 0.156178817152977, 0.9482412934303284, 0.7339564800262451, 0.36879215240478513, 0.8169981092214584, 0.9439595341682434, 0.3807346701622009, 0.8088189661502838, 0.5784363783895969, 0.8106841683387757], "det_polygons": [[483.21620396205356, 1184.6819661855698, 715.37353234357, 1171.5995448827744, 718.8438591319845, 1233.2118569612503, 486.686530750468, 1246.2942782640457], [1642.3963133640552, 1180.115234375, 1642.3963133640552, 1173.77734375, 1648.7327188940092, 1173.77734375, 1648.7327188940092, 1180.115234375], [753.1709802864883, 1158.8570734262466, 872.0758886381228, 1155.3068643808365, 873.5945530201433, 1206.191646695137, 754.6896446685088, 1209.7418557405472], [1019.8104366179435, 1155.3087211847305, 1334.2732794273834, 1152.0322359800339, 1335.0981259675618, 1231.2340513467789, 1020.6352831581221, 1234.5105365514755], [1369.76318359375, 1199.2610487937927, 1376.0055331041185, 1147.2282974720001, 1504.6327089933754, 1162.667157649994, 1498.390359483007, 1214.6999089717865], [203.4201204502088, 1147.6210114955902, 430.5627778927851, 1137.1026816368103, 434.9400955411146, 1231.6749649047852, 207.7974380985383, 1242.193294763565], [1708.347682689192, 1147.7907543182373, 1833.711671609483, 1144.3075449466705, 1835.435310047343, 1206.370905637741, 1710.071321127052, 1209.8541150093079], [62.736380265055715, 1213.9462786912918, 63.88237860894972, 1138.2931250333786, 194.67031944731963, 1140.2752631902695, 193.52432110342562, 1215.9284168481827], [1535.9447004608294, 1225.748046875, 1535.9447004608294, 1138.28515625, 1672.811059907834, 1138.28515625, 1672.811059907834, 1225.748046875], [886.403343095208, 1198.6028118133545, 898.3396398306992, 1134.9272811412811, 1015.7138174030638, 1156.940155506134, 1003.7775206675727, 1220.6156861782074], [1263.338642735635, 985.4059039354324, 1418.8443372875863, 979.365411400795, 1420.6624958372336, 1026.1952434778214, 1265.1568012852822, 1032.2357360124588], [784.7372169318836, 1031.391122341156, 788.5285408266129, 972.1388080120087, 996.1610714960757, 985.4304292201996, 992.3697476013465, 1044.682743549347], [423.9666354271673, 978.1771342754364, 563.9742029427383, 970.9956357479095, 566.9358846778694, 1028.7623522281647, 426.92831716229836, 1035.9438507556915], [1049.7142176474295, 1034.6480337381363, 1053.4380934754824, 967.6028681993484, 1203.2190560195852, 975.9259916543961, 1199.4951801915322, 1042.971157193184], [64.99359904346377, 1066.689738035202, 75.21178777316749, 955.1923778057098, 286.791267922397, 974.5916459560394, 276.57307919269334, 1086.0890061855316], [652.8006768995715, 1031.921549320221, 660.4984195551015, 956.8515868186951, 761.4686394616755, 967.2099220752716, 753.7708968061455, 1042.2798845767975], [1486.3381943944412, 1040.4961149692535, 1487.0507306217598, 952.1189031600952, 1704.8250681793634, 953.8755943775177, 1704.112531952045, 1042.252806186676], [931.4516129032257, 809.982421875, 1006.221198156682, 809.982421875, 1006.221198156682, 861.953125, 931.4516129032257, 861.953125], [1271.0848830262637, 819.7838706970215, 1404.400859780026, 808.9300782680511, 1406.6028225806451, 835.9889719486237, 1273.2867684781825, 846.842764377594], [235.86981461344774, 809.6659915447235, 360.48114266813076, 786.148951292038, 374.4826497020809, 860.37437748909, 249.871340984573, 883.8914177417755], [1472.1461001629104, 845.1602679491043, 1472.8122271700388, 793.1818281412125, 1612.2877129761305, 794.9703944921494, 1611.621585969002, 846.9488343000412], [635.6455473306542, 793.4750484228134, 880.5169523036974, 762.6663392782211, 891.1629953692036, 847.322825551033, 646.2916290705105, 878.1315346956253], [513.0350561185916, 844.345517873764, 534.8395000405026, 770.5284337997437, 631.4466344596054, 799.0781862735748, 609.6421905376944, 872.8952703475952], [342.6285211941064, 777.3887052536011, 478.79974787136376, 775.496931552887, 479.8370712913126, 850.1992468833923, 343.6658446140553, 852.0910205841064], [62.67509108864217, 854.9611752033234, 65.16036284134684, 770.4420924186707, 196.99265616280692, 774.3204915523529, 194.50738441010225, 858.8395743370056], [1121.5437788018432, 841.6717976331711, 1142.5854098412299, 768.0088282823563, 1242.6766391174035, 796.613047003746, 1221.6350080780169, 870.2760163545609], [1679.646983344434, 687.7334707975388, 1687.6188497938867, 624.8297129273415, 1823.7612254059259, 642.0912195444107, 1815.789358956473, 704.9950160980225], [845.2764976958525, 642.662109375, 845.2764976958525, 636.32421875, 852.8801843317972, 636.32421875, 852.8801843317972, 642.662109375], [1580.6315197922665, 705.4010372161865, 1586.6968954763104, 616.4216020107269, 1702.2311021655385, 624.3007946014404, 1696.1657264814949, 713.2802298069], [876.5686878960253, 657.2880762815475, 882.5151012789818, 627.5487314462662, 926.8699399886592, 636.4217783212662, 920.9235266057027, 666.1611231565475], [846.5437788018432, 637.591796875, 846.5437788018432, 631.25390625, 852.8801843317972, 631.25390625, 852.8801843317972, 637.591796875], [1518.1053056145593, 653.2903001308441, 1524.392826765913, 621.8445912003517, 1580.9331797235022, 633.1552734375, 1574.6456585721485, 664.6010210514069], [1371.9923731368808, 672.2067992687225, 1373.3441190236174, 616.7755165696144, 1471.8551143523184, 619.1788010597229, 1470.5033684655818, 674.6101224422455], [183.82833278673584, 622.6729191541672, 269.3315198344569, 617.2139930725098, 272.0329231930218, 659.5458724498749, 186.5297361453008, 665.0047985315323], [1468.778801843318, 643.9296875, 1468.778801843318, 627.451171875, 1475.115207373272, 627.451171875, 1475.115207373272, 643.9296875], [660.9373734293995, 664.6831846237183, 666.5898617511521, 610.9726175665855, 731.3045800556235, 617.7863528728485, 725.652091733871, 671.4968812465668], [454.95391705069125, 674.3515625, 454.95391705069125, 604.634765625, 653.9170506912442, 604.634765625, 653.9170506912442, 674.3515625], [1125.0725812076973, 615.5339723825455, 1369.9539254887313, 594.9797335267067, 1376.4768960838494, 