{"predictions": [{"rec_texts": ["f", "abs", "finder", "jii", "sslf", "hows", "h", "s", "a", "vc", "gings", "hx", "uferbs", "bi", "had", "ow", "ons", "ms", "stre", "l", "adionl", "ubinat", "the", "ho", "2", "s", "sv", "wiv", "t", "s", "s", "of", "viss", "gs", "corght", "2", "d", "1g", "mms", "covstris", "t", "ons", "bico", "alybovs", "z", "s", "ovis", "ouss", "p", "a", "lnte", "s", "obst", "shoohings", "aubrt", "s", "swighs", "polole", "g0", "bus", "wish", "lav", "cook", "tih", "ca", "rve", "ow", "corplennsl", "satisf", "usfactovily", "low", "bus", "pne", "no"], "rec_scores": [0.08959535509347916, 0.7230835755666097, 0.6892323692639669, 0.6237162152926127, 0.6977840326726437, 0.6615049764513969, 0.13717254996299744, 0.5942801833152771, 0.23359636962413788, 0.6778233200311661, 0.403052419424057, 0.6666519045829773, 0.5481224556763967, 0.9078559577465057, 0.815826008717219, 0.6519484519958496, 0.9505844314893087, 0.7387532591819763, 0.701397106051445, 0.2781568169593811, 0.6565358142058054, 0.955940435330073, 0.8466411630312601, 0.7920868098735809, 0.8354039192199707, 0.2963167130947113, 0.9219762980937958, 0.8834441701571146, 0.10569331794977188, 0.16186308860778809, 0.12560875713825226, 0.6786934435367584, 0.5452647879719734, 0.41902029514312744, 0.745722030599912, 0.6599873304367065, 0.15781627595424652, 0.2171710655093193, 0.42135190467039746, 0.6436725277453661, 0.18337701261043549, 0.7740224401156107, 0.9604127109050751, 0.7534344366618565, 0.9848532676696777, 0.1675053834915161, 0.9086680114269257, 0.7501411885023117, 0.1295040249824524, 0.6265302896499634, 0.44588716700673103, 0.12817659974098206, 0.7720451578497887, 0.8799084689882066, 0.8073582768440246, 0.07992541044950485, 0.6521143615245819, 0.7612209419409434, 0.7657008767127991, 0.8606226046880087, 0.9706315398216248, 0.9819117585817972, 0.8482042700052261, 0.3787791033585866, 0.7384326159954071, 0.2810801714658737, 0.8348573446273804, 0.48832606971263887, 0.9175883233547211, 0.7635864154859022, 0.6475177009900411, 0.5678273936112722, 0.8239038983980814, 0.9757411777973175], "det_polygons": [[539.6171003717473, 1341.5390625, 539.6171003717473, 1324.62890625, 557.9330855018587, 1324.62890625, 557.9330855018587, 1341.5390625], [571.1307644188182, 1376.6408305764198, 577.4474368184029, 1297.6684536337852, 701.9321047417736, 1307.6290420889854, 695.6154323421889, 1386.60141903162], [281.7843866171004, 1389.451171875, 281.7843866171004, 1289.3994140625, 464.9442379182156, 1289.3994140625, 464.9442379182156, 1389.451171875], [917.1184009424372, 1373.547240793705, 930.0688907665834, 1286.5780443549156, 1081.423258161013, 1309.1242312788963, 1068.472768336867, 1396.0934277176857], [40.44457931234934, 1400.9369668364525, 43.89409041847881, 1277.8819676041603, 275.5652311530698, 1284.3786093592644, 272.11572004694034, 1407.4336085915565], [310.44393892536374, 1203.3364137411118, 315.168995626797, 1160.803166627884, 398.8280135938226, 1170.1002777814865, 394.1029998892745, 1212.6335248947144], [253.30131502399658, 1193.9942336082458, 258.7466125488281, 1161.316471338272, 305.5837215154144, 1169.124069929123, 300.1384239905829, 1201.8018321990967], [1168.5462986829111, 1156.699567258358, 1253.2083694855075, 1154.4712330698967, 1254.3725531482341, 1198.7184775471687, 1169.7104823456377, 1200.94681173563], [1265.2118959107806, 1192.166015625, 1265.2118959107806, 1154.1181640625, 1308.8884758364313, 1154.1181640625, 1308.8884758364313, 1192.166015625], [1081.184281473266, 1206.707642197609, 1084.132147920176, 1147.7400434017181, 1162.8350224264493, 1151.6758382320404, 1159.8871559795393, 1210.6434370279312], [1304.5047714063226, 1197.0269286632538, 1306.9363312561716, 1143.5245456695557, 1399.733412731979, 1147.7433117628098, 1397.3018528821299, 1201.2456947565079], [739.9326228599123, 1201.0356595516205, 743.926689516656, 1117.1447432041168, 860.6695962785345, 1122.7049134969711, 856.6755296217908, 1206.5958298444748], [839.8951352484607, 1109.4381197690964, 1054.0719075823363, 1096.5335980653763, 1061.5924067727694, 1221.3956569433212, 847.415634438894, 1234.3001786470413], [513.2076825563793, 1196.9033330082893, 516.7617190903447, 1109.2212898135185, 672.6102929097569, 1115.5405799746513, 669.0562563757915, 1203.2226231694221], [1440.2059507689069, 1202.784490764141, 1447.3547848839742, 1093.1509303450584, 1669.1131119852173, 1107.6160084605217, 1661.9642778701498, 1217.2495688796043], [172.41433849122, 984.2430320978165, 244.32857453867405, 981.6742722988129, 245.92059870723455, 1026.2581579685211, 174.0063519105592, 1028.8269177675247], [1461.0472289585268, 1013.6966421604156, 1470.5361255518123, 959.9161044359207, 1578.158017069877, 978.9116470813751, 1568.6691204765916, 1032.69218480587], [1725.0295292170074, 1012.7925102710724, 1727.843589357284, 961.1907652616501, 1840.8614179760107, 967.356442451477, 1838.0473578357341, 1018.9581874608994], [1629.5174524243437, 1014.6207282543182, 1636.1613311200338, 956.4764124155045, 1730.9316256498316, 967.3093092441559, 1724.2877469541415, 1025.4536250829697], [821.4014869888475, 975.15234375, 821.4014869888475, 968.1064453125, 828.446096654275, 968.1064453125, 828.446096654275, 975.15234375], [431.0537490561106, 1023.3079460263252, 440.58392265915427, 934.3429850935936, 587.4884564140915, 950.0856483578682, 577.9582828110479, 1039.0506092905998], [239.57260307680718, 1005.1009384989738, 251.18803961658122, 940.2871018052101, 433.3596720075075, 972.9464580416679, 421.7442354677335, 1037.7602947354317], [803.085501858736, 1023.064453125, 803.085501858736, 935.6953125, 924.2527881040892, 935.6953125, 924.2527881040892, 1023.064453125], [971.9005603435758, 1001.4625645279884, 990.8073226758538, 910.6936402916908, 1176.5880921090845, 949.4049691557884, 1157.6813297768065, 1040.173893392086], [1159.2113309385165, 991.9796728491783, 1178.4390220216658, 915.0550101399422, 1235.1274913234781, 929.2297201752663, 1215.8998002403287, 1006.1543828845024], [1197.5836431226767, 841.2802734375, 1197.5836431226767, 832.8251953125, 1204.628252788104, 832.8251953125, 1204.628252788104, 841.2802734375], [648.1040892193308, 848.326171875, 648.1040892193308, 806.05078125, 697.4163568773234, 806.05078125, 697.4163568773234, 848.326171875], [1286.8794022457307, 834.1891340017319, 1289.9192820268936, 791.1171233654022, 1433.1972864994773, 801.2327009439468, 1430.1574067183144, 844.3047115802765], [494.53159851301115, 799.0048828125, 508.6208178438662, 799.0048828125, 508.6208178438662, 815.9150390625, 494.53159851301115, 815.9150390625], [479.03345724907064, 799.0048828125, 479.03345724907064, 791.958984375, 486.07806691449815, 791.958984375, 486.07806691449815, 799.0048828125], [469.1710037174721, 797.5957891345024, 480.4423791821561, 786.3223516345024, 491.71375464684013, 797.5957891345024, 480.4423791821561, 808.8692266345024], [1155.1752993218518, 787.3087946176529, 1201.2469777387314, 771.9487016201019, 1227.593749092414, 851.003647685051, 1181.5220706755345, 866.3637406826019], [725.9500358042663, 765.7680587768555, 901.4118967729873, 755.7398668527603, 907.1095000199668, 855.4659926891327, 731.647639051246, 865.4941846132278], [948.0919811149512, 768.6230581998825, 1113.3866266300245, 745.0051928758621, 1129.1664834855658, 855.4849147796631, 963.8718379704926, 879.1027801036835], [70.86168304783705, 869.146320104599, 74.06460701754546, 741.8070155382156, 365.7749320671904, 749.1470664739609, 362.572008097482, 876.4863710403442], [1524.1510055144922, 764.4091086387634, 1576.6357553474966, 755.1453691720963, 1586.918890403549, 813.4276442527771, 1534.4341405705447, 822.6913837194443], [311.3717472118959, 649.6318359375, 311.3717472118959, 642.5859375, 318.41635687732344, 642.5859375, 318.41635687732344, 649.6318359375], [1108.82156133829, 656.677734375, 1108.82156133829, 620.0390625, 1183.4944237918216, 620.0390625, 1183.4944237918216, 656.677734375], [1035.8806994129734, 619.2223162651062, 1108.0965478606383, 616.6427192687988, 1109.7065232287553, 661.7292444705963, 