{"predictions": [{"rec_texts": ["s", "asends", "lgandically", "tey", "waved", "sud", "a", "mim", "en", "ogeat", "dy", "sufolloweds", "gz", "lavest", "sungings", "spanto", "rthads", "sandy", "aobletd", "t", "jartol", "refardovys", "aryroaching", "abearing", "was", "bomms", "tlers", "risiogys", "lomething", "whl", "truddondy", "sih", "srourl", "doy", "buf", "s", "slaliniai", "nituationi", "ssurfue", "clerwoade", "2", "rringing", "elos", "p", "volerynomatal", "lgi", "tens", "hor", "ranks", "s", "nituxlion", "welh", "er", "hbler", "sfones", "sulloms", "vay", "adlimss", "loohed", "soad", "hin"], "rec_scores": [0.28800520300865173, 0.5311189418037733, 0.8717183877121318, 0.9731928706169128, 0.8644448637962341, 0.9114922086397806, 0.9997410178184509, 0.6126843094825745, 0.7240189611911774, 0.6263238787651062, 0.9575358331203461, 0.8079749589616602, 0.5136541426181793, 0.6693499237298965, 0.7376574762165546, 0.613332579533259, 0.627737432718277, 0.6418182015419006, 0.5254259279796055, 0.27649834752082825, 0.5534508749842644, 0.6907545700669289, 0.8454818535934795, 0.6167871076613665, 0.9168935020764669, 0.6853680551052094, 0.6673328638076782, 0.5279236137866974, 0.8405587938096788, 0.7419398427009583, 0.8555862406889597, 0.5983242690563202, 0.6587940553824106, 0.7052135566870371, 0.7219535211722056, 0.1959886997938156, 0.8762249483002557, 0.8641243755817414, 0.5097644116197314, 0.7674853470590379, 0.4161278009414673, 0.8532804027199745, 0.6870146989822388, 0.07852379977703094, 0.737322027866657, 0.3374810963869095, 0.4240083135664463, 0.4658217231432597, 0.7195701658725738, 0.08997680246829987, 0.7731244530942705, 0.8333658501505852, 0.2841945141553879, 0.5020952463150025, 0.41319794207811356, 0.8502054384776524, 0.6469465990861257, 0.79098208461489, 0.9450175662835439, 0.5689028203487396, 0.7338218788305918], "det_polygons": [[1440.2837606837604, 1728.1396484375, 1440.2837606837604, 1719.091796875, 1449.330769230769, 1719.091796875, 1449.330769230769, 1728.1396484375], [458.09787857186075, 1697.6261224746704, 804.2968954233022, 1683.9591394662857, 807.3295538486577, 1760.7938660383224, 461.13056460649534, 1774.4608490467072], [1514.1572459163826, 1787.5098788142204, 1515.043835084051, 1675.3520835042, 2039.4656348073581, 1679.4980582594872, 2038.5790456396899, 1791.6558535695076], [875.8222114758613, 1780.7703780531883, 884.7044478457198, 1671.6357491612434, 1106.8202140090812, 1689.7166523337364, 1097.9379776392227, 1798.8512812256813], [1136.636578786475, 1687.3700867295265, 1502.8517983461036, 1672.8033991456032, 1505.8837389302048, 1749.0445813536644, 1139.6685193705762, 1763.6112689375877], [49.23697666755089, 1671.5956567525864, 289.71711343618534, 1653.095495223999, 296.61413220788677, 1742.7650940418243, 56.13399889041215, 1761.2652555704117], [1421.8741143120658, 1542.9805351495743, 1474.7231335762217, 1533.6532516479492, 1480.643225619324, 1567.2031977176666, 1427.7942063551682, 1576.5304812192917], [305.669064617972, 1529.892296552658, 502.8006420168102, 1527.9009298086166, 503.1225662101028, 1559.7753887176514, 305.99098881126463, 1561.7667554616928], [606.1495726495726, 1568.8974609375, 606.1495726495726, 1521.8486328125, 711.0948717948717, 1521.8486328125, 711.0948717948717, 1568.8974609375], [1508.3151224772134, 1522.0426889061928, 1786.9709371974322, 1497.1604344248772, 1794.75012765216, 1584.294602572918, 1516.094312931941, 1609.1768570542336], [1270.1999999999998, 1588.802734375, 1270.1999999999998, 1500.1337890625, 1409.5239316239315, 1500.1337890625, 1409.5239316239315, 1588.802734375], [804.2977789202306, 1490.993713915348, 1241.5766873873197, 1476.2050270438194, 1245.0364613590075, 1578.5254927277565, 807.7576081104767, 1593.3141795992851], [1765.534761660323, 1364.063025712967, 1823.9210979233437, 1357.5751241445541, 1826.9442035381608, 1384.7849472761154, 1768.55786727514, 1391.2728488445282], [1015.7368712335569, 1394.6451395154, 1017.5714526054186, 1334.7084243893623, 1233.4079852242753, 1341.316271841526, 1231.5734038524138, 1401.2529869675636], [35.6908462915665, 1415.9422711730003, 47.62882244403545, 1301.194263279438, 514.1110592573117, 1349.7345731854439, 502.1730831048427, 1464.4825810790062], [1239.1486169537925, 1345.695953309536, 1503.531759669638, 1305.4599630236626, 1516.8001165406315, 1392.6603996157646, 1252.4169738247863, 1432.896389901638], [766.2192821796123, 1404.21562820673, 768.995008654472, 1310.7559161782265, 1023.6272718641492, 1318.3200172781944, 1020.8515453892894, 1411.7797293066978], [1519.8974358974358, 1315.5576171875, 1740.6444444444442, 1315.5576171875, 1740.6444444444442, 1406.0361328125, 1519.8974358974358, 1406.0361328125], [506.33589975731996, 1314.3271226286888, 767.1980863391843, 1304.096379339695, 770.9919325869307, 1400.8483076691628, 510.1297460050664, 1411.0790509581566], [1418.57094017094, 1210.6025390625, 1418.57094017094, 1187.078125, 1427.6179487179486, 1187.078125, 1427.6179487179486, 1210.6025390625], [723.2507403773119, 1165.9759330153465, 1014.4521562625199, 1131.423345386982, 1024.5416911850627, 1216.4720456004143, 733.3403305184127, 1251.0246332287788], [1103.277833074586, 1138.4037319421768, 1465.3713185889087, 1135.9895725250244, 1466.09556519598, 1244.6192358732224, 1104.0020796816573, 1247.0333952903748], [54.208165400252376, 1154.2499527335167, 661.5863544170672, 1132.5558730959892, 665.1152620234041, 1231.3744933009148, 57.73707645774906, 1253.0685729384422], [1560.4789898733807, 1204.3905351161957, 1574.1999180459568, 1106.1692144870758, 1926.72524226262, 1155.4236773252487, 1913.0040932158117, 1253.6449979543686], [1660.7175695696446, 1036.7235298752785, 1661.2688716529779, 973.3304736018181, 1912.8826123881543, 975.5186576247215, 1912.3313103048208, 1038.911713898182], [129.48983775081797, 970.5516168475151, 327.04005464733154, 960.9919520020485, 331.1651018061189, 1046.250723183155, 133.61488490960537, 1055.8103880286217], [337.4485043517544, 1039.9857044816017, 339.85713785285617, 959.8927794098854, 636.3852119380591, 968.811849296093, 633.9765784369574, 1048.9047743678093], [608.1160159380007, 1045.1991534233093, 621.1265021430121, 930.8823322057724, 1076.1000318739148, 982.6726675033569, 1063.0895456689034, 1096.9894887208939], [1110.0467447916665, 1043.3487175703049, 1113.0084473699585, 935.8677072525024, 1635.578547968416, 950.2704908847809, 1632.616845390124, 1057.7515012025833], [1381.3182921841612, 803.9672170877457, 1584.1685243264221, 797.9113857746124, 1586.1764919704858, 865.1836863160133, 1383.326259828225, 871.2395176291466], [656.3339651776174, 875.9301085472107, 657.1403769990317, 790.4440366029739, 1100.5578773433326, 794.6275634765625, 1099.7514655219184, 880.1136354207993], [42.92040502434102, 861.085535287857, 43.86941877185789, 776.6156899333, 413.22537327953887, 780.7661930322647, 412.276331922743, 865.2360383868217], [1632.7363383496927, 859.7825320065022, 1634.774786637787, 776.1948300898075, 1963.8902031792531, 784.2228102982044, 1961.8517548911589, 867.8105122148991], [1133.833243032602, 878.2353668212891, 1137.750668413211, 771.1506417989731, 1358.3348926511583, 779.2215860486031, 1354.4174672705494, 886.306311070919], [460.6290972717806, 784.8573858737946, 668.3142387455345, 775.0830112695694, 672.1223865998096, 856.015115737915, 464.43727273533483, 865.7894903421402], [544.6299145299145, 664.1123046875, 544.6299145299145, 655.064453125, 553.676923076923, 655.064453125, 553.676923076923, 664.1123046875], [768.7870003463875, 674.8686119616032, 769.1050592406183, 611.5807016193867, 1167.2997753697582, 613.5818981826305, 1166.9817164755273, 676.869808524847], [50.295078127608335, 678.7152190208435, 51.403921991331956, 618.3877409696579, 586.6396412906483, 628.2275004386902, 585.5308526454827, 688.5549784898758], [1197.179751925998, 624.7599488794804, 1586.446731593466, 612.9628404676914, 1588.410524391109, 677.7737101018429, 1199.143544723641, 689.5708185136318], [1622.3022396250665, 689.263112038374, 1623.9384759364982, 596.5355558693409, 