{"predictions": [{"rec_texts": ["n", "h", "tin", "facos", "sala", "llamgrusl", "s", "lus", "l", "s", "va", "wows", "shoulol", "necf", "shes", "be", "avusng", "avl", "w", "fe", "liavers", "hav", "fues", "aft", "thees", "jas", "thge", "taily", "tlonas", "sord", "said", "ji", "lin", "soul", "cie", "nevel", "rieds", "", "naoral", "hoc", "a", "y", "10", "ur", "imi", "4", "lsal", "inreeoshols", "bless", "rood", "l", "leads", "y", "frors", "lagaingg", "eyes", "rd", "dllow", "eololugs", "locla", "liyhanes", "hetls", "a", "rceol", "hes", "rafe", "tas", "jolded", "papeo", "down", "ezule", "i", "sley", "edvorols", "rev", "pl", "il", "", "esecl", "wos", "dias", "e", "fle", "emfisesl", "acrent", "hle"], "rec_scores": [0.4784226417541504, 0.5398069620132446, 0.46209590633710224, 0.6885080337524414, 0.5853973478078842, 0.6796254217624664, 0.09451863169670105, 0.9096556305885315, 0.7953765988349915, 0.23176611959934235, 0.3512357175350189, 0.7056161463260651, 0.9644611477851868, 0.6988164484500885, 0.711275577545166, 0.8803805708885193, 0.7220845967531204, 0.9940038720766703, 0.977170467376709, 0.8151748478412628, 0.9476904358182635, 0.8062625527381897, 0.7780014500021935, 0.8139314651489258, 0.5893584012985229, 0.8887819846471151, 0.29517931677401066, 0.8465904355049133, 0.9257468779881796, 0.9708710014820099, 0.5198739469051361, 0.5175866186618805, 0.9122600555419922, 0.6965838372707367, 0.8406724532445272, 0.846788227558136, 0.9183629393577576, NaN, 0.7844668825467428, 0.7116997838020325, 0.16130104660987854, 0.9950506091117859, 0.5498949587345123, 0.6719923615455627, 0.7262480060259501, 0.9444143176078796, 0.6880313977599144, 0.494833153757182, 0.9961993932723999, 0.7197719365358353, 0.22842608392238617, 0.9684004426002503, 0.9294900894165039, 0.7204938352108001, 0.5954712759703398, 0.5830987095832825, 0.33297643810510635, 0.9401212453842163, 0.43867970071733, 0.8352413296699523, 0.5254906490445137, 0.6098230600357055, 0.7766038179397583, 0.808120846748352, 0.7080550293127695, 0.7130695581436157, 0.47238072752952576, 0.7465978115797043, 0.787522268295288, 0.759270191192627, 0.8117118954658509, 0.3158230483531952, 0.7286236584186554, 0.6350366696715355, 0.9930543303489685, 0.25331734120845795, 0.844960629940033, NaN, 0.7264015525579453, 0.6677423715591431, 0.924585685133934, 0.12118735164403915, 0.7830763260523478, 0.5616672188043594, 0.6778852194547653, 0.7427469491958618], "det_polygons": [[318.0827402135231, 1722.8789062499998, 341.71174377224196, 1722.8789062499998, 341.71174377224196, 1737.4179687499998, 318.0827402135231, 1737.4179687499998], [230.83718861209962, 1737.4179687499998, 230.83718861209962, 1706.5224609374998, 285.3656583629893, 1706.5224609374998, 285.3656583629893, 1737.4179687499998], [63.19027396029, 1701.278184533119, 225.07831790693288, 1699.0299719572065, 225.71421713506624, 1744.8090729713438, 63.82616625476986, 1747.0572855472562], [1637.6717081850534, 1746.5048828124998, 1637.6717081850534, 1679.2617187499998, 1755.8167259786476, 1679.2617187499998, 1755.8167259786476, 1746.5048828124998], [1479.5391459074733, 1753.7744140624998, 1479.5391459074733, 1662.9052734374998, 1657.665480427046, 1662.9052734374998, 1657.665480427046, 1753.7744140624998], [733.3083508854659, 1785.6578131914137, 735.3487309628958, 1647.6026084423063, 1191.0678764153206, 1654.3365974426267, 1189.0274963378906, 1792.391802191734], [570.7312612567507, 1710.1572265624998, 570.7312612567507, 1681.0791015624998, 656.1591971998113, 1681.0791015624998, 656.1591971998113, 1710.1572265624998], [1250.5375449835617, 1754.0097953081129, 1255.468093709165, 1652.1232150793073, 1448.5626884270391, 1661.4652549028394, 1443.632139701436, 1763.351835131645], [993.3763249081649, 1532.3789408206937, 1062.9160989781715, 1529.597626328468, 1064.30682345896, 1564.3630591630933, 994.7670493889533, 1567.144373655319], [1057.8523131672598, 1559.3144531249998, 1057.8523131672598, 1530.2363281249998, 1077.8460854092525, 1530.2363281249998, 1077.8460854092525, 1559.3144531249998], [39.294109799259495, 1589.8638772964475, 40.243576572458934, 1508.2194186449049, 251.18529828163227, 1510.6719536781309, 250.23583150843282, 1592.3164123296735], [282.1727941384095, 1513.9197046160696, 499.02624587741184, 1507.6043437123296, 500.8914541332747, 1571.6349198222158, 284.0380023942723, 1577.9502807259557], [1187.552125815395, 1500.116846323013, 1495.6109109247282, 1493.4207934141157, 1497.3058286510752, 1571.3734713792799, 1189.247043541742, 1578.0695242881773], [496.2090192638682, 1575.6708984374998, 496.2090192638682, 1488.4365234374998, 661.6120441749002, 1488.4365234374998, 661.6120441749002, 1575.6708984374998], [711.0163221257437, 1575.0101227164266, 713.0606959875792, 1486.0888118147848, 931.7276031928554, 1491.115011155605, 929.6832293310199, 1580.036322057247], [1545.6149776363711, 1544.0272065997121, 1561.5457398764179, 1480.3118771910665, 1672.313350365255, 1508.000343263149, 1656.3825881252085, 1571.7156726717947], [817.3696914618549, 1420.7470002174375, 824.0637178794344, 1317.0017733573911, 1095.1087747485612, 1334.4863182306287, 1088.4147483309816, 1438.2315450906751], [472.5800711743772, 1390.2978515624998, 472.5800711743772, 1326.6894531249998, 628.8950177935943, 1326.6894531249998, 628.8950177935943, 1390.2978515624998], [325.3532028469751, 1399.3847656249998, 325.3532028469751, 1324.8720703124998, 443.49822064056934, 1324.8720703124998, 443.49822064056934, 1399.3847656249998], [1108.7455516014234, 1408.4716796874998, 1108.7455516014234, 1308.5156249999998, 1254.1548042704626, 1308.5156249999998, 1254.1548042704626, 1408.4716796874998], [1290.0971998438715, 1393.5775486826894, 1291.6794040992165, 1310.7836930155752, 1622.2258579349177, 1317.099053919315, 1620.6436536795727, 1399.8929095864294], [677.8810022971808, 1389.0827873945234, 681.0780267138498, 1302.7746298313139, 835.5653732136899, 1308.495658636093, 832.3683487970209, 1394.8038161993024], [1782.1925657007616, 1388.6948853135107, 1803.2992725304437, 1297.2438361048696, 1925.9577104561693, 1325.5459350943563, 1904.8510036264872, 1416.9969843029974], [1657.0301358911913, 1398.8071830868719, 1659.4512567486202, 1297.1346866488454, 1793.7921796914097, 1300.3328544497488, 1791.371058833981, 1402.0053508877752], [102.41777215054874, 1387.6638444662092, 108.80865923789896, 1296.6054670810697, 291.23435813930956, 1309.40568113327, 284.84347105195934, 1400.4640585184095], [792.9630093286046, 1221.3135289549825, 797.0727244204049, 1159.675366938114, 921.4507084096454, 1167.966066777706, 917.340993317845, 1229.6042287945745], [616.5198330590733, 1227.0367762446401, 660.7538797507507, 1100.6701027750967, 834.8239715141757, 1161.586813509464, 790.5899248224985, 1287.9534869790075], [1400.955225174113, 1125.1869119405744, 1657.0619752279804, 1122.7709819078443, 1657.9721143186302, 1219.2209430932996, 1401.865364264763, 1221.6368731260297], [1000.4190308920429, 1205.5007233619688, 1007.163423368515, 1128.210041284561, 1336.0271627079974, 1156.8992658853529, 1329.282770231525, 1234.1899479627607], [47.71411671078502, 1221.6961066722868, 52.48105894882908, 1112.0701200962064, 252.27820847806555, 1120.7559320926664, 247.51123850540756, 1230.3819186687467], [387.98777914895703, 1214.329073011875, 396.77000011837777, 1110.712296426296, 584.4235073374683, 1126.6130649447439, 575.6412863680476, 1230.2298415303228], [1423.5894436004746, 993.2552800774573, 1530.9492466067927, 985.9362766146659, 1533.7526613826003, 1027.0492383837698, 1426.3928583762822, 1034.3682418465612], [817.5058129470119, 1036.2464111447332, 819.2307949948565, 982.7771541476249, 1014.7435152318553, 989.0831974148749, 1013.0185331840107, 1042.5524544119833], [1097.0504196004085, 984.1364198327063, 1358.7446959145975, 965.6662021279334, 1365.1189977028191, 1055.9572055935857, 1103.4247213886301, 1074.4274232983587], [166.64750477257996, 1029.850962936878, 168.35764880197328, 966.5835456252097, 284.0601623508005, 969.710278213024, 282.3500183214072, 1032.9776955246923], 