{
    "predictions": [
        {
            "rec_texts": [
                "t",
                "s",
                "i",
                "pic",
                "s",
                "soock",
                "soluc",
                "s",
                "i",
                "te",
                "owell",
                "nosfyed",
                "l",
                "i",
                "tr",
                "s",
                "cr",
                "ire",
                "i",
                "lwored",
                "lal",
                "sawed",
                "s",
                "rav",
                "tho"
            ],
            "rec_scores": [
                0.13565213978290558,
                0.11579190194606781,
                0.111643947660923,
                0.7977317174275717,
                0.17879673838615417,
                0.7578524470329284,
                0.778090876340866,
                0.16983813047409058,
                0.49813616275787354,
                0.5854940712451935,
                0.7578979849815368,
                0.5624782613345555,
                0.11158596724271774,
                0.40979817509651184,
                0.2774704471230507,
                0.18697205185890198,
                0.5062655210494995,
                0.8241204420725504,
                0.0962066575884819,
                0.7015961209932963,
                0.43542806307474774,
                0.9278952598571777,
                0.1792851984500885,
                0.6827126542727152,
                0.9937166968981425
            ],
            "det_polygons": [
                [
                    285.7733327616035,
                    521.937081694603,
                    290.0728307220679,
                    517.637765288353,
                    294.085695485168,
                    521.650460600853,
                    289.78619752470365,
                    525.949777007103
                ],
                [
                    357.14496391590836,
                    522.796875,
                    357.14496391590836,
                    515.91796875,
                    361.15782867900845,
                    515.91796875,
                    361.15782867900845,
                    522.796875
                ],
                [
                    351.9855663633511,
                    515.91796875,
                    351.9855663633511,
                    511.9052734375,
                    360.5845622842799,
                    511.9052734375,
                    360.5845622842799,
                    515.91796875
                ],
                [
                    854.3185022436118,
                    329.6346557736397,
                    950.4160605156201,
                    320.44311755895615,
                    955.1901547516031,
                    370.3520651459694,
                    859.0925964795948,
                    379.5436033606529
                ],
                [
                    382.3686852839661,
                    332.48046875,
                    382.3686852839661,
                    329.6142578125,
                    385.23501725760906,
                    329.6142578125,
                    385.23501725760906,
                    332.48046875
                ],
                [
                    1036.4048300851728,
                    315.5253195762634,
                    1145.3215262703586,
                    310.3798551559448,
                    1147.4164118651577,
                    354.71844494342804,
                    1038.4997156799718,
                    359.86390936374664
                ],
                [
                    955.711146976793,
                    311.59851962327957,
                    1043.1770992033678,
                    305.23764461278915,
                    1046.9043104724149,
                    356.4854401946068,
                    959.43835824584,
                    362.8463152050972
                ],
                [
                    463.1992469406966,
                    320.4423828125,
                    463.1992469406966,
                    317.576171875,
                    466.0655789143395,
                    317.576171875,
                    466.0655789143395,
                    320.4423828125
                ],
                [
                    699.3850015688736,
                    315.8564453125,
                    699.3850015688736,
                    312.990234375,
                    702.2513335425165,
                    312.990234375,
                    702.2513335425165,
                    315.8564453125
                ],
                [
                    368.6803056078343,
                    312.4626514315605,
                    384.07942221252233,
                    309.22088009119034,
                    389.66911945516574,
                    335.7709782719612,
                    374.2700028504778,
                    339.0127496123314
                ],
                [
                    677.4637201056048,
                    356.30668687820435,
                    679.5891164606703,
                    295.0269430875778,
                    841.5326742430185,
                    300.6432750225067,
                    839.407277887953,
                    361.92301881313324
                ],
                [
                    376.98164666914664,
                    380.3526641726494,
                    379.9973134189554,
                    285.3629803955555,
                    619.3904767307249,
                    292.96241050958633,
                    616.3748099809161,
                    387.952076792717
                ],
                [
                    1356.9215563225605,
                    127.8330078125,
                    1356.9215563225605,
                    124.966796875,
                    1360.9344210856605,
                    124.966796875,
                    1360.9344210856605,
                    127.8330078125
                ],
                [
                    1354.6284907436461,
                    127.8330078125,
                    1354.6284907436461,
                    124.966796875,
                    1358.0680891120176,
                    124.966796875,
                    1358.0680891120176,
                    127.8330078125
                ],
                [
                    1340.0209744144915,
                    119.27594940364361,
                    1378.2411599950728,
                    115.21014241874218,
                    1380.046333324958,
                    132.178779438138,
                    1341.8261477443766,
                    136.24458642303944
                ],
                [
                    1015.8280514590524,
                    116.3681640625,
                    1015.8280514590524,
                    113.501953125,
                    1018.6943834326953,
                    113.501953125,
                    1018.6943834326953,
                    116.3681640625
                ],
                [
                    887.2149100517605,
                    139.98893308639526,
                    891.7631126956802,
                    100.35569459199905,
                    983.0727209277313,
                    110.83340647816658,
                    978.5245182838116,
                    150.4666449725628
                ],
                [
                    294.6178843196298,
                    106.85220904648304,
                    386.152474419241,
                    100.134352222085,
                    389.03511145513636,
                    139.40814225375652,
                    297.5005213555251,
                    146.12599907815456
                ],
                [
                    127.83840602447442,
                    111.7822265625,
                    127.83840602447442,
                    108.916015625,
