{"predictions": [{"rec_texts": ["night", "shayl", "born", "ae", "bbe", "we", "some", "flarongy", "moy", "onms", "bom", "ke", "addod", "sone", "boneless", "the", "dsings", "te", "whl", "caphive", "may", "bonn", "bie", "silh", "labies", "s", "young", "bobies", "ave", "some", "tnayl", "hase", "s", "alde", "hav", "p", "be", "xu", "to", "no", "hore", "ore", "yu", "needad", "see", "shlk", "them", "you", "syow", "was", "on", "ws", "untlinkablel", "maris", "hool", "trampled"], "rec_scores": [0.9070023417472839, 0.7614307463169098, 0.7642415538430214, 0.8619799315929413, 0.674075980981191, 0.9992426633834839, 0.867939293384552, 0.577585281804204, 0.6473032832145691, 0.7919242531061172, 0.7807777722676595, 0.46616438031196594, 0.9522235631942749, 0.9783444404602051, 0.9998226538300514, 0.7946583032608032, 0.8143570447961489, 0.9719174206256866, 0.3406362334887187, 0.943358872617994, 0.9991812507311503, 0.8827166706323624, 0.6012344658374786, 0.6526591964066029, 0.9891205032666525, 0.3596487045288086, 0.9758555293083191, 0.9607226153214773, 0.8742740551630656, 0.9983728379011154, 0.4845924973487854, 0.8458339422941208, 0.17957137525081635, 0.9992787390947342, 0.8991960287094116, 0.31225982308387756, 0.9512064456939697, 0.9545606374740601, 0.7490952908992767, 0.9924151599407196, 0.7024627551436424, 0.8049812118212382, 0.9152734279632568, 0.9963837067286173, 0.5061899473269781, 0.7598542720079422, 0.980656698346138, 0.7332367499669393, 0.7197376862168312, 0.9305015802383423, 0.6889792680740356, 0.884413331747055, 0.9687222242355347, 0.8519212961196899, 0.8080286085605621, 0.9426268115639687], "det_polygons": [[1116.3657144580163, 968.7719078063965, 1273.7059414407106, 961.366641998291, 1277.6707059874343, 1045.6289806365967, 1120.33047900474, 1053.0342464447021], [638.4656548193387, 1035.4769439697266, 653.4446484430582, 956.1655311584473, 803.1749750440205, 984.4518356323242, 788.195981420301, 1063.7632484436035], [944.1012347095992, 1018.4634418487549, 947.7545290378665, 960.6116123199463, 1089.0183134648905, 969.534833908081, 1085.3650191366232, 1027.3866634368896], [307.88446197770304, 1014.2851152420044, 308.5410233021597, 967.0064649581909, 427.2599301107512, 968.6556329727173, 426.6033687862946, 1015.9342832565308], [818.7993449611155, 1021.4304571151733, 823.7915533040829, 958.1869497299194, 914.5134719909425, 965.3501901626587, 909.5212636479752, 1028.5936975479126], [179.72070109281069, 1007.2474279403687, 181.4499068979384, 962.2815084457397, 271.6589590125825, 965.7515916824341, 269.92975320745484, 1010.717511177063], [462.9738330439404, 956.4528293609619, 623.4189588604289, 945.3312435150146, 628.3933369479671, 1017.1140747070312, 467.9482111314786, 1028.2356605529785], [1542.687648124022, 872.0763216018677, 1545.4210065430245, 804.644024848938, 1744.7951066826447, 812.7278566360474, 1742.0617482636421, 880.160153388977], [1125.950101797053, 862.434986114502, 1126.626467205953, 800.8826293945312, 1262.5769671036837, 802.3767642974854, 1261.9006016947835, 863.929121017456], [493.3978084245052, 840.8327407836914, 493.81481270092627, 796.6234302520752, 636.2370702735932, 797.9672698974609, 635.8200659971722, 842.1765804290771], [1382.2216655142822, 845.2760581970215, 1385.298733358975, 789.2642269134521, 1524.5884255944973, 796.9186248779297, 1521.5113577498046, 852.930456161499], [1275.2430278884462, 858.1875, 1275.2430278884462, 781.640625, 1367.9487763232785, 781.640625, 1367.9487763232785, 858.1875], [683.8322066783091, 842.88219165802, 685.2374413478898, 781.0445108413696, 877.1891548621363, 785.4076795578003, 875.7839201925558, 847.2453603744507], [951.5936264706799, 782.9078693389893, 1103.4495037428412, 781.4475574493408, 1104.0295462958436, 841.7754421234131, 952.1736690236821, 843.2357540130615], [182.59464548335677, 838.7001142501831, 185.19312558638217, 774.3790082931519, 452.61669164580525, 785.1855268478394, 450.01821154277985, 849.5066328048706], [39.3102235093874, 779.6309194564819, 152.08188069429872, 775.2928876876831, 154.49738684769852, 838.1044607162476, 41.72572555064341, 842.4424924850464], [917.5344172973287, 680.9150991439819, 924.2450411801456, 602.8935670852661, 1102.587598406597, 618.2369756698608, 1095.87697452378, 696.2585077285767], [1189.8512370718022, 606.1441297531128, 1315.5665124101808, 604.5322065353394, 1316.4928961608923, 676.7961931228638, 1190.7776208225137, 678.4081163406372], [1588.4050809874343, 672.3721561431885, 1589.1732952398, 605.5248527526855, 1735.0026777655007, 607.2012634277344, 1734.234463513135, 674.0485668182373], [1339.3500993236876, 604.1829872131348, 1572.4019332824953, 601.2138004302979, 1573.4101651429996, 680.3711013793945, 1340.358331184192, 683.3402881622314], [274.3883533249814, 667.5248050689697, 282.9976033366534, 602.6152839660645, 431.29341680432293, 622.2898807525635, 422.6841667926509, 687.1994018554688], [573.7039958886553, 608.3180150985718, 708.5874438212552, 603.6121416091919, 710.7881315835987, 666.7060117721558, 575.9046836509988, 671.4118852615356], [443.2488991439377, 604.5484600067139, 532.1750281935873, 600.1015892028809, 535.5756066137237, 668.1229591369629, 446.6494775640741, 672.5698299407959], [748.1138303927149, 668.4375, 748.1138303927149, 597.28125, 893.6402959590212, 597.28125, 893.6402959590212, 668.4375], [46.1100850243696, 646.5120277404785, 49.431480003882356, 588.7947006225586, 232.98636862983338, 599.3605098724365, 229.6649736503206, 657.0778369903564], [1601.869095048378, 474.375, 1601.869095048378, 459.28125, 1619.1166761525328, 459.28125, 1619.1166761525328, 474.375], [41.06473133519216, 492.07664251327515, 46.187409776004806, 424.33388471603394, 214.8360568259885, 437.09062242507935, 209.71337838517584, 504.83338022232056], [1155.5879339783723, 487.3125, 1155.5879339783723, 423.703125, 1330.2196926579397, 423.703125, 1330.2196926579397, 487.3125], [1043.478656801366, 481.921875, 1043.478656801366, 426.9375, 1118.9368241320433, 426.9375, 1118.9368241320433, 481.921875], [1375.0123208338523, 421.6163306236267, 1545.151907854075, 418.4357171058655, 1546.4891112169628, 489.9901442527771, 1376.34952419674, 493.17075777053833], [402.79708283912345, 488.1938395500183, 412.40041893669746, 417.7592568397522, 551.4218678091763, 436.719358921051, 541.8185317116023, 507.15394163131714], [1675.7112227707476, 418.35741090774536, 1846.1992564062946, 415.5155539512634, 1847.4454004573226, 490.2986969947815, 1676.9573668217756, 493.1405539512634], [1584.6215139442234, 433.40625, 1591.0893568582812, 433.40625, 1591.0893568582812, 448.5, 1584.6215139442234, 448.5], [697.9787708123978, 481.5099778175354, 698.8771261911062, 416.8199772834778, 826.3229232206221, 418.5902895927429, 825.4245678419137, 483.28029012680054], [958.9852213634304, 419.7688307762146, 1052.5818246267165, 417.4856457710266, 1054.1007518475208, 479.7694745063782, 960.5041485842346, 482.05265951156616], [1594.3232783153103, 453.890625, 1594.3232783153103, 429.09375, 1622.3505976095619, 429.09375, 1622.3505976095619, 453.890625], [581.4906197614675, 484.8234486579895, 583.6869650999796, 416.7289710044861, 661.4288526002019, 419.2371382713318, 659.2325072616899, 487.3316159248352], [271.6940767204619, 476.76060819625854, 274.9756332510361, 414.4020924568176, 392.4896490349984, 420.5878872871399, 389.2080925044243, 482.9464030265808], [852.0432969572604, 468.28682470321655, 865.5496825477111, 414.2537055015564, 933.7790300850172, 431.313467502594, 920.2726444945665, 485.34658670425415], [986.5390190771514, 302.0218405723572, 989.1521055148826, 260.2056727409363, 1075.3229008491703, 265.59208631515503, 1072.709814411439, 307.4082541465759], [1095.9764555061008, 303.87108421325684, 1096.472018177291, 252.82722187042236, 1240.9173517981646, 254.2298240661621, 1240.4217891269743, 305.2736864089966], [1426.8069100550922, 253.8302321434021, 1527.8303739561843, 251.76821279525757, 1528.9267701793276, 305.4980435371399, 1427.9033062782355, 307.5600628852844], [1275.8942598745643, 299.7754068374634, 1281.04358500707,