{"predictions": [{"rec_texts": ["i", "f", "wee", "dnderingls", "flor", "s", "1", "iy", "yo", "sing", "and", "brut", "down", "cily", "hurcuin", "wheel", "stubbownly", "says", "havis", "cannot", "know", "said", "whot", "he", "change", "hurans", "danges", "not", "unhy", "chipally", "ligaply", "you", "grub", "ibe", "tue", "wran", "becore", "tue", "p", "wondy", "ac", "you", "f", "s", "s", "come", "true", "come", "you", "tue", "sto", "taher", "when", "here"], "rec_scores": [0.38167905807495117, 0.14434215426445007, 0.9942804972330729, 0.7340983480215073, 0.9876932054758072, 0.165680393576622, 0.5986897945404053, 0.6010953336954117, 0.9891797602176666, 0.9154044091701508, 0.9964199860890707, 0.7877150624990463, 0.9995790719985962, 0.8853103518486023, 0.6480765087263924, 0.829984164237976, 0.8955999553203583, 0.9930061846971512, 0.8317652940750122, 0.9945938090483347, 0.9993326961994171, 0.8237921446561813, 0.8452436476945877, 0.8179033398628235, 0.9935520986715952, 0.90567014614741, 0.9775912960370382, 0.9036332368850708, 0.6941501051187515, 0.6563924830406904, 0.5651022919586727, 0.9766802390416464, 0.6983589977025986, 0.8595080971717834, 0.8382399082183838, 0.8204293102025986, 0.9665694634119669, 0.8213751316070557, 0.9823527932167053, 0.9771838426589966, 0.4917735755443573, 0.9997139970461527, 0.0920516774058342, 0.1960829794406891, 0.1608857661485672, 0.9384503364562988, 0.9901040941476822, 0.9701204895973206, 0.9614303708076477, 0.8158660531044006, 0.548050599793593, 0.6511909484863281, 0.879614070057869, 0.9968108683824539], "det_polygons": [[596.2589138782226, 990.7734375, 596.2589138782226, 984.33984375, 601.6209544706527, 984.33984375, 601.6209544706527, 990.7734375], [591.9692814042786, 990.7734375, 591.9692814042786, 984.33984375, 597.3313219967087, 984.33984375, 597.3313219967087, 990.7734375], [241.03231554559736, 966.4165023565292, 387.7496621638814, 962.3415788412094, 388.7964448076123, 1000.0204850435257, 242.079081825679, 1004.0954085588455], [438.5808840702996, 1000.3292587995529, 455.4985410488377, 914.3425086736679, 728.6753964908032, 968.0750323534012, 711.7577395122651, 1054.0617824792862], [42.087739556292156, 999.1905001401901, 44.508365101691325, 938.6828860044479, 185.79729198428606, 944.3337467908859, 183.37665007523762, 1004.8413609266281], [1476.0625604659856, 832.9361207485199, 1481.2101717983962, 830.3626570701599, 1484.4273961538543, 836.7962508201599, 1479.2797848214436, 839.3697144985199], [1482.0680197476684, 837.439453125, 1482.0680197476684, 829.93359375, 1493.8645090510147, 829.93359375, 1493.8645090510147, 837.439453125], [1444.9028995281642, 814.0780155658722, 1510.8929152078047, 798.5530700683594, 1521.2441670077224, 842.5405683517456, 1455.254151328082, 858.0655138492584], [1554.5813714810536, 801.3847178220749, 1613.4771561112561, 799.6002699136734, 1614.729695280894, 840.9258216619492, 1555.8339106506915, 842.7102695703506], [628.7968522666641, 849.9592537879944, 635.7099049913967, 782.5655529499054, 725.0177281516237, 791.7240521907806, 718.104675426891, 859.1177530288696], [1651.778437226798, 838.0498670339584, 1656.1293352036048, 771.9260784387589, 1778.362915239946, 779.9666308164597, 1774.0120172631391, 846.0904194116592], [1201.9540242892467, 831.4754337072372, 1203.5241491638951, 769.459553360939, 1327.7216289308915, 772.6033126115799, 1326.1515040562429, 834.6191929578781], [997.9688306882755, 771.3155990839005, 1165.0820097554467, 767.1728736162186, 1166.6822437447502, 831.7084211111069, 999.5690646775789, 835.8511465787888], [1374.8272078990674, 841.728515625, 1374.8272078990674, 765.59765625, 1469.1991223258362, 765.59765625, 1469.1991223258362, 841.728515625], [451.5077088105436, 819.6723310947418, 455.48577740240796, 766.5171711444855, 650.9338588160076, 781.1405339241028, 646.9557902241432, 834.2956938743591], [756.3443637665848, 764.066156744957, 968.8406186252913, 757.2124003171921, 971.3041987500213, 833.5750690698624, 758.8079438913148, 840.4288254976273], [74.1907403289912, 821.364303946495, 77.28193185778024, 753.3671919107437, 408.16740553913957, 768.4054816961288, 405.076181283052, 836.4025937318802], [1253.3430829992412, 671.9689847230911, 1256.5940819267903, 601.7570525407791, 1413.5738420931114, 609.023641705513, 1410.3228431655623, 679.235573887825], [1507.7753127490955, 654.5380582809448, 1509.4012049404525, 592.221257686615, 1679.2297025127064, 596.6510288715363, 1677.6038103213493, 658.9678294658661], [483.25695203152316, 594.3519798517227, 711.8412595781334, 591.5816549062729, 712.5952965364439, 653.7768570184708, 484.01095626253505, 656.5471819639206], [740.9061770457456, 651.0988762378693, 743.1258733417721, 591.1738615036011, 908.5264983310583, 597.2989432811737, 906.3068020350319, 657.2239580154419], [1716.9913759299573, 591.2088750600815, 1855.5215797277835, 588.2301703691483, 1856.8822498917905, 651.4876903295517, 1718.352046093964, 654.4663950204849], [941.2469895907436, 590.5648874044418, 1111.1627381408991, 582.9803620576859, 1114.292253336276, 653.074098944664, 944.3765702407175, 660.65862429142], [1130.6388844099267, 589.730059504509, 1225.7918030890014, 584.9730588197708, 1229.3726931858114, 656.582260966301, 1134.2197745067367, 661.3392616510391], [60.40991309705306, 654.1317046880722, 63.8854540198698, 582.4583655595779, 284.1667150182509, 593.1373039484024, 280.6911740954342, 664.8106430768967], [1643.304030543425, 470.33478087186813, 1644.5628533543822, 426.5313164591789, 1856.2380457473728, 432.61313849687576, 1854.9792229364155, 476.416602909565], [1199.5901969704598, 417.25835233926773, 1443.0145344025343, 413.2899747490883, 1443.9968769954444, 473.53063505887985, 1200.57253956337, 477.4990126490593], [438.1140946112552, 462.72342270612717, 442.2785124409937, 404.42918890714645, 558.6538078571765, 412.7406218647957, 554.489455482035, 471.0348556637764], [924.6994783586678, 410.9280976653099, 1066.1739608421472, 402.087141931057, 1070.2716804374656, 467.6413548588753, 928.7971979539863, 476.4823105931282], [659.6114365687032, 484.7843193411827, 664.6399205344362, 391.7690067887306, 899.0154217392026, 404.4362570643425, 893.9869377734695, 497.4515696167946], [63.8005839529367, 485.3125659227371, 67.57027783501101, 386.6852674484253, 317.1110609999346, 396.2206041812897, 313.3413671178603, 494.8479026556015], [293.36000954130486, 245.90789705514908, 422.171711129143, 244.1436064839363, 423.0632027413121, 309.21646481752396, 294.251501153474, 310.9807553887367], [1349.2084095128864, 243.36344227194786, 1512.8202912732916, 229.34144550561905, 1520.2844717054004, 316.413059592247, 1356.6725899449953, 330.4350727200508], [1651.1604149212105, 238.43423706293106, 1778.5261590050525, 235.40212851762772, 1780.059105668562, 299.7781516313553, 1652.6933615847202, 302.81026017665863], [1181.6422846339524, 288.87205052375793, 1184.9333417749115, 232.92936971783638, 1311.6696744532749, 240.38347774744034, 1308.3786173123156, 296.3261421918869], [953.8937341101013, 289.5613921880722, 955.9630157420481, 232.0420542061329, 1147.1444392452772, 238.91817677021027, 1145.0750267041362, 296.4375311136246], [464.3749044128518, 281.62872737646103, 467.0411319701277, 236.30886510014534, 676.0054567706368, 248.5992615222931, 673.3392292133609, 293.9191074371338], [800.0164563905649, 290.583984375, 800.0164563905649, 226.248046875, 924.4157981349423, 226.248046875, 924.4157981349423, 290.583984375], [1577.5123422929234, 259.48828125, 1577.5123422929234, 238.04296875, 1602.177729018102, 238.04296875, 1602.177729018102, 259.48828125], [67.2930530709221, 285.03845876455307, 67.71575885883608, 222.9082935154438, 269.4869179864277, 224.28071039915085, 269.06421219851376, 286.4108920097351], [1511.0230389467908, 100.79296875, 1511.0230389467908, 92.21484375, 1529.253976961053, 92.21484375, 1529.253976961053, 100.79296875], [1098.6377391721019, 73.1792820096016, 1232.9524050998739, 71.47930839657784, 1233.8357803420056, 141.2468465566635, 1099.5211144142338, 142.94682016968727], [1522.819528250137, 