{"predictions": [{"rec_texts": ["cut", "sern", "or", "change", "dayst", "looclies", "whish", "not", "feat", "are", "many", "bings", "jow", "tween", "worlds", "shong", "and", "bets", "hue", "oie", "soe", "shanged", "lecome", "nost", "live", "world", "heovy", "he", "oumney", "cyps", "we", "male", "kho", "nue", "all", "huings", "tel", "frow", "will", "repealeol", "much", "some", "s", "hue", "know", "caphive", "cuief", "wwe", "woman", "i", "appa", "rand", "said", "and", "visken", "slent", "bondul", "be", "are", "your", "woman", "we", "stupidy", "halk", "twe", "rsop", "rut", "m"], "rec_scores": [0.8242898384730021, 0.9982544481754303, 0.9219531416893005, 0.9995902677377065, 0.603525710105896, 0.8586065843701363, 0.8899741530418396, 0.9816963076591492, 0.4694667458534241, 0.9957082470258077, 0.891889825463295, 0.8428938627243042, 0.8893202344576517, 0.8976339101791382, 0.976076195637385, 0.9070444345474243, 0.9884806076685587, 0.9206610918045044, 0.8338098526000977, 0.9372590581576029, 0.9960539738337199, 0.9507885830742973, 0.9403686424096426, 0.9052136093378067, 0.9200503826141357, 0.9687603712081909, 0.8599637687206269, 0.9983464777469635, 0.9043796757857004, 0.5277013778686523, 0.9696341753005981, 0.8849811553955078, 0.7483264704545339, 0.8277379274368286, 0.9030454158782959, 0.777547704676787, 0.8366549611091614, 0.7022642865777016, 0.9890671670436859, 0.881806406709883, 0.9974137246608734, 0.8509467244148254, 0.6047824621200562, 0.8057816425959269, 0.9990739822387695, 0.9371093256132943, 0.7630439579486847, 0.8008914589881897, 0.9943601608276367, 0.16237814724445343, 0.9834165871143341, 0.9998358935117722, 0.9999055117368698, 0.9998834530512491, 0.8689980109532675, 0.9921813845634461, 0.8995444178581238, 0.996697723865509, 0.9971665938695272, 0.9793287664651871, 0.9984034299850464, 0.9952902793884277, 0.819661808865411, 0.8590392917394638, 0.7255062709252039, 0.5026507154107094, 0.9422229925791422, 0.17700690031051636], "det_polygons": [[1357.6031423443533, 1216.5463786125183, 1358.2103606117278, 1174.6514961719513, 1476.4956098676803, 1176.3656408786774, 1475.8883916003058, 1218.2605233192444], [422.7423852947535, 1216.9324647188187, 423.65259181824126, 1174.61028778553, 570.251410642646, 1177.762768149376, 569.3412041191582, 1220.0849450826645], [617.7393094999296, 1174.866385102272, 690.0944029269225, 1170.3444825410843, 692.8205211349743, 1213.9608045816422, 620.4654665128298, 1218.48270714283], [1100.52800673162, 1218.514680504799, 1102.902242574606, 1162.724423289299, 1317.9200626407658, 1171.8736163377762, 1315.54582679778, 1227.663873553276], [56.06781575363729, 1228.9804465770721, 59.318517304448704, 1156.385704278946, 227.3207032192628, 1163.9078257083893, 224.0699822660272, 1236.5025680065155], [1527.9626354870495, 1164.9991883039474, 1724.646716889881, 1159.0842715501785, 1726.2861441240348, 1213.5940421819687, 1529.6020627212033, 1219.5089589357376], [890.0900124803934, 1215.5390625, 890.0900124803934, 1154.5078125, 1064.2933586837396, 1154.5078125, 1064.2933586837396, 1215.5390625], [277.3827410959369, 1153.8733896017075, 389.7650938291808, 1148.1593152284622, 393.0092179581926, 1211.9565714597702, 280.62684582252456, 1217.6706458330154], [717.5563612929336, 1227.758551955223, 720.4467016193091, 1141.0548652410507, 845.4290468272402, 1145.2207149267197, 842.5387065008647, 1231.924401640892], [1310.9204440908543, 991.7601406574249, 1411.5150286307514, 987.3867745399475, 1413.655193628338, 1036.6052641868591, 1313.0606090884412, 1040.9786303043365], [1443.9682994238658, 1049.8535664081573, 1444.6872756545608, 983.7026982307434, 1621.5787113145511, 985.6252906322479, 1620.8597350838563, 1051.7761588096619], [414.6416015625, 1054.5103468894958, 418.1039253539254, 983.1912796497345, 594.4595436675515, 991.7517592906952, 590.9972198761261, 1063.0708265304565], [223.49543768098457, 1068.8959540128708, 224.49151933392656, 981.2470353841782, 393.1822487770974, 983.1638849973679, 392.1861671241554, 1070.8128036260605], [756.9365303501046, 1034.3100113868713, 758.5753367066844, 982.9618785381317, 915.1015222812098, 987.9571731090546, 913.4627159246301, 1039.3053059577942], [1085.464430250563, 987.3288034200668, 1279.7758280043436, 982.6279431581497, 1281.0026820905728, 1033.3345910310745, 1086.6912843367923, 1038.0354512929916], [1646.6489716558076, 1039.453764796257, 1652.2378011381918, 968.0466932058334, 1844.6784947615026, 983.1064571142197, 1839.0896652791184, 1054.5135287046432], [63.65967389945051, 1038.073865890503, 65.17744793394819, 977.3666954040527, 206.67691193216098, 980.9039425849915, 205.1591378976633, 1041.6111130714417], [647.8351857542532, 977.072881937027, 760.9205465230856, 973.3035950660706, 763.0374286116474, 1036.8071930408478, 649.9520290379666, 1040.5764799118042], [939.455988389338, 969.8339420557022, 1056.9240075385096, 964.9396895170212, 1060.1106616870777, 1041.4139181375504, 942.6426425379062, 1046.3081706762314], [1410.1568589376207, 803.5782026052475, 1512.741666540983, 795.6874562501907, 1517.7158272251047, 860.3461307287216, 1415.1310196217423, 868.2368770837784], [1207.2468500517818, 856.2608352899551, 1211.8120076340292, 791.6993225812912, 1385.4938942849099, 803.9791113138199, 1380.928581483269, 868.5406240224838], [915.2724964431508, 860.0502219200134, 917.2970229925796, 791.6230366230011, 1173.1827123929174, 799.193118095398, 1171.1581858434886, 867.6203033924103], [668.8391248391249, 850.623046875, 668.8391248391249, 794.677734375, 877.3745173745174, 794.677734375, 877.3745173745174, 850.623046875], [1558.929214929215, 858.251953125, 1558.929214929215, 789.591796875, 1710.2445302445303, 789.591796875, 1710.2445302445303, 858.251953125], [1741.1949668697716, 855.2225546836853, 1742.4451038650259, 787.715767621994, 1860.941761934926, 789.90997838974, 1859.6916249396718, 857.4167654514313], [445.2851694467906, 844.9696598052979, 446.77310255288774, 788.9288928508759, 626.7797138307393, 793.7075135707855, 625.2917807246421, 849.7482805252075], [210.5599966945182, 853.517256975174, 214.65161871204353, 783.3791863918304, 411.43368235702224, 794.8574681282043, 407.34206033949687, 864.9955387115479], [58.969239714829925, 789.6166305541992, 172.26562609973254, 786.0762791633606, 174.27156512678974, 850.2632689476013, 60.97518359249317, 853.8036203384399], [1413.601798156974, 682.9543486833572, 1416.1225611074244, 618.2564059495926, 1658.9682692597733, 627.717416882515, 1656.4475063093228, 692.4153596162796], [657.8648032798424, 695.1358115673065, 660.9674837365268, 612.918329000473, 785.9060570754907, 617.6326925754547, 782.8033766188063, 699.8501751422882], [290.62021961973136, 620.8788036704063, 376.98917957438465, 617.280325949192, 379.0606599903475, 666.9938206672668, 292.69170003569417, 670.5922207832336], [1077.2208058714407, 671.4628740549088, 1078.516887807171, 613.7894091010094, 1227.585247182171, 617.1390455961227, 1226.2891652464407, 674.8125493526459], [923.7865130057513, 615.7205768823624, 1051.0552398799468, 612.3268994092941, 1052.515854372788, 667.0974236726761, 925.2471274985924, 670.4911011457443], [1258.8416988416989, 678.97265625, 1258.8416988416989, 609.041015625, 1372.010296010296, 609.041015625, 1372.010296010296, 678.97265625], [812.5250965250965, 673.88671875, 812.5250965250965, 606.498046875, 897.7194337194337, 606.498046875, 897.7194337194337, 673.88671875], [43.82048174098345, 688.3729022741318, 48.45818498726824, 594.4650040268898, 249.42359561011907, 604.3886586427689, 244.78591176625847, 698.2965180873871], [535.420527984737, 670.7929855585098, 536.9365558010578, 601.0602083802223, 648.2557915057915, 603.4800564050674, 646.7397636894707, 673.2127947807312], [1689.0682588280245, 686.1564964056015, 1690.2435800756114, 593.320753455162, 1862.2142505228444, 595.4974254369736, 1861.0389292752575, 688.333168387413], [399.52338785493083, 604.7179765105247, 509.4636544678049, 600.7917718291283, 511.77999347701495, 665.6455070972443, 401.8397268641409, 669.5717117786407], [646.7814400966257, 