{"predictions": [{"rec_texts": ["everlaging", "snight", "lead", "t", "es", "an", "sorewle", "encons", "wadd", "auot", "aflen", "h", "road", "woir", "old", "sder", "sh", "mroons", "mong", "hhot", "elemity", "aflers", "nong", "cwt", "the", "lorce", "lead", "woriel", "phelps", "must", "to", "you", "olan", "gosped", "ack", "heavy", "fue", "we", "altac", "syess", "bo", "flor", "have", "we", "en", "on", "great", "s", "go", "backy", "n", "huere", "back", "you", "we", "memores", "nes", "io", "ask", "such", "reols", "we", "c"], "rec_scores": [0.838715422153473, 0.8453318476676941, 0.9944139868021011, 0.8174386620521545, 0.6949754655361176, 0.9981999695301056, 0.874511603798185, 0.7223082482814789, 0.9782721251249313, 0.7482664063572884, 0.8899581253528595, 0.13512015342712402, 0.9682116955518723, 0.6857023239135742, 0.8143421113491058, 0.7996281087398529, 0.40845178067684174, 0.5883962164322535, 0.8222943246364594, 0.7529513090848923, 0.9613777143614632, 0.8520207305749258, 0.9346028864383698, 0.9256210525830587, 0.9618764122327169, 0.8765220165252685, 0.9996766000986099, 0.8010835846265157, 0.852807934085528, 0.9997865557670593, 0.9945560991764069, 0.9743708570798238, 0.9727362394332886, 0.9181289772192637, 0.8593041102091471, 0.9795875668525695, 0.8626500566800436, 0.9825649559497833, 0.8003237843513489, 0.7075442969799042, 0.8182479739189148, 0.9106312692165375, 0.9779308438301086, 0.9997841715812683, 0.3894694745540619, 0.9966364204883575, 0.9926248550415039, 0.08020524680614471, 0.8196906745433807, 0.7628579318523407, 0.3170038163661957, 0.7926246643066406, 0.996720016002655, 0.9492482940355936, 0.9989816546440125, 0.9699656622750419, 0.806982676188151, 0.7014894783496857, 0.9995051225026449, 0.9179668724536896, 0.7894724547863007, 0.999671071767807, 0.40841683745384216], "det_polygons": [[47.62520038409752, 1189.3906645774841, 52.308517516049925, 1109.4318194389343, 380.1351239965596, 1128.624617099762, 375.4517689476163, 1208.5834622383118], [417.02941782540137, 1209.379086971283, 421.3072885735788, 1117.4250655174255, 591.7051840365948, 1125.3488631248474, 587.4273132884174, 1217.3028845787048], [1427.5910878112713, 1024.8046875, 1427.5910878112713, 961.453125, 1575.4442988204455, 961.453125, 1575.4442988204455, 1024.8046875], [1605.5197526724278, 1018.1300525665283, 1610.2705999651866, 963.5088300704956, 1675.3589065571755, 969.1673641204834, 1670.6080592644169, 1023.7885866165161], [1317.4689227862877, 1005.4728412628174, 1319.041719569135, 964.5889205932617, 1380.309813493201, 966.9448614120483, 1378.7370167103538, 1007.828782081604], [179.32717619529714, 1005.3821640014648, 181.57072454729993, 957.1567211151123, 265.9912364554749, 961.0823793411255, 263.7476881034721, 1009.307822227478], [1050.5355059822452, 967.256697177887, 1309.1588833910141, 957.3119187355042, 1310.8252593074214, 1000.6288104057312, 1052.2019577326344, 1010.573588848114], [451.0041791883396, 1002.9582152366638, 456.2926894121682, 951.847324848175, 600.1641613721534, 966.7273421287537, 594.8756511483249, 1017.8382325172424], [817.1815279939384, 1005.951247215271, 817.7607479470429, 946.3077478408813, 1010.4934194022362, 948.1784591674805, 1009.9141994491317, 1007.8219585418701], [627.7565452405697, 1008.1208295822144, 629.2363695617115, 943.7610511779785, 782.321253225344, 947.2794198989868, 780.8414289042022, 1011.6391983032227], [306.8885976408912, 1014.8671875, 306.8885976408912, 939.09375, 463.4390563564875, 939.09375, 463.4390563564875, 1014.8671875], [551.653997378768, 816.1171875, 551.653997378768, 809.90625, 557.8663171690695, 809.90625, 557.8663171690695, 816.1171875], [1685.315756701548, 787.0925788879395, 1848.0839952541367, 782.306396484375, 1849.7948098838876, 840.456298828125, 1687.026571331299, 845.2424812316895], [774.9753670748689, 791.5262875556946, 913.8730398355586, 788.4741940498352, 914.7487706575606, 828.3141131401062, 775.8510978968709, 831.3662066459656], [1482.3398859866481, 827.4940752983093, 1485.7530218401866, 783.1333336830139, 1546.6555959719037, 787.8171629905701, 1543.242460118365, 832.1779046058655], [1527.8630252703144, 782.8061828613281, 1643.479210609846, 781.080888748169, 1644.2603006225427, 833.408037185669, 1528.6441152830112, 835.1333312988281], [930.0128620192702, 832.7684440612793, 932.0132107915915, 780.7689771652222, 1031.2635128476204, 784.5854587554932, 1029.263164075299, 836.5849256515503], [216.69746096949746, 820.6978297233582, 217.66874260858657, 778.4572377204895, 352.412002343494, 781.5540633201599, 351.4407207044049, 823.7946553230286], [1230.8112325805823, 837.4728956222534, 1238.228706009891, 765.167332649231, 1387.1909890031127, 780.4420537948608, 1379.773515573804, 852.7476167678833], [1066.5465620648345, 832.6589641571045, 1067.7418572862057, 766.9350843429565, 1199.8059782775638, 769.3357572555542, 1198.6106830561926, 835.0596370697021], [525.4260943451527, 833.2159924507141, 529.420497669305, 758.4809460639954, 744.9936440244102, 769.997564792633, 740.9993165342398, 844.7326111793518], [53.425950196592396, 823.5703125, 53.425950196592396, 752.765625, 216.18872870249015, 752.765625, 216.18872870249015, 823.5703125], [1623.3390700514008, 667.788824558258, 1624.7841624088712, 595.5472512245178, 1746.1491702418496, 597.9740052223206, 1744.704077884379, 670.2155785560608], [1092.218715762717, 643.8318314552307, 1097.6652640046486, 602.3116536140442, 1196.4029283436066, 615.2580313682556, 1190.956380101675, 656.7782092094421], [1472.803004433568, 603.1703202724457, 1589.190876372051, 597.4476449489594, 1592.058917564302, 655.7505083084106, 1475.671045625819, 661.473183631897], [1228.5861118861608, 595.7131011486053, 1394.4483010628276, 590.5310776233673, 1396.7491040711009, 664.1364870071411, 1230.886839060452, 669.318434715271], [913.2110091743119, 648.421875, 913.2110091743119, 591.28125, 1043.6697247706422, 591.28125, 1043.6697247706422, 648.421875], [47.21363040629095, 640.96875, 47.21363040629095, 591.28125, 224.88597640891217, 591.28125, 224.88597640891217, 640.96875], [617.8940325695753, 648.1568183898926, 624.4482119498996, 580.9908971786499, 771.4176916519905, 595.326244354248, 764.8635122716661, 662.4921655654907], [439.8504033919868, 647.4502787590027, 441.91581772070566, 584.1255555152893, 604.9509160553018, 589.4407138824463, 602.885501726583, 652.7654371261597], [797.6618610747051, 648.421875, 797.6618610747051, 590.0390625, 867.2398427260813, 590.0390625, 867.2398427260813, 648.421875], [279.4557684702142, 649.4888491630554, 281.25765971212525, 584.6346294879913, 409.40867140783706, 588.1935982704163, 407.606780165926, 653.0477800369263], [847.670504548759, 426.0573856830597, 991.288084337627, 420.0746576786041, 993.8203326584002, 480.8363835811615, 850.2027528695322, 486.81911158561707], [43.35195550881082, 417.9206557273865, 269.61966498338694, 404.41520261764526, 273.99378801298326, 477.6656742095947, 47.726078538407194, 491.17112731933594], [1252.3055405523016, 475.2654941082001, 1254.1919866839366, 413.02510714530945, 1336.3826761908174, 415.515168428421, 1334.4962300591824, 477.75555539131165], [1501.6279559254178, 475.45515060424805, 1506.4149001935207, 408.45269107818604, 1695.3704326824623, 421.9464683532715, 1690.5834884143594, 488.9489278793335], [1362.9829619921363, 475.7578125, 1362.9829619921363, 407.4375, 1476.0471821756225, 407.4375, 1476.0471821756225, 475.7578125], [720.6290956749672, 474.515625, 720.6290956749672, 409.921875, 824.9960681520314, 409.921875, 824.9960681520314, 474.515625], [1123.7031649968258, 470.1294915676117, 1125.5729276524614, 404.70190501213074, 1258.195338417943, 408.4902584552765, 1256.3255757623074, 473.91784501075745], [534.4317209386263, 470.30940556526184, 540.8900461659363, 405.74022030830383, 714.4659921388638, 423.0939223766327, 708.0076669115539, 487.6631076335907], [1029.203634399574, 412.93367171287537, 1078.680454159158, 410.1856048107147, 1080.7448068121314, 447.3365943431854, 1031.2679870525476, 450.08466124534607], [337.3735170776847, 