{"predictions": [{"rec_texts": ["pyous", "i", "u", "squage", "ae", "fresk", "i", "shi", "ile", "and", "his", "world", "seauy", "p", "memones", "tue", "gooal", "i", "hime", "e", "here", "ou", "vyol", "yu", "cntve", "ancl", "flor", "gly", "asked", "elsel", "whot", "owt", "bonoli", "invasions", "solant", "the", "greak", "thelps", "must", "plainly", "man", "useless", "is", "crealure", "oluer", "sus", "flor", "yayo", "companian", "and", "her", "enjey", "can", "clynt", "she", "before", "mouths", "wilh", "looh", "captive", "said", "cuvef", "he", "moll"], "rec_scores": [0.7055006325244904, 0.18448592722415924, 0.8828817009925842, 0.9815130631128947, 0.9932901561260223, 0.745286476612091, 0.5378836989402771, 0.7726372480392456, 0.7368810971577963, 0.9978013038635254, 0.5862694482008616, 0.9936227917671203, 0.6244166910648346, 0.12329063564538956, 0.8722853362560272, 0.6726232767105103, 0.785970664024353, 0.5439687371253967, 0.8010020107030869, 0.3466259837150574, 0.994417130947113, 0.8364497721195221, 0.7631835490465164, 0.9584426581859589, 0.4899311065673828, 0.8731410652399063, 0.9853561371564865, 0.8622995217641195, 0.9956013798713684, 0.9370344877243042, 0.9107445478439331, 0.7356372078259786, 0.9080923746029536, 0.8232133057382371, 0.7040375297268232, 0.7787891924381256, 0.7185566186904907, 0.8584457735220591, 0.9888522028923035, 0.9976730261530194, 0.9785763422648112, 0.9956362332616534, 0.8401407599449158, 0.9640175327658653, 0.8891994953155518, 0.384102667371432, 0.9789192974567413, 0.7172037363052368, 0.9711870617336698, 0.9996918439865112, 0.9161503712336222, 0.7541205883026123, 0.831724226474762, 0.4852024734020233, 0.9995161493619283, 0.8447501262029012, 0.9704015851020813, 0.9644801765680313, 0.6948924213647842, 0.8827392416340964, 0.9852986633777618, 0.8594472289085389, 0.6782203912734985, 0.6698140949010849], "det_polygons": [[1382.1920670108211, 1254.6519651412964, 1385.1840882367744, 1167.8979473114014, 1525.7363220894902, 1172.743600845337, 1522.744300863537, 1259.497618675232], [1300.424094707521, 1232.6875, 1300.424094707521, 1177.9296875, 1369.2026462395545, 1177.9296875, 1369.2026462395545, 1232.6875], [678.5700930539613, 1194.5593791007996, 689.8983854331015, 1184.8512835502625, 700.50743596069, 1197.2261052131653, 689.1791435815499, 1206.9342007637024], [380.6638807121426, 1220.1275386810303, 382.54135692883335, 1156.7754220962524, 608.8778742628177, 1163.4804000854492, 607.000398046127, 1226.832516670227], [820.093210119391, 1208.554988861084, 823.9672588040238, 1159.1698017120361, 923.6250117309911, 1166.9846849441528, 919.7509630463583, 1216.3698720932007], [1090.7574765516192, 1235.5249090194702, 1093.9489762245116, 1146.1798686981201, 1278.1697318839497, 1152.7580003738403, 1274.9782322110573, 1242.1030406951904], [717.0800835654596, 1169.015625, 725.9958217270196, 1169.015625, 725.9958217270196, 1176.65625, 717.0800835654596, 1176.65625], [950.5149551434106, 1219.5706429481506, 951.7662431722232, 1145.7540163993835, 1069.299317256322, 1147.74578332901, 1068.0480292275092, 1221.562409877777], [703.132917483869, 1162.2244505882263, 739.1060490090204, 1135.5826830863953, 781.3664053489239, 1192.6234183311462, 745.3932738237727, 1219.2651858329773], [37.24397578810583, 1144.539960384369, 184.40925346310758, 1138.7319226264954, 187.02750525301877, 1205.0484499931335, 39.86222271932533, 1210.856487751007], [230.67791385703765, 1207.8909888267517, 232.62862027521587, 1129.8780188560486, 327.4901253957935, 1132.2490811347961, 325.5393995428484, 1210.2620511054993], [1595.7658506940668, 987.0568423271179, 1781.6436923141268, 985.4684653282166, 1782.165787890761, 1046.5563130378723, 1596.287946270701, 1048.1446900367737], [1353.2558758663934, 1052.6113591194153, 1359.6908049091987, 971.1166443824768, 1572.5095867698903, 987.9149203300476, 1566.074657727085, 1069.409635066986], [1119.4531430215225, 1004.4471454620361, 1120.8665947449242, 991.7283153533936, 1142.1153249926554, 994.0888071060181, 1140.7018732692538, 1006.8076372146606], [765.1833082108777, 1032.5331110954285, 766.0443461213604, 977.7288193702698, 1052.4910425382736, 982.2272000312805, 1051.630004627791, 1037.0314917564392], [1202.878667719849, 1043.8724875450134, 1204.028428526642, 973.7479281425476, 1322.8659641616525, 975.6957030296326, 1321.7162033548595, 1045.8202624320984], [358.38436930026853, 980.350076675415, 527.1907894591435, 955.971489906311, 538.9067665673897, 1037.067011833191, 370.1003464085146, 1061.445598602295], [290.39832869080783, 992.0078125, 290.39832869080783, 985.640625, 296.76671309192204, 985.640625, 296.76671309192204, 992.0078125], [561.3525618444246, 965.8357338905334, 724.1068401283541, 963.8268675804138, 725.0323237257084, 1038.7753176689148, 562.278045441779, 1040.7841839790344], [273.84052924791087, 1012.3828125, 273.84052924791087, 979.2734375, 292.9456824512535, 979.2734375, 292.9456824512535, 1012.3828125], [35.66295264623956, 1027.6640625, 35.66295264623956, 965.265625, 184.683147632312, 965.265625, 184.683147632312, 1027.6640625], [241.7003224407398, 974.3520803451538, 312.6882960072467, 970.0506534576416, 315.96048883209653, 1024.031376838684, 244.97251526558966, 1028.3328037261963], [1194.61142885851, 817.5544142723083, 1311.6847540980264, 808.5505023002625, 1316.936805491328, 876.8141827583313, 1199.8634802518118, 885.8180947303772], [1358.2414377366601, 877.5509328842163, 1361.7608407958305, 807.1784324645996, 1489.6366313626177, 813.5709581375122, 1486.117228303447, 883.9434585571289], [1508.7316784871987, 856.8024668693542, 1509.4450121696282, 809.7347121238708, 1700.587654390043, 812.6302590370178, 1699.8743207076136, 859.6980137825012], [903.3316946215617, 853.761730670929, 904.8740377187065, 796.705295085907, 1037.7901184592074, 800.2969422340393, 1036.2477753620626, 857.3533778190613], [702.6761227238478, 788.5027222633362, 868.3892276519521, 786.6618962287903, 869.1257275764657, 852.9289908409119, 703.4126226483614, 854.7698168754578], [1066.095534810781, 865.725001335144, 1077.6536238731449, 778.2307357788086, 1200.121418477433, 794.4027080535889, 1188.5633294150691, 881.8969736099243], [42.32816424144012, 795.2914094924927, 234.79629643049748, 784.340033531189, 237.87021576395276, 838.3431415557861, 45.40208357489541, 849.2945175170898], [512.378115470695, 786.9790897369385, 683.0785702676162, 778.359447479248, 686.6049698428524, 848.1690673828125, 515.9045150459311, 856.7887096405029], [303.40187853757385, 837.6804628372192, 306.5336746067058, 775.0566244125366, 481.4180654456689, 783.7992267608643, 478.28626937653695, 846.4230651855469], [441.40848832409364, 671.8230786323547, 442.780116429236, 629.3098216056824, 559.672387380786, 633.0797686576843, 558.3007592756436, 675.5930256843567], [1526.859185178964, 617.8157734870911, 1704.9736925725485, 616.1034648418427, 1705.6478457650103, 686.1972842216492, 1527.5333383714258, 687.909631729126], [1187.7107650629325, 617.8418500423431, 1423.6669478137514, 614.7580544948578, 1424.5631237826972, 683.3122301101685, 1188.6070187709458, 686.3960256576538], [801.445318110474, 635.8415906429291, 962.2297661656457, 600.3504273891449, 977.7570565311358, 670.6666164398193, 816.9726084759641, 706.1577796936035], [1034.4164761514053, 668.0232076644897, 1041.2481853942022, 609.1111395359039, 1167.1268593195755, 623.7030124664307, 1160.2951500767786, 682.6150417327881], [597.9009624683093, 608.2571032047272, 776.1312233332472, 596.7605679035187, 782.3504264640277, 693.140643119812, 604.1201655990899, 704.6371784210205], [234.05623994365047, 665.5041580200195, 248.24519395961073, 593.7383301258087, 405.814840056438, 624.8799939155579, 391.6258666057109, 696.6458606719971], [42.56775604715587, 659.2453184127808, 48.863881985125104, 589.2140672206879, 215.72688376339033, 604.2101850509644, 209.4307578254211, 674.2414751052856], [1222.5028846761975, 523.2385559082031, 1223.127595821795, 439.5289273262024, 1447.22530575383, 441.2010135650635, 1446.6005946082325, 524.9106421470642], 