{"predictions": [{"rec_texts": ["hme", "spoke", "hue", "sis", "slow", "prolesh", "perpetual", "eglwes", "e", "uttle", "walking", "ws", "rar", "connected", "huwbs", "and", "lobes", "wiftl", "klysan", "tue", "you", "are", "caphivess", "why", "suen", "nast", "do", "swe", "ked", "ask", "won", "shy", "rule", "tue", "jue", "cophives", "pla", "s", "looons", "yu", "nou", "asay", "red", "tere", "thers", "togell", "hob", "qulte", "vy", "us", "cy", "and", "nule", "lets", "flor", "so"], "rec_scores": [0.8984751105308533, 0.9959404110908509, 0.9865018526713053, 0.2364404300848643, 0.5622976683080196, 0.89869396175657, 0.983511573738522, 0.49343376358350116, 0.6904423236846924, 0.9379370450973511, 0.8162786620003837, 0.6062268316745758, 0.7006784876187643, 0.9983907275729709, 0.8082294821739197, 0.9842815001805624, 0.9802209496498108, 0.7530001640319824, 0.7655546565850576, 0.9031028747558594, 0.9741682211558024, 0.9989492694536845, 0.8461863862143623, 0.7632498244444529, 0.7834062725305557, 0.8003049194812775, 0.8256292641162872, 0.610668420791626, 0.9696788589159647, 0.9982921282450358, 0.9898114601771036, 0.465441236893336, 0.9875296354293823, 0.9842151006062826, 0.6323376297950745, 0.9715128839015961, 0.5389275252819061, 0.14344094693660736, 0.5041936884323756, 0.7394724786281586, 0.8224496245384216, 0.8495385646820068, 0.8836726148923238, 0.9648838192224503, 0.9428454518318177, 0.8249746213356653, 0.724894126256307, 0.9299708127975463, 0.5215778276324272, 0.9978058338165283, 0.9058434367179871, 0.9869152108828226, 0.8803723156452179, 0.9957741051912308, 0.9580089598894119, 0.9974256455898285], "det_polygons": [[743.5166890697362, 1215.3505461215973, 745.6053685461235, 1150.619319677353, 883.833478127589, 1155.0770237445831, 881.7447986512018, 1219.8082501888275], [48.41338495426969, 1159.2185726165771, 231.64310110417617, 1141.5434231758118, 238.9679861165973, 1217.4350581169128, 55.73826518211131, 1235.1102075576782], [404.41363554435225, 1210.934552192688, 405.4357748336325, 1144.5125727653503, 529.7506334212749, 1146.4246573448181, 528.7284941319946, 1212.8466367721558], [556.9756563499134, 1141.5506937503815, 702.8604711017829, 1126.3131000995636, 712.7314031148427, 1220.7661292552948, 566.8465883629732, 1236.0037229061127], [269.66349422161795, 1232.58984375, 269.66349422161795, 1134.78515625, 370.0033990482665, 1134.78515625, 370.0033990482665, 1232.58984375], [1396.631772205345, 997.2473909854889, 1594.2378148766782, 981.5131022930145, 1599.8283472326966, 1051.6862390041351, 1402.2223045613634, 1067.4205276966095], [481.45623617476946, 990.1454937458038, 777.6357934719684, 978.2419559955597, 780.3220477904858, 1045.044760465622, 484.14249049328686, 1056.948298215866], [1007.3322788344849, 987.307826757431, 1215.0859170443018, 965.6350858211517, 1224.3321743569027, 1054.2212970256805, 1016.5785361470857, 1075.8940379619598], [1321.9782460910944, 988.078125, 1335.7749830047585, 988.078125, 1335.7749830047585, 1008.140625, 1321.9782460910944, 1008.140625], [831.5668846975776, 1044.50390625, 831.5668846975776, 968.015625, 980.8224931272173, 968.015625, 980.8224931272173, 1044.50390625], [41.31100681183048, 1049.695402622223, 44.90589105539951, 965.8376669883728, 268.539768740241, 975.4193658828735, 264.94490363499, 1059.2771015167236], [317.6081004295115, 1033.4420714378357, 323.5662990131806, 958.9851121902466, 432.2412858310806, 967.676739692688, 426.2831063857295, 1042.133698940277], [641.4222215228466, 818.020610332489, 754.496112463022, 814.8804874420166, 755.6071301012279, 854.8701782226562, 642.5332774376885, 858.0103011131287], [1467.1772966313572, 861.2297115325928, 1467.674892900105, 808.4993720054626, 1768.857206530023, 811.3399472236633, 1768.359610261275, 864.0702867507935], [1188.554160547937, 862.4751226902008, 1189.2685556833148, 806.05837225914, 1425.1723631152809, 809.0437467098236, 1424.457967979903, 865.4604971408844], [1013.9738876166431, 862.3058331012726, 1015.0842162753999, 794.5925996303558, 1141.9348254485813, 796.6715247631073, 1140.8244967898245, 864.384758234024], [816.5159755268525, 794.9765625, 969.5343303874914, 794.9765625, 969.5343303874914, 866.44921875, 816.5159755268525, 866.44921875], [454.88291125164636, 856.7394046783447, 457.401667010776, 787.9126253128052, 608.580982615395, 793.4420886039734, 606.0622268562654, 862.2688679695129], [207.80201987779358, 854.0237302780151, 214.66892493978636, 777.3641695976257, 436.5575889727439, 797.2293691635132, 429.69068391075103, 873.8889298439026], [36.87049598616049, 854.9768643379211, 37.87822412196508, 783.4477272033691, 165.0444145902819, 785.238278388977, 164.03670559279533, 856.767415523529], [1248.3179986825369, 690.0229103565216, 1251.7800438606682, 617.3417315483093, 1374.4778676814242, 623.182911157608, 1371.0158225032928, 695.8640899658203], [1096.729735498279, 674.8267207145691, 1099.5049447189942, 622.1106544733047, 1214.0503809324014, 628.1376929283142, 1211.2751717116862, 680.8537974357605], [1411.978712879339, 618.9581333398819, 1670.639358406404, 608.372597694397, 1673.3132110948386, 673.671694278717, 1414.6525655677738, 684.25719165802], [915.6969403669511, 683.6887092590332, 920.6151818872551, 602.5587784051895, 1067.014587734282, 611.428994178772, 1062.096346213978, 692.5589632987976], [718.2471429240047, 668.1771297454834, 718.9375003319383, 599.1565321683884, 884.4692530525047, 600.8114297389984, 883.778895644571, 669.8320655822754], [168.4767953754687, 665.1368050575256, 173.67843710914264, 592.3338632583618, 307.3801048169891, 601.881352186203, 302.1784630833152, 674.6842939853668], [543.9010081754745, 599.428642988205, 641.6638619262778, 597.392422914505, 643.1085752776331, 666.7190351486206, 545.3456832501938, 668.7552552223206], [378.2690854983456, 660.1918959617615, 384.21138013973274, 594.8448901176453, 517.2028631421679, 606.9317228794098, 511.26056850078066, 672.278728723526], [1669.405166553365, 501.5625, 1669.405166553365, 441.375, 1753.4398368456832, 441.375, 1753.4398368456832, 501.5625], [1563.7128100469758, 493.69103157520294, 1564.6482910322218, 442.2522522211075, 1668.4202321543326, 444.1384688615799, 1667.4847511690866, 495.57724821567535], [935.7844424166701, 483.30011773109436, 937.395123261971, 429.3553626537323, 1061.75438274744, 433.06657004356384, 1060.1437019021391, 487.0113251209259], [1237.532255067702, 505.705464720726, 1254.7105031172325, 411.25121104717255, 1390.801475001062, 435.98830783367157, 1373.6232269515317, 530.442561507225], [395.56844082436214, 434.48716378211975, 534.4570520376365, 426.31947684288025, 537.7224318597042, 481.81561946868896, 398.8338206464299, 489.98330640792847], [740.6060571106495, 426.79937303066254, 881.4845940792827, 421.7693599462509, 883.5983830289238, 480.9409693479538, 742.7198460602906, 485.9709824323654], [573.1917063222297, 490.27734375, 573.1917063222297, 423.8203125, 698.6165873555404, 423.8203125, 698.6165873555404, 490.27734375], [60.940567187757246, 491.7858349084854, 63.781573945855214, 408.9462858438492, 353.81716657543893, 418.88761031627655, 350.97615981734094, 501.7271593809128], [1053.8556161306083, 437.34388732910156, 1167.6108694692439, 410.0500738620758, 1180.8175337614452, 465.0626084804535, 1067.0622804228096, 492.35642194747925], [1526.9995449125806, 310.58293122053146, 1532.4507503133495, 283.3345779776573, 1553.9178188798542, 287.62678080797195, 1548.466613479085, 314.8751340508461], [1536.089786656611, 275.7113231420517, 1727.5479891509283, 248.6096441745758, 1736.1513520843068, 309.35475897789, 1544.6931495899896, 336.4564379453659], [909.3303874915023, 331.03125, 909.3303874915023, 252.03515625, 1042.2807613868117, 252.03515625, 1042.2807613868117, 331.03125], [1400.3505770581503, 329.0377732515335, 1403.1867226834688, 249.65035039186478, 1534.3123727846437, 254.33216035366058, 1531.476227159325, 333.7196023464203], [1038.2513033557634, 324.55362725257874, 1044.277730043205, 244.22257947921753, 1182.37768944715, 254.57725524902344, 1176.3512627597086, 