{"predictions": [{"rec_texts": ["aclerd", "pryprel", "verporablfy", "ser", "i", "", "s", "p", "i", "c", "lun", "died", "l", "s", "t", "s", "roilp", "car", "s", "sasl", "s", "t", "s", "e", "h", "bh", "", "h", "ayread", "s", "s", "hod", "crdt", "h", "al", "del", "mol", "slersed", "hap", "jufl", "tushow", "ks", "thachedl", "sad", "fle", "e", "agpu", "ler", "mu", "cer", "soff", "wad", "s", "f", "gell", "pal", "exylas", "wulk", "guk", "2", "wap", "rexsnkns", "usvel", "uar", "sarkh"], "rec_scores": [0.7421883294979731, 0.7282907622201102, 0.48690351301973517, 0.6980127294858297, 0.29042166471481323, NaN, 0.09351550042629242, 0.2176866978406906, 0.21174412965774536, 0.12907598912715912, 0.4784250358740489, 0.5898398980498314, 0.1344483494758606, 0.19568787515163422, 0.12666036188602448, 0.20979729294776917, 0.638207346200943, 0.4968632558981578, 0.3741665184497833, 0.5038496926426888, 0.24001899361610413, 0.12804961204528809, 0.8748432993888855, 0.1392800658941269, 0.41609513759613037, 0.29386211931705475, NaN, 0.489467978477478, 0.6068669060866038, 0.2743180990219116, 0.13743992149829865, 0.5761605699857076, 0.537217028439045, 0.9064357876777649, 0.7111354023218155, 0.5437780320644379, 0.5645366013050079, 0.5745849055903298, 0.6066697090864182, 0.4811263978481293, 0.7740867932637533, 0.6771559715270996, 0.6537675745785236, 0.548507571220398, 0.731841524442037, 0.8156201243400574, 0.6096106916666031, 0.5363927880922953, 0.45616617053747177, 0.6992342273394266, 0.6464638933539391, 0.8614295919736227, 0.18279996514320374, 0.1722632348537445, 0.7274279817938805, 0.5797386765480042, 0.7965748111406962, 0.6943687200546265, 0.6343757410844167, 0.34842973947525024, 0.6781437397003174, 0.5764530934393406, 0.8379530310630798, 0.33976898590723675, 0.651567816734314], "det_polygons": [[807.5300338913448, 1196.0100421905518, 1069.9409293757096, 1182.9787254333496, 1073.8373743016405, 1261.4889678955078, 811.4264788172757, 1274.52028465271], [319.5949870016109, 1191.1817631721497, 646.0401313875806, 1170.0006756782532, 651.6570107016294, 1256.6199126243591, 325.21188645607305, 1277.8010001182556], [1318.2714202108511, 1268.0252561569214, 1319.2065798829392, 1162.0086107254028, 1906.4214378916388, 1167.191385269165, 1905.486278219551, 1273.2080307006836], [89.36816992440987, 1238.4710149765015, 99.51789094502858, 1158.2644481658936, 264.84973841623236, 1179.1987829208374, 254.70001739561363, 1259.4053497314453], [1738.337443218689, 1032.484375, 1738.337443218689, 1019.28125, 1770.0155743024009, 1019.28125, 1770.0155743024009, 1032.484375], [1795.094094743673, 1023.2421875, 1795.094094743673, 1016.640625, 1801.6937053861127, 1016.640625, 1801.6937053861127, 1023.2421875], [1751.536664503569, 1023.2421875, 1751.536664503569, 1016.640625, 1759.456197274497, 1016.640625, 1759.456197274497, 1023.2421875], [1734.377676833225, 1027.203125, 1734.377676833225, 1015.3203125, 1755.496430889033, 1015.3203125, 1755.496430889033, 1027.203125], [1737.0175210902012, 1012.6796875, 1737.0175210902012, 1006.078125, 1748.896820246593, 1006.078125, 1748.896820246593, 1012.6796875], [1372.7190136275144, 1033.8046875, 1372.7190136275144, 1002.1171875, 1414.9565217391303, 1002.1171875, 1414.9565217391303, 1033.8046875], [840.5420242695743, 1042.7474193572998, 846.4869909168914, 978.8202476501465, 999.68431991389, 993.0753355026245, 993.739353266573, 1057.0025072097778], [1660.0463395066108, 1052.3030037879944, 1664.4968874842837, 974.394896030426, 1840.114202362001, 984.4331068992615, 1835.6636543843283, 1062.3412146568298], [229.66645035691107, 999.4765625, 229.66645035691107, 991.5546875, 237.58598312783906, 991.5546875, 237.58598312783906, 999.4765625], [222.40689879064044, 996.17578125, 228.34654836883644, 990.234375, 233.6262368827884, 995.515625, 227.68658730459242, 1001.45703125], [219.10707332900714, 994.1953125, 219.10707332900714, 986.2734375, 227.0266060999351, 986.2734375, 227.0266060999351, 994.1953125], [215.14730694354313, 992.875, 215.14730694354313, 986.2734375, 221.7469175859831, 986.2734375, 221.7469175859831, 992.875], [1050.490526599129, 1046.0951013565063, 1058.0262636534972, 956.392502784729, 1276.4670921092988, 974.7542266845703, 1268.9313550549307, 1064.4568252563477], [1521.8702141466579, 1023.2421875, 1521.8702141466579, 973.0703125, 1607.6651524983777, 973.0703125, 1607.6651524983777, 1023.2421875], [209.86761842959118, 977.03125, 209.86761842959118, 970.4296875, 216.46722907203113, 970.4296875, 216.46722907203113, 977.03125], [405.2160934458144, 1033.8046875, 405.2160934458144, 944.0234375, 670.5204412719013, 944.0234375, 670.5204412719013, 1033.8046875], [269.2641142115509, 971.75, 269.2641142115509, 963.828125, 275.8637248539909, 963.828125, 275.8637248539909, 971.75], [153.11096690460738, 970.4296875, 153.11096690460738, 963.828125, 159.71057754704736, 963.828125, 159.71057754704736, 970.4296875], [211.18754055807915, 965.1484375, 211.18754055807915, 958.546875, 217.78715120051913, 958.546875, 217.78715120051913, 965.1484375], [158.39065541855936, 965.1484375, 158.39065541855936, 958.546875, 164.99026606099935, 958.546875, 164.99026606099935, 965.1484375], [697.8624219256975, 1032.0737919807434, 699.3669913636639, 938.7604804039001, 826.1955244793356, 940.806706905365, 824.6909550413692, 1034.1200184822083], [92.74658327888622, 926.9918575286865, 308.16884714531324, 918.2854022979736, 312.22125943212984, 1018.6120681762695, 96.79899556570281, 1027.3185234069824], [1578.6268656716418, 838.3984375, 1578.6268656716418, 831.796875, 1585.2264763140818, 831.796875, 1585.2264763140818, 838.3984375], [1747.576898118105, 827.8359375, 1747.576898118105, 821.234375, 1754.176508760545, 821.234375, 1754.176508760545, 827.8359375], [1385.9084063906857, 807.7114062309265, 1671.4691763351211, 799.055558681488, 1674.1998941370762, 889.1941246986389, 1388.6391241926406, 897.8499722480774], [1147.6723712819648, 820.57421875, 1152.9520597959167, 815.29296875, 1158.8917093741127, 821.234375, 1153.6120208601608, 826.515625], [824.95141086665, 823.8750805854797, 828.911177252114, 815.9532055854797, 835.2468679181791, 819.1219878196716, 831.2871015327152, 827.0438628196716], [890.4918605797017, 861.782329082489, 891.8109770916561, 782.607578754425, 1035.6425305167859, 785.0054802894592, 1034.3234140048314, 864.1802306175232], [1629.1209765118024, 779.39697265625, 1778.3408155596, 776.9092988967896, 1779.9278801305968, 872.1653652191162, 1630.7080410827991, 874.6530389785767], [567.5665152498377, 777.6640625, 681.0798182998053, 777.6640625, 681.0798182998053, 859.5234375, 567.5665152498377, 859.5234375], [1128.4393238461225, 845.2343425750732, 1133.1223727553638, 767.9399738311768, 1223.5449335988196, 773.4217205047607, 1218.8618846895786, 850.7160892486572], [708.0995523402012, 857.5795545578003, 710.8900468889418, 759.880781173706, 871.0731990945409, 764.4588422775269, 868.2827045458001, 862.1576156616211], [376.77919936133696, 757.9875864982605, 550.0716660466773, 756.0177550315857, 551.1081722786796, 847.2576022148132, 377.8157055933393, 849.227433681488], [59.14763076455464, 821.0007576942444, 64.3036974214409, 741.2925314903259, 340.63319954448207, 759.1779952049255, 335.4771328875958, 838.886221408844], [1792.0856003609667, 694.9732065200806, 1799.2298077800535, 627.9770174026489, 1942.1787277310796, 643.2294311523438, 1935.034520311993, 710.2256202697754], [1061.5705735926347, 665.368720293045, 1071.0652478098636, 592.5552265644073, 1210.2728845793113, 610.7181460857391, 1200.7782103620823, 683.5316801071167], [1211.057071713021, 668.8381266593933, 1213.2789621124168, 582.5310778617859, 1566.7158252238298, 591.6351418495178, 1564.493934824434, 677.9421906471252], [835.6956768889925, 668.166446685791, 839.5209053133618, 574.418779373169, 984.8204531858371, 580.3511600494385, 980.9952247614677, 674.0988273620605], [251.80505452289123, 573.8516187667847, 560.8388518593978, 572.1531186103821, 561.3283041843263, 661.2570476531982, 252.2944867074064, 662.9555478096008], 