{"predictions": [{"rec_texts": ["e", "vup", "splace", "rebanoe", "compuatl", "pupa", "vod", "was", "calls", "h", "klyphone", "vrcceplas", "how", "t", "hol", "on", "ahem", "as", "never", "moe", "tand", "mut", "he", "uhom", "hod", "souge", "egic", "sol", "well", "yuna", "jeys", "downg", "blt", "sluf", "cuif", "hio", "crecoting", "net", "lintre", "hao", "carcer", "sohp", "thes", "cka", "rn", "ha", "nos", "aboroled", "mc", "m", "nassaily", "icot", "ud", "ceinale", "les", "uluich", "poss", "hamen", "veguals", "s", "somutlung", "uiclinud", "heen", "wad", "bochelor", "hool", "alastous", "lus", "elul", "tued"], "rec_scores": [0.09476909041404724, 0.5277728140354156, 0.9435397585233053, 0.8898593868528094, 0.7995791062712669, 0.6220409832894802, 0.5382142215967178, 0.8568756381670634, 0.9958264589309692, 0.9762153625488281, 0.8079388104379177, 0.6150697900189294, 0.712688167889913, 0.14861762523651123, 0.8133584856987, 0.996212363243103, 0.8057368621230125, 0.6342449188232422, 0.8336065769195556, 0.813009242216746, 0.7377343326807022, 0.9995555877685547, 0.9770814776420593, 0.94889996945858, 0.9612741867701212, 0.7001299858093262, 0.8921334147453308, 0.47971729934215546, 0.927845224738121, 0.4640304520726204, 0.8933604061603546, 0.6589374899864197, 0.6259866952896118, 0.4429668299853802, 0.588172972202301, 0.8965898950894674, 0.805160426431232, 0.8255536655584971, 0.7964890599250793, 0.9287572304407755, 0.7229779213666916, 0.4457470700144768, 0.5978247448801994, 0.7035418152809143, 0.5716355592012405, 0.7104499340057373, 0.8277019262313843, 0.8237682618200779, 0.5417523980140686, 0.846545398235321, 0.8613630533218384, 0.8110635131597519, 0.3541075885295868, 0.5753100556986672, 0.9215913017590841, 0.8979844450950623, 0.6759912371635437, 0.7821789264678956, 0.5487376238618579, 0.1366163045167923, 0.7503901256455315, 0.927585057914257, 0.814626932144165, 0.713037500778834, 0.9597041830420494, 0.8282842189073563, 0.7611619532108307, 0.7254366377989451, 0.8216768950223923, 0.5113923028111458], "det_polygons": [[469.7042042042042, 1384.576171875, 469.7042042042042, 1377.28125, 481.3738738738739, 1377.28125, 481.3738738738739, 1384.576171875], [440.53003003003005, 1402.083984375, 440.53003003003005, 1356.85546875, 526.5938438438438, 1356.85546875, 526.5938438438438, 1402.083984375], [504.366208990057, 1411.9869832992554, 505.20017654831344, 1328.5705490112305, 706.2485027828732, 1330.5814611911774, 705.4145352246168, 1413.9978954792023], [1139.2515015015015, 1391.87109375, 1139.2515015015015, 1327.67578125, 1433.9106606606606, 1327.67578125, 1433.9106606606606, 1391.87109375], [768.9405249060095, 1408.9425644874573, 772.4617608330988, 1320.306770324707, 1067.7076442592495, 1332.040623664856, 1064.1864083321602, 1420.6764178276062], [40.541940153540075, 1325.794881105423, 221.75519671740832, 1317.6792805194855, 226.68879992969045, 1427.883893251419, 45.47553780129006, 1435.9994938373566], [221.4079253967102, 1390.1278638839722, 222.46759037785344, 1312.756276845932, 373.70529667393225, 1314.8284549713135, 372.645631692789, 1392.2000420093536], [1444.1216216216217, 1221.169921875, 1444.1216216216217, 1162.810546875, 1594.3686186186187, 1162.810546875, 1594.3686186186187, 1221.169921875], [1107.5997305288688, 1160.582443356514, 1287.7328056816582, 1156.8290137052536, 1288.9712479508316, 1216.287257552147, 1108.8381727980423, 1220.0406872034073], [1339.0945945945946, 1222.62890625, 1339.0945945945946, 1156.974609375, 1433.9106606606606, 1156.974609375, 1433.9106606606606, 1222.62890625], [750.9137556746199, 1236.171975016594, 754.951202117645, 1139.256907582283, 1064.6322831620682, 1152.1626502275467, 1060.5948367190433, 1249.0777176618576], [311.6201646821993, 1224.1757823228836, 315.18502654112854, 1127.906856894493, 574.3715843910927, 1137.508156657219, 570.8067225321635, 1233.7770820856094], [40.32693776139268, 1198.9847037792206, 46.979536236943424, 1116.476928949356, 194.97005424843178, 1128.4138147830963, 188.31745577288103, 1210.9215896129608], [1140.7102102102103, 1009.6171875, 1140.7102102102103, 1000.86328125, 1150.9211711711712, 1000.86328125, 1150.9211711711712, 1009.6171875], [1636.0874740096542, 1044.0579099655151, 1637.8513861762153, 984.0769464969635, 1727.5701627530852, 986.7161908149719, 1725.8062505865241, 1046.6971542835236], [1107.9128578804634, 1026.651969909668, 1109.6917275093697, 991.0687444210052, 1163.3838534426761, 993.7539381980896, 1161.6049838137699, 1029.3371636867523], [1206.3521021021022, 1044.6328125, 1206.3521021021022, 984.814453125, 1416.4061561561562, 984.814453125, 1416.4061561561562, 1044.6328125], [1449.7020905640748, 1063.678863286972, 1454.7242366114895, 956.5193817615509, 1625.1781420091968, 964.510847568512, 1620.155995961782, 1071.670329093933], [578.8939909376539, 1032.7762491703033, 579.5906703593853, 971.457052230835, 749.988885919611, 973.3936972618103, 749.2922955303936, 1034.7128942012787], [1732.9824492766693, 976.6846046447754, 1904.3789418996635, 971.0331773757935, 1906.1531818378437, 1024.8608314990997, 1734.7566892148495, 1030.5122587680817], [929.3303729907886, 1031.762689590454, 933.9981696326454, 964.0657789707184, 1063.2587785692187, 972.9819331169128, 1058.590981927362, 1040.6788437366486], [789.9434730140297, 1031.7188773155212, 792.1803258947424, 963.4830400943756, 927.0257663669529, 967.9050521850586, 924.7889134862402, 1036.1408894062042], [306.8902901199845, 965.6330473423004, 388.36053815045517, 962.0901303291321, 391.3990397868572, 1031.9892311096191, 309.928814014515, 1035.5321481227875], [68.13940971534889, 961.3395334482193, 266.74989216893283, 959.5001302957535, 267.36038811715156, 1025.4459747076035, 68.74990566356762, 1027.2853778600693], [400.7789712625223, 1032.688713669777, 401.82857556958817, 958.1513890028, 553.1550027658274, 960.2832301855087, 552.1053984587616, 1034.8205548524857], [1524.670939585826, 906.9356410503387, 1529.0029055850284, 800.7852666378021, 1667.0524481696052, 806.4210212230682, 1662.7204821704029, 912.5713956356049], [1670.821728680585, 799.7751799821854, 1854.1930944311011, 787.5481714010239, 1861.4414094575532, 896.2941559553146, 1678.070043707037, 908.5211645364761], [1430.0939258197407, 858.211582660675, 1437.4656399105404, 793.328809261322, 1548.190658798447, 805.9136180877686, 1540.8187666426193, 870.7963914871216], [1060.483991239164, 798.1527900695801, 1198.5367389942433, 793.9685397148132, 1200.5828842300552, 861.5060520172119, 1062.530136474976, 865.6903023719788], [916.703158633487, 862.8687740564346, 925.3834726144602, 788.452200293541, 1051.4504852753143, 803.1627949476242, 1042.7701712943413, 877.5793687105179], [806.847275146851, 792.756578207016, 918.6279525527725, 786.8721978664398, 923.2296870692714, 874.3225672245026, 811.4490096633499, 880.2069475650787], [184.99132347106934, 849.0554405450821, 189.82315139083175, 783.8130859136581, 320.87411515061206, 793.5223134756088, 316.0422761017854, 858.7646681070328], [498.8783783783784, 847.669921875, 498.8783783783784, 779.09765625, 631.6208708708709, 779.09765625, 631.6208708708709, 847.669921875], [648.6786547365847, 882.0042303800583, 655.439338684082, 765.3602818250656, 833.2271638704134, 775.6688114404678, 826.4663908904022, 892.3127599954605], [316.72237321779176, 877.5038548707962, 329.46648726592196, 760.2358485460281, 477.3009034577791, 776.3078294992447, 464.5567894096489, 893.5758358240128], [64.18317205411894, 852.0467859506607, 64.18317205411894, 774.7206140756607, 180.87984649268714, 774.7206140756607, 180.87984649268714, 852.0467859506607], [1336.665164386188, 680.5677680969238, 1344.2815398253479, 609.8306239843369, 1572.2703925238716, 634.3879383802414, 1564.6541951497395, 705.1250824928284], [1605.1892742351727, 623.4607384800911, 1720.8977100269215, 621.191494166851, 1722.161971725143, 685.6766622662544, 1606.4535359333943, 687.9459065794945], [1197.1263749406144, 679.5601748228073, 1198.0838305957325, 618.2749947309494, 1333.687828086876, 620.3941909074783, 1332.730372431758, 