{"predictions": [{"rec_texts": ["scloy", "opf", "sau", "w", "wa", "mu", "sidymasts", "syms", "fe", "hees", "crmus", "ro", "aro", "shaded", "pahl", "shyde", "w", "crough", "erjeaps", "m", "staudshu", "bryhf", "fle", "i", "y", "exosperatoe", "u", "ocad", "ve", "thes", "wellt", "s", "exc", "she", "sclavuoy", "ertly", "yourself", "be", "t", "vrouseuse", "c", "piet", "sop", "haf", "enticise", "sku", "h", "less", "afy", "foust", "a", "joul", "achio", "slureforess", "w", "he", "sal", "arr", "carl", "noleastacrol", "yle", "schte", "all", "uy", "your", "seephyees", "beasieness", "as", "rof"], "rec_scores": [0.49524104595184326, 0.5544313391049703, 0.8184290329615275, 0.9880163073539734, 0.9963672757148743, 0.9006935954093933, 0.586430612537596, 0.4117700792849064, 0.18267133086919785, 0.975045844912529, 0.8561045289039612, 0.5712380409240723, 0.7639225522677103, 0.9759134352207184, 0.8465396016836166, 0.7383586287498474, 0.278378963470459, 0.7316838999589285, 0.7770312598773411, 0.17689472436904907, 0.874785877764225, 0.5818454802036286, 0.681455393632253, 0.1289423257112503, 0.33426910638809204, 0.886315259066495, 0.404677152633667, 0.3879103437066078, 0.7636365592479706, 0.5607223063707352, 0.7288950264453888, 0.16191615164279938, 0.7898252606391907, 0.8661210934321085, 0.6996605806052685, 0.7188693404197692, 0.927271768450737, 0.9619483947753906, 0.15425609052181244, 0.7960591978496976, 0.9601606726646423, 0.941747710108757, 0.5916817784309387, 0.9522313475608826, 0.8148907534778118, 0.9982624252637228, 0.7845181226730347, 0.888086661696434, 0.3097659150759379, 0.7689642548561096, 0.9985949397087097, 0.7619718164205551, 0.8614394783973693, 0.8741313490000638, 0.9996281862258911, 0.5623807162046432, 0.8037457664807638, 0.7021166781584421, 0.6050571799278259, 0.7837032278378805, 0.8049533069133759, 0.3457789719104767, 0.8980135321617126, 0.7447833716869354, 0.8841433376073837, 0.6651230421331193, 0.7625439912080765, 0.9999920725822449, 0.6039534757534663], "det_polygons": [[1360.9475652569306, 1718.9792954325676, 1519.663842277131, 1715.0103119015694, 1521.112133250517, 1772.9584664702415, 1362.3958562303167, 1776.9274500012398], [1219.78836851549, 1785.744310259819, 1221.526272466851, 1710.993952035904, 1359.9694149452923, 1714.2144120931625, 1358.2315109939311, 1788.9647703170776], [536.2611585042881, 1765.2802212238312, 538.4502121024478, 1712.728446006775, 656.3924409014957, 1717.6438255310059, 654.203387303336, 1770.1956007480621], [785.5068124949314, 1707.202714562416, 939.301703641159, 1701.898148059845, 941.7872657643883, 1773.997466802597, 787.9923746181607, 1779.3020333051682], [449.8619033787078, 1710.8277391195297, 539.7630225316876, 1707.0808250904083, 542.722512215479, 1778.1258790493011, 452.82136480206026, 1781.8727930784225], [980.8331316251656, 1772.5602338910103, 981.9151673102461, 1694.6400709748268, 1167.267021047203, 1697.2151274085045, 1166.1849853621222, 1775.135290324688], [1626.537135404699, 1687.6710008382797, 2094.797121463763, 1669.182471036911, 2100.8891677592455, 1823.5558265447617, 1632.6292947419377, 1842.0443563461304], [230.99087999601267, 1800.742029607296, 253.48251551327823, 1677.0072550177574, 429.01488410395325, 1708.9303112626076, 406.5232485866877, 1832.6650858521461], [368.5631487889274, 1602.4462890625, 368.5631487889274, 1593.18359375, 379.6756055363322, 1593.18359375, 379.6756055363322, 1602.4462890625], [1745.6089904679561, 1601.5822080373764, 1756.4275386506713, 1516.0935908555984, 1969.7724875479835, 1543.1060165166855, 1958.9539393652683, 1628.5946336984634], [1450.1756055363323, 1591.3310546875, 1450.1756055363323, 1522.787109375, 1689.0934256055364, 1522.787109375, 1689.0934256055364, 1591.3310546875], [792.6885813148789, 1589.478515625, 792.6885813148789, 1520.9345703125, 861.2153979238755, 1520.9345703125, 861.2153979238755, 1589.478515625], [668.3822147144991, 1595.0639480352402, 674.9462103398201, 1500.9564561843872, 810.9502508566042, 1510.4475529193878, 804.3862552312831, 1604.5550447702408], [936.9111531135534, 1502.4777001142502, 1253.6396265788887, 1500.198434829712, 1254.280121166401, 1589.2356412410736, 937.5515911801876, 1591.5149065256119], [34.70486108819507, 1502.468654513359, 251.5353430117703, 1487.407276749611, 259.3912928624137, 1600.561185836792, 42.560814471393314, 1615.6225636005402], [257.98457299466776, 1635.6090449094772, 269.5450707405909, 1465.0488127470016, 636.1406712515544, 1489.9090638160706, 624.5801735056314, 1660.4692959785461], [1583.481339345754, 1432.579289138317, 1588.884961349329, 1362.3135136961937, 1695.8152275217446, 1370.5409399867058, 1690.4116055181696, 1440.8067154288292], [1852.9754847754245, 1366.6148099899292, 2091.7920194315666, 1318.0930761098862, 2110.861711442677, 1411.9979465007782, 1872.045176786535, 1460.5196803808212], [615.392083085532, 1433.5596061348915, 623.5685063134429, 1323.1503584980965, 834.3034341145552, 1338.7641963362694, 826.1270108866445, 1449.1734439730644], [915.851643598616, 1355.13232421875, 933.446366782007, 1337.533203125, 959.3754325259516, 1363.46875, 941.7807093425606, 1381.06787109375], [1073.4129730013415, 1337.9923804402351, 1544.303327672622, 1331.6559370160103, 1545.4473102397985, 1416.7078778147697, 1074.5569555685183, 1423.0443212389946], [61.486279332514044, 1444.71837246418, 65.26532174476704, 1289.7394139766693, 408.6889025414279, 1298.1176756620407, 404.9098601291749, 1453.0966341495514], [459.3148788927336, 1402.3720703125, 459.3148788927336, 1304.1875, 620.4455017301038, 1304.1875, 620.4455017301038, 1402.3720703125], [1959.4965397923877, 1217.1181640625, 1959.4965397923877, 1207.85546875, 1972.46107266436, 1207.85546875, 1972.46107266436, 1217.1181640625], [488.9480968858132, 1220.8232421875, 488.9480968858132, 1187.4775390625, 537.1020761245675, 1187.4775390625, 537.1020761245675, 1220.8232421875], [619.6643266776854, 1184.4159423708916, 1154.1969071754536, 1166.5938472151756, 1156.620409374831, 1239.317764699459, 622.0878853979408, 1257.139859855175], [90.14513391276958, 1231.5832105875015, 91.89355074740612, 1173.8706939220428, 191.81389982890093, 1176.8993872404099, 190.06548299426439, 1234.6119039058685], [244.4740484429066, 1226.380859375, 244.4740484429066, 1165.2470703125, 381.5276816608997, 1165.2470703125, 381.5276816608997, 1226.380859375], [1287.7099595647371, 1259.8957152366638, 1296.3874968954437, 1138.3805049657822, 1485.1299250513625, 1151.8654606342316, 1476.452387720656, 1273.3806709051132], [1873.8737402259273, 1237.78103017807, 1892.394501471602, 1145.15407705307, 2016.341169205504, 1169.9496520757675, 1997.8204079598293, 1262.5766052007675], [1501.6310822905966, 1155.4233216047287, 1867.8429625620067, 1142.7922706604004, 1870.907072390652, 1231.672309756279, 1504.6951921192422, 1244.3033607006073], [1481.6608996539794, 1028.1591796875, 1481.6608996539794, 1018.896484375, 1490.9212802768168, 1018.896484375, 1490.9212802768168, 1028.1591796875], [1059.3875432525952, 1061.5048828125, 1059.3875432525952, 989.255859375, 1168.6600346020762, 989.255859375, 1168.6600346020762, 1061.5048828125], [829.7301038062284, 1070.767578125, 829.7301038062284, 970.73046875, 1020.4939446366783, 970.73046875, 1020.4939446366783, 1070.767578125], [1168.3690651230334, 969.8746418356895, 1573.8781030780306, 967.3708195090294, 1574.4564246999353, 1061.0692240595818, 1168.947386744938, 1063.573046386242], [1583.4559049507327, 974.3732452988625, 1852.6564809409806, 959.9482255578041, 1858.470670601076, 1068.506517112255, 1589.2700946108282, 1082.9315368533134], [262.60880035347594, 1085.2303632497787, 263.3748843315151, 957.2656395435333, 689.1708196620216, 959.8160467147827, 688.4047356839824, 1087.7807704210281], [89.01894129188828, 1049.6892927885056, 100.31215180657728, 939.5530526936054, 244.72712067336775, 954.368559718132, 233.43391015867874, 1064.5048563480377], [280.8816327685716, 863.3950293660164, 300.45893878342787, 835.4204909801483, 333.2742256771735, 858.3969956636429, 313.6969196623172, 