{"predictions": [{"rec_texts": ["an", "2", "l", "mbe", "olus", "sapo", "ocilar", "liba", "a", "ls", "ousings", "hai", "lvaro", "coldly", "v", "hired", "dofeetal", "ssripi", "oous", "obrs", "taa", "babe", "lis", "you", "dipperd", "dyls", "mals", "wason", "absh", "i", "twaok", "lling", "clutch", "aolul", "nnoy", "ie", "you", "wans", "do", "l", "dm", "hhal", "all", "lomiolo", "ps", "om", "cov", "mada", "boxer", "frd", "ad", "jn", "des", "badk", "rag", "an", "ou", "fladyn", "agsabos", "bl", "do", "wia", "sanks"], "rec_scores": [0.6117550730705261, 0.8125825524330139, 0.3355410397052765, 0.48121995727221173, 0.6460416167974472, 0.5405793190002441, 0.9025422732035319, 0.9304852485656738, 0.6773247122764587, 0.23166396468877792, 0.7181090457098824, 0.5716050565242767, 0.8769734025001525, 0.935705562432607, 0.1918761283159256, 0.7641763746738434, 0.5420835241675377, 0.5229948411385218, 0.5998370125889778, 0.7510790377855301, 0.3624546527862549, 0.7434667348861694, 0.5487107361356417, 0.7677299678325653, 0.7476110415799277, 0.45893266797065735, 0.8098767176270485, 0.647851312160492, 0.43120720237493515, 0.3380686342716217, 0.5080348789691925, 0.6691890835762024, 0.8720614314079285, 0.6208214640617371, 0.7169587016105652, 0.4762088805437088, 0.9423982699712118, 0.8077776357531548, 0.8715552985668182, 0.26996564865112305, 0.7050369083881378, 0.6869961321353912, 0.9638945659001669, 0.6795126327446529, 0.5181228816509247, 0.8375756144523621, 0.7796094020207723, 0.767916165292263, 0.9705731630325317, 0.6341367065906525, 0.9647574722766876, 0.406903013586998, 0.3822939147551854, 0.6794468238949776, 0.6632476051648458, 0.9526678025722504, 0.33626531064510345, 0.614095613360405, 0.7206722710813794, 0.62325818836689, 0.4808562248945236, 0.5597200592358907, 0.4516546607017517], "det_polygons": [[278.0953919887543, 1387.6876888275146, 283.79070258140564, 1333.582498550415, 366.5399179458618, 1342.2928714752197, 360.84462904930115, 1396.3980617523193], [493.390625, 1380.640625, 493.390625, 1343.671875, 500.5, 1343.671875, 500.5, 1380.640625], [439.359375, 1367.84375, 439.359375, 1342.25, 474.90625, 1342.25, 474.90625, 1367.84375], [876.5993890762329, 1326.5081844329834, 1088.0262308120728, 1315.2819328308105, 1091.7392129898071, 1385.2096481323242, 880.3123712539673, 1396.435899734497], [652.4086937904358, 1319.7212133407593, 832.8867998123169, 1317.7380170822144, 833.6990146636963, 1391.6510438919067, 653.2209520339966, 1393.6342401504517], [514.8047533035278, 1314.2764492034912, 649.3213834762573, 1311.8306922912598, 651.0308618545532, 1405.8502674102783, 516.5142316818237, 1408.2960243225098], [1093.421875, 1389.171875, 1093.421875, 1306.703125, 1256.9375, 1306.703125, 1256.9375, 1389.171875], [48.85513770580292, 1302.4405374526978, 235.50622630119324, 1291.954556465149, 240.61502647399902, 1382.89120388031, 53.96394872665405, 1393.377184867859], [613.1126041412354, 1180.725121498108, 638.7063541412354, 1167.928246498108, 648.6594791412354, 1187.834496498108, 623.0657291412354, 1200.631371498108], [488.37882804870605, 1203.2582473754883, 494.4041795730591, 1143.0045585632324, 557.0511207580566, 1149.2691745758057, 551.0257692337036, 1209.5228633880615], [1306.468373298645, 1209.2329168319702, 1323.0611963272095, 1113.8237504959106, 1537.941795349121, 1151.194312095642, 1521.3489723205566, 1246.6034784317017], [1563.1297416687012, 1200.537036895752, 1565.1872253417969, 1136.7566051483154, 1824.661708831787, 1145.1267833709717, 1822.6042251586914, 1208.9072151184082], [713.78125, 1210.015625, 713.78125, 1136.078125, 871.609375, 1136.078125, 871.609375, 1210.015625], [65.99104642868042, 1217.931487083435, 68.43200850486755, 1124.3616285324097, 293.91156005859375, 1130.2436990737915, 291.4705979824066, 1223.813557624817], [383.90625, 1137.5, 395.28125, 1137.5, 395.28125, 1148.875, 383.90625, 1148.875], [951.117823600769, 1204.8635845184326, 954.436110496521, 1108.6337852478027, 1138.8645105361938, 1114.9933433532715, 1135.546223640442, 1211.2231426239014], [1351.4057502746582, 962.6678676605225, 1666.0837669372559, 957.6196212768555, 1667.1824569702148, 1026.102897644043, 1352.5044403076172, 1031.15114402771], [876.8639078140259, 1039.6330137252808, 901.2773904800415, 953.0761995315552, 1026.9756879806519, 988.5295209884644, 1002.5622053146362, 1075.08633518219], [705.963454246521, 1026.4062089920044, 706.9337034225464, 956.5503511428833, 844.9869699478149, 958.4677648544312, 844.0167207717896, 1028.3236227035522], [68.98278546333313, 1023.0619735717773, 70.66362500190735, 951.9071273803711, 303.3853967189789, 957.4045696258545, 301.70455718040466, 1028.5594158172607], [1163.3449907302856, 1027.194471359253, 1176.1682481765747, 948.9724273681641, 1309.3001470565796, 970.797306060791, 1296.4768896102905, 1049.0193500518799], [548.1757707595825, 1021.6991119384766, 550.0842456817627, 946.3161315917969, 720.096287727356, 950.620288848877, 718.1878128051758, 1026.0032691955566], [340.88654708862305, 946.4444856643677, 486.60295963287354, 939.5055551528931, 491.13883113861084, 1034.7583360671997, 345.42241859436035, 1041.6972665786743], [407.64203357696533, 791.7928419113159, 590.039158821106, 782.673020362854, 594.7444334030151, 876.7792062759399, 412.3473081588745, 885.8990278244019], [1484.0910568237305, 780.8440399169922, 1812.6837310791016, 778.6086483001709, 1813.2658805847168, 864.1976432800293, 1484.6732063293457, 866.4330348968506], [1022.6439332962036, 809.7652759552002, 1217.2349557876587, 772.8954601287842, 1233.3430013656616, 857.9097690582275, 1038.7519788742065, 894.7795848846436], [177.754075050354, 781.2780485153198, 378.7754716873169, 775.3656034469604, 380.96174335479736, 849.6988401412964, 179.94034671783447, 855.6112852096558], [637.936273097992, 848.4349994659424, 639.392514705658, 768.7067260742188, 1007.3536567687988, 775.4274806976318, 1005.8974151611328, 855.1557540893555], [1253.6912441253662, 845.6250953674316, 1255.1131191253662, 771.6875953674316, 1452.352626800537, 775.4805927276611, 1450.930751800537, 849.4180927276611], [76.78125, 777.765625, 85.3125, 777.765625, 85.3125, 790.5625, 76.78125, 790.5625], [1695.7588119506836, 672.0185751914978, 1697.6993103027344, 602.1635851860046, 1859.194595336914, 606.649555683136, 1857.2540969848633, 676.5045456886292], [512.1963624954224, 681.0073089599609, 527.7311105728149, 578.3056526184082, 767.0335235595703, 614.5026292800903, 751.4987754821777, 717.2042856216431], [1095.107834815979, 671.8182334899902, 1097.070029258728, 595.9457893371582, 1322.20081615448, 601.7681522369385, 1320.238621711731, 677.6405963897705], [200.43894338607788, 668.9557814598083, 202.98953580856323, 591.1626257896423, 425.8910927772522, 598.4709105491638, 423.34050035476685, 676.2640662193298], [1460.8234748840332, 668.5141792297363, 1470.111831665039, 589.5637540817261, 1577.7716522216797, 602.2295846939087, 1568.4832954406738, 681.180009841919], [928.0152187347412, 666.3180141448975, 933.6666164398193, 587.1982727050781, 1056.2365112304688, 595.9532527923584, 1050.5851135253906, 675.0729942321777], [1129.5939445495605, 439.40923261642456, 1296.4568424224854, 428.9802689552307, 1301.6463737487793, 512.0133776664734, 1134.7834758758545, 522.4423413276672], [1330.2396516799927, 485.65097856521606, 1332.487193107605, 417.47509241104126, 1512.4011573791504, 423.4062829017639, 1510.1534423828125, 491.5821690559387], [1657.2076358795166, 419.9776062965393, 1768.1524181365967, 417.3360638618469, 1769.7999324798584, 486.52862882614136, 1658.8551502227783, 489.17017126083374], [1552.6875, 469.21875, 1552.6875, 423.71875, 1620.9375, 423.71875, 1620.9375, 469.21875], [356.0329785346985, 494.13428020477295, 358.24051237106323, 408.0398530960083, 528.4255156517029, 412.40354442596436, 526.2179818153381, 498.497971534729], [757.2699356079102, 490.25150442123413, 759.246015548706, 410.21887826919556, 923.4163417816162, 414.27248907089233, 921.4402618408203, 494.3051152229309], [974.0748043060303, 494.935733795166, 988.3593368530273, 