{"predictions": [{"rec_texts": ["smajms", "evrori", "nas", "or", "the", "testake", "a", "", "appear", "atajnciom", "d", "to", "rfed", "thoy", "bok", "z", "t", "wonrg", "s", "smbn", "be", "abedcef", "b", "phe", "wasi", "man", "tmpatunblyy", "draughts", "rohed", "a", "u", "saiructions", "what", "ffwrbexe", "pes", "obes", "c", "e", "glance", "semol", "complacent", "made", "echers", "1", "epartl", "mis", "ccome", "how", "phads", "f", "he", "shel", "as", "warm", "ssympadize", "recls", "explaine", "and", "fshes", "welcome", "their", "anol", "rfierslly", "celebabionsl", "fyesterdags", "at", "rguardrs", "ebemy", "ohases", "toh", "aly", "their", "lthems", "showeld", "fsommolences", "samdings", "a"], "rec_scores": [0.625471701224645, 0.8650381714105606, 0.8850643237431844, 0.7669178247451782, 0.9674725731213888, 0.6893987698214394, 0.19327744841575623, NaN, 0.8801622986793518, 0.6786425444814894, 0.13840506970882416, 0.7844917178153992, 0.4262387230992317, 0.5310460217297077, 0.8498448133468628, 0.5731786489486694, 0.9590755701065063, 0.5615562945604324, 0.4453471601009369, 0.395742692053318, 0.8116738200187683, 0.725956380367279, 0.14560246467590332, 0.5750007132689158, 0.9860594719648361, 0.9300278027852377, 0.7080053009770133, 0.6275246702134609, 0.5705768048763276, 0.9777620434761047, 0.5837470889091492, 0.610213352875276, 0.9982961118221283, 0.6301355212926865, 0.6485130588213602, 0.3838457651436329, 0.9702051281929016, 0.17133298516273499, 0.9202329615751902, 0.9657962918281555, 0.8767443120479583, 0.9465233087539673, 0.7075819124778112, 0.8038386702537537, 0.65504918495814, 0.9690068165461222, 0.8815548300743103, 0.9990959763526917, 0.7489545285701752, 0.61709064245224, 0.9273372888565063, 0.8977763205766678, 0.8940453827381134, 0.8980085551738739, 0.7497934907674789, 0.7293083906173706, 0.9283852055668831, 0.9196985363960266, 0.8163935720920563, 0.998446387904031, 0.9037601828575135, 0.8124826401472092, 0.6483164363437228, 0.8797967483599981, 0.9276041659441862, 0.8297342360019684, 0.5568963717669249, 0.8029832720756531, 0.931866059700648, 0.822141687075297, 0.8292879263559977, 0.9999339580535889, 0.7823092937469482, 0.8218945094517299, 0.8545314793785413, 0.7898233085870743, 0.7352292537689209], "det_polygons": [[1108.6789543628693, 1951.7769191651546, 1117.0223591327667, 1848.9202698621702, 1412.9154181480408, 1872.9011970411543, 1404.5720133781433, 1975.7578463441387], [1463.6002345085144, 1940.143296372834, 1464.6117992401123, 1870.369135823182, 1772.0421195030212, 1874.8228106602671, 1771.0305547714233, 1944.596971209919], [761.2397162914276, 1944.5255559116742, 767.4508180618286, 1868.7833862304685, 950.7070873975754, 1883.7978045278248, 944.4959856271744, 1959.5399742090306], [54.05929255485535, 1936.9179410961565, 60.333793967962265, 1861.6563515902694, 197.8133106827736, 1873.1080185732003, 191.53880926966667, 1948.3696080790876], [208.2137405872345, 1941.9748748634663, 209.87940335273743, 1832.090535963881, 400.6290329694748, 1834.9794379790246, 398.96337020397186, 1944.8637768786098], [410.03841239213943, 1835.0031252314127, 697.6832103133202, 1818.254234393513, 704.6948394179344, 1938.56827085956, 417.0500414967537, 1955.3171616974598], [1421.6875, 1755.1023696682464, 1421.6875, 1745.4483412322274, 1431.345703125, 1745.4483412322274, 1431.345703125, 1755.1023696682464], [1452.59375, 1730.001895734597, 1452.59375, 1718.4170616113743, 1462.251953125, 1718.4170616113743, 1462.251953125, 1730.001895734597], [974.6539960503578, 1699.8631078638734, 1295.539011478424, 1694.5173310338603, 1297.144074678421, 1790.7733683653917, 976.2590003013611, 1796.1191451954048], [1341.8492230176926, 1779.7890826907767, 1343.3505359888077, 1694.8534307543134, 1930.079066157341, 1705.2152484333344, 1928.577753186226, 1790.1509003697977], [900.14453125, 1701.03981042654, 900.14453125, 1691.385781990521, 909.802734375, 1691.385781990521, 909.802734375, 1701.03981042654], [808.3917194604874, 1721.3135058362336, 881.7940632104874, 1647.9428897224896, 931.0508991479874, 1697.1784347461862, 857.6485553979874, 1770.5490508599303], [462.1726960837841, 1779.4962328291615, 465.16730496287346, 1650.785595703125, 791.8421431779861, 1658.379422416506, 788.8475342988968, 1787.0900595425428], [267.61115926504135, 1778.9408197918208, 275.6233296394348, 1650.8015050517438, 456.1302768588066, 1662.0782870468934, 448.11810648441315, 1790.2176017869704], [42.19294486567378, 1655.0740490086268, 255.30087038874626, 1649.3169860550577, 258.65654185414314, 1773.4240469259107, 45.54862001538277, 1779.1811098794801], [390.19140625, 1569.7450236966824, 390.19140625, 1542.7137440758293, 401.78125, 1542.7137440758293, 401.78125, 1569.7450236966824], [363.1484375, 1585.1914691943127, 363.1484375, 1533.0597156398103, 407.576171875, 1533.0597156398103, 407.576171875, 1585.1914691943127], [524.1532301902771, 1588.8444913312721, 541.3814272880554, 1485.520225025918, 784.7681460380554, 1526.0671444571976, 767.5399489402771, 1629.3914107625517], [1786.767578125, 1556.2293838862558, 1786.767578125, 1515.682464454976, 1819.60546875, 1515.682464454976, 1819.60546875, 1556.2293838862558], [1018.1612418889999, 1608.6757890023325, 1024.9165607690811, 1480.3785592463344, 1251.9164024591446, 1492.3207055548355, 1245.1610835790634, 1620.6179353108337], [1310.2924119234085, 1599.219861418376, 1316.1748141050339, 1473.781836226766, 1503.614929318428, 1482.5642680525214, 1497.7325271368027, 1608.0022932441311], [1499.6963539123535, 1486.4640618636145, 1803.298998117447, 1472.511445277788, 1809.135891675949, 1599.4100665196422, 1505.5332474708557, 1613.3626831054687], [26.369948089122772, 1617.553323378721, 71.9188923239708, 1445.553937895716, 361.0091195702553, 1522.0446718911987, 315.46017533540726, 1694.0440573742037], [801.630859375, 1598.707109004739, 801.630859375, 1473.2047393364928, 994.794921875, 1473.2047393364928, 994.794921875, 1598.707109004739], [302.71563869714737, 1416.9392656226858, 303.66878497600555, 1347.3904285882886, 487.3254358768463, 1349.9052841403472, 486.37228959798813, 1419.4541211747444], [40.51670444011688, 1407.0932643799983, 48.017551243305206, 1328.368386450311, 259.77312421798706, 1348.5268274677871, 252.27227741479874, 1427.2517053974748], [1120.8421360254288, 1427.3127501573606, 1126.3140174150467, 1300.9689527177131, 1654.9358171224594, 1323.843060620927, 1649.4639357328415, 1450.1868580605744], [737.1446688175201, 1419.2738152237298, 744.4216862916946, 1282.282303218028, 1101.6739275455475, 1301.2431827490927, 1094.396910071373, 1438.2346947547946], [531.1695162653923, 1308.738135806983, 705.5079818367958, 1292.8959599933353, 716.5753017067909, 1414.5840927919505, 542.2368361353874, 1430.4262686055981], [1230.9594457149506, 1230.085615951755, 1235.5834047794342, 1160.7559743872184, 1314.0456943511963, 1165.9846112725859, 1309.4217352867126, 1235.3142528371222], [44.02727175503969, 1223.8716600752555, 51.25914903730154, 1158.8130304562535, 157.68785071372986, 1170.6333229390366, 150.4559586942196, 1235.6919525580383], [457.07549449801445, 1234.0326664205975, 462.34317657351494, 1110.9548814818756, 912.5830047130585, 1130.208257333475, 907.315322637558, 1253.286042272197], [948.3024400472641, 1227.6596170579087, 957.4010993242264, 1118.522428308279, 1188.5584956407547, 1137.7772183242002, 1179.4598363637924, 1246.9144070738298], [1326.1996799707413, 1250.418117027825, 1328.2855311632156, 1112.8067296611189, 1716.1343044042587, 1118.6806968652807, 1714.0484532117844, 1256.2920842319868], [182.27106954157352, 1225.5533371477895, 196.97141589224339, 1110.1007262315795, 411.52557760477066, 1137.3957474984263, 396.8252312541008, 1252.8483584146363], [1707.503228545189, 1241.4228534716565, 1724.6137634515762, 1098.8965380049428, 1898.0501915216446, 1119.6998379531065, 1880.9396566152573, 1262.2261534198199], [906.9052734375, 1026.2233405958418, 919.4609375, 1013.6731036290172, 932.982421875, 1027.188743439444, 920.4267578125, 1039.7389804062684], [840.263671875, 