{"predictions": [{"rec_texts": ["oorlliy", "i", "e", "ois", "e", "i", "shal", "t", "owns", "olo", "olei", "i", "i", "as", "n", "i", "w", "c", "fl", "e", "s", "i", "s", "i", "juil", "cer", "monus", "u", "we", "arol", "wd", "tillas", "heave", "bholdls", "e", "i", "i", "gam", "eluos", "los", "exclained", "s", "i", "i", "sop", "he", "bl", "a", "s", "s", "s", "grasger", "sphes", "safs", "bakkl"], "rec_scores": [0.6828743432249341, 0.11103548109531403, 0.2554922103881836, 0.5604628920555115, 0.07620063424110413, 0.1032581701874733, 0.7410417795181274, 0.22154894471168518, 0.719033919274807, 0.5262438158194224, 0.7158056125044823, 0.0804700180888176, 0.2195836454629898, 0.9205662608146667, 0.1931678056716919, 0.2106274664402008, 0.641018807888031, 0.35957083106040955, 0.5932122990489006, 0.11707939952611923, 0.0745186135172844, 0.08343563228845596, 0.15766173601150513, 0.07294926792383194, 0.5077445954084396, 0.7408895293871561, 0.9103506803512573, 0.34846407175064087, 0.7763300538063049, 0.8495941907167435, 0.42916804552078247, 0.4274553408225377, 0.774348795413971, 0.68675868000303, 0.07959098368883133, 0.07451166957616806, 0.07589346915483475, 0.7088570296764374, 0.6937366008758545, 0.7162837584813436, 0.8816868795288934, 0.17347027361392975, 0.1405860036611557, 0.07142861187458038, 0.3721385697523753, 0.7719675302505493, 0.3524640053510666, 0.10299599915742874, 0.29808053374290466, 0.2601097822189331, 0.9712465405464172, 0.7178371633802142, 0.4700457096099854, 0.711674153804779, 0.5845395684242248], "det_polygons": [[559.6596299038139, 844.7910135388374, 738.5411814100669, 840.6312188506126, 739.2486071200949, 871.0493711829185, 560.3670556138419, 875.2091658711433], [1672.8901355773728, 845.0927734375, 1672.8901355773728, 840.263671875, 1677.7194950911642, 840.263671875, 1677.7194950911642, 845.0927734375], [1658.9185957086038, 837.7009233236313, 1693.9194259465216, 834.2010036706924, 1696.7309715267431, 862.3149577379227, 1661.7301412888253, 865.8148773908615], [1324.4169469889553, 871.140918970108, 1330.6460661743222, 811.9665043354034, 1417.828503252469, 821.1430941820145, 1411.5993840671022, 880.317508816719], [1286.5413744740533, 831.5712890625, 1286.5413744740533, 826.7421875, 1292.3366058906033, 826.7421875, 1292.3366058906033, 831.5712890625], [1271.5704778855848, 829.1568561792374, 1275.9169014479971, 824.8106647729874, 1279.7803890590303, 828.6739460229874, 1275.433965496618, 833.0201374292374], [1051.2338976759731, 882.8954072594643, 1055.5310372472536, 789.7954930663109, 1235.839230602063, 798.1169688105583, 1231.5420910307826, 891.2168830037117], [169.99345488546052, 818.0498046875, 169.99345488546052, 813.220703125, 174.822814399252, 813.220703125, 174.822814399252, 818.0498046875], [180.3017823093124, 843.5887488126755, 187.81729619622288, 800.6452322006226, 287.1340148840178, 818.0246924161911, 279.61850099710733, 860.968209028244], [1239.7606092170336, 860.0937596559525, 1244.0992510966355, 796.7525943517685, 1347.1492468507117, 803.8104394674301, 1342.8106049711096, 867.1516047716141], [51.700793165980016, 838.3619773387909, 54.768264734839775, 786.217701792717, 190.7130696500446, 794.2140148878098, 187.64559808118483, 846.3582904338837], [1898.9041608228147, 675.1083984375, 1898.9041608228147, 670.279296875, 1903.733520336606, 670.279296875, 1903.733520336606, 675.1083984375], [1229.5549322113138, 668.34765625, 1245.974754558205, 668.34765625, 1245.974754558205, 678.005859375, 1229.5549322113138, 678.005859375], [1594.4399256552422, 689.1644322872162, 1594.920975138061, 664.1552038192749, 1669.1728492797454, 665.5830663442612, 1668.6917997969263, 690.5922948122025], [1896.0065451145397, 668.34765625, 1904.6993922393644, 668.34765625, 1904.6993922393644, 676.07421875, 1896.0065451145397, 676.07421875], [1231.4866760168304, 671.2451171875, 1231.4866760168304, 666.416015625, 1237.2819074333802, 666.416015625, 1237.2819074333802, 671.2451171875], [1745.3305282842452, 690.5615234375, 1745.3305282842452, 659.6552734375, 1813.9074333800843, 659.6552734375, 1813.9074333800843, 690.5615234375], [251.1266947171576, 675.1083984375, 251.1266947171576, 662.552734375, 263.6830294530155, 662.552734375, 263.6830294530155, 675.1083984375], [1849.6739340448225, 671.1422511935234, 1894.826794838783, 656.5776054263115, 1902.0639956609398, 679.0117060542107, 1856.9111348669794, 693.5763518214226], [842.2402992052362, 661.5869140625, 842.2402992052362, 654.826171875, 850.9331463300608, 654.826171875, 850.9331463300608, 661.5869140625], [805.5371669004209, 659.6552734375, 805.5371669004209, 654.826171875, 818.0935016362787, 654.826171875, 818.0935016362787, 659.6552734375], [844.1720430107528, 656.7578125, 844.1720430107528, 650.962890625, 850.9331463300608, 650.962890625, 850.9331463300608, 656.7578125], [622.0215053763442, 655.7919921875, 622.0215053763442, 650.962890625, 626.8508648901357, 650.962890625, 626.8508648901357, 655.7919921875], [849.9672744273025, 651.9287109375, 849.9672744273025, 647.099609375, 854.7966339410941, 647.099609375, 854.7966339410941, 651.9287109375], [1197.1636775134045, 645.7302242517471, 1396.461770819637, 603.3286846876144, 1414.0641731451249, 686.0554623603821, 1214.7660798388924, 728.4570019245148], [765.9364188873307, 689.595703125, 765.9364188873307, 607.5009765625, 952.3496961196822, 607.5009765625, 952.3496961196822, 689.595703125], [322.3273238672058, 629.1083765029907, 652.4332060811676, 605.8626661300659, 657.8374079364993, 682.5981038808823, 327.7315257225376, 705.8438142538071], [1023.9965929884731, 666.8207594156265, 1041.8784284694223, 579.9707354307175, 1180.2954651706407, 608.466796875, 1162.4136296896916, 695.3168208599091], [561.6465529147127, 482.34020790457726, 641.3309848922723, 475.09655556082726, 644.4898764961175, 509.8423008918762, 564.8054445185579, 517.0859532356262], [1350.4838158392138, 454.45329588651657, 1525.5570589398158, 450.14842772483826, 1526.8259448550361, 501.74901670217514, 1351.7527017544342, 506.05388486385345], [118.8022440392707, 506.08984375, 118.8022440392707, 447.1748046875, 285.8980832164563, 447.1748046875, 285.8980832164563, 506.08984375], [306.6994056505486, 518.7448368668556, 310.3175933966296, 429.5009237229824, 482.6122451646689, 436.4854657649994, 478.9940574185879, 525.7294083833694], [1557.0623808402, 501.0726948976517, 1561.6651283182125, 432.0336377620697, 1772.1910108768702, 446.0679783821106, 1767.5882633988576, 515.1070355176926], [1076.655947991541, 441.11806085705757, 1327.0433828417194, 427.80030420422554, 1330.6965292083044, 496.47714924812317, 1080.309094358126, 509.7949059009552], [793.9467040673212, 317.7548828125, 793.9467040673212, 311.9599609375, 799.7419354838711, 311.9599609375, 799.7419354838711, 317.7548828125], [687.7007947639084, 311.9599609375, 687.7007947639084, 307.130859375, 692.5301542776999, 307.130859375, 692.5301542776999, 311.9599609375], [695.4277699859748, 304.2333984375, 695.4277699859748, 299.404296875, 700.2571294997663, 299.404296875, 700.2571294997663, 304.2333984375], [1809.1918515013224, 327.867553204298, 1815.8595746269068, 282.4088009297848, 1938.0223265973807, 300.32505068182945, 1931.3546034717963, 345.7838029563427], [670.6500665879573, 285.4267830848694, 828.9992942863562, 274.50671780109406, 832.8856553286803, 330.8557661175728, 674.5364276302814, 341.7758314013481], [1088.6975126190687, 319.8677915930748, 1091.8219761716925, 270.50307899713516, 1199.799427804684, 277.33674108982086, 1196.6749642520601, 326.7014536857605], [119.15695908070727, 323.30213049054146, 121.83497805816096, 267.9593414962292, 509.0842331382035, 286.69622018933296, 506.4062141607498, 342.03900918364525], [1699.934548854605, 277.1904296875, 1699.934548854605, 272.361328125, 1704.7639083683966, 272.361328125, 1704.7639083683966, 277.1904296875], [598.840579710145, 274.29296875, 598.840579710145, 267.5322265625, 616.2262739597944, 267.5322265625, 616.2262739597944, 274.29296875], [599.8064516129033, 269.4638671875, 599.8064516129033, 264.634765625, 