{"predictions": [{"rec_texts": ["e", "p", "e", "c", "k", "s", "i", "a", "c", "a", "t", "as", "s", "i", "i", "i", "t", "r", "y", "i", "e", "s", "cext", "tae", "cled", "huhe", "slh", "sainsf", "woeld", "cehe", "grotoless", "rools", "hat", "he", "s", "e", "i", "lo", "fyled", "sogh", "aud", "she", "thayuke", "rually", "d", "s", "camue", "cuan", "syle", "a", "ofal", "cinel", "laks", "he", "alfs", "b", "hc", "d", "acrols", "jeeu", "l", "ice", "soray", "cislaiee", "oli", "coal", "le", "soloke", "plae", "s", "s", "torols", "toul", "coba", "rloe", "sprodusabory", "he", "sonder", "ht"], "rec_scores": [0.5951822996139526, 0.1050228625535965, 0.14087459444999695, 0.5722119808197021, 0.4544461965560913, 0.17997977137565613, 0.720569372177124, 0.22901295125484467, 0.4875672459602356, 0.5937564969062805, 0.11812667548656464, 0.6692910492420197, 0.22423526644706726, 0.6638891696929932, 0.5978827476501465, 0.09970024228096008, 0.10741476714611053, 0.21501581370830536, 0.9821299910545349, 0.3008558452129364, 0.11043168604373932, 0.12769027054309845, 0.8608039915561676, 0.6719354291756948, 0.4207802265882492, 0.5730991214513779, 0.24664050340652466, 0.5151279171307882, 0.8379473149776459, 0.4645153731107712, 0.5812547405560812, 0.8003333032131195, 0.6180951694647471, 0.8081271052360535, 0.13432319462299347, 0.0792115107178688, 0.0739636942744255, 0.6170363426208496, 0.3115894615650177, 0.2782020978629589, 0.8998838663101196, 0.6342867910861969, 0.6591701763016837, 0.6163788984219233, 0.07885337620973587, 0.16880740225315094, 0.8709146499633789, 0.7397094666957855, 0.6465958431363106, 0.837954044342041, 0.9105459153652191, 0.537051510810852, 0.5236146189272404, 0.7331731021404266, 0.5739463269710541, 0.43787509202957153, 0.21699966490268707, 0.12488257139921188, 0.9890944063663483, 0.7860594987869263, 0.3512071967124939, 0.8941097855567932, 0.7849948287010193, 0.5437299907207489, 0.7288189133008321, 0.7108567580580711, 0.9158342480659485, 0.6011468569437662, 0.5261051580309868, 0.17540068924427032, 0.1973869502544403, 0.6440455267826716, 0.635156661272049, 0.6947327367961407, 0.5998927988111973, 0.586716927587986, 0.7233752310276031, 0.32041828831036884, 0.9932505786418915], "det_polygons": [[1626.6942560289046, 1016.3887409567833, 1636.3163175117256, 1006.7681354880333, 1647.6363898444563, 1018.0864948630333, 1638.0143283616353, 1027.7071003317833], [1541.7938517179023, 1019.7841796875, 1541.7938517179023, 1002.806640625, 1564.4339963833634, 1002.806640625, 1564.4339963833634, 1019.7841796875], [704.1084990958408, 1001.6748046875, 704.1084990958408, 994.8837890625, 710.9005424954792, 994.8837890625, 710.9005424954792, 1001.6748046875], [681.4683544303797, 1001.6748046875, 681.4683544303797, 994.8837890625, 687.128390596745, 994.8837890625, 687.128390596745, 1001.6748046875], [673.5443037974683, 999.4112018942833, 680.3363471971066, 992.6201862692833, 684.8643761301988, 997.1475300192833, 678.0723327305606, 1003.9385456442833], [117.72875226039783, 999.4111328125, 117.72875226039783, 993.751953125, 123.3887884267631, 993.751953125, 123.3887884267631, 999.4111328125], [718.8245931283906, 996.015625, 718.8245931283906, 990.3564453125, 724.4846292947558, 990.3564453125, 724.4846292947558, 996.015625], [702.9764918625677, 989.224609375, 722.2206148282097, 989.224609375, 722.2206148282097, 998.279296875, 702.9764918625677, 998.279296875], [699.5804701627486, 997.1474609375, 699.5804701627486, 990.3564453125, 706.3725135623869, 990.3564453125, 706.3725135623869, 997.1474609375], [684.8643761301988, 998.279296875, 684.8643761301988, 989.224609375, 699.5804701627486, 989.224609375, 699.5804701627486, 998.279296875], [681.4683544303797, 997.1474609375, 681.4683544303797, 990.3564453125, 688.2603978300181, 990.3564453125, 688.2603978300181, 997.1474609375], [58.33092791262414, 989.8168475031853, 133.34423723272562, 981.9219049811363, 137.7358089950589, 1023.6355581879616, 62.72250399322233, 1031.5305007100105], [736.9367088607594, 991.48828125, 736.9367088607594, 985.8291015625, 742.5967450271247, 985.8291015625, 742.5967450271247, 991.48828125], [723.3526220614827, 991.48828125, 723.3526220614827, 985.8291015625, 729.0126582278481, 985.8291015625, 729.0126582278481, 991.48828125], [717.6925858951175, 992.6201171875, 717.6925858951175, 985.8291015625, 724.4846292947558, 985.8291015625, 724.4846292947558, 992.6201171875], [713.1645569620252, 992.6201171875, 713.1645569620252, 985.8291015625, 719.9566003616636, 985.8291015625, 719.9566003616636, 992.6201171875], [708.6365280289331, 992.6201171875, 708.6365280289331, 985.8291015625, 715.4285714285713, 985.8291015625, 715.4285714285713, 992.6201171875], [704.1084990958408, 992.6201171875, 704.1084990958408, 985.8291015625, 710.9005424954792, 985.8291015625, 710.9005424954792, 992.6201171875], [694.4865067052582, 988.6588295698166, 699.0145356383504, 984.1314858198166, 704.1085681880792, 989.2247475385666, 699.580539254987, 993.7520912885666], [692.7884267631102, 992.6201171875, 692.7884267631102, 985.8291015625, 698.4484629294756, 985.8291015625, 698.4484629294756, 992.6201171875], [685.9963833634719, 992.6201171875, 685.9963833634719, 985.8291015625, 692.7884267631102, 985.8291015625, 692.7884267631102, 992.6201171875], [680.3363471971066, 992.6201171875, 680.3363471971066, 985.8291015625, 688.2603978300181, 985.8291015625, 688.2603978300181, 992.6201171875], [1295.0291260207107, 1042.9510320425034, 1296.7174639572502, 963.6139198541641, 1465.8157426996213, 967.2111464738846, 1464.127404763082, 1046.5482586622238], [1090.4480446234318, 963.3355893492699, 1273.2987879499603, 942.5602101683617, 1286.1370931283905, 1055.5198407769203, 1103.2862807096235, 1076.2952199578285], [782.7425137566398, 1047.6000978946686, 784.2430589893196, 939.5777423381805, 930.2124345720783, 941.604740023613, 928.7118893393987, 1049.627095580101], [380.1110529701274, 1041.0519738197327, 381.0824898414543, 938.0960762500763, 553.9972165540588, 939.7270971536636, 553.0257796827319, 1042.68299472332], [583.9394089766048, 951.2553269863129, 764.0923076719314, 942.3382503986359, 768.8042601435352, 1037.5042097568512, 588.6513614482086, 1046.4212863445282], [121.8732674514191, 1040.3411222696304, 127.99957258834976, 932.534578204155, 294.9077828322785, 942.0166056156158, 288.7814604222882, 1049.8231496810913], [1071.9786529265086, 805.0069120526314, 1252.091063570157, 788.2193478941917, 1257.8033334687216, 849.4870143532753, 1077.6909228250734, 866.2745785117149], [58.12869924921239, 855.5856232643127, 65.27774224445143, 763.683087348938, 222.64329526049318, 775.9207870960236, 215.49425226525415, 867.8233230113983], [1406.9906109608103, 782.0734870433807, 1634.3963823922072, 768.0574840307236, 1640.4886596017461, 866.872619509697, 1413.0828881703492, 880.8886225223541], [526.9472943214568, 866.615220785141, 527.9840924502712, 770.201229929924, 700.004972875226, 772.0506874322891, 698.9681747464116, 868.4646782875061], [773.1609403254972, 865.8544921875, 773.1609403254972, 763.9892578125, 930.5099457504521, 763.9892578125, 930.5099457504521, 865.8544921875], [398.05658731581286, 863.1865537166595, 399.9949009707349, 752.7175977230072, 515.0866097696866, 754.7364437580109, 513.1482961147645, 865.2053997516632], [1597.8917746242087, 624.1675902605057, 1729.5481402930038, 621.1757963895798, 1732.0387773013674, 730.7529065608978, 1600.3824116325723, 733.7447004318237], [1322.1844484629294, 646.2783203125, 1322.1844484629294, 640.619140625, 1327.8444846292946, 640.619140625, 1327.8444846292946, 646.2783203125], [1325.5804701627485, 641.7509765625, 1325.5804701627485, 636.091796875, 1332.372513562387, 636.091796875, 1332.372513562387, 641.7509765625], [1779.515370705244, 660.9921875, 1779.515370705244, 627.037109375, 1815.7396021699817, 627.037109375, 1815.7396021699817, 660.9921875], [1288.7567944380085, 605.5965417027473, 1566.2685334962703, 575.8676107525826, 1577.7027462067697, 682.5713332295418, 1300.191007148508, 712.3002641797066], [981.8046453382826, 