{"predictions": [{"rec_texts": ["rol", "owsl", "pani", "low", "aud", "cloon", "ntal", "s", "llo", "t", "stuc", "black", "his", "uckeds", "in", "and", "bay", "out", "as", "killowe", "wind", "il", "n", "marked", "kim", "sed", "willik", "s", "ja", "lake", "ma", "blow", "dowe", "judgal", "bis", "s", "traips", "miles", "blow", "u", "oti", "had", "where", "ur", "com", "mo", "ala", "now", "kick", "iad", "otoul", "sir", "could", "at", "i", "s", "mi", "t", "ac", "i", "a", "was", "on", "was", "wind", "ra", "me", "whin"], "rec_scores": [0.6582164565722147, 0.5939193405210972, 0.8532138466835022, 0.9743443727493286, 0.9726107716560364, 0.7951661586761475, 0.9775193184614182, 0.15992416441440582, 0.9668360551198324, 0.311082661151886, 0.8786606639623642, 0.9997917413711548, 0.9729126890500387, 0.8969977796077728, 0.9998706579208374, 0.997809648513794, 0.8053873777389526, 0.9865820209185282, 0.9381699562072754, 0.8941251592976707, 0.9146336317062378, 0.7761911153793335, 0.47893160581588745, 0.9998274246851603, 0.9978912472724915, 0.9888853232065836, 0.8532105684280396, 0.15645843744277954, 0.4302450269460678, 0.9991796165704727, 0.44083072245121, 0.9930483400821686, 0.9208226501941681, 0.7121797899405161, 0.7932318945725759, 0.18697205185890198, 0.9945105214913686, 0.9936823368072509, 0.9951618164777756, 0.9109458327293396, 0.8405090967814127, 0.9949203729629517, 0.9834089994430542, 0.6557035148143768, 0.9998951156934103, 0.9776045680046082, 0.8879055380821228, 0.999507486820221, 0.9987542033195496, 0.6516610682010651, 0.6920775353908539, 0.6535648902257284, 0.9479248642921447, 0.9255782067775726, 0.07293615490198135, 0.1257961392402649, 0.6963971555233002, 0.16885524988174438, 0.7815029621124268, 0.28872090578079224, 0.9998462200164795, 0.9945785403251648, 0.9078153669834137, 0.9902188976605734, 0.9999770224094391, 0.9998901188373566, 0.8954204022884369, 0.5896247774362564], "det_polygons": [[179.62474781439138, 1179.9169921875, 179.62474781439138, 1140.712890625, 260.58238063214526, 1140.712890625, 260.58238063214526, 1179.9169921875], [865.0980439689548, 1171.8848073482513, 871.1151110733124, 1135.7910740375519, 948.8590707682729, 1148.7452298402786, 942.8420036639153, 1184.838963150978], [590.2178907875415, 1141.856199502945, 703.5810903563304, 1137.658560872078, 704.946577163214, 1174.5170730352402, 591.5833775944251, 1178.7147116661072], [106.73756589293079, 1175.2883356809616, 113.49246374872921, 1128.0157709121704, 183.4449222156804, 1138.0065244436264, 176.690024359882, 1185.2790892124176], [349.33068470034567, 1180.5455341935158, 351.2614055292351, 1119.7431454062462, 486.9174936034171, 1124.048692882061, 484.98677277452765, 1184.8510816693306], [775.5509540529641, 1166.4427435398102, 780.9778492048272, 1120.8687782287598, 873.6036540315547, 1131.8929249048233, 868.1767588796916, 1177.4668902158737], [693.4396910266581, 1178.3689093589783, 696.9859728322544, 1118.0975741147995, 778.1092923336888, 1122.8684109449387, 774.5630105280924, 1183.1397461891174], [91.07733691997309, 1136.9189453125, 91.07733691997309, 1129.3310546875, 97.40215198386011, 1129.3310546875, 97.40215198386011, 1136.9189453125], [46.400243075485584, 1173.1553992629051, 48.899479233024095, 1113.1886479258537, 110.93308317060027, 1115.7727482914925, 108.43384701306177, 1175.7394996285439], [850.0551445864155, 985.1611328125, 850.0551445864155, 978.837890625, 856.3799596503026, 978.837890625, 856.3799596503026, 985.1611328125], [457.251586277852, 1002.243380844593, 459.0991549360407, 947.7546629309654, 569.7741536882473, 951.5053829550743, 567.9265850300586, 1005.9941008687019], [1393.4268627256536, 1011.0314679145813, 1394.8697111621027, 938.1862050294876, 1580.545960498802, 941.8620526790619, 1579.1031120623527, 1014.7073155641556], [926.6716473187547, 949.8642113804817, 1049.8406264530224, 942.168103158474, 1053.763525054049, 1004.9182543158531, 930.5945459197812, 1012.6143625378609], [557.6174144218973, 947.3273500800133, 717.0248738989865, 945.7011529803276, 717.6070935083221, 1002.7463379502296, 558.1996726348405, 1004.3725350499153], [818.9951451807592, 965.9693363308907, 841.7303538216627, 949.7339180111885, 866.6021949342215, 984.5458671450615, 843.8669862933181, 1000.7812854647636], [234.29923023051995, 997.3167014122009, 235.8949103493296, 940.6840091943741, 359.83422447261023, 944.1744512319565, 358.23854435380065, 1000.8071434497833], [1114.8679401574714, 1003.4033623337746, 1117.8672860510492, 937.4330815672874, 1213.3472872068999, 941.7719742655754, 1210.347941313322, 1007.7422550320625], [48.064560408550534, 1002.603462934494, 53.73697450454394, 927.4627828598022, 169.73923249748142, 936.2154406309128, 164.066818401488, 1011.3561207056046], [857.0047204351778, 781.7795127630234, 948.2404865606086, 780.0585287809372, 949.0530152926929, 823.1127685308456, 857.817249167262, 824.8337525129318], [1420.397813603312, 829.2827925086021, 1420.8150413939034, 772.5719860196114, 1628.1738562003509, 774.096294939518, 1627.7566284097595, 830.8071014285088], [1183.02121958832, 827.5087803602219, 1184.56134911584, 767.4612903594971, 1356.5156373137504, 771.8693435192108, 1354.9755077862305, 831.9168335199356], [524.9596503026227, 815.6982421875, 524.9596503026227, 772.7001953125, 561.6435776731674, 772.7001953125, 561.6435776731674, 815.6982421875], [1011.1587307692055, 830.1635077595711, 1014.3669993869394, 757.996264398098, 1109.1363853346843, 762.2071793675423, 1105.9281167169504, 834.3744227290154], [41.19586876854451, 836.8610346317291, 42.16308215615247, 757.0849055051804, 312.79468635400025, 760.3644698858261, 311.8274729663923, 840.1405990123749], [631.329111495592, 760.5137515068054, 790.2584652929555, 750.1514148712158, 795.3927450994556, 828.8572549819946, 636.4633913020921, 839.2195916175842], [1626.5416956723898, 830.7519119977951, 1632.8492163200865, 755.0823396444321, 1725.8110269470828, 762.8272306919098, 1719.5035062993863, 838.4968030452728], [391.2550517982016, 762.1731394529343, 544.1615479500724, 756.6477125883102, 546.439701247071, 819.6606117486954, 393.53320509520006, 825.1860386133194], [1531.8702084734364, 639.912109375, 1531.8702084734364, 624.736328125, 1541.9899125756556, 624.736328125, 1541.9899125756556, 639.912109375], [187.2145258910558, 644.970703125, 187.2145258910558, 599.443359375, 234.01815736381977, 599.443359375, 234.01815736381977, 644.970703125], [484.05449565176843, 589.5011956989765, 649.8727404267978, 586.3733829557896, 650.9971863080289, 645.9576676785946, 485.1789415329995, 649.085441827774], [303.7132648809211, 647.2994655370712, 309.3663771731307, 579.4794125854969, 409.55146322654406, 587.8260228037834, 403.89835093433453, 655.6461143493652], [1080.189933443358, 646.3879522681236, 1084.3243798138553, 580.252218991518, 1247.4209158409337, 590.4431596398354, 1243.2864694704365, 656.5788543224335], [51.29554242388706, 584.2424148321152, 186.9000029983982, 582.5042951107025, 187.6976500397652, 644.7050219774246, 52.093194290704986, 646.4431416988373], [1351.5178598636096, 650.9544724225998, 1358.3077711914718, 577.4143244326115, 1566.2280368663835, 596.6021457314491, 1559.4381255385213, 670.142332315445], [909.0873180356054, 645.7916748523712, 911.1183310369556, 568.6349982023239, 1001.5006486062804, 571.012852191925, 999.4696356049302, 648.1695288419724], [984.1412239408204, 441.3623046875, 984.1412239408204, 435.0390625, 990.4660390047073, 435.0390625, 990.4660390047073, 441.3623046875], [835.6566166213958, 464.2107290029526, 839.79492335265, 413.73586505651474, 947.1966450119787, 422.5370740890503, 943.0583382807246, 473.01193803548813], [1673.433961028129, 470.4274517297745, 1677.73007930712, 406.7173132300377, 1843.3695121718958, 417.8812474012375, 1839.073393892905, 481.5913859009743], [1108.9851364002343, 470.0723096728325, 1110.3236006818206, 405.840225815773, 1275.6985216275427, 409.28466379642487, 1274.3600573459566, 473.51674765348434], [965.4990786031018, 454.3595699965954, 978.6842179750546, 418.1093765795231, 