{"predictions": [{"rec_texts": ["recoves", "yaat", "prope", "modl", "billl", "pproteced", "he", "h", "sld", "1o", "jilansy", "he", "hod", "ho", "goous", "chel", "h", "jawr", "raud", "fon", "hhu", "he", "lats", "quidked", "rtue", "o", "vs", "sanys", "koen", "aulosip", "eecuoro", "black", "lsha", "was", "yoeed", "elessy", "km", "joslyo", "slout", "glass", "killie", "pie", "hrho", "hat", "fide", "seck", "vhrhe", "li", "sgalups", "ig", "0", "make", "i", "hes", "luding", "ejudge", "csied", "out", "he", "te", "bodi", "sloy", "wlug", "ling"], "rec_scores": [0.9792598060199192, 0.6931121870875359, 0.8403654754161834, 0.8714919686317444, 0.8544149041175843, 0.7258571651246812, 0.9719525873661041, 0.5456172227859497, 0.7577017744382223, 0.5293322205543518, 0.7228696686880929, 0.9575671553611755, 0.9741799831390381, 0.9263703525066376, 0.7702820241451264, 0.6851797662675381, 0.1479051560163498, 0.7537055909633636, 0.6441370919346809, 0.3150761326154073, 0.6038914620876312, 0.999396950006485, 0.8062030076980591, 0.785433156149728, 0.5213080570101738, 0.4895607531070709, 0.4824587106704712, 0.8006202578544617, 0.36441006511449814, 0.5422733149358204, 0.6507403637681689, 0.9977488875389099, 0.6084022521972656, 0.9074498216311137, 0.8099504292011261, 0.8745088378588358, 0.9764061868190765, 0.6338768849770228, 0.8855790257453918, 0.7459707379341125, 0.9298609991868337, 0.9810557166735331, 0.4957749471068382, 0.9955095847447714, 0.9773936569690704, 0.6560504958033562, 0.5366470336914062, 0.9833402633666992, 0.578661824975695, 0.6555104553699493, 0.2992997169494629, 0.8591991066932678, 0.16700229048728943, 0.47444843749205273, 0.8563198347886404, 0.9866320292154948, 0.9872331261634827, 0.9946577946345011, 0.860921323299408, 0.9785193204879761, 0.8396027088165283, 0.6824070662260056, 0.7135449051856995, 0.7164042294025421], "det_polygons": [[363.3659435398105, 1508.2754619717598, 695.8881253456942, 1490.144035756588, 700.2054232336061, 1569.2680870890617, 367.6832414277224, 1587.3995133042336], [49.01881714921133, 1627.1907070875168, 66.03506686956446, 1467.2915041446686, 315.20241702966115, 1493.7898371219635, 298.186192545448, 1653.6890400648117], [303.14867758879, 1428.957157611847, 309.5180269652665, 1310.527191877365, 544.7554442375692, 1323.1700870990753, 538.3860948610928, 1441.6000528335571], [1298.6674111893976, 1389.210566341877, 1303.3786956951058, 1308.472549855709, 1548.2013541373124, 1322.7489868998528, 1543.4900696316045, 1403.4870033860207], [1130.101503619577, 1327.0671560168266, 1257.0090044889648, 1321.6686373353004, 1259.9325608365461, 1390.350453197956, 1133.025059967158, 1395.7489718794823], [573.1200075771657, 1316.9109013676643, 988.8816792509324, 1303.1874547600746, 992.3811243134834, 1409.1339641213417, 576.6194526397167, 1422.8574107289314], [1578.2391240316817, 1409.6959356069565, 1580.4173057480034, 1300.8187787532806, 1782.2418212890625, 1304.8539943695068, 1780.0636395727408, 1413.7311512231827], [53.912950107343185, 1401.6744460463524, 54.948843182368364, 1304.3329926133156, 268.67929009227504, 1306.6059044003487, 267.64339701724987, 1403.9473578333855], [1070.944660271669, 1207.8148692846298, 1073.6447253633442, 1129.0008155107498, 1363.9897463748023, 1138.9407176971436, 1361.2896812831268, 1217.7547714710236], [949.0368425159938, 1205.7774829864502, 952.3080519283175, 1143.6455764770508, 1027.9157292797122, 1147.6236766576767, 1024.6445198673885, 1209.755583167076], [40.02713314679981, 1127.113079726696, 402.5808357478835, 1121.36016279459, 404.68502510170345, 1253.88109177351, 42.131331964172226, 1259.634008705616], [1755.4699107453355, 1226.1289438009262, 1756.9683317944168, 1130.2597769498825, 1934.122400642448, 1133.0269491672516, 1932.6239795933664, 1228.8961160182953], [1539.6776964329613, 1222.9016189575195, 1545.0511772524644, 1122.1812728643417, 1744.9323081238308, 1132.8380444049835, 1739.558827304328, 1233.5583904981613], [409.38051178376674, 1124.6901137828827, 576.6423165825634, 1122.0361633300781, 578.2182630537477, 1221.2890665531158, 410.95645825495103, 1223.9430170059204], [624.4230108488, 1212.4675572514534, 628.4337401079016, 1122.9236726164818, 910.2124543383958, 1135.5362946391106, 906.2017250792942, 1225.0801792740822], [1372.5415676114017, 1219.1193863749504, 1380.5579789016033, 1114.9408318400383, 1526.5076615750013, 1126.1639140248299, 1518.4912502847997, 1230.342468559742], [218.31158864159633, 1018.4453125, 218.31158864159633, 1008.525390625, 226.58096699923254, 1008.525390625, 226.58096699923254, 1018.4453125], [1635.5370733066422, 1028.229408621788, 1636.0268563119066, 962.1492714881897, 1898.8683206085416, 964.0956363677979, 1898.3785376032774, 1030.1757735013962], [1065.3214426106522, 953.6625837683678, 1288.4872532549587, 945.6950814127922, 1292.2585420176697, 1051.254901111126, 1069.0927313733632, 1059.2224034667015], [808.5248414022778, 1056.1873134374619, 817.8075012534925, 948.8090835809708, 1023.9011641273294, 966.6137610673904, 1014.6185042761147, 1073.9919909238815], [360.7738134189468, 1060.3686476945877, 363.1745778901341, 945.1684286594391, 624.3390754471352, 950.6075134277344, 621.938310975948, 1065.807732462883], [1450.4489639293938, 1041.591796875, 1450.4489639293938, 952.3125, 1617.4904067536456, 952.3125, 1617.4904067536456, 1041.591796875], [1299.9462778204145, 1051.5116178393364, 1299.9462778204145, 952.3123990893364, 1423.9869531849579, 952.3123990893364, 1423.9869531849579, 1051.5116178393364], [49.13733552623875, 967.8358901143074, 349.4603761451938, 938.3057971596718, 361.9324550789682, 1065.0627090334892, 61.60941761453062, 1094.5928019881248], [1898.1005362849555, 1030.2972699403763, 1906.1462214975659, 945.3999177217484, 2119.7723674408217, 965.6312948465347, 2111.7266822282113, 1050.5286470651627], [1432.2563315425941, 841.5400390625, 1432.2563315425941, 815.0869140625, 1458.71834228703, 815.0869140625, 1458.71834228703, 841.5400390625], [1471.3063308118585, 848.0569506287575, 1472.3299086505601, 806.1037458777428, 1593.313578959163, 809.0535663962364, 1592.2900011204613, 851.0067711472511], [930.4085334081058, 793.3631691336632, 1148.6813593386507, 784.1758082211018, 1153.2224513161484, 891.9899216890335, 934.9496253856036, 901.1772321462631], [305.4306303128223, 778.803223580122, 526.1560052738497, 742.0280477106571, 552.439243202473, 899.6744705438614, 331.71386824144554, 936.4495455026627], [552.0157807731482, 780.677386879921, 897.5913559978775, 776.6836455464363, 898.8868784812992, 888.7121415138245, 553.3113537288499, 892.7058828473091], [1175.4438820382952, 853.8440762758255, 1178.796856544243, 774.0698575377464, 1428.8551055369521, 784.5730430483818, 1425.5021310310042, 864.3472617864609], [67.80890253261704, 854.7666015625, 67.80890253261704, 775.4072265625, 302.6591974172058, 775.4072265625, 302.6591974172058, 854.7666015625], [1613.4852294453456, 856.1907537579536, 1614.375964243048, 763.5973993241787, 1844.5454094067777, 765.8098151683807, 1843.6546746090753, 858.4032200574875], [646.2797793478392, 685.7601607739925, 647.5899387924651, 619.620587259531, 852.1317809449648, 623.6695267260075, 850.8216215003388, 689.809100240469], [899.7083653108213, 704.314453125, 899.7083653108213, 596.8486328125, 1103.1350729086723, 596.8486328125, 1103.1350729086723, 704.314453125], [1101.372681835113, 675.7872103452682, 1107.1782053715435, 592.2153196930885, 1398.417797073985, 612.4334775209427, 1392.6122735375545, 696.0053681731224], [375.1281046190357, 678.8834017813206, 380.9856146038814, 599.4159514605999, 592.0233401388548, 614.9608355462551, 586.1658301540091, 694.4282858669758], [1418.0074012270363, 589.2018245458603, 1631.3232435927607, 586.5025652050972, 1632.912918524109, 712.0510718822479, 1419.5970761583847, 714.750331223011], [1818.3842134512304, 677.4626300930977, 1825.2104883786815, 581.0728651285172, 2078.039867433327, 598.9662430882454, 2071.213592505876, 695.3560080528259], [1637.437556538322, 690.7963597178459, 1644.4051538498147, 584.5732542276382, 