{"predictions": [{"rec_texts": ["upo", "wawes", "eyouols", "uu", "paawls", "w", "oves", "sraugas", "waod", "w", "wlk", "flles", "sishit", "s", "copiest", "covws", "aud", "suaclwos", "u", "caucas", "w", "wot", "caed", "bll", "sau", "dlopping", "kue", "flus", "sskot", "uswalls", "cues", "saud", "j", "w", "laas", "sllks", "wood", "spransing", "but", "whaf", "t", "sl", "by", "wd", "hu", "ouaes", "m", "slcot", "uudls", "w", "caut", "doll", "as", "li", "would", "moughy", "acwually", "s", "lyudyer", "strisfuady", "sawds", "w", "hos"], "rec_scores": [0.7925237417221069, 0.9739389538764953, 0.43425200240952627, 0.8049861192703247, 0.5577292193969091, 0.3956969082355499, 0.8089443743228912, 0.4739614022629602, 0.6415318623185158, 0.7440088987350464, 0.742370198170344, 0.6059652447700501, 0.5891692936420441, 0.1293361932039261, 0.37905636855534147, 0.8897566676139832, 0.9974647363026937, 0.5981868840754032, 0.738426923751831, 0.8913612167040507, 0.8690653443336487, 0.7886900802453359, 0.8084418028593063, 0.6643813848495483, 0.8811524907747904, 0.8299355357885361, 0.7182010610898336, 0.5974353570491076, 0.7106595814228058, 0.8171657281262534, 0.7812029868364334, 0.913209468126297, 0.4624332785606384, 0.5627018809318542, 0.7105724215507507, 0.535979151725769, 0.7845712751150131, 0.7620682087209489, 0.96734486023585, 0.8513392210006714, 0.11799106746912003, 0.24090682715177536, 0.6098655760288239, 0.9030205607414246, 0.6365571618080139, 0.7952041745185852, 0.8237197399139404, 0.9418126702308655, 0.8830315709114075, 0.9732159972190857, 0.5720264315605164, 0.6689013317227364, 0.9485033452510834, 0.8804113566875458, 0.9702631235122681, 0.46759611119826633, 0.7654741108417511, 0.10019960254430771, 0.5349169969558716, 0.5708822473883629, 0.7963144183158875, 0.9331505298614502, 0.7545032501220703], "det_polygons": [[598.0768238106444, 1828.5327674150465, 601.207141717422, 1684.5403143167493, 767.8925795083129, 1688.1638787984846, 764.7622616015353, 1832.1563318967817], [1444.9734516831925, 1769.5399595499036, 1446.0872629961407, 1690.462077975273, 1751.9492024890146, 1694.7700210809705, 1750.8353911760667, 1773.8479026556013], [298.24714834264427, 1686.91664147377, 532.8651836723448, 1674.4370737075803, 539.1382975900316, 1792.3703043460844, 304.52026226033115, 1804.849872112274], [1215.5966697502313, 1777.3339843749998, 1215.5966697502313, 1676.0351562499998, 1392.4107308048103, 1676.0351562499998, 1392.4107308048103, 1777.3339843749998], [776.2618462971026, 1670.6263393163679, 1169.8329418087094, 1657.7645627260206, 1174.4678267938577, 1799.5878683328626, 780.8967312822509, 1812.44964492321], [54.055385981303026, 1773.11754655838, 55.68442495877162, 1673.7475240230558, 225.90071655753363, 1676.5378732681272, 224.27167758006502, 1775.9078958034513], [1347.3954642804874, 1501.4011341333387, 1550.4753724556074, 1498.830442547798, 1551.640670000018, 1590.8822902441023, 1348.560761824898, 1593.452981829643], [1578.5850561884793, 1632.2721334695814, 1584.0387746015153, 1475.2052158117292, 1959.775961340411, 1488.2515767812727, 1954.3224677580797, 1645.3184944391248], [1051.005305146421, 1488.8311852216718, 1292.256295937283, 1483.8570746183393, 1294.63365581276, 1599.157785773277, 1053.382665021898, 1604.1318963766096], [334.91102211923095, 1589.8624671697614, 343.50601893591727, 1483.2857848405836, 531.33762765438, 1498.433395028114, 522.7426308376937, 1605.010077357292], [44.606225699213894, 1491.043949484825, 280.4032627073953, 1483.1841622591016, 284.1523147145429, 1595.6542798280714, 48.3552671674222, 1603.5140670537946], [576.9516745539972, 1496.656910896301, 773.8421058337187, 1479.7808175086973, 783.3168089916924, 1590.3185322284696, 586.426377711971, 1607.1946256160734], [832.4995374653099, 1606.0468749999998, 832.4995374653099, 1477.1210937499998, 1001.9463459759481, 1477.1210937499998, 1001.9463459759481, 1606.0468749999998], [1044.3080481036077, 1377.6640624999998, 1044.3080481036077, 1355.5624999999998, 1075.6188714153561, 1355.5624999999998, 1075.6188714153561, 1377.6640624999998], [738.5670675300647, 1471.5957031249998, 738.5670675300647, 1313.2011718749998, 933.7992599444958, 1313.2011718749998, 933.7992599444958, 1471.5957031249998], [46.239445122605005, 1330.4813948869703, 330.2385904063349, 1319.7240151166914, 333.38622027740337, 1402.8204852342603, 49.38707148069369, 1413.5778650045393], [1522.2812647929795, 1313.5368411540983, 1763.6860397861137, 1311.0221319198606, 1764.8369481653995, 1421.4986932277677, 1523.4321731722653, 1424.0134024620054], [1148.7721503413902, 1313.652290701866, 1459.885235782027, 1308.9738298654554, 1461.6292475613038, 1424.9530740976331, 1150.5161621206673, 1429.6315349340437], [547.9554271433333, 1412.190784215927, 554.9013469459611, 1309.7397089004514, 723.3864421156354, 1321.1623568534849, 716.4405223130077, 1423.6134321689603], [482.3706804499595, 1233.8404557704923, 482.83428136382685, 1160.1251888275144, 828.9656484429203, 1162.3022053241727, 828.5020475290529, 1236.0174722671507], [1503.8371654866912, 1137.1157679557798, 1686.6373440639272, 1133.9088110923765, 1688.480281353438, 1238.955758810043, 1505.6801027762017, 1242.1627156734464], [219.61376149956547, 1238.9451918601987, 221.5929461963523, 1128.110928058624, 409.6939020994964, 1131.46986913681, 407.7147174027096, 1242.3041329383848], [1139.5398146834889, 1231.934807538986, 1140.3613460798379, 1123.4983420372007, 1451.7075809616385, 1125.857020139694, 1450.8860495652896, 1234.2934856414793], [918.6090792251008, 1135.5134136676786, 1101.1490724688872, 1117.2595698833463, 1112.6559079546932, 1232.3262343406675, 930.1158585032305, 1250.5800781249998], [59.37755735399103, 984.0565346479415, 323.82720560502605, 977.500079512596, 325.5602568874306, 1047.3997782468794, 61.110615662355094, 1053.9562333822248], [689.4023817205297, 1091.6598973274229, 691.17090004666, 957.2561643123626, 1067.611076192653, 962.2093658447264, 1065.8425578665226, 1096.6130988597868], [392.0262556331892, 956.1992444992064, 622.1643986450533, 953.6703710556029, 623.2971519449042, 1056.758161306381, 393.1590370368781, 1059.2870347499845], [1087.3236703369819, 957.0327969789504, 1256.949444088861, 951.0811311006545, 1260.8311462120034, 1061.7112504243848, 1091.2053724601244, 1067.6629163026807], [1596.0599103251834, 951.1365513801574, 1866.848484656857, 945.978755712509, 1868.9185009584946, 1054.6580362319944, 1598.129926626821, 1059.8158318996427], [1278.615030152835, 961.2417030334472, 1567.4388491536156, 946.5558910369872, 1572.7774542456527, 1051.547755718231, 1283.9536352448722, 1066.233567714691], [817.0483845049976, 874.1489024162291, 819.6022364839594, 784.763186097145, 999.8475513440607, 789.91300034523, 997.2936993650989, 879.2987166643142], [1023.2818805648704, 778.443082153797, 1247.1664980342275, 773.6283751130103, 1249.4121071165298, 878.0476010441779, 1025.5274896471726, 882.8623080849646], [57.09620721554116, 882.2207031249999, 57.09620721554116, 779.0800781249999, 224.70120259019424, 779.0800781249999, 224.70120259019424, 882.2207031249999], [1462.2839545744862, 882.8723691701888, 1465.9612855867144, 774.393411040306, 1638.1757600768422, 780.2310887575148, 1634.498429064614, 888.7100468873977], [1273.7218146875541, 879.4644154310225, 1280.1427547938288, 770.3093973398207, 1428.0593253249485, 779.0102688074111, 1421.638385218674, 888.1652868986129], [283.0492671716004, 770.3465502858161, 481.97756396213356, 767.5447347760199, 483.56217077151143, 880.0536352992057, 284.63387398097825, 882.8554508090018], [517.302627097667, 768.1242870092391, 760.8396964977451, 757.0545077323912, 766.1942645698427, 874.8535156249999, 522.6571951697647, 885.9232949018477], [1406.6262142100231, 609.9290102124213, 1766.0549685101503, 607.5643741488456, 1766.9034795911084, 736.5451260209082, 1407.4747252909813, 738.909762084484], [1012.187721838232, 595.4548182487487, 1207.2364523973208, 590.3219785690306, 1210.1464362131237, 700.898588657379, 1015.0977056540348, 706.031428337097], [647.7639037634243, 