{"predictions": [{"rec_texts": ["some", "sonts", "worry", "suyers", "konesd", "fey", "silarces", "sshe", "skeneds", "beled", "bamoly", "hussa", "respecked", "hade", "ladivel", "harl", "elaines", "talka", "madel", "loery", "usual", "sallys", "suksarbal", "alloughs", "biadfast", "slone", "notic", "soy", "over", "exsic", "hoed", "silence", "in", "sat", "ek", "turbon", "room", "mor", "every", "neitter", "harry", "pervadled", "but", "kadelane", "sopen", "house", "windows", "jue", "frcuph", "coyplaints", "je", "in", "exjaust", "se", "smoke", "wind", "diesel", "sofled", "deghts", "a"], "rec_scores": [0.9502166956663132, 0.552158921957016, 0.9185567378997803, 0.6831135302782059, 0.6324930787086487, 0.4738570302724838, 0.9444679915904999, 0.6449736878275871, 0.8548948679651532, 0.8924483776092529, 0.6520372629165649, 0.8567140102386475, 0.9564033812946744, 0.5552633628249168, 0.9245290841375079, 0.6445932164788246, 0.895048201084137, 0.874269676208496, 0.8897690296173095, 0.7265982151031494, 0.9844509720802307, 0.7702776889006296, 0.8554777569240994, 0.893200296908617, 0.8759511634707451, 0.8196146965026856, 0.9396950483322144, 0.6518279512723287, 0.9682033807039261, 0.9797528266906739, 0.7450311407446861, 0.9967139192989894, 0.943943977355957, 0.7101226051648458, 0.38877835124731064, 0.726379911104838, 0.993123322725296, 0.6933921178181967, 0.9569189786911011, 0.859340522970472, 0.8715325713157653, 0.8858371078968048, 0.8725101550420126, 0.8662204071879387, 0.7868456840515137, 0.9996737241744995, 0.9997586011886597, 0.6155063907305399, 0.6411581163605055, 0.8164289176464081, 0.5313671827316284, 0.7314142882823944, 0.8697070436818259, 0.5401416793465614, 0.9982165217399597, 0.9995510578155518, 0.9998988509178162, 0.8341828385988871, 0.49418166528145474, 0.9999840259552002], "det_polygons": [[60.14243427796036, 1366.8828830122948, 62.40351179019599, 1317.1409413218498, 223.8813504041725, 1324.4804844260216, 221.62025165697494, 1374.2224261164665], [282.94741631391986, 1375.1710832118988, 289.80010841112716, 1292.9419040679932, 408.6569894815783, 1302.8461933135986, 401.80429738437107, 1385.0753724575043], [1471.8086324443232, 1208.2132950425148, 1477.343652683331, 1138.6306688189507, 1663.2029118684516, 1153.4143969416618, 1657.667891629444, 1222.997023165226], [290.14239476261173, 1138.3707627654076, 458.6186079301737, 1128.743876516819, 464.30983254919994, 1228.3356294035912, 295.833598146676, 1237.9625156521797], [652.0547563544479, 1192.7826046943665, 655.7401264687758, 1131.6064953804016, 815.4523523199437, 1141.2272661924362, 811.7669822056158, 1202.403375506401], [839.5028153917975, 1217.5293982028961, 842.5375462723338, 1121.9364613294601, 989.286592318757, 1126.595064997673, 986.2518614382208, 1222.188001871109], [47.68863874019328, 1195.6141367554665, 50.543594432959274, 1124.8136892914772, 275.6816617370874, 1133.8915452361107, 272.8267060443214, 1204.6919927001], [490.30694705186795, 1205.19660115242, 494.6374353098835, 1120.033711194992, 625.3979140542787, 1126.6823798418045, 621.0674257962631, 1211.8452697992325], [1160.2247232685677, 1189.16404992342, 1164.4562566039504, 1116.3833901286125, 1353.3094755426857, 1127.3628070950508, 1349.077942207303, 1200.1434668898582], [1031.7661143982918, 1188.0233511328697, 1032.85130589319, 1118.568979203701, 1165.6131373303529, 1120.643301308155, 1164.5279458354544, 1190.0976732373238], [1536.8723859437914, 1021.1313888430595, 1538.431881548545, 966.545681655407, 1682.132096699705, 970.6511780619621, 1680.5726010949513, 1025.2368852496147], [1376.0623125604097, 1026.4176741242409, 1376.8077446642942, 958.5738703608513, 1543.556812202599, 960.4061231017113, 1542.8113800987144, 1028.2499268651009], [959.8850887181296, 1026.7845153808594, 960.4377073676137, 951.6319155693054, 1209.5508217762715, 953.463488817215, 1208.9982031267873, 1028.616088628769], [379.36501581462903, 1037.856513261795, 387.1390504404183, 944.5713043212891, 538.474253686595, 957.1820139884949, 530.7002190608057, 1050.4672229290009], [173.5111075829971, 1011.2626880407333, 175.0820275972738, 953.9260536432266, 328.0110846166206, 958.1158071756363, 326.44016460234394, 1015.452441573143], [1243.3317389872204, 1019.1499024629593, 1264.4192453498897, 943.8403397798538, 1369.7740457515245, 973.338657617569, 1348.686539388855, 1048.6482203006744], [757.1309540554511, 1014.063473045826, 763.3990051805712, 946.6846123337746, 920.0127952653878, 961.2527713179588, 913.7447441402677, 1028.6316320300102], [54.80908778122195, 949.350942671299, 178.81182125197674, 947.3827913403511, 179.93950390571385, 1018.4249684214592, 55.936775743699535, 1020.3931197524071], [584.9257329267779, 1021.8981966376305, 587.9696373108715, 936.671943962574, 759.5207366719952, 942.7985921502113, 756.4768322879016, 1028.0248448252678], [1561.0671618169783, 861.4551320672035, 1564.6346354226243, 793.6741814017296, 1715.7599523050023, 801.627816259861, 1712.1924786993561, 869.4087669253349], [1230.2225475841876, 848.876953125, 1230.2225475841876, 786.2548828125, 1367.996339677892, 786.2548828125, 1367.996339677892, 848.876953125], [1354.4368821419177, 798.5973626375198, 1449.600259850699, 774.0399777889252, 1469.6509904316895, 851.7333716154099, 1374.4876127229081, 876.2907564640045], [161.4319180087848, 832.177734375, 161.4319180087848, 776.513671875, 475.94582723279655, 776.513671875, 475.94582723279655, 832.177734375], [908.0733954456157, 851.2222230434418, 913.172674265648, 756.2506824731827, 1187.1366399315407, 770.9596663713455, 1182.0373611115085, 865.9312069416046], [549.4703540271407, 843.671527504921, 552.1367857278179, 763.1483852863312, 819.7783387660284, 772.0103323459625, 817.1119070653511, 852.5334745645523], [752.885065885798, 662.40234375, 752.885065885798, 609.521484375, 889.2672035139093, 609.521484375, 889.2672035139093, 662.40234375], [293.2149451103602, 607.0017546415329, 418.60544173993276, 605.0727590918541, 419.4833800063127, 662.136322259903, 294.09288337674013, 664.0653178095818], [1026.5516571447058, 700.3397092223167, 1031.0894835710876, 593.7051817774773, 1163.0871961378598, 599.3218705058098, 1158.549369711478, 705.9563979506493], [1687.1826200471269, 661.7526210844517, 1689.0757593738563, 598.3354590833187, 1831.105717358792, 602.5749854743481, 1829.2125780320623, 665.992147475481], [663.794292712456, 656.8067617714405, 668.1505177443408, 601.2660272419453, 772.4017796439623, 609.4422809779644, 768.0455546120775, 664.9830155074596], [411.16594270452055, 659.2001482844353, 412.47444105916287, 600.3180921077728, 510.0585194890706, 602.4865239858627, 508.75002113442827, 661.3685801625252], [1435.8507069354528, 656.5815523266792, 1438.4665144868688, 595.8956971764565, 1649.1146188403643, 604.9749970436096, 1646.4988112889482, 665.6608521938324], [1338.7715959004395, 663.7939453125, 1338.7715959004395, 595.60546875, 1418.095900439239, 595.60546875, 1418.095900439239, 663.7939453125], [1188.4729136163983, 662.40234375, 1188.4729136163983, 588.6474609375, 1316.5051244509518, 588.6474609375, 1316.5051244509518, 662.40234375], [527.9195857348241, 666.8158628046513, 530.0914127020327, 586.4625938236713, 633.8631042212379, 589.2671160399914, 631.6912772540293, 669.6203850209713], [39.686572475628836, 669.0302453935146, 40.631846806315345, 575.4510708153248, 242.66823975547692, 577.4917580187321, 241.72296542479043, 671.0709325969219], [552.257018082313, 483.53746086359024, 554.558633136889, 435.2060616016388, 715.4931858671532, 442.86929816007614, 713.1914858727296, 491.2006974220276], [1357.840931480486, 482.75719061493874, 1365.0061172775784, 426.46162435412407, 1482.307537386044, 441.39033928513527, 1475.1423515889517, 497.68590554594994], [348.4811419910079, 485.85049733519554, 356.0966788608892, 418.26524063944817, 516.7241315716009, 436.3634504377842, 509.10859470171954, 503.94870713353157], [919.7337678655176, 427.3504860699177, 1117.3697670619624, 425.70356503129005, 1117.845769968773, 482.81324878335, 920.209770772328, 484.4601698219776], 