{"predictions": [{"rec_texts": ["mec", "newyooyser", "gassing", "farious", "wrs", "saying", "yn", "squa", "lha", "de", "memyands", "woats", "leen", "raks", "al", "robfe", "paing", "m", "suns", "nf", "not", "pariks", "a", "fla", "w", "i", "n", "e", "tups", "ca", "syone", "buslay", "afaey", "scoulal", "mooles", "dex", "ss", "yon", "golayshs", "hesl", "spr", "one", "rowd", "you", "a", "m", "give", "submare", "loon", "jug", "out", "exa"], "rec_scores": [0.7584062318007151, 0.8442772090435028, 0.9990621123995099, 0.9226433209010533, 0.7586944103240967, 0.8948872089385986, 0.297951839864254, 0.8817148804664612, 0.8313557306925455, 0.691445529460907, 0.6817862838506699, 0.8348964571952819, 0.9427409768104553, 0.7559870779514313, 0.8268935680389404, 0.7812231540679931, 0.28166563659906385, 0.9945968389511108, 0.662524625658989, 0.9237024188041687, 0.9744407137235006, 0.7369727591673533, 0.39296188950538635, 0.6298119525114695, 0.5867594480514526, 0.10488991439342499, 0.3363017737865448, 0.1176074892282486, 0.966613382101059, 0.7828281819820404, 0.7614579558372497, 0.5705637037754059, 0.5487670481204987, 0.8067492629800525, 0.5718051741520563, 0.34462739030520123, 0.2675206661224365, 0.6871321300665537, 0.5873291566967964, 0.8533167093992233, 0.7512882153193156, 0.9633132219314575, 0.8216756880283356, 0.5480746527512869, 0.1327226310968399, 0.9983062744140625, 0.9925340414047241, 0.8962401577404567, 0.8245433419942856, 0.7829099297523499, 0.5332784354686737, 0.7352810104688009], "det_polygons": [[1223.1047801702796, 1219.0329775214195, 1224.0305803325814, 1175.5328634381294, 1392.3706132056009, 1179.1138860583305, 1391.4448130432988, 1222.6140001416206], [816.9368771835112, 1227.72791326046, 818.7313735317177, 1169.4149136543274, 1183.3668698592926, 1180.6324642896652, 1181.5723735110862, 1238.9454638957977], [302.09154929577466, 1246.376953125, 302.09154929577466, 1145.6982421875, 554.4718309859155, 1145.6982421875, 554.4718309859155, 1246.376953125], [865.0774742448834, 984.6739563345909, 1135.8961164447624, 975.5876889824867, 1138.4696852992959, 1052.2655054926872, 867.6510430994168, 1061.3517728447914], [689.8806852958572, 1039.3756753206253, 696.4249254683374, 978.035164475441, 837.1761135047591, 993.0459326505661, 830.6318733322789, 1054.3864434957504], [34.31000814303546, 1053.9316400885582, 41.43925288025762, 968.396552503109, 310.43390343894424, 990.8086296916008, 303.3046587017221, 1076.34371727705], [474.16901408450707, 1071.7822265625, 474.16901408450707, 945.615234375, 673.0140845070423, 945.615234375, 673.0140845070423, 1071.7822265625], [1582.7278855014856, 964.7029763460159, 1817.8120418065032, 954.841046333313, 1821.201248383858, 1035.601903796196, 1586.1170920788404, 1045.463833808899], [1355.948701240647, 1037.1033695340157, 1356.7982590366419, 947.9024747014046, 1545.1498903086488, 949.696019589901, 1544.3003325126542, 1038.896914422512], [1222.8710739780481, 1027.2335055470467, 1231.869851555623, 949.2579397559166, 1339.226883149483, 961.643029153347, 1330.2281055719081, 1039.618594944477], [727.2154051015075, 879.0399339795113, 728.4285923057879, 785.6427446007729, 1099.073387468365, 790.4554000496864, 1097.8602002640846, 883.8525894284248], [1296.3169014084508, 856.40625, 1296.3169014084508, 787.587890625, 1553.7957746478874, 787.587890625, 1553.7957746478874, 856.40625], [1684.5391407281581, 854.6603089570999, 1688.123154331261, 780.3027909994125, 1858.055252290108, 788.4908080101013, 1854.4712386870049, 862.8483259677887], [288.3451089993329, 866.7837327718735, 291.33108681692204, 778.712729215622, 431.791406335965, 783.4732693433762, 428.8054285183759, 871.5442728996277], [1580.6909695477555, 845.8286288380623, 1605.2917360117738, 772.0400235056877, 1688.2714379538954, 799.6947464346886, 1663.670671489877, 873.4833517670631], [466.2132398578483, 778.8661971688271, 694.4472140459948, 777.1882393956184, 695.0745798030371, 862.4943307042122, 466.84056671572404, 864.1722884774208], [115.28026666775557, 845.2016893029213, 126.65959543577382, 761.4238992333412, 281.11212018509985, 782.3951044678688, 269.7327914170816, 866.1728945374489], [238.86068188304634, 678.5411703586578, 241.06501984932055, 633.3603371679783, 328.7449469767826, 637.6365548372269, 326.5406090105084, 682.8174269199371], [827.8657536036533, 674.2882490158081, 832.6080287879622, 623.1866097450256, 992.1034803793465, 637.982382774353, 987.3612051950374, 689.0840220451355], [64.97463438544476, 613.862439841032, 219.54341415620186, 601.499207764864, 225.6309197654187, 677.5791370868683, 71.06214485705739, 689.9422913789749], [1382.2849929164834, 601.1762483417988, 1532.5804804412412, 597.059293538332, 1534.7053085112236, 674.6006298065186, 1384.4098209864658, 678.7175846099854], [380.32395806111083, 680.2269065380096, 381.40659966267333, 597.420756071806, 622.8069692262462, 600.5757164955139, 621.7243276246837, 683.3818280696869], [695.3120981135839, 597.8407122194767, 818.0534388582472, 595.7607664167881, 819.4184884084783, 676.2849658727646, 696.6771476638149, 678.3649116754532], [1160.1793879119443, 677.2538441419601, 1176.544267251458, 581.420069038868, 1349.276093818772, 610.9053620696068, 1332.9110588825924, 706.739137172699], [1045.2114232022998, 601.5235541760921, 1054.1339584135674, 592.6026557385921, 1061.1445217938492, 599.6119330823421, 1052.2219865825814, 608.5328315198421], [1045.1093517894476, 586.9440986216068, 1053.8789354781031, 580.3681562840939, 1060.1502590985367, 588.7283094227314, 1051.3806754098812, 595.3042517602444], [44.35772605681084, 571.7021951079369, 70.87040600306551, 558.4482577443123, 91.00983192551304, 598.7197110056877, 64.49715684165417, 611.9736483693123], [221.15144734987072, 481.0913474857807, 226.2500388991665, 475.9936912357807, 232.6232783357862, 482.3657615482807, 227.52468678649043, 487.4634177982807], [959.7784286284111, 531.5513849258423, 965.4572401449715, 433.136345744133, 1083.3130011760013, 439.93443936109543, 1077.634189659441, 538.3494785428047], [1697.6086382798746, 453.2808619737625, 1742.0373990770797, 445.44193983078003, 1749.3772050024759, 487.02716588974, 1704.9484442052708, 494.8660880327225], [239.10362662731762, 535.2317766845226, 243.6875044057067, 425.2390466630459, 400.30354244608276, 431.76349595189095, 395.7196646676937, 541.7562259733677], [1188.7956375336983, 506.86241269111633, 1199.1652217381438, 405.1298055052757, 1462.956885109485, 432.0080879330635, 1452.5873009050397, 533.7406951189041], [1725.8732394366198, 512.314453125, 1725.8732394366198, 424.3798828125, 1950.211267605634, 424.3798828125, 1950.211267605634, 512.314453125], [403.41617594974144, 426.3978736102581, 607.5495102573449, 422.6183460652828, 609.053974420252, 503.84621903300285, 404.9206401126486, 507.62574657797813], [1464.492001815581, 496.09145924448967, 1467.3593371753961, 425.13621613383293, 1645.3136880364218, 432.3249413073063, 1642.4463526766067, 503.280184417963], [52.904923210681325, 507.8944905102253, 55.2713345541081, 414.43818524479866, 207.74411053724694, 418.29751923680305, 205.37769919382015, 511.7538245022297], [634.9744729055485, 409.664149582386, 827.4954335387324, 399.0880063176155, 832.9855062995159, 498.9889544248581, 640.4645067671655, 509.5650976896286], [1559.4548253878743, 260.3653831779957, 1719.102606115207, 258.3189623057842, 1720.2297483632262, 346.2227301299572, 1560.5819676358935, 348.26915100216866], [1218.1049925038512, 336.1589504778385, 1226.6466270769147, 246.48888163268566, 1417.4485946440361, 264.65715765953064, 1408.906960070973, 354.32724595069885], [1029.6314512440856, 321.78573936223984, 1030.4923675966936, 258.09389412403107, 1193.4624483350299, 260.29580533504486, 1192.6015319824219, 323.98765057325363], [331.323261529627, 330.5060715973377, 333.1101336412027, 254.57803510129452, 504.3879871637049, 258.60734671354294, 502.6011150521292, 334.5354026556015], [777.6957092285156, 305.29756017029285, 779.7057069590394, 255.72853915393353, 905.6887486417529, 260.83502389490604, 903.6787509112291, 