{"predictions": [{"rec_texts": ["namer", "sloing", "shoved", "disan", "typweudsh", "amandinaty", "tinslilade", "eahable", "fusays", "torenious", "ony", "plains", "smightty", "rololles", "fluds", "nikes", "un", "releppedly", "edady", "fortbladzhouses", "finiog", "whads", "dohnk", "conce", "cerneds", "elend", "sacceptables", "chavel", "ho", "swoulds", "salle", "in", "derns", "dswords", "timode", "equivalant", "fands", "dcoats", "rellairs", "rhhan", "ami", "trines", "precisely", "hew", "appointmeud", "revesseds", "gupal", "soing", "an", "fons", "rshordds", "ushipy", "wollicers", "misengu", "was", "one", "sgenerahions", "pefthese", "aseconds", "ondox", "sdhoke", "oals", "some", "hypasseds", "srgds", "abeeny", "sdeas", "scook", "shady", "selhist", "naval", "loliers", "johnled", "coll", "sxatherk", "shes", "rhads", "dbens"], "rec_scores": [0.9486794829368591, 0.7327968329191208, 0.9411264955997467, 0.798227059841156, 0.6243611607286665, 0.7663315206766128, 0.6351441740989685, 0.8041049029145922, 0.7228920310735703, 0.7819714612430997, 0.9003834327061971, 0.8725473235050837, 0.7403165902942419, 0.7544534578919411, 0.7946648597717285, 0.5251569867134094, 0.650613933801651, 0.7292366430163384, 0.8443990528583527, 0.6600318849086761, 0.6715810547272364, 0.7915489196777343, 0.4977452039718628, 0.850657606124878, 0.8660875729152134, 0.6706460893154145, 0.8585119148095449, 0.8184395829836527, 0.3252943903207779, 0.7632822649819511, 0.7684249162673951, 0.8882679641246796, 0.879183828830719, 0.9317623887743268, 0.8274038434028625, 0.9831932187080383, 0.8978082299232483, 0.7266980335116386, 0.545949749648571, 0.5379240334033966, 0.7524932324886322, 0.6358874489863714, 0.911286837524838, 0.6785861750443777, 0.8425625129179521, 0.8202773696846433, 0.6526938945055007, 0.5613999783992767, 0.9875294268131256, 0.4367101788520813, 0.7309807501733303, 0.6884263058503469, 0.8389744659264883, 0.5204983481339046, 0.9811892906824747, 0.9946946303049723, 0.776185097793738, 0.8684082888066769, 0.8408335223793983, 0.755049604177475, 0.713977093497912, 0.47486455738544464, 0.9954372942447662, 0.7500785986582438, 0.3726897180080414, 0.6944468468427658, 0.6075431615114212, 0.8641059279441834, 0.6396873593330383, 0.5749025983469827, 0.9168228149414063, 0.6226463615894318, 0.7685436691556659, 0.8274195194244385, 0.794421125203371, 0.516865998506546, 0.8314734816551208, 0.5110929310321808], "det_polygons": [[90.22666388750076, 2021.4948029335242, 91.13401156663895, 1979.7375408347461, 231.17959332466125, 1982.7835004786891, 230.27224564552307, 2024.5407625774671], [62.04000574350357, 1867.6544457802268, 406.1019284725189, 1865.1600929881167, 406.87922644615173, 1972.4759102402945, 62.817296504974365, 1974.9702630324045], [1129.6288204193115, 1762.2306931355602, 1131.170030593872, 1663.5427089651907, 1326.0931911468506, 1666.5898230814062, 1324.55198097229, 1765.2778072517758], [360.9963459968567, 1778.5948758103002, 366.33686542510986, 1661.0497415398079, 505.0970163345337, 1667.359856087209, 499.7564969062805, 1784.9049903577013], [834.7633843421936, 1665.3944824903895, 1123.712308883667, 1645.6283009228468, 1131.432668685913, 1758.5894875878814, 842.4836864471436, 1778.355669155424], [501.67631673812866, 1665.5588793420031, 832.5864653587341, 1655.9629058124194, 835.4940629005432, 1756.319333311104, 504.58391427993774, 1765.9153068406877], [46.09682923555374, 1665.5065817480559, 351.6500475406647, 1655.8020878248508, 354.8336112499237, 1756.1298844111757, 49.28038573265076, 1765.8343783343807], [1327.9921245574951, 1656.6821420382294, 1625.3787593841553, 1638.5721663929123, 1632.5463790893555, 1756.3782113970049, 1335.1597442626953, 1774.488187042322], [1573.9273109436035, 1603.4839442710768, 1575.260118484497, 1499.4692250350795, 1787.6295566558838, 1502.193086914976, 1786.2967491149902, 1606.2078061509733], [836.0245895385742, 1517.761607299462, 1150.8434238433838, 1508.8894878847784, 1152.7532043457031, 1576.7161192648648, 837.9343700408936, 1585.5882386795486], [580.421875, 1575.6089803554723, 580.421875, 1496.1665107577173, 712.765625, 1496.1665107577173, 712.765625, 1575.6089803554723], [55.27310457825661, 1490.235755799082, 275.512464761734, 1481.8683716619648, 279.4473626613617, 1585.5351329550103, 59.20801329612732, 1593.9025170921275], [1169.4671878814697, 1483.3458652763973, 1393.2304573059082, 1472.1525639104887, 1399.067346572876, 1588.9435968925397, 1175.3040771484375, 1600.1368982584481], [302.5, 1577.5004677268473, 302.5, 1486.7090739008418, 559.625, 1486.7090739008418, 559.625, 1577.5004677268473], [1393.390625, 1586.957904583723, 1393.390625, 1481.0346117867164, 1569.21875, 1481.0346117867164, 1569.21875, 1586.957904583723], [670.5906901359558, 1569.3296902177487, 672.292414188385, 1482.5029850701956, 821.2608323097229, 1485.425185286519, 819.5591082572937, 1572.2518904340723], [1794.203125, 1411.0495790458372, 1794.203125, 1316.4752104770812, 1881.171875, 1316.4752104770812, 1881.171875, 1411.0495790458372], [540.4745750427246, 1311.0182509391077, 825.9861831665039, 1308.6959145156102, 826.8037538528442, 1409.3072494920777, 541.2921457290649, 1411.6295859155753], [1602.504204750061, 1313.4265955469114, 1789.4642152786255, 1308.0049628604784, 1792.0924425125122, 1398.7201615164945, 1605.1324319839478, 1404.1417942029275], [1002.5741815567017, 1407.851575403597, 1004.303484916687, 1302.7428782421143, 1583.175841331482, 1312.2760484800704, 1581.4465379714966, 1417.384745641553], [828.7057452201843, 1304.6071200678568, 1000.5410442352295, 1298.57500244369, 1004.182897567749, 1402.4126256330755, 832.3475408554077, 1408.4447432572424], [345.3851885795593, 1389.6845688280152, 350.78946352005005, 1292.3632489339116, 525.5530157089233, 1302.0767477408426, 520.1487407684326, 1399.3980676349463], [149.5207976102829, 1302.7965612027888, 346.030503988266, 1280.9520986501695, 359.33402919769287, 1400.738525390625, 162.8243372440338, 1422.5829879432442], [1466.4794826507568, 1219.6888730340854, 1467.5101871490479, 1156.7904528911365, 1619.1222953796387, 1159.276955271793, 1618.0915908813477, 1222.1753754147421], [1616.5234937667847, 1158.8334070246724, 1819.7352170944214, 1148.5394395590943, 1823.0915842056274, 1214.8587919401164, 1619.8798608779907, 1225.1527594056945], [594.5642900466919, 1220.8560445016515, 598.1476383209229, 1139.596897335784, 781.2929344177246, 1147.6805121883037, 777.7095861434937, 1228.9396593541715], [791.5067982673645, 1153.7921729520506, 1203.9908266067505, 1131.4856905959498, 1208.7001953125, 1218.6483471748202, 796.2161092758179, 1240.954829530921], [404.5389664173126, 1220.680795610676, 407.6355803012848, 1129.289076202935, 588.0630741119385, 1135.4080101419988, 584.9664602279663, 1226.7997295497398], [1234.578125, 1220.0093545369502, 1234.578125, 1136.7839101964453, 1331.0, 1136.7839101964453, 1331.0, 1220.0093545369502], [151.06301748752594, 1135.102305884223, 385.344749212265, 1132.7584962764556, 386.1209797859192, 1210.4152281630027, 151.83923363685608, 1212.75903777077], [1329.109375, 1221.9008419083254, 1329.109375, 1129.2179607109447, 1444.4375, 1129.2179607109447, 1444.4375, 1221.9008419083254], [47.265625, 981.6819457436857, 122.890625, 981.6819457436857, 122.890625, 1036.535079513564, 47.265625, 1036.535079513564], [430.34413981437683, 1041.6773299100355, 432.0103223323822, 968.3342259463246, 560.6782064437866, 971.2598318558523, 559.0120239257812, 1044.602993543177], [1651.6176433563232, 966.3739897511181, 1875.715326309204, 953.1857602982124, 1880.7091426849365, 1038.1200544965723, 1656.6114597320557, 1051.3082839494782], [281.0209698677063, 1037.1194733779378, 284.9221725463867, 961.661780276178, 435.8661460876465, 969.4727087779174, 431.96494340896606, 1044.9304018796772], [584.4100275039673, 976.6405962238365, 973.1452140808105, 962.0039658577671, 976.0125389099121, 1038.2266122873305, 587.2773523330688, 1052.8632426533998], [1476.578125, 1045.9925163704395, 1476.578125, 953.3096351730588, 1641.0625, 953.3096351730588, 1641.0625, 