{"predictions": [{"rec_texts": ["ona", "trwands", "audhan", "skeyord", "wurt", "ss", "s", "awox", "mn", "veshbuld", "tu", "cuell", "h", "s", "in", "squiddes", "jnes", "lidos", "vols", "masside", "hably", "shayn", "llecaaip", "hacontewr", "hosh", "su", "hasploudids", "raude", "f", "s", "wauf", "awo", "au", "was", "i", "tmattarish", "rexcllands", "dewan", "syhd", "p", "e", "man", "was", "i", "bowoliay", "ard", "plapts", "wordl", "sus", "ujaut", "ans", "chha", "sbugn", "ou", "ban", "hoah", "ku", "fi", "sp", "paud", "upok", "gw", "vgoddals", "tha", "adadnps"], "rec_scores": [0.8067541122436523, 0.7423514553478786, 0.7553916871547699, 0.6483874874455589, 0.7909715846180916, 0.6934046149253845, 0.07016152888536453, 0.7404636144638062, 0.29211074858903885, 0.8407165743410587, 0.5675942599773407, 0.7300984859466553, 0.21071533858776093, 0.667039155960083, 0.6697398573160172, 0.5243643671274185, 0.4256962016224861, 0.7090799331665039, 0.30271921306848526, 0.7967478547777448, 0.7482757568359375, 0.6531248450279236, 0.5243610180914402, 0.8256833288404677, 0.6342864334583282, 0.4944581687450409, 0.8140171278606761, 0.9186362862586975, 0.7441061735153198, 0.22263900935649872, 0.6991786882281303, 0.8172941108544668, 0.9687065482139587, 0.997795045375824, 0.08208383619785309, 0.558828554302454, 0.8142013847827911, 0.4154053717851639, 0.28238941356539726, 0.11561711132526398, 0.09102457761764526, 0.7800818880399069, 0.9991820057233175, 0.07280419766902924, 0.6763733327388763, 0.7168275415897369, 0.7553144097328186, 0.7360221385955811, 0.5675454139709473, 0.6165276765823364, 0.4627193758885066, 0.43407658487558365, 0.4860621690750122, 0.6446245163679123, 0.46923592686653137, 0.32565245777368546, 0.8140006065368652, 0.4543572813272476, 0.17758256942033768, 0.7226450443267822, 0.6885553151369095, 0.8838443160057068, 0.6639928929507732, 0.5302457412083944, 0.5324157157114574], "det_polygons": [[804.8418584203285, 1431.3329774141312, 805.7419149288653, 1372.8388577699661, 938.8428497314453, 1374.886291027069, 937.9427932229086, 1433.3804106712341], [423.5526290476141, 1437.1366611123085, 424.6413716603195, 1339.712214767933, 762.2465651955648, 1343.4837445616722, 761.1578225828594, 1440.9081909060478], [981.6733142887567, 1435.905712544918, 982.183919750086, 1338.409169614315, 1339.0561423722008, 1340.2772763371468, 1338.5455369108715, 1437.7738192677498], [51.06260502592046, 1477.1348041296005, 53.05881616192386, 1321.4541202783585, 394.9255064062797, 1325.8364582061768, 392.92929527027627, 1481.5171420574188], [1259.515524310544, 1203.2991605997086, 1433.6583404541016, 1194.2541497945786, 1436.8056100306178, 1254.8302870988846, 1262.6627938870602, 1263.8752979040146], [1011.5594728695947, 1251.4557459950447, 1014.9583849225726, 1185.751967728138, 1247.6486141587463, 1197.785876095295, 1244.2497021057686, 1263.4896543622017], [407.79331306990883, 1203.7158203125, 407.79331306990883, 1196.220703125, 415.28951367781156, 1196.220703125, 415.28951367781156, 1203.7158203125], [841.3242526068876, 1264.6636942029, 846.6407718368577, 1158.3488604426384, 1016.978387710896, 1166.8644919991493, 1011.6618684809258, 1273.1793257594109], [639.6580634769335, 1258.7464675307274, 641.2422214960254, 1163.7098088860512, 792.2987163045124, 1166.2269678711891, 790.7145582854204, 1261.2636265158653], [263.40474909634577, 1164.153825044632, 602.1001493459777, 1158.7784206867218, 603.6152200669866, 1254.2160022258759, 264.9198198173546, 1259.591406583786], [77.28399127739904, 1248.7778335809708, 88.72940028112347, 1145.784017443657, 237.15418375589203, 1162.273275256157, 225.7087518755788, 1265.2670913934708], [1438.3562767237515, 1168.507068157196, 1660.170518127256, 1143.8646745681763, 1671.1589672703149, 1242.7453255653381, 1449.3446343604555, 1267.387719154358], [1149.9171732522796, 1053.8134765625, 1149.9171732522796, 1046.318359375, 1158.912613981763, 1046.318359375, 1158.912613981763, 1053.8134765625], [1140.9217325227964, 1068.8037109375, 1140.9217325227964, 1032.8271484375, 1166.4088145896656, 1032.8271484375, 1166.4088145896656, 1068.8037109375], [1710.141406583931, 1016.6708341240883, 1806.10961153442, 1014.3862506747246, 1807.5027042841114, 1072.8864088654518, 1711.5344993336223, 1075.1709923148155], [666.3499182147458, 992.8632238507271, 1011.0408148490187, 975.5349740386009, 1017.9768135511404, 1113.4648928046227, 673.2859169168676, 1130.7931426167488], [10.145037927888447, 1019.7714447975159, 167.34050822620333, 979.470734000206, 198.11146463086902, 1099.460130929947, 40.91599147298054, 1139.7608417272568], [502.2454407294833, 1083.7939453125, 502.2454407294833, 989.35546875, 646.1724924012158, 989.35546875, 646.1724924012158, 1083.7939453125], [1416.5317365188366, 990.2499055862427, 1684.1398757888192, 963.2680326700211, 1695.5972034952922, 1076.8701112270355, 1427.98906422531, 1103.8519841432571], [148.3349127957886, 995.8534938097, 319.45271185321286, 976.2198001146317, 330.7769435662267, 1074.8881870508194, 159.65914450880243, 1094.5218807458878], [341.4785889158858, 1079.941901564598, 344.79596880648995, 973.8021856546402, 494.29289792881184, 978.4732758998871, 490.9755180382076, 1084.612991809845], [1185.0848956354482, 1114.5509162545204, 1208.1384576954015, 955.7605639100075, 1419.9052098051031, 986.4963999390602, 1396.8516477451499, 1145.2867522835732], [1607.1854103343464, 903.9111328125, 1607.1854103343464, 824.462890625, 1902.5357142857142, 824.462890625, 1902.5357142857142, 903.9111328125], [959.3499729423175, 900.857824087143, 959.6537740411729, 825.8411431312561, 1379.3795158131145, 827.5401705503464, 1379.075714714259, 902.5568515062332], [58.537644789211654, 807.8202903270721, 255.2708635765006, 797.9851448535919, 260.6696241430961, 905.9448421001434, 63.93640535580713, 915.7799875736237], [1405.9426211093335, 807.2730699181557, 1588.416907869936, 799.1038313508034, 1593.2495414942593, 907.0185139775276, 1410.7752547336568, 915.1877525448799], [464.35201854763784, 800.8821833133698, 916.8414277421667, 795.1552623510361, 918.3247457579639, 912.3259389400482, 465.835336563435, 918.0528599023819], [263.4785489717153, 805.2425628900528, 455.8885500133943, 798.2889020442963, 459.2817429191798, 892.1531677246094, 266.87174187750077, 899.1068285703659], [1487.2462006079027, 812.470703125, 1523.2279635258358, 812.470703125, 1523.2279635258358, 828.9599609375, 1487.2462006079027, 828.9599609375], [1688.144376899696, 691.0498046875, 1688.144376899696, 680.556640625, 1695.6405775075987, 680.556640625, 1695.6405775075987, 691.0498046875], [189.0303167615618, 770.1067307591438, 196.8117769931225, 653.4017999470234, 360.9984729384216, 664.3459793925285, 353.21700126856655, 781.0508644580841], [85.45668693009118, 727.0263671875, 85.45668693009118, 661.0693359375, 206.8951367781155, 661.0693359375, 206.8951367781155, 727.0263671875], [1382.2993920972644, 719.53125, 1382.2993920972644, 661.0693359375, 1508.2355623100304, 661.0693359375, 1508.2355623100304, 719.53125], [1184.9972325472845, 654.4237324595451, 1341.0845637451914, 647.9210412502289, 1344.161007402878, 721.7446517944336, 1188.0736762049712, 728.2473430037498], [386.80395136778117, 670.0634765625, 386.80395136778117, 662.568359375, 394.3001519756839, 662.568359375, 394.3001519756839, 670.0634765625], [826.6223840684514, 720.933290719986, 830.2912398689061, 636.0360836982727, 1134.5778714443775, 649.1823655366898, 1130.9090156439227, 734.079572558403], [1526.0500195164086, 625.3801991045475, 1908.7574143801055, 615.6186141073704, 1911.3078795088097, 715.5828182399273, 1528.600484645113, 725.3444032371044], [552.731464212064, 607.4865217506886, 818.0909720655633, 605.2569256722927, 819.1992970382552, 737.1364952623844, 553.8398349379333, 739.3660913407803], [289.24177434161805, 743.0404554307461, 351.3248099816969, 576.8421331048012, 567.7182377870322, 657.652113288641, 505.63520214695336, 823.8504356145859], [365.8145896656535, 577.1240234375, 365.8145896656535, 550.1416015625, 385.3047112462006, 550.1416015625, 