{"predictions": [{"rec_texts": ["sups", "dens", "dorling", "i", "1", "stranyer", "on", "yw", "completa", "substante", "lt", "yo", "arsting", "couple", "mon", "faids", "caut", "weth", "marrieel", "yowrs", "aecount", "lxpenses", "serieks", "he", "rby", "polowchips", "shook", "frb", "sheods", "opridt", "hiss", "aely", "tes", "m", "me", "bawley", "n", "moolole", "deher", "aeds", "phage", "jrn", "youl", "tolel", "birdl", "plubal", "who", "rightp", "amy", "wver", "going", "commowrel", "paricless", "take", "to", "mote", "ires", "you", "my", "yows", "ja", "tell", "business", "de"], "rec_scores": [0.7428601235151291, 0.8019465059041977, 0.9639984454427447, 0.13396136462688446, 0.234718918800354, 0.8704434372484684, 0.9478197395801544, 0.9975676536560059, 0.928537879139185, 0.9622476167149014, 0.37983521074056625, 0.8128868937492371, 0.8224396067006248, 0.908884714047114, 0.9925581018129984, 0.6476975321769715, 0.7719316780567169, 0.8825675398111343, 0.7888589799404144, 0.800417172908783, 0.9233102713312421, 0.727048959583044, 0.5662003372396741, 0.9660435318946838, 0.8269719481468201, 0.5416548386216163, 0.9695821404457092, 0.6445153951644897, 0.7124078323443731, 0.6092292020718256, 0.5967060998082161, 0.6922119408845901, 0.5854902962843577, 0.3533898890018463, 0.9598717093467712, 0.9181374907493591, 0.9733656048774719, 0.9375099284308297, 0.8529878377914428, 0.680194191634655, 0.5718116730451583, 0.7060485184192657, 0.9402430504560471, 0.8913895487785339, 0.8071095466613769, 0.6117385973532995, 0.9920141100883484, 0.8535884916782379, 0.9011612931887308, 0.8083155900239944, 0.8081378519535065, 0.8527692258358002, 0.9767631623480055, 0.847867339849472, 0.7327899038791656, 0.9280546605587006, 0.8283543661236763, 0.9942436814308167, 0.8926450908184052, 0.7177324146032333, 0.4428167790174484, 0.909867525100708, 0.985177144408226, 0.6477508842945099], "det_polygons": [[257.7301050102803, 1553.781784772873, 387.7440481177741, 1546.1346352100372, 393.8024720205848, 1649.1169559955597, 263.78852891309094, 1656.7641055583954], [80.935098002482, 1595.8210283517838, 86.79151328118724, 1548.242524266243, 228.8332389563501, 1565.722684264183, 222.97682367764483, 1613.3011883497238], [477.69965812990375, 1626.288846731186, 479.9098011791553, 1523.8946270942688, 779.2579894862629, 1530.3547704219818, 777.0478464370113, 1632.748990058899], [739.8517566409597, 1407.744140625, 739.8517566409597, 1397.724609375, 749.872322193659, 1397.724609375, 749.872322193659, 1407.744140625], [741.521850899743, 1401.064453125, 741.521850899743, 1392.71484375, 749.872322193659, 1392.71484375, 749.872322193659, 1401.064453125], [1291.7667380678624, 1432.5001412630081, 1293.072314683249, 1368.967074751854, 1575.5078425207196, 1374.770012497902, 1574.202265905333, 1438.303079009056], [686.4087403598971, 1416.09375, 686.4087403598971, 1379.35546875, 769.9134532990574, 1379.35546875, 769.9134532990574, 1416.09375], [45.97931430068094, 1359.698417186737, 215.11331880204986, 1357.349478006363, 216.24871582972668, 1439.0902376174927, 47.11472088471374, 1441.4391767978668], [958.4170860676247, 1361.74780189991, 1248.2695693773599, 1351.6844433546066, 1250.8760336227874, 1426.740419268608, 961.0235503130523, 1436.8037778139114], [273.39401732823126, 1349.8227006196976, 607.0283977701405, 1341.926856637001, 608.8466028051695, 1418.7397974729538, 275.2122478468763, 1426.6356414556503], [1657.481499810043, 1321.9116443395615, 1851.3131450793635, 1313.7224632501602, 1857.1906862757405, 1452.8068560361862, 1663.35904100642, 1460.9960371255875], [1528.1362467866325, 1290.849609375, 1528.1362467866325, 1217.373046875, 1631.682090831191, 1217.373046875, 1631.682090831191, 1290.849609375], [1651.7232219365897, 1290.849609375, 1651.7232219365897, 1219.04296875, 1903.9074550128535, 1219.04296875, 1903.9074550128535, 1290.849609375], [661.7892228022741, 1198.0207479000092, 882.7024087391047, 1193.418881893158, 884.6754522250061, 1288.111116886139, 663.7622662881755, 1292.71298289299], [50.932144264737666, 1199.1941982507706, 229.94029820302458, 1194.662863612175, 231.25871856087994, 1246.735194325447, 52.25056143714101, 1251.2665289640427], [1073.8706083976008, 1280.830078125, 1073.8706083976008, 1185.64453125, 1250.9005998286204, 1185.64453125, 1250.9005998286204, 1280.830078125], [1321.3209030295195, 1267.9852151870728, 1324.9683220216937, 1179.2404460906982, 1501.63134938218, 1186.4998769760132, 1497.9839303900058, 1275.2446460723877], [274.9714276755888, 1258.780871629715, 275.83292679839803, 1176.9461381435394, 494.8723024500673, 1179.2516577243805, 494.0108033272581, 1261.086391210556], [1492.3543957446311, 1017.2694396972656, 1779.7296677093375, 1011.405143737793, 1780.960220559193, 1071.701717376709, 1493.5849485944864, 1077.5660133361816], [1109.5599029462564, 1078.6226588487625, 1114.4611158460864, 976.6879123449326, 1356.3868683305886, 988.3178418874741, 1351.4856554307587, 1090.252588391304], [777.8865122398762, 1000.4546391963959, 1011.963973567541, 998.4879148006439, 1012.4546860774154, 1056.888906955719, 778.3772757169827, 1058.855631351471], [435.22866368886235, 984.1702508926392, 731.2963970743292, 972.8711664676666, 735.2772436983686, 1077.1595406532288, 439.20951031290167, 1088.4586250782013], [188.16977191522986, 988.8218557834625, 359.5201279118006, 984.4287300109863, 361.24180100938656, 1051.566846370697, 189.8914450128158, 1055.9599721431732], [36.74207369323051, 1068.75, 36.74207369323051, 980.244140625, 150.30848329048843, 980.244140625, 150.30848329048843, 1068.75], [1230.9046256907905, 823.0006724596024, 1344.4606379727165, 819.3379336595535, 1347.470966564659, 912.648691534996, 1233.9149542827329, 916.3114303350449], [1504.8307664049112, 890.1547908782959, 1510.5144282506897, 802.7788093686104, 1798.6156774682681, 821.5151309967041, 1792.9320156224896, 908.8910615444183], [42.881134127998514, 819.0793526172638, 243.77621977739898, 807.2632589936256, 249.2299174723098, 899.9670088291168, 48.33482545200534, 911.7830514907837], [1105.078252300403, 909.5959675312042, 1107.1483373960677, 806.1022433638573, 1253.757415117723, 809.0341365337372, 1251.6873300220584, 912.5279116630554], [429.21422450728363, 891.73828125, 429.21422450728363, 814.921875, 617.9348757497858, 814.921875, 617.9348757497858, 891.73828125], [912.834542111852, 814.2059102654457, 1102.5321332576852, 807.1808025240898, 1105.74653464663, 893.9596116542816, 916.0489435007967, 900.984617471695], [270.2520658596009, 806.1252781748772, 419.72810134953073, 797.8218913078308, 425.31905380026745, 898.4487497806549, 275.8430183103377, 906.7521876096725], [732.9307633034674, 811.547988653183, 902.2978823677331, 801.8708708882332, 907.5351731954933, 893.5127770900726, 738.1680031639955, 903.1898438930511], [1371.1473864610111, 898.41796875, 1371.1473864610111, 801.5625, 1491.3941730934018, 801.5625, 1491.3941730934018, 898.41796875], [681.3984575835476, 831.62109375, 681.3984575835476, 811.58203125, 714.8003427592116, 811.58203125, 714.8003427592116, 831.62109375], [1302.2503918906818, 705.243558883667, 1305.019951278569, 647.0871841907501, 1429.4383039172124, 653.0112075805664, 1426.6687445293253, 711.1675822734833], [1502.6198078799473, 629.790894985199, 1763.3339169068324, 627.5816935300827, 1764.0698837371801, 714.4255810976028, 1503.3557747102948, 716.6347825527191], [1202.4678663239074, 688.0078125, 1202.4678663239074, 644.58984375, 1240.8800342759212, 644.58984375, 1240.8800342759212, 688.0078125], [782.4085289334884, 636.679322719574, 957.8674554375368, 632.2933316230774, 959.6147140855961, 702.1776866912842, 784.1558385487796, 706.5636777877808], [47.78924671686298, 633.2990661263466, 244.71789035617334, 628.772419989109, 246.60255666175456, 710.7471969723701, 49.673913022444204, 715.2738431096077], [942.5789167834023, 637.9014927148819, 1043.616153668009, 628.1247442960739, 1049.6388495411747, 690.3525727987289, 948.601612656568, 700.1293212175369], [251.28236790569602, 717.6990213990211, 265.91240992215114, 