{"predictions": [{"rec_texts": ["berwoeen", "slars", "are", "reace", "and", "thime", "flue", "hapenings", "in", "hese", "bhought", "submaninel", "experience", "as", "sofals", "sub", "loss", "calushoples", "me", "e", "ioml", "com", "s", "squadion", "ol", "lnion", "colense", "lot", "he", "pobls", "came", "no", "mmakurally", "l", "se", "slonger", "ha", "it", "bud", "could", "fos", "remal", "mammer", "poings", "inedy", "mormal", "placid", "and", "dstendpr", "his", "v", "q", "foserosts", "agoods", "oeal", "lest", "hads", "allaive", "hamy", "pwsibl", "smuny", "sud", "since", "me", "lakly", "bicakfasts", "boem", "had", "thee"], "rec_scores": [0.9339290037751198, 0.5074883580207825, 0.9140965342521667, 0.8915707767009735, 0.5350277821222941, 0.7665986180305481, 0.2938259579241276, 0.8213091956244575, 0.9942302107810974, 0.9329999387264252, 0.7948348224163055, 0.7725347071886063, 0.9286204963922501, 0.9993699193000793, 0.682571550210317, 0.73448146879673, 0.8558487445116043, 0.8954426646232605, 0.8254799842834473, 0.12003261595964432, 0.5708446204662323, 0.9466616710027059, 0.9205306768417358, 0.935265801846981, 0.8632436394691467, 0.6657404482364655, 0.411487096122333, 0.8420809110005697, 0.8401369750499725, 0.5720154225826264, 0.7986787259578705, 0.9037178158760071, 0.7168279677629471, 0.23448655009269714, 0.6239895820617676, 0.8274989128112793, 0.4133954867720604, 0.9153622984886169, 0.9316456913948059, 0.9758331656455994, 0.36084883908430737, 0.9363764643669128, 0.8657330373922983, 0.872962087392807, 0.976474940776825, 0.885453591744105, 0.9883916974067688, 0.9914849797884623, 0.5415186882019043, 0.929923395315806, 0.11205136775970459, 0.3995964229106903, 0.6069792873329587, 0.8906241655349731, 0.8745197802782059, 0.8807098120450974, 0.8540404662489891, 0.593062549829483, 0.7991366982460022, 0.8540694018205007, 0.6385281562805176, 0.9886865218480428, 0.7991897881031036, 0.9808112680912018, 0.8324717104434967, 0.9327576398849488, 0.4967759922146797, 0.9177996118863424, 0.9851243495941162], "det_polygons": [[198.21697283051705, 1377.1026822924614, 199.26935744155298, 1301.8354764580727, 451.86235692592265, 1305.3693440556526, 450.8099723148867, 1380.6365498900414], [25.513619816368394, 1379.3801605701447, 43.59168168364978, 1283.7967228889465, 169.63426665009044, 1307.649559378624, 151.55621012703318, 1403.232997059822], [1414.0208171573493, 1197.4731370806694, 1416.1588488302596, 1151.4904341101646, 1508.7474887201695, 1155.798201262951, 1506.6094570472592, 1201.7809042334557], [397.5918466328272, 1146.6465482115746, 578.2826288984121, 1144.8209390044212, 578.9466808089793, 1210.579478442669, 398.2558985433943, 1212.4050876498222], [1685.7293794558998, 1138.4935745596886, 1839.0992054756873, 1135.802032649517, 1840.4984516081263, 1215.5815997719765, 1687.1286255883388, 1218.273141682148], [601.5675415914567, 1205.9941577911377, 603.3634574139704, 1138.6269199848175, 753.4579581172088, 1142.6305329799652, 751.6619567871094, 1209.9977707862854], [1518.7691487796972, 1223.115659058094, 1520.539155803743, 1125.7401409745216, 1677.8019711854029, 1128.6003533005714, 1676.0319641613569, 1225.9758713841438], [1023.484415189816, 1220.2689608931541, 1029.2626758012616, 1126.0112795233727, 1386.5376530214737, 1147.9261168837547, 1380.759392410028, 1242.1837982535362], [272.2012570073696, 1208.0693513154984, 276.0198120158878, 1131.6756802797318, 374.1915842066697, 1136.5857684612274, 370.37302919815147, 1212.979439496994], [793.1948723297953, 1136.2297815084457, 969.2495188061656, 1127.8438168764114, 972.7835473232582, 1202.0813804864883, 796.7289008468878, 1210.4673451185226], [46.45203868678359, 1213.7563326954842, 54.825069740170335, 1119.7646579146385, 262.3634810108956, 1138.2636627554893, 253.99044995750884, 1232.255337536335], [1655.423096870464, 1026.9102254509926, 1657.3022115738665, 960.4910317063332, 1991.9816382569693, 969.9658271670341, 1990.102523553567, 1036.3850209116936], [157.057126884252, 1034.8112198710442, 161.0475948938255, 961.3650044798851, 460.75882266518846, 977.6584640145302, 456.768354655615, 1051.1046794056892], [1119.584509594193, 1013.2502311468124, 1124.9779860699764, 963.3463686704636, 1200.4668189710605, 971.5097773075104, 1195.0733424952773, 1021.4136397838593], [1491.2071466498037, 1047.4921217560768, 1497.2610837175546, 953.6296012997627, 1660.4933546722912, 964.1638043522835, 1654.4394176045403, 1058.0263248085976], [492.3259146018106, 1029.1439965367317, 494.5428697763245, 954.8540869355202, 638.0443508377492, 959.1389313340187, 635.8273956632354, 1033.4288409352303], [1340.117038372436, 1019.6879327297211, 1343.780012328768, 951.2922501564026, 1476.4399865989476, 958.4010410308838, 1472.777183657787, 1026.7967236042023], [701.7428847766313, 1025.6698307394981, 702.0755092850148, 954.1494688391685, 1062.0092593750667, 955.8240273594856, 1061.6766348666831, 1027.3443892598152], [1220.2050480243286, 1026.3599082827568, 1224.3590065377657, 943.2563707232475, 1330.9854267724877, 948.5893324017525, 1326.8314682590506, 1031.6928699612617], [969.4617486338798, 821.201171875, 969.4617486338798, 808.5888671875, 986.2732240437158, 808.5888671875, 986.2732240437158, 821.201171875], [523.5100180620705, 841.791108250618, 525.0355588985923, 795.5039089918137, 685.6937950009205, 800.8019733428955, 684.1682541643987, 847.0891726016998], [400.1619053825003, 844.9185246229172, 400.8140717386548, 798.603612780571, 527.01326384831, 800.3816658258438, 526.3610974921555, 846.69657766819], [975.0655737704918, 811.3916015625, 975.0655737704918, 804.384765625, 982.0703551912568, 804.384765625, 982.0703551912568, 811.3916015625], [1092.8159323520347, 783.2871928811073, 1403.0658417998768, 768.5868647694588, 1406.8399756176225, 848.2860311865807, 1096.5900661697804, 862.9863592982292], [855.9842896174863, 795.9765625, 905.0177595628415, 795.9765625, 905.0177595628415, 835.21484375, 855.9842896174863, 835.21484375], [1439.4487209632748, 844.7067457437515, 1444.276479252049, 775.7191771268845, 1633.3617977288252, 788.9589494466782, 1628.5340394400507, 857.9465180635452], [1658.5292454287003, 765.5998075008392, 1877.476207045258, 761.4675533771515, 1879.6477576917637, 876.6030740737915, 1660.700796075206, 880.7353281974792], [721.4924863387978, 845.0244140625, 721.4924863387978, 774.9560546875, 832.1680327868852, 774.9560546875, 832.1680327868852, 845.0244140625], [264.92772524474094, 849.0313628315926, 266.47742197422383, 773.0745926499367, 374.7919757196812, 775.2857831120491, 373.2422789901984, 851.242553293705], [925.9249628202512, 791.4746361970901, 1028.6154688850777, 754.4952726364136, 1051.13594376194, 817.0704573392868, 948.4454376971136, 854.0498208999634], [1211.0009259917044, 609.9632012844086, 1399.0215040113105, 606.5744826197624, 1400.0542646314277, 663.9109626412392, 1212.0336866118216, 667.2996813058853], [876.5062812013052, 612.8784111142159, 969.7924919753777, 610.2863436937332, 971.3111066974577, 664.9753311276436, 878.0248959233852, 667.5673985481262], [1436.7052955835895, 657.7397808432579, 1446.4815488721504, 577.5505122542381, 1771.2520144936816, 617.1683019399643, 1761.4757612051208, 697.3575705289841], [834.9699453551913, 626.4111328125, 834.9699453551913, 618.0029296875, 841.9747267759562, 618.0029296875, 841.9747267759562, 626.4111328125], [516.535249803887, 604.5412001013756, 615.590229847392, 602.5190368294716, 616.6727558823883, 655.5772584676743, 517.6177758388832, 657.5994217395782], [975.4922566231483, 681.4364346861839, 979.5193218794025, 585.7672932744026, 1182.769655988516, 594.3277445435524, 1178.7425907322618, 689.9968859553337], [650.5610367404959, 589.416715502739, 770.7038975700003, 584.7944447398186, 773.7727648208702, 664.6082249283791, 653.6299039913657, 669.2304956912994], [784.6648921028512, 598.0173243582249, 849.8416811833616, 589.8678575456142, 858.4844459158475, 659.0306825935841, 793.3076568353372, 667.1801494061947], [33.14241956491939, 663.1384316086769, 34.50496156619546, 586.8132722377777, 