{"predictions": [{"rec_texts": ["a", "deene", "vc", "slaves", "lombs", "swulds", "i", "i", "", "1", "casing", "alery", "defese", "mulmorne", "snsidea", "srrtte", "s", "creculed", "pl", "pr", "adscinz", "youngeatl", "s", "h", "i", "f", "lnaoys", "de", "payall", "frolans", "e", "sulmariness", "ohal", "arnts", "fos", "as", "tmide", "bolars", "cuansc", "donliss", "wlaft", "dug", "melims", "t", "m", "anol", "seahe", "scalle", "wrinkes", "balits", "srllshay", "hotless", "conlo", "i", "omavals", "iknows", "eclarlings", "phas", "kitalames", "whaked", "c"], "rec_scores": [0.9855105876922607, 0.7822714805603027, 0.6444486677646637, 0.7969873050848643, 0.8563653647899627, 0.7277307162682215, 0.1264413446187973, 0.503017246723175, NaN, 0.6676003336906433, 0.8409422934055328, 0.7524737238883972, 0.8679494857788086, 0.8081118687987328, 0.7852966700281415, 0.5978833387295405, 0.4829908311367035, 0.8082047440111637, 0.5598921179771423, 0.24039774388074875, 0.5579212009906769, 0.7263236227962706, 0.1656714528799057, 0.12171449512243271, 0.08253953605890274, 0.14650946855545044, 0.4209205359220505, 0.8028137981891632, 0.8774651984373728, 0.5154841520956585, 0.5713006258010864, 0.954095564105294, 0.5886640474200249, 0.612917137145996, 0.589125374952952, 0.9841298162937164, 0.870168149471283, 0.8049930185079575, 0.7397041643659273, 0.8061689606734684, 0.8422013401985169, 0.46513477464516956, 0.6730050643285116, 0.22794349491596222, 0.7438328862190247, 0.615820862352848, 0.5437575697898864, 0.8584104130665461, 0.6235468941075462, 0.7473043650388718, 0.7133844904601574, 0.827117315360478, 0.7307764887809753, 0.19084611535072327, 0.830193681376321, 0.8966279725233713, 0.9575201630592346, 0.6071655564010143, 0.6384839316209158, 0.7713126788536707, 0.45446354150772095], "det_polygons": [[1113.1752661387955, 1214.5073429346085, 1128.544386432032, 1186.847773194313, 1161.3756093549073, 1205.0842179059982, 1146.0064890616707, 1232.7437876462936], [920.0689375146707, 1240.80804169178, 925.5357009020604, 1151.5326009988785, 1103.6535429253754, 1162.4359081983566, 1098.1867795379858, 1251.7113488912582], [1208.6729244777846, 1244.446681022644, 1209.891818952903, 1153.0451998710632, 1362.0344099546862, 1155.0734486579895, 1360.815515479568, 1246.4749298095703], [647.2113384941993, 1241.5927734375, 649.6211544662266, 1142.8114252090454, 868.1401019554212, 1148.140297651291, 865.7302472932442, 1246.9216458797455], [38.738502681839314, 1140.00625872612, 287.520275870933, 1138.2421402931213, 288.264751730831, 1243.1941120624542, 39.482988214274776, 1244.9582304954529], [357.3754958558285, 1231.877279162407, 361.569740220661, 1127.0388818979263, 631.8376914534515, 1137.8476468324661, 627.643447088619, 1242.6860440969467], [286.5225342913128, 1048.287109375, 286.5225342913128, 1041.94921875, 299.2005225342913, 1041.94921875, 299.2005225342913, 1048.287109375], [291.59372958850423, 1028.005859375, 291.59372958850423, 1021.66796875, 300.46832135858915, 1021.66796875, 300.46832135858915, 1028.005859375], [1557.6852349618302, 1057.494148850441, 1561.7888669961421, 1010.993125796318, 1627.3160520786555, 1016.7739752531052, 1623.2124200443438, 1063.274998307228], [292.86152841280204, 1022.935546875, 292.86152841280204, 1016.59765625, 300.46832135858915, 1016.59765625, 300.46832135858915, 1022.935546875], [879.867860122571, 1055.9116877317429, 886.8070158456992, 993.0361300706863, 1129.1016019675405, 1019.7674525976181, 1122.1624462444122, 1082.6430102586746], [1639.0343698492863, 1104.1036401987076, 1646.4932116627458, 979.1910265684128, 1895.0984707165198, 994.0306032896042, 1887.6396289030604, 1118.943216919899], [1303.7637945831716, 987.9942885637283, 1552.5439331134419, 984.466051697731, 1553.7826369451898, 1071.7855042219162, 1305.0024984149197, 1075.3137410879135], [425.02971060645103, 1048.7471325397491, 428.036709038593, 979.1349356174469, 859.8791359590596, 997.7826623916626, 856.8721375269175, 1067.3948593139648], [48.1956230178524, 1064.721139073372, 53.20406289228343, 963.203790307045, 394.0550345153609, 980.0142096281052, 389.04659464092987, 1081.531558394432], [917.2940799805324, 890.3296531438828, 919.0693388078665, 816.6696237325668, 1090.96240003151, 820.810915350914, 1089.187141204176, 894.4709447622299], [360.0548661005878, 846.7421875, 360.0548661005878, 828.99609375, 366.393860222077, 828.99609375, 366.393860222077, 846.7421875], [1441.1045402661402, 879.2419807910919, 1442.7087886319448, 806.7450842857361, 1779.217448687413, 814.1887016296387, 1777.6132003216085, 886.6855981349945], [1123.0267841879795, 801.2037625312805, 1412.1687963723668, 799.5705487728119, 1412.6278163080194, 880.8003034591675, 1123.4858041236323, 882.4335172176361], [773.7387676974046, 890.4904987812042, 787.4869254801804, 786.022688627243, 919.1929925262032, 803.349454164505, 905.4448347434274, 907.8172643184662], [418.85460795895244, 888.6571370363235, 429.2885675212279, 788.8715673685074, 765.8526318710196, 824.0516570806503, 755.4186723087442, 923.8372267484665], [55.113208982541146, 903.471027970314, 56.06429024166253, 777.949537396431, 398.64805825281417, 780.544420838356, 397.69697699369283, 906.0659114122391], [725.180927498367, 670.548828125, 725.180927498367, 660.408203125, 731.5199216198562, 660.408203125, 731.5199216198562, 670.548828125], [685.8791639451338, 662.943359375, 685.8791639451338, 656.60546875, 697.2893533638144, 656.60546875, 697.2893533638144, 662.943359375], [669.3977792292618, 662.943359375, 669.3977792292618, 656.60546875, 675.736773350751, 656.60546875, 675.736773350751, 662.943359375], [687.1469627694316, 657.873046875, 687.1469627694316, 651.53515625, 693.4859568909209, 651.53515625, 693.4859568909209, 657.873046875], [994.5120354471137, 715.028874874115, 1007.5041877053906, 623.2337126135826, 1198.1853403680702, 650.2121834754944, 1185.1931881097933, 742.0073070526123], [245.95297191378182, 697.16796875, 245.95297191378182, 641.39453125, 333.4310907903331, 641.39453125, 333.4310907903331, 697.16796875], [774.2151208201083, 718.4598616361618, 774.9975904069796, 624.581094622612, 992.8960252758102, 626.3965846300125, 992.1135556889388, 720.2753516435623], [1671.3373948489036, 630.7992987632751, 1899.4715409531145, 622.5349740982056, 1902.5469435698683, 707.3972561359406, 1674.4127974656574, 715.6615808010101], [596.7782641210873, 649.0507526397705, 603.8899005314323, 632.1636241078377, 636.4231319215701, 645.8593709468842, 629.311495511225, 662.7465381622314], [1220.6402520516742, 619.0825567245483, 1636.508057836611, 617.658697605133, 1636.814948103772, 707.2302985191345, 1220.9470649385357, 708.6541576385498], [646.7352562025432, 704.9456560611725, 650.3185831041292, 622.5434844493866, 763.2148922273024, 627.451171875, 759.6315653257163, 709.8533434867859], [322.0209013716525, 712.37890625, 322.0209013716525, 618.578125, 524.8687132593076, 618.578125, 524.8687132593076, 712.37890625], [35.81627920388708, 617.6526629924774, 244.3651668615858, 609.3122093677521, 249.07383545639465, 727.0086641311646, 40.524952634964635, 735.3491177558899], [400.62442847811883, 509.56640625, 400.62442847811883, 467.736328125, 472.88896146309594, 467.736328125, 472.88896146309594, 509.56640625], [1181.115555856058, 533.2720281481743, 1182.1603446576735, 444.4792791008949, 1350.5157333563386, 446.45956045389175, 1349.470944554723, 535.2523095011711], [942.2928690047609, 441.0064755678177, 1177.9264041992824, 433.5273468494415, 1181.3746250982301, 542.1278609037399, 945.7410899037087, 549.6069896221161], [653.8191904657265, 523.5687191486359, 654.7065877384955, 443.27989983558655, 939.8144553973734, 446.4297355413437, 938.9270581246044, 526.718554854393], [1354.0091443500978, 539.98828125, 1354.0091443500978, 436.046875, 1606.301110385369, 436.046875, 1606.301110385369, 539.98828125], [47.92583176795366, 440.28839534521103, 288.83988080563535, 438.62725216150284, 289.3808464782834, 517.0560181736946, 48.46680227687045, 518.7171613574028], [499.5127367733507, 536.185546875, 