{"predictions": [{"rec_texts": ["navyl", "show", "eth", "shales", "rands", "shol", "tihus", "rands", "gyues", "fehls", "abceuts", "shousel", "e", "pay", "fues", "whals", "prease", "eelos", "i", "ssdools", "fshalke", "vnquss", "ma", "i", "money", "cans", "texhal", "soths", "we", "ryhoe", "a", "shus", "ungustalocudy", "n", "discussio", "acommandly", "whs", "tilors", "subogect", "auhes", "esaides", "a", "n", "minds", "siest", "ad", "esh", "hheis", "whooths", "slobed", "soon", "comfortablo", "was", "as", "stars", "walfive", "parsifal", "vnyway", "sypessibles", "aha", "j", "mud", "as", "spard", "sulmariners", "suufed", "obe", "needed", "io"], "rec_scores": [0.7311477780342102, 0.9260855168104172, 0.6717551549275717, 0.909530888001124, 0.740164703130722, 0.652319073677063, 0.7643055379390716, 0.8425876438617707, 0.6028132915496827, 0.7410993456840516, 0.7021467685699463, 0.9259841654981885, 0.2457982301712036, 0.581093301375707, 0.7700174748897552, 0.8624783217906952, 0.5771066869298617, 0.5304809868335724, 0.2623514235019684, 0.7262879886797496, 0.7274192954812732, 0.4921298362314701, 0.20989708229899406, 0.08962270617485046, 0.8851967453956604, 0.6606135964393616, 0.7339544221758842, 0.4685322016477585, 0.9958786070346832, 0.6611519813537597, 0.13615846633911133, 0.7589087337255478, 0.8096961356126345, 0.13304546475410461, 0.9980585243966844, 0.8437583267688751, 0.6701863010724386, 0.5844439913829168, 0.8017434030771255, 0.7216942936182023, 0.7375526939119611, 0.13237564265727997, 0.9603421688079834, 0.997525954246521, 0.7204348981380463, 0.5453875213861465, 0.9913390477498373, 0.3944008469581604, 0.8078174207891736, 0.9078270097573599, 0.45234567672014236, 0.8625047125599601, 0.9987846414248148, 0.9994799494743347, 0.645544582605362, 0.710830128618649, 0.9659155458211899, 0.5162293364604315, 0.8344656120647084, 0.7057971954345703, 0.8206275105476379, 0.890692412853241, 0.9919731020927429, 0.659944599866867, 0.9193047528917139, 0.5053889602422714, 0.7796651323636373, 0.9946343104044596, 0.6064009070396423], "det_polygons": [[630.3784143302906, 1296.863266825676, 863.3131520119225, 1292.8122800588608, 864.9522051974665, 1387.0583230257034, 632.0175111773473, 1391.1093097925186], [43.31804664941552, 1295.5311879515648, 204.3862210087556, 1291.2926360964775, 206.64858594914307, 1377.261190712452, 45.58041431864754, 1381.4997425675392], [469.951171875, 1374.7753420472145, 474.5275969867735, 1290.8759412169456, 612.8160947978763, 1298.4187123179436, 608.2396696861028, 1382.3181131482124], [280.49146854042476, 1303.0405151844025, 459.91954638599105, 1282.8554379940033, 470.1474740359538, 1373.7680965662003, 290.7193961903875, 1393.9531737565994], [1592.3695976154993, 1203.1884765625, 1592.3695976154993, 1123.0712890625, 1742.5931445603578, 1123.0712890625, 1742.5931445603578, 1203.1884765625], [1237.2172480439642, 1207.1104031801224, 1238.026557842772, 1115.6563556194305, 1453.8427952682564, 1117.566236257553, 1453.0334854694486, 1209.020283818245], [280.41728763040237, 1201.7578125, 280.41728763040237, 1114.4873046875, 450.6706408345753, 1114.4873046875, 450.6706408345753, 1201.7578125], [824.5534300484352, 1108.5229444503784, 971.9990569113264, 1104.2492896318436, 974.6791752049181, 1196.708574295044, 827.2335483420269, 1200.9822291135788], [999.5832654154248, 1105.1490432024002, 1211.906756473547, 1092.8050249814987, 1220.0010769839791, 1232.023901939392, 1007.677585925857, 1244.3679201602936], [1758.3308494783905, 1204.619140625, 1758.3308494783905, 1108.7646484375, 1879.940387481371, 1108.7646484375, 1879.940387481371, 1204.619140625], [42.32002360632452, 1199.7308346629143, 44.487512079685175, 1093.5263821482658, 269.74357593610284, 1098.123298585415, 267.5760874627422, 1204.3277511000633], [457.718089255775, 1112.7081432938576, 735.6791984910582, 1100.3936395049095, 740.0329498882265, 1198.663075864315, 462.07188431445604, 1210.977579653263], [446.3785394932936, 1017.2021484375, 446.3785394932936, 1010.048828125, 453.53204172876303, 1010.048828125, 453.53204172876303, 1017.2021484375], [27.351056026453055, 1043.8025978207588, 35.40243543917661, 947.1884146332741, 201.40315730951937, 961.0214272141457, 193.35177789679582, 1057.6356104016304], [1476.0078241430701, 958.0804625153542, 1582.8534836065573, 944.022162258625, 1593.6298435171386, 1025.9215673804283, 1486.7841840536514, 1039.9798676371574], [1084.4709388971685, 1030.078125, 1084.4709388971685, 939.9462890625, 1279.0461997019374, 939.9462890625, 1279.0461997019374, 1030.078125], [783.0828520864382, 1032.5233694911003, 784.3928721125186, 939.5083752274513, 951.9329242734725, 941.867958009243, 950.622904247392, 1034.882952272892], [1589.070009780179, 944.6645814180374, 1701.8972964791358, 942.3140799999237, 1703.680432656483, 1027.9082030057907, 1590.853145957526, 1030.2587044239044], [1055.8569299552908, 968.5595703125, 1055.8569299552908, 958.544921875, 1063.0104321907602, 958.544921875, 1063.0104321907602, 968.5595703125], [537.1621763226527, 945.5225956439972, 766.6891766020865, 935.959221124649, 770.3887038934427, 1024.7447448968887, 540.861703614009, 1034.3081194162369], [1285.4626956035768, 943.5460019111633, 1468.592178185544, 937.8233456611633, 1471.2373672690017, 1022.4628776311874, 1288.1078846870344, 1028.1855338811874], [223.89953340396798, 1053.893477320671, 227.0731141137295, 923.7804138660431, 524.7259803464977, 931.040090918541, 521.5523996367363, 1061.153154373169], [958.8868060730254, 979.1347309947014, 964.719285581222, 923.7268862128258, 1084.7727272727273, 936.3637784123421, 1078.9402477645306, 991.7716231942177], [137.34724292101342, 805.4638671875, 137.34724292101342, 798.310546875, 144.50074515648288, 798.310546875, 144.50074515648288, 805.4638671875], [1017.6326727831595, 842.9375031590462, 1021.1551089791357, 783.0567374825478, 1250.6197606184799, 796.5542635321617, 1247.0973244225038, 856.4350292086601], [181.99279876117734, 841.5170556306839, 185.5773652896796, 775.204239487648, 314.89058424925486, 782.1939206123352, 311.3060177207526, 848.5067367553711], [790.6499161698957, 765.5260381102562, 995.5586345007451, 763.6800763010979, 996.2938943740686, 845.2986577153206, 791.3851760432191, 847.1446195244789], [447.59058308494787, 769.9428117275238, 628.7769537071536, 759.4089537858963, 633.7557633196722, 845.0425457954407, 452.56939269746647, 855.5764037370682], [44.35171385991058, 852.67578125, 44.35171385991058, 763.974609375, 165.9612518628912, 763.974609375, 165.9612518628912, 852.67578125], [642.3845007451565, 846.953125, 642.3845007451565, 762.5439453125, 779.7317436661699, 762.5439453125, 779.7317436661699, 846.953125], [366.06598127794337, 792.3172834515572, 368.3086985376304, 778.8613221049309, 397.0773565573771, 783.6559328436852, 394.83463929769005, 797.1118941903114], [1310.1495261270493, 752.8729915618896, 1480.0910488077498, 750.6370550394058, 1481.3722522354694, 847.9994028806686, 1311.4306422317436, 850.2353394031525], [1471.348442157228, 760.6566807627678, 1876.3875628725782, 751.9275692105293, 1878.7051159649777, 859.4549319148064, 1473.6659952496275, 868.1840434670448], [858.4202682563339, 655.244140625, 858.4202682563339, 615.185546875, 941.4008941877795, 615.185546875, 941.4008941877795, 655.244140625], [519.0633877840909, 667.9704493284225, 519.4338120575634, 596.483613550663, 851.4585273845008, 598.2039207220078, 851.0881031110283, 669.6907564997673], [1202.7508499441133, 594.0991443395615, 1543.4573514344263, 590.5867522954941, 1544.3118945603578, 673.4679925441742, 1203.6053930700448, 676.9803845882416], [998.2691412071536, 667.8516493737698, 1008.4358117548436, 578.3873809874058, 1118.8004144932936, 590.9284822642803, 1108.6337439456036, 680.3927506506443], [359.092058844076, 681.5748997032642, 361.60975631054396, 575.8338586986065, 493.19367955942624, 578.9667545258999, 490.6759820929583, 684.7077955305576], [44.12523067832526, 595.3107641637325, 339.96829446488454, 575.0249187648296, 345.8560712788748, 660.8861561119556, 50.01301840769374, 