{"predictions": [{"rec_texts": ["sup", "m", "that", "va", "cyu", "w", "fahes", "chauh", "pa", "se", "thah", "d", "mussuy", "flins", "sn", "sais", "thauhsl", "sws", "k", "in", "thugs", "aepublits", "szah", "ci", "auds", "synhakes", "u", "coards", "louts", "hehuld", "swohs", "shus", "dows", "el", "cyax", "saval", "whert", "spuny", "hal", "tmashs", "shulf", "m", "h", "aviny", "rarls", "munjoer", "js", "lpng", "maam", "cuguiey", "ad", "syas", "ushauld", "inu", "can", "flat", "shepashedy", "ben", "draudey", "sever"], "rec_scores": [0.8129027585188547, 0.9974457025527954, 0.9319652169942856, 0.4226899892091751, 0.5279602905114492, 0.6948158144950867, 0.43656593561172485, 0.7940965414047241, 0.35200342535972595, 0.40621912479400635, 0.5207844227552414, 0.11445500701665878, 0.8586500684420267, 0.6822078347206115, 0.14721625298261642, 0.713722325861454, 0.8675018336091723, 0.42651509245236713, 0.36866286396980286, 0.9961959719657898, 0.6653761267662048, 0.5725016627046797, 0.6060438305139542, 0.31484607607126236, 0.6512903720140457, 0.5486417971551418, 0.1277269721031189, 0.7992320855458578, 0.7692975640296936, 0.6530587623516718, 0.7189030051231384, 0.4637293368577957, 0.822955034673214, 0.506859764456749, 0.4951493367552757, 0.5800454556941986, 0.8625497817993164, 0.5870126068592072, 0.7519248723983765, 0.661473756035169, 0.6606018781661988, 0.9978162050247192, 0.18030945956707, 0.7013451516628265, 0.48095897734165194, 0.7859685293265751, 0.6800733953714371, 0.24703336879611015, 0.6856856718659401, 0.5136804218803134, 0.9785000383853912, 0.6939232759177685, 0.9366375463349479, 0.7813842495282491, 0.33387351284424466, 0.8566177040338516, 0.8174939751625061, 0.8926726380983988, 0.5068638452461788, 0.7139203727245331], "det_polygons": [[97.68382302703723, 1647.7854249477386, 112.59037495412986, 1537.4991419315338, 236.6204011697744, 1554.256572008133, 221.71385566637744, 1664.5428550243378], [250.9060579455663, 1606.1484375, 250.9060579455663, 1537.12109375, 353.6259877085162, 1537.12109375, 353.6259877085162, 1606.1484375], [375.13855904837885, 1605.7806651592255, 376.191325682522, 1513.1567027568817, 590.0423466093819, 1515.5863225460052, 588.9895799752387, 1608.210284948349], [140.81221376708768, 1413.1385536193848, 141.82952160119382, 1401.4417695999146, 192.25905270865343, 1405.8260598182678, 191.2417448745473, 1417.522843837738], [1424.3592361034898, 1477.2014331817627, 1429.088309457995, 1351.9044075012207, 1634.52159111954, 1359.6550631523132, 1629.792517765035, 1484.9520888328552], [262.6935908691835, 1432.73828125, 262.6935908691835, 1362.02734375, 394.0403863037752, 1362.02734375, 394.0403863037752, 1432.73828125], [1199.7769690723771, 1437.5335023403168, 1200.988529463208, 1329.7214362621307, 1416.9587275879335, 1332.1475622653961, 1415.7471671971027, 1439.9596283435822], [748.4834681001015, 1323.99964261055, 1022.3723785427184, 1317.1538774967194, 1024.9451457384494, 1420.0413496494293, 751.0562352958324, 1426.88711476326], [1073.7276155841885, 1327.2346827983856, 1187.9694969974346, 1324.1476147174835, 1191.0584209867482, 1438.412086725235, 1076.816539573502, 1441.499154806137], [575.7526043631509, 1431.1945416927338, 580.8996804415708, 1312.83473610878, 732.971579212594, 1319.445184469223, 727.824503134174, 1437.8049900531769], [1229.3379942615163, 1283.915334701538, 1240.9088687779508, 1168.2307415008545, 1423.8074149516092, 1186.5168056488037, 1412.2365404351747, 1302.2013988494873], [774.6093064091308, 1203.76953125, 774.6093064091308, 1195.3515625, 783.0289727831431, 1195.3515625, 783.0289727831431, 1203.76953125], [1450.78662838153, 1192.616750240326, 1771.7011022123984, 1181.0891065597534, 1774.051044253114, 1246.4833240509033, 1453.1365704222453, 1258.0109677314758], [1029.3586871621899, 1254.1745853424072, 1031.263390009397, 1169.4323983192444, 1231.5124923263966, 1173.9315724372864, 1229.6077894791895, 1258.6737594604492], [974.9973661106234, 1200.40234375, 974.9973661106234, 1190.30078125, 993.5206321334504, 1190.30078125, 993.5206321334504, 1200.40234375], [652.3362637353215, 1239.8665046691895, 655.8986911790428, 1165.9599862098694, 829.5086762090855, 1174.3251371383667, 825.9462487653643, 1248.2316555976868], [113.65494834089404, 1248.724176645279, 115.26873485910149, 1154.068680524826, 464.3441894102557, 1160.017570257187, 462.73040289204823, 1254.6730663776398], [512.7371777408054, 1233.4171814918518, 522.0193665783273, 1149.89453125, 645.665230098788, 1163.630247592926, 636.383041261266, 1247.1528978347778], [577.5891132572432, 1038.77734375, 577.5891132572432, 1028.67578125, 587.692712906058, 1028.67578125, 587.692712906058, 1038.77734375], [1168.128910858449, 1005.6519379615784, 1278.6688935478285, 1002.9563794136047, 1280.3538546139362, 1072.0248265266418, 1169.813871924557, 1074.7203850746155], [1282.483746536161, 1073.7962787151337, 1290.6014478246404, 976.4032986164093, 1433.7240593619676, 988.3277952671051, 1425.6063580734883, 1085.7207753658295], [841.7221772392346, 972.957192659378, 1135.8793891725884, 961.0744159221649, 1141.3402499365534, 1096.2045991420746, 847.183089392765, 1108.0873758792877], [323.9573527696993, 973.9421319961548, 512.4273500517861, 968.9834222793579, 515.0412288997338, 1068.2909970283508, 326.5712316176471, 1073.2497067451477], [522.936310591459, 1053.1795511245728, 531.5060344960629, 967.4995908737183, 632.5420309842103, 977.6011533737183, 623.9723070796066, 1063.2811136245728], [656.5637235432157, 1066.756505727768, 663.4894952547979, 955.9669120311737, 867.1863748953989, 968.6953904628754, 860.2606545733819, 1079.4849841594696], [1435.0177402781017, 973.8559176921844, 1718.2817518922504, 936.4070546627045, 1734.1199131296642, 1056.1580035686493, 1450.8557987363847, 1093.6068665981293], [39.887038876447264, 1046.8482973575592, 51.393702131075436, 834.0178066492081, 306.2428300303257, 847.7906701564789, 294.73616677569754, 1060.6211094856262], [1587.835507199469, 799.5477557182312, 1827.0852811711204, 791.8315241336823, 1830.057653626399, 883.9532034397125, 1590.8077768756173, 891.6694350242615], [1328.1531392969093, 876.7285680770874, 1333.5533603738545, 784.9436794519424, 1487.5460983155797, 794.0002403259277, 1482.1458772386345, 885.7850775718689], [965.1078553907279, 793.8131172657013, 1310.7590048022182, 783.5887584686279, 1313.5056742868264, 876.4040570259094, 967.8545248753361, 886.6284158229828], [350.66880086977505, 779.727970957756, 572.9760775411202, 774.1010233163834, 575.941049899, 891.1955132484436, 353.63379892243745, 896.8225636482239], [181.7057943637168, 785.2714273929596, 325.8703293369149, 776.6232798099518, 333.00808300524034, 895.5618207454681, 188.8435480320422, 904.209968328476], [692.1708852551923, 879.9329862594604, 697.8744075463674, 770.161625623703, 910.6131270277175, 781.2108261585236, 904.9096047365424, 890.982186794281], [903.7768759388375, 810.1057710647583, 908.9277548450875, 789.5065124034882, 929.927381239197, 794.755411863327, 924.776502332947, 815.3546705245972], [293.2402936150046, 772.9354860782623, 301.09107750146615, 629.0337424278259, 483.4543242684784, 638.9788038730621, 475.60354038201683, 782.8805475234985], [496.197035041789, 633.5032193660736, 759.1757352190964, 627.5276124477386, 760.9318194435394, 704.7799446582794, 497.953119266232, 710.7555515766144], [1336.9770359913439, 633.2243330478668, 1572.3811232355, 617.8272187709808, 1577.4413509486117, 695.1618604660034, 1342.0372637044557, 710.5589747428894], [1060.8542211463935, 624.977662563324, 1298.2363955369635, 588.2473890781403, 1317.8096531574092, 714.6952061653137, 1080.427478766839, 751.4254796504974], [75.77699736611062, 727.3125, 75.77699736611062, 614.51171875, 279.53292361720804, 614.51171875, 279.53292361720804, 727.3125], [1584.912160389459, 615.4940377473831, 1824.7055331825477, 595.3049906492233, 1834.0329448375082, 706.0445410013199, 1594.2395720444194, 726.2335880994797], [896.9642640499821, 704.7978760004044, 910.1763157229134, 591.5740383863449, 1078.1359152722714, 