{"predictions": [{"rec_texts": ["d", "muy", "i", "rolead", "lred", "mat", "ail", "adibot", "utls", "piterybad", "m", "s", "ariol", "moanti", "ow", "ae", "sarp", "hes", "mn", "aym", "with", "wauders", "itae", "atripe", "rs", "hands", "owt", "o", "i", "10", "jderizas", "sfaultis", "sposiblity", "hell", "with", "he", "m", "raway", "wa", "a", "sloesn", "still", "bet", "relieveol", "w", "imust", "but", "s", "hoats", "smkss", "clidn", "h", "munyared"], "rec_scores": [0.26388019323349, 0.5490039885044098, 0.46261245012283325, 0.8167949517567953, 0.5006662160158157, 0.7382459541161855, 0.841602603594462, 0.8173441290855408, 0.23210622742772102, 0.5601862486865785, 0.241448312997818, 0.1755618155002594, 0.6929368019104004, 0.8353161613146464, 0.8053151667118073, 0.5911761075258255, 0.46933314949274063, 0.9526477853457133, 0.539681039750576, 0.7326620817184448, 0.87742879986763, 0.7685686477593013, 0.7470197007060051, 0.6902512907981873, 0.8676137328147888, 0.9557812333106994, 0.7649751702944437, 0.168401300907135, 0.5890448093414307, 0.6794040501117706, 0.6013342477381229, 0.6441403105854988, 0.811649526655674, 0.7751478850841522, 0.9950892925262451, 0.9309705197811127, 0.9676432013511658, 0.6383749097585678, 0.864302784204483, 0.9981391429901123, 0.8593358298142751, 0.9528457880020141, 0.8949666619300842, 0.8636232018470764, 0.8534676432609558, 0.9722449660301209, 0.9999309778213501, 0.13993383944034576, 0.6237013548612594, 0.6000801861286164, 0.6806754827499389, 0.46950656175613403, 0.7951358184218407], "det_polygons": [[1358.3749274521185, 1034.03125, 1358.3749274521185, 1028.4599609375, 1363.946604759141, 1028.4599609375, 1363.946604759141, 1034.03125], [400.0464306442252, 1086.4013671875, 400.0464306442252, 1000.603515625, 534.881021474173, 1000.603515625, 534.881021474173, 1086.4013671875], [1129.9361578641906, 1012.8603515625, 1129.9361578641906, 1007.2890625, 1135.5078351712132, 1007.2890625, 1135.5078351712132, 1012.8603515625], [1436.6165935142196, 1045.4302216768265, 1439.2206997243181, 975.1220771074295, 1605.4000562246083, 981.2764744758606, 1602.7959500145098, 1051.5846190452576], [1634.8559471125945, 983.3093284964561, 1805.8416914538598, 973.5394420027733, 1810.3371209373188, 1052.2038400769234, 1639.3513765960536, 1061.9737265706062], [813.1293075304702, 1047.5827033519745, 820.5966609837494, 969.1814997196198, 947.2252702408591, 981.240565776825, 939.7579167875799, 1059.6417694091797], [239.39384544580676, 1056.1741996407509, 244.63892125834303, 967.0143961310387, 364.57214886825307, 974.0688232779503, 359.3270730557168, 1063.2286267876625], [569.4254207777134, 1058.544921875, 569.4254207777134, 969.404296875, 762.2054556006965, 969.404296875, 762.2054556006965, 1058.544921875], [962.3625217643646, 1050.3664436340332, 975.4448091990715, 958.7966767549515, 1074.8211694718516, 972.9923104047775, 1061.7388820371445, 1064.5620772838593], [1094.8124183836333, 1058.4504575133324, 1105.588771401625, 951.5570613741875, 1449.0968242164831, 986.1824324727058, 1438.320471198491, 1093.0758286118507], [42.47351435541208, 1057.4822828173637, 46.00474848556298, 946.8448607325554, 230.44093808945155, 952.7307589650154, 226.90970395930066, 1063.3681810498238], [1250.2843876958793, 843.4931640625, 1250.2843876958793, 836.8076171875, 1255.8560650029021, 836.8076171875, 1255.8560650029021, 843.4931640625], [967.807421648288, 814.867878139019, 1124.019243325595, 811.7438213229179, 1125.2097540626814, 871.2658904194832, 968.9979323853745, 874.3899472355843], [1492.9818086186885, 881.7979526519775, 1493.3594203424261, 799.8683112859726, 1810.968967643645, 801.3318628072739, 1810.5913559199073, 883.2615041732788], [72.43180499129426, 868.0068359375, 72.43180499129426, 804.494140625, 188.32269297736508, 804.494140625, 188.32269297736508, 868.0068359375], [1337.5896873186305, 869.0860691666603, 1345.1762006674408, 791.9620726704597, 1465.384322402786, 803.7850118279457, 1457.7978090539757, 880.9090083241463], [537.1609746807894, 880.6823346614838, 552.3491004062682, 784.4977558851242, 720.8124909315148, 811.095356464386, 705.624365206036, 907.2799352407455], [342.4947856210099, 869.2582677006721, 344.8143227655253, 793.4914568066597, 505.49191997968666, 798.409860432148, 503.1723828351713, 874.1766713261604], [1226.3758252321534, 869.738954603672, 1234.8821550348232, 784.680223762989, 1334.5104378264657, 794.6423034071922, 1326.0041080237959, 879.7010342478752], [1733.0707704585027, 729.2464416623116, 1745.4984946314569, 631.2132449746132, 1887.9321133197914, 649.2670235037804, 1875.5043891468372, 747.3002201914787], [1588.2973465612306, 695.7323359847069, 1590.9468858821824, 618.9014578461647, 1730.9945861143356, 623.7303617596626, 1728.3450467933837, 700.5612398982048], [685.2961767266396, 715.5454367399216, 687.5833393789902, 609.5799540281296, 919.5937772054557, 614.587041258812, 917.3066145531052, 720.5525239706039], [1173.901670414974, 616.4582381248474, 1338.1652187318632, 614.8789354562759, 1338.9250671067907, 693.9089493751526, 1174.6615187899015, 695.4882520437241], [1423.474318049913, 693.1351441144943, 1436.4230266976206, 602.5014517307281, 1576.985182095183, 622.580399274826, 1564.0364734474756, 713.2140916585922], [202.0325932693703, 691.3223668932915, 204.2198778928468, 611.4914801716805, 332.9587293238538, 615.0182856917381, 330.77147870719676, 694.8491724133492], [363.39918565002904, 695.1945896148682, 373.475406268137, 597.7979562282562, 569.76494486361, 618.1024212837219, 559.688724245502, 715.4990546703339], [41.482683160729835, 607.6400681734085, 175.409793510592, 599.0555768013, 180.6166456580093, 680.2769734859467, 46.689543809852005, 688.8614648580551], [986.6701882617529, 608.215015411377, 1138.8511136099828, 600.3100689649582, 1143.551400174115, 690.7838044166565, 991.3704748258851, 698.6887508630753], [653.0005803830529, 623.984375, 653.0005803830529, 615.0703125, 668.6012768427163, 615.0703125, 668.6012768427163, 623.984375], [274.616850832487, 482.38450714945793, 299.42640697547887, 477.8740209043026, 301.0310867672664, 486.6989237368107, 276.2215136208648, 491.209409981966], [1180.0619377539176, 530.228326022625, 1186.4157719094603, 435.5614338517189, 1420.7243905977946, 451.285771548748, 1414.370556442252, 545.9526637196541], [928.1700250290193, 528.9775403439999, 934.9071840539757, 430.621097356081, 1164.1177724172956, 446.31931963562965, 1157.380613392339, 544.6757626235485], [384.35650029019155, 524.2230381667614, 390.154390960534, 417.93519327044487, 772.2072692977366, 438.7729841172695, 766.4093786273942, 545.060829013586], [1682.9107116947187, 437.8527897000313, 1850.152713290772, 431.7158706188202, 1853.003572983169, 509.39461570978165, 1685.7615713871157, 515.5315347909927], [51.28117858567905, 435.6506615281105, 210.20888688878412, 427.4591255784035, 214.29698268826178, 506.76280730962753, 55.36927438515671, 514.9543432593346], [272.7447584155543, 487.2871667146683, 282.9788386897853, 431.0037494301796, 358.38814476929775, 444.7135955095291, 348.1540644950668, 500.9970127940178], [183.69084513747825, 331.6052400767803, 185.34762337674118, 293.5018258392811, 234.86617749746085, 295.65464755892754, 233.20939925819795, 333.7580617964268], [1542.9404109837494, 351.0070910155773, 1546.6218532356356, 274.930448576808, 1739.5433564277425, 284.26472106575966, 1735.8619141758563, 360.3413465023041], [1312.3116022199654, 322.2578928768635, 1316.0390216918167, 275.66807310283184, 1383.315392846779, 281.04980435967445, 1379.5879733749275, 327.63960713148117], [1488.507599390598, 293.07704225182533, 1503.4017701683113, 274.46076211333275, 1519.3014545850262, 287.1795825064182, 1504.407283807313, 305.7958626449108], [1099.6883841773072, 262.97637125849724, 1340.736678395241, 255.7164212167263, 1343.076755658735, 333.3956423699856, 1102.028393427162, 340.6555924117565], [907.0562110055138, 331.580620855093, 908.5711468006385, 255.8413705676794, 1064.1592834082996, 258.95289674401283, 1062.644347613175, 334.6921300292015], 