{"predictions": [{"rec_texts": ["spapess", "m", "cly", "thes", "f", "ts", "sy", "applars", "wo", "sptraley", "osa", "wase", "frohly", "mu", "was", "whol", "hew", "thud", "cuhres", "sbuds", "wlwa", "cowkfr", "heals", "mna", "salds", "conolitie", "rihhu", "m", "chear", "lovdshupy", "wilh", "chss", "havt", "onh", "trups", "syats", "as", "cs", "ausl", "this", "aag", "rjao", "sjawe", "nymn", "have", "pw", "cwil", "and", "danbote", "hhurs", "lmi", "srudhings", "aydy", "s", "but", "to", "twells", "b", "il", "ma", "suppy", "myand", "have", "syan", "said", "renler", "n"], "rec_scores": [0.5131700145346778, 0.4494898021221161, 0.3882382313410441, 0.5586937889456749, 0.3406742811203003, 0.6515052020549774, 0.7539725601673126, 0.9839343428611755, 0.15649106353521347, 0.3929607644677162, 0.6161807278792063, 0.5808588564395905, 0.6305524955193201, 0.48601724207401276, 0.9998699426651001, 0.832913801074028, 0.5598380466302236, 0.4714720919728279, 0.7035950024922689, 0.7336597740650177, 0.5642477720975876, 0.6724012096722921, 0.6591334044933319, 0.37855824331442517, 0.8566016018390655, 0.77335524559021, 0.5733487665653229, 0.7456263303756714, 0.45264586210250857, 0.8248841100268893, 0.930219754576683, 0.40095025300979614, 0.6968896463513374, 0.493613397081693, 0.9342323184013367, 0.5075850546360016, 0.9998034834861755, 0.2797990143299103, 0.7290262579917908, 0.555994413793087, 0.4541029930114746, 0.42132844030857086, 0.685358726978302, 0.6857429295778275, 0.9987226873636246, 0.29235223680734634, 0.730405330657959, 0.6939030885696411, 0.6321402064391545, 0.765482884645462, 0.6256560881932577, 0.5107202182213465, 0.4278786852955818, 0.305612713098526, 0.9924688736597697, 0.9081540405750275, 0.7756218612194061, 0.5445708632469177, 0.5984688550233841, 0.49675679206848145, 0.2968236654996872, 0.35955519378185274, 0.99329574406147, 0.7370684817433357, 0.9936332255601883, 0.3241422474384308, 0.7551376223564148], "det_polygons": [[692.7271884238884, 1528.7152261734009, 948.9899113276234, 1511.9564247131348, 955.4591686301036, 1610.807719707489, 699.1964457263686, 1627.5665211677551], [65.87196424562637, 1521.3926988244057, 138.22953358741657, 1502.523642361164, 160.03689963197056, 1586.0886313319206, 87.67933029018037, 1604.9576877951622], [372.6865470572694, 1628.5380518436432, 380.3069561474944, 1487.6100302934647, 667.3896235635837, 1503.1224790811539, 659.7692144733586, 1644.0505006313324], [218.8175685307751, 1587.282710313797, 227.1330863221051, 1473.6781160831451, 364.5853356139301, 1483.7319180965424, 356.2698178226001, 1597.3365123271942], [1740.4486301369864, 1399.9375, 1740.4486301369864, 1389.841796875, 1750.5479452054797, 1389.841796875, 1750.5479452054797, 1399.9375], [16.377936934771604, 1363.192587196827, 206.50092502489483, 1312.1330017447472, 247.0534315501174, 1463.0246557593346, 56.93045309145157, 1514.0842412114143], [1747.6768976498959, 1460.2149192094803, 1777.5786945917837, 1340.6500972509384, 1865.1060918520577, 1362.5241206884384, 1835.2042949101697, 1482.0889426469803], [1120.5285818021591, 1426.5833206176758, 1121.6331943877756, 1337.1482734680176, 1463.0045088676559, 1341.3611837625504, 1461.8998962820394, 1430.7962309122086], [173.05803929942928, 1342.5199343562126, 471.76059775156523, 1316.3274262547493, 484.6623330312233, 1463.3549351096153, 185.95976173714416, 1489.5474432110786], [763.4055452738723, 1329.4600356817245, 1081.2183663355163, 1298.5727545022964, 1092.122717138839, 1410.6923240423203, 774.3098960771953, 1441.5796052217484], [646.5446841096225, 1326.3510348200798, 728.0507510459587, 1316.5739033818245, 739.0421188563517, 1408.1358427405357, 657.5360519200156, 1417.912974178791], [528.6511766094052, 1311.0723285079002, 671.1249338959994, 1293.703701555729, 685.1254258351784, 1408.46694368124, 542.651668548584, 1425.8355706334114], [1477.0749637133456, 1323.5782698392868, 1776.7046205703527, 1260.6785393953323, 1811.9572956660024, 1428.4889996051788, 1512.3276388089953, 1491.3887300491333], [333.277397260274, 1235.040912926197, 333.277397260274, 1172.784076988697, 466.25171232876716, 1172.784076988697, 466.25171232876716, 1235.040912926197], [1291.9146899915722, 1232.9447276592255, 1293.0704648788662, 1155.5365319252014, 1459.9232643859027, 1158.025950908661, 1458.767489498609, 1235.434146642685], [484.0949246132211, 1232.9465762376785, 485.2540897735178, 1155.3124431371689, 645.5261639111663, 1157.70368206501, 644.3669987508696, 1235.3378151655197], [73.71184856597692, 1171.6239913105965, 287.6588083554621, 1140.2562851309776, 300.92183886488823, 1230.6538254618645, 86.97488549637468, 1262.0215316414833], [676.6541095890411, 1233.358295738697, 676.6541095890411, 1139.131733238697, 841.609589041096, 1139.131733238697, 841.609589041096, 1233.358295738697], [840.5987226407823, 1148.3046876192093, 1021.8306459400752, 1119.8355524539948, 1038.4432918600842, 1225.514263868332, 857.2113171930183, 1253.9833990335464], [1064.990362297999, 1117.6945905089378, 1273.7196084636532, 1115.1501249670982, 1275.0138708663314, 1221.2418909668922, 1066.2846247006769, 1223.7863565087318], [1589.8159240304608, 1099.7347265481949, 1826.7238865682525, 1096.0342832803726, 1828.7153123829464, 1223.4350239038467, 1591.8073498451547, 1227.135467171669], [147.42092327222434, 1054.3658871650696, 149.65156880470172, 986.9124917984009, 396.25885840638045, 995.0618472099304, 394.02821287390304, 1062.5152425765991], [1050.8265208414157, 1038.6043937802315, 1069.1816643492816, 958.5381476283073, 1205.9158949133468, 989.8618987202644, 1187.560751405481, 1069.9281448721886], [628.3922378331015, 981.9231785535812, 752.4222935715767, 974.6299203634262, 756.6709220572694, 1046.8316975831985, 632.6408663187942, 1054.1249557733536], [1239.0801618393155, 962.8354763388634, 1415.7020843714886, 953.3769165873528, 1420.4258647552908, 1041.5214505791664, 1243.803942223118, 1050.980010330677], [778.4423820286581, 954.6195721030235, 1062.883461730121, 949.8806385397911, 1064.5970906296823, 1052.6599573493004, 780.1560622959921, 1057.3988909125328], [1436.229468254194, 1038.210543870926, 1441.1170090975827, 939.6790529489517, 1723.3568256325918, 953.6695054769516, 1718.4692847892031, 1052.2009963989258], [858.4417808219179, 874.9609375, 858.4417808219179, 802.6083984375, 971.2174657534247, 802.6083984375, 971.2174657534247, 874.9609375], [275.1830660153742, 867.7460384964943, 276.3925202252114, 783.7172617316246, 564.4539491836339, 787.8605422377586, 563.2444949737967, 871.8893190026283], [1390.5761547349905, 774.7930952012539, 1738.05324815724, 768.2392683923244, 1740.1490532862, 879.2841463088989, 1392.6719598639502, 885.8379731178284], [618.3425440331029, 767.5090799033642, 808.6462728421983, 765.0060019791126, 810.0873443394491, 874.4899607896805, 619.7836155303537, 876.993141412735], [1193.712761343342, 884.9130676984787, 1197.4529516141708, 761.5324203670025, 1327.5023857012188, 765.4718950986862, 1323.76219543039, 888.8525937795639], [52.24920522350155, 853.2431189417839, 56.438170041123485, 761.1189036369324, 252.05251751207328, 770.0072796344757, 247.86357837833773, 862.1314949393272], [1064.9469051622366, 851.7115203440189, 1090.5095636028134, 755.8861428797245, 1205.855486412571, 786.6340617835522, 1180.2928279719943, 882.4593878984451], [1165.0208809212463, 736.7050874531269, 1166.9060781818548, 625.5131962001324, 1321.8888127575183, 628.1391018927097, 1320.0036154969098, 739.3309931457043], [1332.294177016167, 637.2731847763062, 1583.7110697080013, 615.9341194033623, 1592.2942135954559, 716.9880983233452, 1340.8773209036215, 738.3271636962891], [584.0770547945206, 686.5078125, 584.0770547945206, 627.6162109375, 664.8715753424658, 627.6162109375, 664.8715753424658, 686.5078125], [979.9110503523318, 777.1876718401909, 1030.797609825657, 589.6102595329285, 1208.1045729754724, 637.676277577877, 1157.2180135021472, 825.2536898851395], [1613.7884416972122, 616.7091359198093, 1788.4331159199755, 604.2389337718487, 1794.08089980034, 683.2792188823223, 1619.4362255775766, 