{"predictions": [{"rec_texts": ["d", "as", "falheevls", "vss", "sufe", "lhaved", "stha", "s", "quat", "prke", "thmes", "dorens", "thappenads", "valveady", "shally", "shads", "hus", "ial", "nyeavs", "very", "arnedy", "ia", "shome", "anathar", "lthel", "slifers", "ewpvers", "foepeved", "jolored", "sands", "burden", "borakey", "smanuty", "reaus", "feal", "thev", "shoulde", "sbys", "derealy", "shers", "soide", "i", "a", "i", "a", "a", "shumyadliemaring", "hrs", "robbie", "sleash", "thads"], "rec_scores": [0.2447289079427719, 0.7497598826885223, 0.687690320942137, 0.494030237197876, 0.482977706938982, 0.8040312180916468, 0.9267498254776001, 0.1648465394973755, 0.5375523716211319, 0.4311719909310341, 0.8213391184806824, 0.7603051414092382, 0.7464225500822067, 0.883392047137022, 0.7819990118344625, 0.8324897289276123, 0.9588279128074646, 0.7449692487716675, 0.8412356625000635, 0.8044100403785706, 0.775187611579895, 0.30107249319553375, 0.8776498973369599, 0.9295414345605033, 0.6594312459230423, 0.5984261121068682, 0.7662900175367083, 0.8723682835698128, 0.6332873893635613, 0.6402351304888725, 0.8807973364988962, 0.39777844079903196, 0.7068959495850972, 0.5969574809074402, 0.22966119647026062, 0.8091462552547455, 0.8470293070588794, 0.419354185461998, 0.9263407502855573, 0.6464911341667176, 0.699553269147873, 0.18135279417037964, 0.15338750183582306, 0.29765138030052185, 0.20087166130542755, 0.16836746037006378, 0.6249805986881256, 0.3266319880882899, 0.804443009197712, 0.7001987348000208, 0.8250629901885986], "det_polygons": [[1483.0354963948973, 1020.55078125, 1483.0354963948973, 1005.087890625, 1490.765391014975, 1005.087890625, 1490.765391014975, 1020.55078125], [265.4961808342703, 990.8086348772049, 336.3959648314278, 985.2101322412491, 341.18165441969, 1045.8408479690552, 270.2818704225325, 1051.439350605011], [1149.7212649327942, 1069.86126101017, 1152.7024721980292, 961.9230362176895, 1438.3014811739547, 969.8141151666641, 1435.3202739087196, 1077.7523399591446], [1393.4085383275053, 1043.5827870368958, 1407.2472388277565, 971.606488108635, 1514.1865241822438, 992.1759023666382, 1500.3478236819926, 1064.152201294899], [1521.1778569192404, 1067.6662310957909, 1528.791555090474, 957.2470784783363, 1737.003459539006, 971.6093868613243, 1729.3897613677723, 1082.0285394787788], [903.9854562328843, 982.1962383985519, 1109.3502780874107, 967.1331059932709, 1114.5407006659907, 1037.9259048700333, 909.1758788114644, 1052.9890372753143], [347.5194832309378, 956.7619755864143, 492.7314120190578, 949.3136642575264, 498.0434903923961, 1052.9200739264488, 352.83156160427603, 1060.3683852553368], [721.1001988737304, 981.6430485248566, 774.7882153875485, 957.7768760919571, 787.5841134188245, 986.5733549594879, 733.8960969050064, 1010.4395273923874], [43.419879890056826, 952.0554124116898, 236.8629225034285, 947.5206845998764, 239.1576170199326, 1045.447426557541, 45.71457440656089, 1049.9821543693542], [513.6698907819379, 1054.8115437626839, 534.3516454881783, 940.4306725859642, 699.6604712767132, 970.3329918980598, 678.9787165704728, 1084.7138630747795], [1726.6817909955844, 810.684389770031, 1888.596015714369, 802.8229724764824, 1891.6039131151854, 864.7965522408485, 1729.689688396401, 872.6579695343971], [1487.2308352317534, 798.8648942112923, 1704.8411721701893, 786.2472304701805, 1710.1023640476592, 877.0228169560432, 1492.4920271092233, 889.640480697155], [766.5140711593416, 798.6624534130096, 1157.565468820412, 779.7803828716278, 1161.8356209160945, 868.2535507678986, 770.7842906543564, 887.1356213092804], [434.32743052621714, 875.1530540585518, 436.9573524716293, 769.9330503344536, 739.2004917544651, 777.4907053112984, 736.570569809053, 882.7107090353966], [1172.671411566118, 782.9127210974693, 1357.0126293010997, 776.4433792233467, 1360.5362663924925, 876.8866429924965, 1176.1950486575108, 883.3559848666191], [234.04022161787373, 772.4584706425667, 406.48614804928525, 765.0399557948112, 410.8247441668941, 865.9321891665459, 238.37880088564955, 873.3507040143013], [46.40269631434994, 858.0837151408195, 49.48272785053475, 771.0552046895027, 231.9180693919964, 777.5144346356392, 228.8380210059785, 864.542945086956], [1368.1913477537437, 694.7255859375, 1368.1913477537437, 635.0830078125, 1490.765391014975, 635.0830078125, 1490.765391014975, 694.7255859375], [999.091103823001, 717.3699678182602, 999.7712978843311, 633.6944378614426, 1187.2066167661103, 635.2186424732208, 1186.52642270478, 718.8941724300385], [874.0666904375411, 611.3687165379524, 1025.381830961256, 601.9096146225929, 1031.9129610574714, 706.4281201958656, 880.5978205337566, 715.8872221112251], [1471.5006398705066, 612.0511368513107, 1688.3865687856392, 603.3039146661758, 1691.9271905087655, 691.1285709142685, 1475.041261593633, 699.8757930994034], [616.8599871795705, 616.2719230055809, 698.2132728140815, 604.3058719038963, 708.9894824543728, 677.5988786816597, 627.6361968198618, 689.5649297833443], [374.974129438268, 691.1045719385147, 375.59723626516023, 605.1027592420578, 583.3011856459937, 606.6082230806351, 582.6781462184337, 692.610035777092], [59.52520308491923, 679.1613737940788, 59.88818218889199, 599.6496661305428, 350.24983018144127, 600.975811779499, 349.8868510774685, 680.4875194430351], [718.3392526263735, 682.9571219086647, 724.238042187175, 592.0976738333702, 860.3070493540496, 600.9350944161415, 854.4082597932481, 691.794542491436], [1698.970016335621, 705.2026893496513, 1710.568363031016, 587.745095551014, 1854.1812426608863, 601.9319956898689, 1842.5828959654914, 719.3895894885063], [1545.5052415082932, 447.044898211956, 1847.2609488201088, 438.46243304014206, 1849.9054290212925, 531.4786205291748, 1548.149721709477, 540.0610857009888], [829.9517380835542, 453.34489899873734, 1175.8333838405174, 437.8123708963394, 1179.3079542180133, 515.2187077403069, 833.4263084610501, 530.7512358427048], [1188.1952301719355, 513.5888671875, 1188.1952301719355, 442.9013671875, 1527.206322795341, 442.9013671875, 1527.206322795341, 513.5888671875], [656.7169867170168, 427.7575415968895, 813.2617762306961, 426.0369633436203, 814.2080628558522, 512.1648380756378, 657.6632733421727, 513.885416328907], [350.7175141481049, 501.2832575440407, 354.2472171794026, 426.43806982040405, 639.7638978709529, 439.90850615501404, 636.2341948396552, 514.7536938786507], [52.095576702589725, 416.6384318768978, 321.9165999782264, 409.8576426208019, 324.14738307789963, 498.660459369421, 54.32635558980475, 505.4412486255169], [829.455342001341, 325.59619385004044, 837.2391560872395, 255.52826853096485, 1078.670439032006, 282.3593425154686, 1070.8866249461075, 352.4272509813309], [386.7956016231627, 342.5359315574169, 395.48957629211725, 257.31797866523266, 557.5497205652796, 273.8580761253834, 548.8557458963251, 359.07604587078094], [572.4387048603888, 335.6265859901905, 585.8882416160782, 245.7416075617075, 803.9980076066797, 278.3904444873333, 790.5484708509905, 368.275406062603], [1715.0172581558945, 254.87872883677483, 1857.3988867837456, 249.66859164834023, 1860.3978874727015, 331.65495774149895, 1718.0162588448504, 336.86509492993355], [1267.3057356256281, 248.39403368532658, 1521.0243212403154, 245.46029372513294, 1522.0644277359997, 335.4547843337059, 1268.3458421213124, 338.38852429389954], [1056.1341916981896, 353.54819190502167, 1059.4594051553615, 240.46806858479977, 1242.2528646239557, 245.8454402089119, 1238.9276511667836, 358.9255803823471], [1527.2524239386178, 249.10650327801704, 1704.2241986825343, 244.32255014777184, 1706.6446435032324, 333.9000754058361, 1529.6728687593159, 338.6840285360813], [238.71079314660838, 249.3611553311348, 372.047852628838, 238.54786401987076, 379.56783202854183, 331.312399327755, 246.23075569647915, 342.125690639019], [36.47764756662344, 331.4682578444481, 45.607611666238775, 224.16969676315784, 231.54051518241894, 239.99697071313858, 222.4105510828036, 347.2955149412155], [1356.0443704936217, 123.703125, 1356.0443704936217, 117.076171875, 1375.9212423738213, 