{"predictions": [{"rec_texts": ["on", "wu", "sonu", "was", "spanle", "plos", "s", "h", "m", "alina", "daw", "vucelle", "obseved", "hne", "saghs", "s", "lomow", "soubaey", "ao", "fd", "acl", "pwred", "thoren", "expoc", "trouylay", "thor", "uvald", "shoug", "slwe", "tre", "m", "vat", "berial", "cwades", "we", "lools", "sonseds", "s", "heves", "peel", "aus", "he", "mack", "bole", "so", "jug", "thea", "barel", "he", "ash", "orel", "noued", "tolle", "s", "i", "ca", "sus", "uwses", "trd", "blow", "sored", "hr", "the"], "rec_scores": [0.2894660159945488, 0.622565820813179, 0.6038136519491673, 0.8789343039194742, 0.7324605484803518, 0.4030439183115959, 0.20457406342029572, 0.6856581568717957, 0.9797648191452026, 0.863853371143341, 0.9298705657323202, 0.7494575509003231, 0.9513299805777413, 0.5500439902146658, 0.4218783378601074, 0.18857340514659882, 0.6064998626708984, 0.6055356732436589, 0.6283802092075348, 0.21637926250696182, 0.4980414807796478, 0.5817903041839599, 0.617036392291387, 0.8400461673736572, 0.6410038284957409, 0.5613528713583946, 0.6987333476543427, 0.45190697312355044, 0.5470431409776211, 0.6535178621610006, 0.44881752133369446, 0.6993877092997233, 0.6225051085154215, 0.5226656670371691, 0.8944002091884613, 0.9464383244514465, 0.7246397307940892, 0.213515043258667, 0.7667726337909698, 0.7819758206605911, 0.3626306354999542, 0.39149248600006104, 0.7644357234239578, 0.7504855468869209, 0.3382222503423691, 0.6020808418591818, 0.6632989123463631, 0.8993466258049011, 0.5229043662548065, 0.4210218091805776, 0.7779413908720016, 0.750676953792572, 0.7870175123214722, 0.1785285323858261, 0.07283590734004974, 0.7054767906665802, 0.45742638905843097, 0.6179256737232208, 0.7221352159976959, 0.8514213413000107, 0.7324544310569763, 0.9939699769020081, 0.8807385563850403], "det_polygons": [[609.6054977711739, 1393.208984375, 609.6054977711739, 1349.76171875, 697.9331352154533, 1349.76171875, 697.9331352154533, 1393.208984375], [256.2949479940565, 1383.0712890625, 256.2949479940565, 1342.5205078125, 409.78231797919767, 1342.5205078125, 409.78231797919767, 1383.0712890625], [862.3338412643366, 1387.1153886914253, 863.1529336053586, 1337.961249768734, 985.1607501864612, 1339.9950117468834, 984.3416578454392, 1389.1491506695747], [65.38767737548739, 1393.9187856912613, 67.12858001969722, 1332.9768180847168, 199.32591791705605, 1336.7545875310898, 197.58501527284622, 1397.6965551376343], [722.3854013020714, 1336.5667509436607, 869.5860077856555, 1323.8748316168785, 875.8262399840675, 1396.2733283638954, 728.6255893112116, 1408.9652476906776], [431.3395239275951, 1399.9442298412323, 448.75478105700927, 1314.5946434736252, 590.4596120032302, 1343.5190029144287, 573.044354873816, 1428.8685892820358], [1359.6664190193167, 1189.0068359375, 1359.6664190193167, 1180.3173828125, 1368.3543833580982, 1180.3173828125, 1368.3543833580982, 1189.0068359375], [1330.7065378900447, 1203.4892578125, 1330.7065378900447, 1173.076171875, 1395.8662704309065, 1173.076171875, 1395.8662704309065, 1203.4892578125], [1175.451597035197, 1210.3709716200829, 1178.866897469644, 1152.3014453053474, 1264.937700427482, 1157.3653429150581, 1261.5223999930352, 1215.4348692297935], [932.5081723625558, 1209.2822265625, 932.5081723625558, 1151.3525390625, 1110.6114413075782, 1151.3525390625, 1110.6114413075782, 1209.2822265625], [479.6758262554923, 1198.5518515706062, 481.91074286314927, 1150.8646942973137, 601.695308804335, 1156.480522096157, 599.4603921966781, 1204.1676793694496], [1496.4847119176904, 1147.5560301542282, 1710.9062595225728, 1141.9614168405533, 1712.7579667656776, 1212.9525092840195, 1498.336419160795, 1218.5471225976944], [121.97205641294484, 1151.961483180523, 348.3056507649075, 1143.1187554001808, 350.6335195056751, 1202.7226193547249, 124.29993620103042, 1211.565347135067], [1785.6814008375513, 1133.1316829323769, 1871.9515857894924, 1129.0227907299995, 1875.9484170400726, 1212.9683317542076, 1789.6782320881318, 1217.077223956585], [640.0133729569094, 1239.6953125, 640.0133729569094, 1116.5947265625, 880.3803863298664, 1116.5947265625, 880.3803863298664, 1239.6953125], [584.9895988112928, 994.9423828125, 584.9895988112928, 987.701171875, 592.2295690936107, 987.701171875, 592.2295690936107, 994.9423828125], [768.1928399866794, 1022.2340224385262, 769.4734450817817, 977.0872997641563, 1002.454133304409, 983.6977333426476, 1001.1735282093066, 1028.8444560170174], [1640.518759377467, 1029.8409180641174, 1643.608473257714, 961.2343337535858, 1854.522453228751, 970.7366552352905, 1851.432739348504, 1039.3432395458221], [1313.6962312468804, 1024.792931318283, 1315.6096267133378, 966.9024906158447, 1543.3658173378299, 974.4329257011414, 1541.4525986284596, 1032.3233664035797], [311.1982179956309, 977.5471237301826, 462.102106397609, 948.9927802681923, 481.0372977178838, 1049.0961571335793, 330.1334093159057, 1077.6505005955696], [553.1337295690937, 1016.666015625, 553.1337295690937, 970.322265625, 632.7734026745915, 970.322265625, 632.7734026745915, 1016.666015625], [1045.001861980376, 1033.8415279984474, 1045.6929821904312, 958.4993446469307, 1245.7915495239079, 960.3354583382607, 1245.1004293138526, 1035.6776416897774], [83.98365527488858, 1036.94140625, 83.98365527488858, 952.943359375, 302.63075780089156, 952.943359375, 302.63075780089156, 1036.94140625], [683.4531946508173, 866.048828125, 683.4531946508173, 795.0849609375, 839.8365527488857, 795.0849609375, 839.8365527488857, 866.048828125], [1036.853183513942, 851.7751921415329, 1039.3484633107066, 784.8924615383148, 1302.9486049521734, 794.7299718856812, 1300.4533251554085, 861.6127024888992], [378.86339386575827, 849.2663140892982, 381.9919943051388, 783.5547998547554, 538.3655423848803, 791.002498447895, 535.2369419454998, 856.7140126824379], [1424.1235421394701, 795.7563993930817, 1611.402624983313, 791.8943023681641, 1612.6346218794986, 851.6648768186569, 1425.3555390356555, 855.5269738435745], [51.27560697445013, 876.3693215847015, 60.92741666116474, 768.4261317253113, 310.08513442970496, 790.7123019695282, 300.4333136956724, 898.6554918289185], [1736.4899035336184, 836.1009581685066, 1739.7196090267462, 775.3695443272591, 1907.965842259763, 784.3202891945839, 1904.7361367666351, 845.0517030358315], [542.295868781488, 838.8208319544792, 552.8373963127874, 769.2350223660469, 653.6809379498283, 784.5170535445213, 643.139410418529, 854.1028631329536], [1701.3931931018124, 777.7060546875, 1712.2531485252894, 766.84423828125, 1722.3891069205345, 776.98193359375, 1711.5291514970575, 787.84375], [610.2471701861491, 624.6863709390163, 753.4580157026318, 612.3384798467159, 758.871378248195, 675.1449355185032, 615.6605769209841, 687.4928266108036], [950.8506087916745, 676.3061634004116, 953.9005523273531, 612.2460200488567, 1134.765473999205, 620.8600733578205, 1131.7155304635264, 684.9202167093754], [1151.5123242042396, 688.6948481798172, 1159.581108467363, 595.080009996891, 1384.570078516786, 614.4789772033691, 1376.5012942536625, 708.0938153862953], [467.10570182630255, 654.5295385718346, 467.93124580099897, 616.5468591451645, 568.0788064080929, 618.7243492603302, 567.2532624333965, 656.7070286870003], [1517.4977711738486, 674.880859375, 1517.4977711738486, 605.365234375, 1698.4970282317981, 605.365234375, 1698.4970282317981, 674.880859375], [120.91944586539873, 650.8678300380707, 126.52998094147773, 595.8751996159554, 325.63931619040505, 616.1959362030029, 320.0287811143261, 671.1885666251183], [1162.7392273402677, 463.4375, 1162.7392273402677, 454.748046875, 1171.4271916790492, 454.748046875, 1171.4271916790492, 463.4375], [1655.9233162640464, 480.6389559209347, 1657.7881035315868, 444.0847184956074, 1820.912976926716, 452.4088405072689, 1819.0481896591755, 488.9630779325962], [61.07128035898195, 437.7950656116009, 172.76273031929097, 435.41824772953987, 174.39154687572554, 511.9863631427288, 62.70009139175756, 514.3631810247898], [157.87304473242116, 490.60415095090866, 178.9882695848485, 418.19663804769516, 