{"predictions": [{"rec_texts": ["w", "1", "i", "jl", "arly", "coereds", "us", "lotts", "bollw", "he", "mi", "i", "i", "", "bn", "hoos", "mool", "iredon", "he", "qa", "mesgue", "s", "v", "m", "j", "so", "ters", "a", "sompns", "maa", "be", "he", "t", "10", "la", "al", "laaol", "sl", "y", "u", "qua", "m", "vnlwolict", "couch", "als", "be", "shou", "tn", "haa", "", "c", "i", "y", "gra", "daws", "w", "", "he", "cll", "4", "s", "n", "cone", "screl", "ma", "lanls", "licms", "i", "he", "ayaae"], "rec_scores": [0.8870174288749695, 0.7255208492279053, 0.08222159743309021, 0.6967748701572418, 0.715205505490303, 0.7859419711998531, 0.8099780976772308, 0.715518981218338, 0.7126930594444275, 0.7012699246406555, 0.39571861922740936, 0.11767570674419403, 0.6007134914398193, NaN, 0.5083583891391754, 0.3143201731145382, 0.9119380116462708, 0.6922932068506876, 0.6561610698699951, 0.9016484916210175, 0.467109573384126, 0.15696240961551666, 0.9837067127227783, 0.7193742990493774, 0.18644241988658905, 0.9711598455905914, 0.7532196491956711, 0.35826465487480164, 0.5666129713257154, 0.7257264852523804, 0.7200270444154739, 0.5992686152458191, 0.29013389348983765, 0.674322783946991, 0.4214796721935272, 0.6759656965732574, 0.5353182554244995, 0.7297400534152985, 0.262411892414093, 0.322691410779953, 0.9481181701024374, 0.7210049033164978, 0.515576014916102, 0.9715518951416016, 0.5810926258563995, 0.49792028218507767, 0.8014374822378159, 0.2125103399157524, 0.6934323906898499, NaN, 0.09318709373474121, 0.2639995217323303, 0.282838374376297, 0.504582017660141, 0.7959810346364975, 0.9099733233451843, NaN, 0.7264146208763123, 0.8303728302319845, 0.6878283023834229, 0.42162004113197327, 0.3004351854324341, 0.6955984532833099, 0.6419589638710022, 0.8727843463420868, 0.4487494170665741, 0.6530513882637023, 0.07402943074703217, 0.9438853561878204, 0.2992506444454193], "det_polygons": [[87.57847533632287, 1397.98828125, 87.57847533632287, 1349.9765625, 155.3811659192825, 1349.9765625, 155.3811659192825, 1397.98828125], [1322.1524663677128, 1207.353515625, 1322.1524663677128, 1200.29296875, 1329.215246636771, 1200.29296875, 1329.215246636771, 1207.353515625], [1002.914798206278, 1201.705078125, 1002.914798206278, 1194.64453125, 1011.3901345291479, 1194.64453125, 1011.3901345291479, 1201.705078125], [1424.8387563388976, 1219.797126173973, 1429.803394266308, 1164.209799170494, 1550.522707267727, 1174.9848901033401, 1545.5580693403165, 1230.5722171068192], [1216.429491256919, 1221.2213019132614, 1218.3760666098829, 1168.6791805028915, 1344.1302832359688, 1173.3352457284927, 1342.1837078830051, 1225.8773671388626], [981.2452020345781, 1223.394798874855, 982.9426143629133, 1166.8342334032059, 1170.1778504239069, 1172.4495745897293, 1168.4804380955716, 1229.0101400613785], [76.27802690582959, 1220.0625, 76.27802690582959, 1170.638671875, 155.3811659192825, 1170.638671875, 155.3811659192825, 1220.0625], [1590.5381165919282, 1246.892578125, 1590.5381165919282, 1156.517578125, 1775.5829596412555, 1156.517578125, 1775.5829596412555, 1246.892578125], [345.44716120835375, 1161.1469249725342, 544.8327588821205, 1157.555457830429, 545.9526992592575, 1219.6936140060425, 346.5671015854908, 1223.2850811481476], [791.947430666252, 1221.2799961566925, 796.2761424795929, 1155.2871537208557, 929.387134500683, 1164.013031244278, 925.0584226873423, 1230.0058736801147], [596.1843098867099, 1232.0847358703613, 598.3258186648244, 1144.3107268810272, 769.6254412048065, 1148.4874126911163, 767.4840186422715, 1236.2614216804504], [817.8699551569506, 1026.603515625, 817.8699551569506, 1019.54296875, 826.3452914798205, 1019.54296875, 826.3452914798205, 1026.603515625], [779.7309417040358, 1015.306640625, 779.7309417040358, 1008.24609375, 786.7937219730941, 1008.24609375, 786.7937219730941, 1015.306640625], [774.0807174887891, 1016.71875, 774.0807174887891, 1008.24609375, 781.1434977578474, 1008.24609375, 781.1434977578474, 1016.71875], [1152.6653108468504, 1057.338872551918, 1156.8786662148786, 985.7351707220078, 1281.9969567268952, 993.0927225351334, 1277.783601358867, 1064.6964243650436], [1003.9299004387962, 986.7305595874786, 1117.6101424555072, 976.848379611969, 1124.590845492923, 1057.1002171039581, 1010.910603476212, 1066.9823970794678], [1417.253078580437, 1043.077722787857, 1418.8418592786575, 977.9527966976166, 1585.7341845046242, 982.0220918655396, 1584.145403806404, 1047.14701795578], [252.19063557851473, 1040.1640405654907, 254.217218989214, 976.548789024353, 513.4597285659858, 984.8023545742035, 511.4331451552865, 1048.4176061153412], [887.5423167959991, 1047.223639369011, 894.513018826198, 974.0540682077408, 998.9024975695417, 983.9927877187729, 991.9317955393427, 1057.162358880043], [59.380651653614805, 1052.207995891571, 63.053306015083066, 967.763786315918, 199.3836147154393, 973.6892330646515, 195.71096035397105, 1058.1334426403046], [547.5518689348023, 963.684493303299, 860.9965398814111, 958.7884798049927, 862.6597246247021, 1065.2001950740814, 549.2150536780935, 1070.0962085723877], [108.2250051113522, 843.9384112358093, 126.64627844977271, 837.0326585769653, 132.10299179692973, 851.579350233078, 113.68171845850922, 858.485102891922], [179.50919933917808, 881.8523930311203, 188.7646573327582, 824.0241698026657, 272.17379035436517, 837.3654316663742, 262.9183323607851, 895.1936548948288], [887.7694948478663, 826.572068810463, 984.1723071726982, 824.2775634527206, 985.5103729658596, 880.4611412286758, 889.1075606410278, 882.7556465864182], [1098.9686098654709, 841.6171875, 1098.9686098654709, 833.14453125, 1106.0313901345291, 833.14453125, 1106.0313901345291, 841.6171875], [1664.8055961848372, 873.6214950084686, 1666.3450615716085, 816.682562828064, 1755.0805499842347, 819.0799770355225, 1753.5410845974634, 876.0189092159271], [1429.4420647728068, 874.4968235492706, 1431.8460999903657, 807.2049508094788, 1639.73117434925, 814.6271438598633, 1637.3271391316912, 881.9190165996552], [1073.542600896861, 834.556640625, 1073.542600896861, 827.49609375, 1080.6053811659192, 827.49609375, 1080.6053811659192, 834.556640625], [1032.0628199555947, 891.8941937685013, 1042.9775398836007, 799.1479808092117, 1265.3273468701827, 825.2985502481461, 1254.4126269421768, 918.0447632074356], [515.4047089307297, 811.9649591445923, 709.0603329782527, 793.624430179596, 718.5818091422452, 894.0972533226013, 524.9261850947221, 912.4377822875977], [317.6361275574551, 799.4828224182129, 472.94133755123664, 797.566166639328, 473.830996115646, 869.607705116272, 318.5257861218645, 871.5243608951569], [767.3988376497687, 874.3336690664291, 775.055125967804, 793.9672011137009, 875.2450438358323, 803.5060068368912, 867.588755517797, 883.8724747896194], [183.63228699551567, 797.841796875, 183.63228699551567, 780.896484375, 201.99551569506724, 780.896484375, 201.99551569506724, 797.841796875], [266.97309417040356, 673.576171875, 266.97309417040356, 658.04296875, 293.81165919282506, 658.04296875, 293.81165919282506, 673.576171875], [759.7748801740295, 696.0895512700081, 762.3632443004659, 629.6744722723961, 942.2003214883161, 636.6789105534554, 939.6119573618798, 703.0939895510674], [1557.840168358499, 642.3940578103065, 1727.5751936702984, 628.4202598929405, 1731.849072375105, 680.2998517155647, 1562.1140470633056, 694.2736496329308], [1311.4165575514994, 691.944841325283, 1315.0264038633336, 624.2807212471962, 1472.7276310257846, 632.6888224482536, 1469.1177847139502, 700.3529425263405], [307.93721973094165, 679.224609375, 307.93721973094165, 625.564453125, 446.36771300448424, 625.564453125, 446.36771300448424, 679.224609375], [254.53175497696537, 636.9156698584557, 285.12987966494705, 628.5733303427696, 291.32339135413747, 651.2756776213646, 260.72526666615573, 659.6180171370506], [56.01274242315591, 672.8211622238159, 61.48115953522412, 618.1543264389038, 142.73809304686404, 626.277489066124, 137.26967593479583, 680.9443248510361], [1028.3408071748877, 689.109375, 1028.3408071748877, 617.091796875, 1159.708520179372, 