{"predictions": [{"rec_texts": ["c", "youl", "as", "may", "vel", "ishie", "sky", "as", "re", "youl", "here", "slougs", "callng", "for", "said", "he", "vsaw", "no", "c", "reasoy", "see", "s", "come", "raulling", "caaf", "said", "20", "us", "sespicioesly", "eyeling", "cai", "ie", "close", "ve", "syner", "wearring", "shit", "cluck", "blere", "hs", "st", "le", "dowd", "was", "s", "ew", "sa", "nick", "af", "l", "ready", "tilk", "his", "m", "shot", "cawe", "rounel", "neorest", "piu", "mrem", "h", "as", "a", "werc", "rifks", "ermed", "e", "shad", "all", "trey", "he", "ui", "r", "ing", "annit", "mea", "saw", "se", "owardlst", "i", "down", "veral", "ton"], "rec_scores": [0.9975237250328064, 0.7803407162427902, 0.9996939897537231, 0.9623089830080668, 0.9833246270815531, 0.7396434247493744, 0.9914374550183614, 0.7269681096076965, 0.849001407623291, 0.8256837576627731, 0.9997280836105347, 0.7025110820929209, 0.8481897612412771, 0.9073352217674255, 0.9982784241437912, 0.7271525859832764, 0.7947640866041183, 0.7375850081443787, 0.9756717085838318, 0.8934921522935232, 0.935467541217804, 0.12503010034561157, 0.9985037446022034, 0.8070605844259262, 0.827858567237854, 0.842000886797905, 0.7315276861190796, 0.9794436991214752, 0.8978363126516342, 0.9692407931600299, 0.8277023633321127, 0.4356393963098526, 0.9891252636909484, 0.9981143772602081, 0.45952958762645724, 0.9441346824169159, 0.9712708294391632, 0.9998072981834412, 0.9511972308158875, 0.6968123614788055, 0.7593097388744354, 0.5581944808363914, 0.9237937778234482, 0.8112779955069224, 0.9935064315795898, 0.7366153299808502, 0.9996187388896942, 0.9946870803833008, 0.9591474533081055, 0.8759964108467102, 0.8501410961151123, 0.43106665275990963, 0.8541518648465475, 0.8688023090362549, 0.9430755078792572, 0.8975423574447632, 0.8719541927178701, 0.8639769000666482, 0.6469506820042928, 0.644695594906807, 0.7293118238449097, 0.9666101336479187, 0.99986732006073, 0.9260088205337524, 0.8799216032028199, 0.8668508470058441, 0.1683058887720108, 0.9915318489074707, 0.9593760967254639, 0.9878130555152893, 0.6305902898311615, 0.4752742648124695, 0.8599824905395508, 0.9930366476376852, 0.7920714259147644, 0.8044940829277039, 0.9999529123306274, 0.9982107281684875, 0.8703244253993034, 0.520340621471405, 0.8454718738794327, 0.8173181593418122, 0.9320644736289978], "det_polygons": [[1049.4064516129033, 1514.72265625, 1061.9741935483871, 1514.72265625, 1061.9741935483871, 1530.435546875, 1049.4064516129033, 1530.435546875], [57.53055096287881, 1504.1883829832077, 185.03388831846178, 1501.7359291315079, 186.03047337685862, 1553.5692874193192, 58.52714201404203, 1556.021741271019], [460.9415342269405, 1537.3505038619041, 463.2949175434728, 1499.6884773373604, 544.7651857437626, 1504.7813566327095, 542.4118024272303, 1542.4433831572533], [236.55423997448338, 1555.1854594945908, 237.6609840639176, 1495.409726023674, 409.1286037322014, 1498.5856786966324, 408.02185964276714, 1558.3614121675491], [585.7672616281817, 1494.9347141385078, 731.1895516672442, 1487.6621316075325, 734.037697773595, 1544.6361293196678, 588.6154077345325, 1551.9087118506432], [1136.4278432538433, 1548.6078923344612, 1138.0904763498615, 1481.2580545544624, 1315.6566227082285, 1485.6433550715446, 1313.9939896122103, 1552.9931928515434], [813.284937310988, 1548.247869193554, 819.6846364667339, 1477.8360125422478, 970.6778021043348, 1491.5654192566872, 964.2781029485888, 1561.9772759079933], [1292.5229145665323, 1334.3877938389778, 1382.1691378685737, 1332.146136701107, 1383.0944209929437, 1369.1661826968193, 1293.4481976909024, 1371.40783983469], [1583.5354838709677, 1332.453125, 1643.2322580645161, 1332.453125, 1643.2322580645161, 1370.1640625, 1583.5354838709677, 1370.1640625], [1438.5132229712701, 1336.214666724205, 1565.7318859469506, 1321.8097131252289, 1571.4304793819306, 1372.1573286056519, 1444.2118164062501, 1386.562282204628], [1693.1896842710435, 1368.2688101530075, 1693.9951120684225, 1316.6989957094193, 1841.5072954731604, 1319.0043330192566, 1840.7018676757814, 1370.5741474628448], [1090.3100064185357, 1382.810234963894, 1100.7257219868322, 1302.9403383135796, 1236.7925846222909, 1320.6917616724968, 1226.3768690539946, 1400.5616583228111], [201.9710880402596, 1367.6000724434853, 213.00818156580772, 1286.0785192847252, 435.7002420733052, 1316.2408629059792, 424.6631485477571, 1397.7624160647392], [42.79512356173608, 1308.663689672947, 167.59231340962071, 1300.8622931838036, 171.62670364379883, 1365.4257398247719, 46.82951379591419, 1373.2271363139153], [670.3370365265878, 1357.2176150083542, 671.6752931656376, 1299.6591790914536, 838.4365297379032, 1303.5381071567535, 837.0982730988534, 1361.0965430736542], [530.278799733808, 1360.6271895170212, 539.7772864557082, 1298.8746854066849, 617.5719273721019, 1310.8455986976624, 608.0734406502016, 1372.5981028079987], [915.1245703912551, 1364.3776063919067, 917.5166909494708, 1292.5970096588135, 1070.6206527217741, 1297.7015892267227, 1068.2285321635586, 1369.482185959816], [1461.6255489226312, 1158.608844935894, 1546.7136261970768, 1154.5561390519142, 1548.128302592616, 1184.2685016989708, 1463.0402253181705, 1188.3212075829506], [64.16793521758049, 1167.1051608920097, 73.23121526164394, 1161.0616824030876, 79.51508622938587, 1170.4894167780876, 70.45180618532243, 1176.5328952670097], [1591.3903225806453, 1187.89453125, 1591.3903225806453, 1151.7548828125, 1792.4741935483871, 1151.7548828125, 1792.4741935483871, 1187.89453125], [1285.9924292779738, 1150.080688893795, 1408.7729933215726, 1147.847854912281, 1409.6369105185233, 1195.370717704296, 1286.8563464749245, 1197.60355168581], [1168.8, 1162.75390625, 1168.8, 1151.7548828125, 1197.0774193548389, 1151.7548828125, 1197.0774193548389, 1162.75390625], [77.98918409039898, 1182.7827588915825, 79.18543613803003, 1143.2987505793571, 212.7378598613124, 1147.3466612696648, 211.54160781368134, 1186.83066958189], [399.815221577306, 1187.0194084048271, 409.03967107957413, 1118.8866114020348, 600.7496089812248, 1144.8525851368904, 591.5251594789567, 1212.9853821396828], [1091.8225806451615, 1192.6083984375, 1091.8225806451615, 1134.470703125, 1250.4903225806452, 1134.470703125, 1250.4903225806452, 1192.6083984375], [812.7977493778352, 1186.9178462028503, 815.0799865722656, 1122.2427674531937, 1000.057411046182, 1128.7726703882217, 997.7751738517516, 1193.4477491378784], [284.8793085405904, 1157.4430374503136, 288.64962153280936, 1131.0453044772148, 342.3138853503812, 1138.7132027745247, 338.5435723581622, 1165.1109357476234], [1005.8792157573085, 979.6063750386238, 1099.444037062122, 975.3526546359062, 1101.0863426946826, 1011.4890423417091, 1007.521521389869, 1015.7427627444267], [1160.6597138435611, 1021.0162290334702, 1161.2058705975933, 964.4854990243912, 1530.333621904927, 968.0527395009995, 1529.7874651508948, 1024.5834695100784], [720.0528343939012, 970.0757358074188, 928.12762687437, 964.3477810621262, 929.6842119770665, 1020.9145709276199, 721.6094194965979, 1026.6425256729126], [43.45916402263026, 969.9619938135147, 116.26449735087733, 963.3419412374496, 119.63822105161606, 1000.4603846073151, 46.83288173060264, 1007.0804371833801], [114.23652124712545, 997.5709927082062, 114.95035560361801, 967.5837695598602, 201.52891776792467, 969.6455110311508, 200.81509539696478, 999.6327341794968], [466.0295846262286, 1005.0159144997597, 469.7928501252205, 953.0716913342476, 623.1699861588016, 964.1882929205894, 619.4067206598097, 1016.1325160861015], [1717.067741935484, 1011.91015625, 1717.067741935484, 955.34375, 1792.4741935483871, 955.34375, 1792.4741935483871, 1011.91015625], [1571.2296977381552, 995.9068686962128, 1583.7529493762602, 931.8852789402008, 1711.901497920867, 956.9629909992218, 1699.3782462827621, 1020.9845807552338], [517.7498429821384, 831.267250597477, 518.7467516499181, 786.7306905686855, 763.7652707007624, 792.2173032164574, 762.7683620329826, 836.7538152933121], [1433.6163178474674, 836.7151660323143, 1435.7825350853705, 773.884174913168, 