{"predictions": [{"rec_texts": ["paur", "m", "rox", "ar", "ae", "ivicu", "oves", "woe", "painy", "we", "mrur", "sco", "calloa", "tug", "wele", "ca", "thr", "sup", "drod", "plesed", "coale", "lil", "shed", "c", "was", "undr", "hulbows", "ha", "sa", "uao", "ovened", "lock", "cnjo", "wey", "la", "dull", "mlss", "se", "asia", "clles", "sats", "mau", "nah", "and", "tived", "we", "i", "i", "comp", "i", "ywed", "e", "r", "snery", "h", "ve", "wo", "beeod", "joia", "w", "y", "node", "hoa", "saud", "sngh", "wws", "an"], "rec_scores": [0.7093297243118286, 0.6564058661460876, 0.7621870239575704, 0.9997380971908569, 0.6683004945516586, 0.6141409993171691, 0.9818286001682281, 0.5508818030357361, 0.7453573942184448, 0.7074802219867706, 0.6650199741125107, 0.5552658140659332, 0.7762527813514074, 0.8202642202377319, 0.859305664896965, 0.8781326413154602, 0.5789673328399658, 0.718782772620519, 0.7403010427951813, 0.6836831867694855, 0.7301695227622986, 0.3075217405954997, 0.9255199581384659, 0.9524008631706238, 0.870672325293223, 0.496898390352726, 0.8209485837391445, 0.7554714381694794, 0.6606105118989944, 0.6696635087331136, 0.7248260031143824, 0.4581882581114769, 0.5695438832044601, 0.7535923520723978, 0.813672661781311, 0.8786073178052902, 0.45596082508563995, 0.2946068346500397, 0.6748888269066811, 0.8376764178276062, 0.25911703519523144, 0.5759632289409637, 0.798943281173706, 0.8146036465962728, 0.7616254210472106, 0.998504102230072, 0.5182586908340454, 0.2350250482559204, 0.8912467211484909, 0.2778799533843994, 0.8530220836400986, 0.10422145575284958, 0.8961971402168274, 0.6923117607831955, 0.9842772483825684, 0.27305880934000015, 0.9723087549209595, 0.4513216197490692, 0.8116612285375595, 0.8071188926696777, 0.24255192279815674, 0.6604564338922501, 0.6701266864935557, 0.5341037958860397, 0.3905426971614361, 0.7456068197886149, 0.8693807721138], "det_polygons": [[245.19287886019953, 1519.152231514454, 402.73982476331514, 1515.651024878025, 403.87473877318604, 1566.7243972420692, 246.3277928700704, 1570.225603878498], [60.86444295095112, 1516.2065029144287, 150.14292254419382, 1511.6278529167175, 152.21152802427372, 1551.967665553093, 62.93304237776888, 1556.5463155508041], [949.3178937535085, 1379.8397928476334, 951.3333879116766, 1335.4978263378143, 1015.3234388157279, 1338.406652212143, 1013.3079446575598, 1382.748618721962], [1661.4071856287426, 1375.8544921875, 1661.4071856287426, 1334.5947265625, 1716.9461077844312, 1334.5947265625, 1716.9461077844312, 1375.8544921875], [851.4835216042524, 1386.28401607275, 853.1119943949991, 1327.6574984192848, 957.8498940839025, 1330.5670991539955, 956.2214212931558, 1389.1936168074608], [621.3039676871842, 1322.0354989171028, 810.115673499193, 1316.5624663233757, 811.9066642715545, 1378.354288637638, 623.0949584595458, 1383.8273212313652], [73.44598484610368, 1365.574225783348, 75.4214306220323, 1317.172959446907, 190.00019119171324, 1321.8498229980469, 188.02474541578465, 1370.251089334488], [1065.0964593030735, 1318.5098841786385, 1252.8409507888518, 1308.7309524416924, 1255.8005601346135, 1365.556888282299, 1068.0560686488352, 1375.3358200192451], [320.5389221556886, 1393.310546875, 320.5389221556886, 1304.443359375, 509.3712574850299, 1304.443359375, 509.3712574850299, 1393.310546875], [1249.9820677249018, 1154.10465747118, 1406.771435766163, 1150.084100663662, 1408.2352598270256, 1207.175426185131, 1251.4458917857644, 1211.195982992649], [290.34471797372055, 1193.9329653978348, 292.7582262233346, 1148.4759747982025, 509.136148783975, 1159.965604543686, 506.72264053436095, 1205.4225951433182], [1515.7282170278584, 1155.1472321152687, 1573.3384202054874, 1151.3062492012978, 1576.6033076668928, 1200.2828493714333, 1518.9931044892637, 1204.1238322854042], [1569.8591019864568, 1198.9541575312614, 1572.1595352995182, 1137.417457997799, 1779.684634636976, 1145.1757475733757, 1777.3842013239146, 1206.7124471068382], [999.8262160980772, 1233.3622202277184, 1010.4313376420986, 1127.3061111569405, 1182.7827225188296, 1144.5421054959297, 1172.1776009748082, 1250.5982145667076], [738.332991914121, 1143.7474861741066, 907.5547434184365, 1133.9369788765907, 911.3828263882391, 1199.9744549393654, 742.1610264578266, 1209.7849622368813], [601.3698491079365, 1196.4260786771774, 609.0489690175314, 1136.9094401597977, 704.4111889136765, 1149.2149978876114, 696.7320690040816, 1208.7316364049911], [67.52899375504362, 1188.142143189907, 74.9944092984685, 1127.586029469967, 225.84120516291634, 1146.184615790844, 218.37578961949148, 1206.7407295107841], [755.7689050000585, 1051.7823100090027, 767.1695704660016, 960.571363568306, 900.7560099527507, 977.2705733776093, 889.3553444868077, 1068.481519818306], [566.2113404416752, 960.1819962263107, 732.8421504768783, 958.1743329763412, 733.6086387405852, 1021.7946320772171, 566.9778287053822, 1023.8022953271866], [1579.68407910741, 1035.103440284729, 1582.7787004116767, 956.1903029680252, 1791.3278179968188, 964.369148015976, 1788.2331966925524, 1043.2822853326797], [951.8129999766093, 965.0690406560898, 1139.1146832311938, 951.8470168113708, 1143.9466391923186, 1020.303413271904, 956.6449559377339, 1033.525437116623], [75.30778667883959, 957.4862569570541, 218.5960072957113, 954.6766132116318, 219.87058216940142, 1019.683912396431, 76.5823615525297, 1022.4935561418533], [1172.2728066815587, 1020.2869474887848, 1175.9014709838136, 947.7082937955856, 1323.1875080405596, 955.0729542970657, 1319.5588437383046, 1027.651607990265], [812.4550898203593, 807.7392578125, 829.9101796407185, 807.7392578125, 829.9101796407185, 822.021484375, 812.4550898203593, 822.021484375], [1499.183053570593, 843.8892066478729, 1500.451042495088, 784.927561879158, 1688.9232813669535, 788.9808565378189, 1687.6552924424589, 847.9425013065338], [888.0907453891045, 843.9449965953827, 888.8241102024466, 783.0774858593941, 1070.040182696131, 785.260945558548, 1069.3068178827891, 846.1284562945366], [1218.8391478761228, 838.2614925503731, 1221.3439393186284, 776.4734476804733, 1445.0403526443206, 785.5427041649818, 1442.5355612018152, 847.3307490348816], [395.8167088674214, 787.6572981476784, 479.51961951341457, 783.2516357302666, 481.4834430260573, 820.5660060048103, 397.7805323800641, 824.9716684222221], [1150.491716761789, 844.6365594863892, 1152.911278273531, 776.88242867589, 1246.92415340218, 780.2402377128601, 1244.504591890438, 847.9944169521332], [555.0407473626965, 778.043121099472, 712.1963135496585, 775.6974250078201, 713.1416878157747, 839.0414863824844, 555.9861216288127, 841.3871824741364], [43.37588464428565, 783.6345136165619, 270.7235288334464, 771.8744575977325, 274.28575253058335, 840.7483100891113, 46.93810834142262, 852.5083661079407], [1291.0878822189604, 656.7297205328941, 1292.051367845364, 618.1918457150459, 1384.4262786682493, 620.5013170838356, 1383.462793041846, 659.0391919016838], [1130.7467505175196, 672.0360703766346, 1132.643503885783, 615.1290647685528, 1297.648843548255, 620.629508048296, 1295.7520901799915, 677.5365136563778], [1420.4466750093563, 609.4249784946442, 1663.7202097270304, 600.4143208265305, 1666.4092140426178, 673.0189323425293, 1423.1356793249438, 682.029590010643], [389.116813065763, 660.6613621115685, 398.4851320917735, 588.0531668663025, 512.0739663860755, 602.7106195688248, 502.70564736006503, 675.3188148140907], [866.672948049214, 601.9223928451538, 1069.2418300605818, 596.2425693869591, 1070.8854117936003, 654.8678278923035, 868.3165297822324, 660.5476513504982], [44.431137724550894, 660.15625, 44.431137724550894, 590.33203125, 222.1556886227545, 590.33203125, 222.1556886227545, 660.15625], [582.5295307821856, 653.4256190061569, 588.986279150683, 575.940452516079, 746.8371472387256, 589.095450937748, 740.3803988702283, 666.5806174278259], [1439.8817142326675, 488.1814122200012, 1441.34960608568, 418.45492273569107, 1641.4013964258982, 422.6667732000351, 1639.9335045728853, 492.39326268434525], [1248.0237163612228, 417.98579320311546, 1418.1281303360076, 415.2420125901699,