{"predictions": [{"rec_texts": ["ol", "daw", "coads", "hc", "decunniir", "aua", "ill", "s", "", "s", "as", "rolis", "spawie", "wur", "mot", "res", "glud", "hr", "he", "salc", "ca", "w", "h", "ww", "che", "syes", "i", "sup", "an", "frany", "as", "soud", "h", "hold", "por", "m", "in", "lac", "sgud", "wold", "miud", "t", "he", "s", "reached", "had", "lmca", "sler", "aull", "w", "hully", "loy", "jos", "rodl", "jahf", "do", "iwr", "hho", "k"], "rec_scores": [0.6213716566562653, 0.723149299621582, 0.8169249892234802, 0.38376882672309875, 0.7490585645039877, 0.7973773876825968, 0.6192496766646703, 0.1719982773065567, NaN, 0.16637907922267914, 0.9743353724479675, 0.6652809917926789, 0.6930606265862783, 0.3720650225877762, 0.6922267377376556, 0.4432256619135539, 0.6130167841911316, 0.82216477394104, 0.7395007312297821, 0.7735328748822212, 0.5495673716068268, 0.40525826811790466, 0.4954100549221039, 0.9666108191013336, 0.5393737653891245, 0.49080158956348896, 0.6784297227859497, 0.7384588370720545, 0.8043996393680573, 0.5969077825546265, 0.7298677861690521, 0.6316756457090378, 0.6336337924003601, 0.989090234041214, 0.8375002940495809, 0.1302376091480255, 0.6707669198513031, 0.7364616592725118, 0.6554273888468742, 0.8906874358654022, 0.8594866916537285, 0.46778082847595215, 0.625956118106842, 0.2579931616783142, 0.7091923654079437, 0.8633982539176941, 0.8325881287455559, 0.4191793017089367, 0.7450689747929573, 0.6136381030082703, 0.5995993435382843, 0.43753210703531903, 0.9344624678293864, 0.9449068754911423, 0.5661790743470192, 0.9989595711231232, 0.6539090573787689, 0.5388524432977041, 0.6605996489524841], "det_polygons": [[632.5581395348837, 1188.14453125, 632.5581395348837, 1152.177734375, 706.9767441860465, 1152.177734375, 706.9767441860465, 1188.14453125], [1271.9114886143411, 1193.7482953071594, 1276.4545482073643, 1136.9616997241974, 1393.3374212693798, 1146.311752796173, 1388.7943616763566, 1203.0983483791351], [979.3868095930233, 1199.3611431121826, 982.3261870155038, 1130.5849087238312, 1181.6837754360465, 1139.1039502620697, 1178.7443980135658, 1207.8801846504211], [475.6014943677325, 1196.0057580471039, 478.3522211119186, 1131.3667166233063, 586.5910019985465, 1135.9723281860352, 583.8402752543604, 1200.6113696098328], [76.67136022286822, 1136.2015414237976, 323.61006389292635, 1134.8220229148865, 323.8867944525194, 1184.3535804748535, 76.94809078246124, 1185.7330989837646], [751.9007388565891, 1194.483397603035, 754.8526828972869, 1122.1640473604202, 936.3696099806201, 1129.5724493265152, 933.4176659399225, 1201.89179956913], [345.05113705184107, 1106.4633947610855, 454.60699037063955, 1101.8017667531967, 457.9765095082364, 1180.9805577993393, 348.420656189438, 1185.642185807228], [963.7209302325581, 1000.869140625, 963.7209302325581, 994.66796875, 969.922480620155, 994.66796875, 969.922480620155, 1000.869140625], [942.6356589147287, 998.388671875, 942.6356589147287, 989.70703125, 948.8372093023256, 989.70703125, 948.8372093023256, 998.388671875], [942.6356589147287, 990.947265625, 942.6356589147287, 984.74609375, 948.8372093023256, 984.74609375, 948.8372093023256, 990.947265625], [337.6799070373062, 1013.2370418310165, 344.53817678052326, 970.1305705308914, 426.3573840237403, 983.146521449089, 419.49911428052326, 1026.2529927492142], [185.75180171996124, 1011.9438946247101, 186.5925539001938, 973.272260427475, 268.44132297722865, 975.051463842392, 267.6005707969961, 1013.7230980396271], [1152.3761506782946, 1043.424455523491, 1157.0907521802326, 959.9146848917007, 1371.21214874031, 972.0013684034348, 1366.4975472383721, 1055.511139035225], [41.8020511597626, 1018.0429500341415, 42.3866449400436, 967.1857708692551, 185.03198431443798, 968.8252359628677, 184.44737160852713, 1019.6824151277542], [856.9824975775193, 965.5731785297394, 999.761234253876, 955.126565694809, 1004.2373728197674, 1016.296523809433, 861.4586361434108, 1026.7431366443634], [1600.968992248062, 1010.6330341100693, 1611.6548570736434, 934.1919332742691, 1772.9705668604652, 956.740066409111, 1762.2847020348836, 1033.1811672449112], [480.8856059229651, 947.8159654140472, 644.6785671027131, 938.4032344818115, 648.8605256782946, 1011.1657202243805, 485.0676023498062, 1020.5784511566162], [1453.6434108527133, 845.83984375, 1453.6434108527133, 793.75, 1604.9612403100775, 793.75, 1604.9612403100775, 845.83984375], [1302.124515503876, 851.8297427892685, 1309.6196705426357, 778.7567442655563, 1407.0878754844962, 788.7528032064438, 1399.5927204457364, 861.825801730156], [827.1849261143411, 783.1513857841492, 944.3722747093024, 779.3713355064392, 946.3746063468992, 841.4384651184082, 829.187257751938, 845.2185153961182], [929.0746881056201, 788.7836122512817, 975.3393743943799, 785.6995284557343, 978.4895076308139, 832.9490971565247, 932.2248213420543, 836.0331809520721], [236.89922480620154, 828.4765625, 236.89922480620154, 783.828125, 343.5658914728682, 783.828125, 343.5658914728682, 828.4765625], [1679.7972686531007, 789.4969135522842, 1734.346687257752, 777.8084009885788, 1742.6597323158915, 816.6005462408066, 1688.1103137112402, 828.289058804512], [45.89146340540213, 829.7167211771011, 45.89146340540213, 781.3475805521011, 177.36430323401163, 781.3475805521011, 177.36430323401163, 829.7167211771011], [1116.991203367248, 844.3890935182571, 1125.6924509447674, 758.4694045782089, 1278.4114583333333, 773.9337283372879, 1269.7102864583333, 859.8534172773361], [500.3638641593992, 848.4796565771103, 507.77029584544573, 755.1639801263809, 639.7896984011628, 765.641023516655, 632.383304566376, 858.9566999673843], [1164.6511627906978, 638.720703125, 1164.6511627906978, 632.51953125, 1172.093023255814, 632.51953125, 1172.093023255814, 638.720703125], [500.1187394016473, 620.4575631022453, 630.6944192102713, 606.5673014521599, 639.8967417635658, 693.0645275115967, 509.3210998062015, 706.9547891616821], [847.1317829457364, 649.8828125, 847.1317829457364, 621.357421875, 901.7054263565891, 621.357421875, 901.7054263565891, 649.8828125], [1500.3550448158915, 681.8217998743057, 1505.8047177810076, 597.3573273420334, 1714.1895288275193, 610.8006685972214, 1708.7398558624031, 695.2651411294937], [700.9804990310078, 652.3803889751434, 704.804081879845, 606.5003088116646, 790.103258236434, 613.6081522703171, 786.2796753875969, 659.4882702827454], [1260.4249939437984, 675.2183693647385, 1262.5767623546512, 597.0404559373856, 1446.6631843507753, 602.1067649126053, 1444.5114159399225, 680.2846783399582], [1128.6951156734497, 641.949445605278, 1144.05152313469, 593.0909937620163, 1235.1304354408915, 621.7140346765518, 1219.7740279796512, 670.5724865198135], [336.1677492126938, 650.5280613899231, 343.07810228924416, 592.1075266599655, 501.8307518774225, 610.8835577964783, 494.9203988008721, 669.3040925264359], [42.88943268531977, 694.7529691457748, 45.15536049539729, 585.9953755140305, 162.52043968023256, 588.440266251564, 160.25451187015503, 697.1978598833084], [1618.413578003876, 461.6532877087593, 1622.8025072674418, 455.0705227255821, 1634.2514534883721, 462.70276337862015, 1629.862524224806, 469.28552836179733], [1214.8881116763566, 469.659286737442, 1216.6622759205427, 438.6130803823471, 1276.4272953003876, 442.0280396938324, 1274.6531310562016, 473.0742460489273], [1708.7634750484497, 435.02159357070923, 1882.5958393895348, 419.9792855978012, 1889.535035125969, 500.1609981060028, 1715.7026707848836, 515.2033060789108], [1330.9209968507753, 420.02038955688477, 1533.9554566375969, 403.10183346271515, 1543.7925448158915, 521.137945652008, 1340.7580850290697, 538.0565017461777], [775.0510992005813, 416.81246399879456, 992.0784126695736, 415.3362035751343, 992.5509477955426, 484.79455173015594, 775.5236343265503, 486.2708121538162], [239.86941315406978, 481.185200214386, 243.22689559108528, 410.1231163740158, 452.7232467296512, 420.02001106739044, 449.3657642926357, 491.0820949077606], [568.5638096535853, 472.1399825811386, 569.8395485101744, 412.822881937027, 721.2207788275193, 416.0781943798065, 