{"predictions": [{"rec_texts": ["night", "v", "came", "you", "sened", "happe", "zsomep", "thaf", "lask", "man", "aving", "say", "nere", "shorty", "caled", "when", "pyoes", "said", "hh", "we", "ano", "a", "rolledl", "cigarele", "a", "piarished", "nol", "w", "us", "s", "h", "ate", "beans", "watched", "thea", "whee", "par", "al", "ines", "inked", "uisk", "dusf", "af", "they", "he", "ks", "l", "sa", "apart", "now", "as", "of", "acks", "from", "syolel", "fen", "ne", "of", "l", "buk", "hhem", "handing", "yo1", "said", "hol", "i", "wino", "gies", "soelbuser", "h", "sthts"], "rec_scores": [0.9779727697372437, 0.36008021235466003, 0.9984889477491379, 0.9470805128415426, 0.9297434091567993, 0.9958905100822448, 0.9905671179294586, 0.882406696677208, 0.8984766155481339, 0.9709515968958536, 0.8664505422115326, 0.8686393102010092, 0.9105833172798157, 0.9030775725841522, 0.8952254176139831, 0.9893797934055328, 0.491268926858902, 0.6550405025482178, 0.5570449531078339, 0.9997628033161163, 0.710747241973877, 0.9974493384361267, 0.9740246534347534, 0.855358436703682, 0.7726759910583496, 0.927799661954244, 0.9460667769114176, 0.539962649345398, 0.5127001106739044, 0.8108626008033752, 0.7699041962623596, 0.9841853578885397, 0.9459418654441833, 0.9911915915352958, 0.8151387199759483, 0.8483645245432854, 0.9835570454597473, 0.9825027287006378, 0.8122311383485794, 0.839806056022644, 0.7438986450433731, 0.9007904082536697, 0.9282731413841248, 0.6848698034882545, 0.9987352788448334, 0.7424701750278473, 0.33769187331199646, 0.999776154756546, 0.8737652778625489, 0.9813662568728129, 0.9272899031639099, 0.9970770180225372, 0.9985150545835495, 0.9481062144041061, 0.569456954797109, 0.9730403423309326, 0.7984452843666077, 0.8289932012557983, 0.7297673225402832, 0.7730738917986552, 0.8012733235955238, 0.9960098607199532, 0.7589196761449178, 0.9986160546541214, 0.6011811395486196, 0.12434332817792892, 0.896184042096138, 0.9245129376649857, 0.8422998918427361, 0.28391245007514954, 0.3962899327278137], "det_polygons": [[64.56964810689291, 1539.7357699275017, 260.8761352746665, 1531.3792964816093, 263.8314642873751, 1600.8536782860756, 67.52497095640014, 1609.210151731968], [1114.795918367347, 1399.638671875, 1114.795918367347, 1377.01171875, 1155.187074829932, 1377.01171875, 1155.187074829932, 1399.638671875], [257.3335764359455, 1374.033309519291, 425.98405954789143, 1365.8034971356392, 427.7617733494765, 1402.25879997015, 259.11129023753057, 1410.4886123538017], [82.28481513302343, 1370.352049767971, 205.60203085140307, 1362.6421001553535, 209.00934439938086, 1417.178170979023, 85.69211635459848, 1424.8881205916405], [1378.9697608169245, 1364.8170402646065, 1558.374931698754, 1358.7674948573112, 1559.8870361743332, 1403.6435881257057, 1380.481865292504, 1409.693133533001], [1231.304386683873, 1413.4454181790352, 1238.781483968099, 1349.8670890927315, 1397.5780928216013, 1368.5555145144463, 1390.1009955373752, 1432.13384360075], [864.2601065084237, 1400.4301062226295, 868.252874880421, 1350.0038120150566, 1087.8825492599385, 1367.4062922596931, 1083.8897808879412, 1417.832586467266], [643.2729007435494, 1410.7816886901855, 645.6300047790113, 1347.118524312973, 791.0182485775073, 1352.5051707029343, 788.6611445420453, 1416.1683350801468], [1601.557476017751, 1350.080558359623, 1743.612068850978, 1340.912625491619, 1747.1849506404126, 1396.3110569119453, 1605.1303578071854, 1405.4789897799492], [204.45380178438563, 1227.9024493694305, 205.95683402755634, 1192.3183852434158, 341.429226414687, 1198.0445700883865, 339.9261941715163, 1233.6286342144012], [1522.5484886947945, 1242.8033736348152, 1526.8045490290845, 1174.683594405651, 1665.8129426086841, 1183.3746740221977, 1661.5568822743942, 1251.4944532513618], [1450.8503401360545, 1233.1689453125, 1450.8503401360545, 1186.298828125, 1534.8639455782313, 1186.298828125, 1534.8639455782313, 1233.1689453125], [1277.471991298961, 1226.0712894797325, 1278.6519731794085, 1185.9384754300117, 1410.877985532592, 1189.8288640379906, 1409.6980036521445, 1229.9616780877113], [634.9489795918367, 1239.6337890625, 634.9489795918367, 1176.6015625, 848.2142857142858, 1176.6015625, 848.2142857142858, 1239.6337890625], [392.60204081632656, 1229.9365234375, 392.60204081632656, 1181.4501953125, 597.7891156462586, 1181.4501953125, 597.7891156462586, 1229.9365234375], [1698.8946408641582, 1185.4434713721275, 1853.7880203350874, 1176.8352541327477, 1856.1491674306442, 1219.3541100621223, 1701.2557879597152, 1227.9623273015022], [1122.0873307208626, 1230.0579562783241, 1126.918886145767, 1164.8097530007362, 1243.2057750468352, 1173.4266510605812, 1238.374219621931, 1238.674854338169], [887.3752671845106, 1228.862863779068, 891.4045217085859, 1163.5653376579285, 1061.9135798240195, 1174.094186425209, 1057.8843252999443, 1239.3917125463486], [70.27649522638646, 1229.993935227394, 75.0332293867254, 1163.3765298128128, 167.9205875007474, 1170.0136089324951, 163.16385334040845, 1236.6310143470764], [213.26528146964353, 1047.304588854313, 213.26528146964353, 1016.5965810418129, 294.0475943948136, 1016.5965810418129, 294.0475943948136, 1047.304588854313], [819.5282812832165, 1008.1697732210159, 918.314044978343, 1002.5228995084763, 920.6960976529284, 1044.2235881090164, 821.910333957802, 1049.870461821556], [389.37074829931976, 1040.83984375, 389.37074829931976, 1005.283203125, 436.22448979591843, 1005.283203125, 436.22448979591843, 1040.83984375], [1230.7982152822067, 1042.18566685915, 1231.763421921503, 994.8734197020531, 1428.5924068113575, 998.8916531205177, 1427.627200172061, 1046.2039002776146], [1546.993618919736, 1005.5586218833923, 1824.0725147480869, 986.6064178943634, 1828.28676392432, 1048.2591831684113, 1551.2077694847471, 1067.2113871574402], [1093.7925170068029, 1044.072265625, 1093.7925170068029, 995.5859375, 1177.8061224489797, 995.5859375, 1177.8061224489797, 1044.072265625], [494.38775510204084, 1055.3857421875, 494.38775510204084, 989.12109375, 788.4353741496599, 989.12109375, 788.4353741496599, 1055.3857421875], [899.9149659863946, 1044.072265625, 899.9149659863946, 993.9697265625, 977.465986394558, 993.9697265625, 977.465986394558, 1044.072265625], [727.0408163265307, 848.5107421875, 764.2006802721089, 848.5107421875, 764.2006802721089, 864.6728515625, 727.0408163265307, 864.6728515625], [392.29124289791605, 843.5055586695671, 483.5829235258557, 836.7408320307732, 486.6114713707749, 877.6399257779121, 395.3197660900298, 884.4046524167061], [1400.7653061224491, 867.9052734375, 1400.7653061224491, 840.4296875, 1452.4659863945578, 840.4296875, 1452.4659863945578, 867.9052734375], [1061.3681611560642, 878.9401745796204, 1066.5158641581634, 817.1451622247696, 1168.2682478508982, 825.6275075674057, 1163.120544848799, 887.4225199222565], [886.3938883048337, 883.2451710104942, 887.8913983195818, 820.3255978226662, 1007.189282268083, 823.1669881939888, 1005.691772253335, 886.0865613818169], [1250.1747287049586, 867.4127355217934, 1253.9817135350236, 821.0771299898624, 1407.097724343644, 833.6664405465126, 1403.290739513579, 880.0019967556], [65.05474752309371, 834.7616049647331, 348.29380009450074, 820.4153160750866, 350.7819584437779, 869.5734706521034, 67.54291819877365, 883.9198088645935], [1496.2555813951558, 874.7602608799934, 1500.1442163168979, 808.6293759942055, 1660.6780590654232, 818.075884282589, 1656.7896213661247, 884.2067691683769], [1694.520444286113, 813.8063509762287, 1859.2706070465297, 811.746234446764, 1859.9289355634833, 864.426434636116, 1695.1787728030667, 866.4865511655807], [1044.281597526706, 673.9189736545086, 1171.8438907545442, 664.8042108118534, 1173.6891039374734, 690.6472106277943, 1046.1268107096355, 699.7619734704494], [1616.1955230090084, 664.876863360405, 1665.5048811516795, 657.8302073478699, 1670.0934585259886, 689.9604886770248, 1620.7841003833175, 697.0071446895599], [1179.007996020674, 686.2899813055992, 1181.285520800117, 654.0125206112862, 1337.5665573846727, 665.0480136275291, 1335.2890326052297, 