{"predictions": [{"rec_texts": ["wa", "reach", "octf", "dav", "slage", "said", "pe", "akch", "thel", "mee", "ehngly", "we", "whaf", "af", "he", "sad", "abiote", "ges", "your", "ou", "bant", "wel", "then", "sei", "m", "oaing", "golel", "h", "k", "sacree", "s", "chance", "soal", "nas", "zma", "eyessire", "fale", "aw", "o", "be", "in", "s", "boohi", "xinp", "she", "zedulcateol", "us", "a", "us", "mosf", "sixwshooters", "and", "kew", "saf", "among", "rifles", "got", "snuthe", "fie", "kopers", "called", "eivres", "shev", "en", "ma", "mister", "usaid", "joohin", "m", "zlurned", "k", "treesl"], "rec_scores": [0.9987111389636993, 0.9167404294013977, 0.6668847724795341, 0.7702471315860748, 0.9984821438789367, 0.9789801687002182, 0.4888130947947502, 0.7594334483146667, 0.6601935550570488, 0.999558667341868, 0.627526526649793, 0.74432772397995, 0.9685470908880234, 0.5730751752853394, 0.7274785041809082, 0.7214027047157288, 0.797241692741712, 0.7281544953584671, 0.9474458992481232, 0.9575484693050385, 0.7716570198535919, 0.9997584621111552, 0.9967397004365921, 0.38981430729230243, 0.1228969395160675, 0.7013998329639435, 0.7195596158504486, 0.613654613494873, 0.768451452255249, 0.8873863518238068, 0.5031459331512451, 0.9926640292008718, 0.47438690811395645, 0.5628803372383118, 0.6423062980175018, 0.8819849863648415, 0.7124495580792427, 0.7943437099456787, 0.3335718810558319, 0.941830039024353, 0.6999650597572327, 0.5691072940826416, 0.8749268531799317, 0.7079020589590073, 0.9704210162162781, 0.8885176452723417, 0.9991559684276581, 0.7659483551979065, 0.8035956025123596, 0.9621421992778778, 0.8931652108828226, 0.9970930020014445, 0.8160171508789062, 0.43146296342213947, 0.9151172280311585, 0.8272689481576284, 0.7114462653795878, 0.8489124278227488, 0.9931654135386149, 0.8034444053967794, 0.8375259389479955, 0.5504652659098307, 0.7769858688116074, 0.8335773348808289, 0.9993671774864197, 0.996373305718104, 0.7202382504940033, 0.7501472930113474, 0.6463344693183899, 0.8856471521513802, 0.7110595703125, 0.43584642310937244], "det_polygons": [[736.3313609467455, 1358.201171875, 833.0650887573963, 1358.201171875, 833.0650887573963, 1397.171875, 736.3313609467455, 1397.171875], [1658.5830771542157, 1402.6264061927795, 1659.1629183616863, 1352.1817712783813, 1828.1797568417157, 1354.123928308487, 1827.5999156342452, 1404.5685632228851], [1355.8400517751477, 1404.8790123462677, 1360.4096939718934, 1343.20640873909, 1492.1942059217824, 1352.965294122696, 1487.6245637250368, 1414.6378977298737], [281.75660696537534, 1390.5235594511032, 284.5732429098095, 1349.412660241127, 428.5730175492326, 1359.2726794481277, 425.7563816047984, 1400.383578658104], [1149.7880151511647, 1401.4471576213837, 1154.4015419864088, 1342.1469702720642, 1323.0902150171041, 1355.2633576393127, 1318.47668818186, 1414.5635449886322], [50.902997259557594, 1341.834671139717, 236.24039400540863, 1337.5752457380295, 237.7926588792067, 1405.0789014101028, 52.455273148576175, 1409.3383268117905], [988.8737085105398, 1403.5761655569077, 994.7819203032543, 1337.1293054819107, 1106.2598291882396, 1347.03548681736, 1100.351617395525, 1413.4823468923569], [827.2402401534762, 1402.7122994661331, 831.8988853319156, 1334.4046827554703, 941.5435090375369, 1341.8781903982162, 936.8848638590975, 1410.185807108879], [531.8890445867233, 1397.9834122657776, 533.4872208995931, 1330.0812118053436, 703.5221301197299, 1334.080931186676, 701.9239538068601, 1401.98313164711], [1398.8110438239644, 1225.13178896904, 1399.3660346939716, 1181.8565554618835, 1543.57289547892, 1183.7048025131226, 1543.0179046089124, 1226.980036020279], [1542.3305548492972, 1240.24671459198, 1551.4624370146078, 1166.1989605426788, 1709.1478740985574, 1185.6339213848114, 1700.0159919332468, 1259.6816754341125], [732.4116167598927, 1179.8195194005966, 845.5260349251108, 1175.4702364206314, 847.1339927537906, 1217.2658151388168, 734.0195745885724, 1221.615098118782], [482.3720594778568, 1177.275933265686, 672.1713585486779, 1169.9780883789062, 674.0288772131563, 1218.259269952774, 484.22957814233536, 1225.5571148395538], [1107.4589901534762, 1178.9689557552338, 1201.0749699519229, 1167.5558099746704, 1207.2445508968194, 1218.131002664566, 1113.6285710983727, 1229.5441484451294], [1247.6281998312684, 1219.2807391881943, 1260.63391474436, 1147.77102124691, 1364.944704315366, 1166.7309702634811, 1351.9389894022743, 1238.2406882047653], [865.5737362472262, 1224.9853739738464, 867.1334914709688, 1148.5780656337738, 1058.9594148714866, 1152.4918036460876, 1057.3996596477439, 1228.8991119861603], [62.70531034751756, 1218.808722615242, 65.77163931039662, 1146.4649149179459, 286.9224589872642, 1155.8330079317093, 283.85613002438515, 1228.1768156290054], [169.6508305115107, 1011.1074233055115, 279.8292958637666, 992.3019940853119, 290.4849355122041, 1054.69522023201, 180.3064701599482, 1073.5006494522095], [486.95941414917706, 1006.6315468549728, 654.7492451865292, 999.3384591341019, 656.5771549382858, 1041.367491364479, 488.78732390093376, 1048.66057908535], [58.55946774454511, 1035.6566898822784, 59.6164883043639, 1000.7856066226959, 141.83684797117695, 1003.2764234542847, 140.77982741135816, 1038.1475067138672], [1212.383459689349, 1041.8593294620514, 1213.0628784901996, 992.954959154129, 1348.8729688655694, 994.8407349586487, 1348.1935500647187, 1043.745105266571], [1632.9230769230767, 1044.9921875, 1632.9230769230767, 994.474609375, 1748.4260355029583, 994.474609375, 1748.4260355029583, 1044.9921875], [1453.8934911242602, 1044.9921875, 1453.8934911242602, 991.587890625, 1596.8284023668637, 991.587890625, 1596.8284023668637, 1044.9921875], [1342.793007754715, 1038.4379581212997, 1346.7456213595597, 994.971557021141, 1394.5208357410315, 999.3134399652481, 1390.568222136187, 1042.7798410654068], [1731.8226614506284, 1012.5166015625, 1749.869998728735, 994.474609375, 1763.585975060096, 1008.1865234375, 1745.5386377819893, 1026.228515625], [255.53408145340234, 1045.5435782670975, 273.56520432692304, 967.43179500103, 420.5556994556675, 1001.342635512352, 402.5245765821468, 1079.4544187784195], [677.3249396149223, 992.6296218633652, 868.0341840213572, 975.682658791542, 874.8223797499074, 1052.0265382528305, 684.1131353434725, 1068.9735013246536], [1034.7887605746116, 1045.3100366592407, 1047.448156954974, 971.1838774681091, 1166.4888518745377, 991.5019092559814, 1153.8294554941751, 1065.628068447113], [910.8345723349667, 1039.4919346570969, 915.4986810627772, 981.2067855596542, 992.6230252057136, 987.3748916387558, 987.958916477903, 1045.6600407361984], [268.5443786982248, 858.798828125, 268.5443786982248, 824.158203125, 434.5798816568047, 824.158203125, 434.5798816568047, 858.798828125], [218.0118343195266, 861.685546875, 218.0118343195266, 824.158203125, 271.43195266272187, 824.158203125, 271.43195266272187, 861.685546875], [1537.4064869175295, 821.4252113103867, 1754.0816903198963, 819.7964986562729, 1754.3961087740383, 861.5864392518997, 1537.7209053716715, 863.2151519060135], [990.1786155926404, 820.4172207117081, 1127.2224106647557, 809.187490105629, 1132.541264099482, 874.0577901601791, 995.4974690273667, 885.2875207662582], [157.37278106508873, 819.828125, 210.792899408284, 819.828125, 210.792899408284, 861.685546875, 157.37278106508873, 861.685546875], [58.561571651661886, 813.1469497680664, 172.81478737374027, 810.7167427539825, 173.9789419682068, 865.4167506694794, 59.72572624612842, 867.8469576835632], [515.1558231150609, 867.1963711977005, 516.0655040853827, 806.2657092809677, 767.1639324842824, 810.0124179124832, 766.2541633921967, 870.943079829216], [1229.3823242187498, 867.7806216478348, 1233.845515324519, 801.746049284935, 1382.1710111177883, 811.7649930715561, 1377.707820012019, 877.7995654344559], [1103.8764879576552, 806.7987761497498, 1200.1856451090975, 802.2139253616333, 1203.4357520109097, 870.4470131397247, 1107.1265948594673, 875.0318639278412], [1624.2603550295855, 679.822265625, 1624.2603550295855, 661.05859375, 1654.5798816568044, 