{"predictions": [{"rec_texts": ["nfl", "st", "l", "xe", "ca", "saage", "zx", "f", "t", "tle", "ple", "lex", "i", "le", "op", "tle", "sp", "lees", "k", "vae", "e", "ple", "fale", "ml", "vme", "c", "t", "k", "lide", "le", "hore", "1", "ola", "ovled", "c", "e", "oloern", "ofavellic", "se"], "rec_scores": [0.6693182984987894, 0.39305559545755386, 0.4938908815383911, 0.6076184958219528, 0.6484990417957306, 0.4620667099952698, 0.7628262341022491, 0.11135295033454895, 0.09866907447576523, 0.8185937503973643, 0.848838190237681, 0.859135111172994, 0.07870719581842422, 0.5767336785793304, 0.96625617146492, 0.8579216599464417, 0.5459538251161575, 0.891611248254776, 0.2849999964237213, 0.5782072345415751, 0.20382022857666016, 0.9005093177159628, 0.8050971776247025, 0.7716400623321533, 0.3386669009923935, 0.2206619828939438, 0.18611806631088257, 0.8213829398155212, 0.6417499929666519, 0.5595779716968536, 0.5864777341485023, 0.2103620171546936, 0.9520064194997152, 0.5831953257322311, 0.11930195242166519, 0.2683786451816559, 0.7606443762779236, 0.7430323527918922, 0.25081540644168854], "det_polygons": [[741.9239457831326, 1562.361328125, 741.9239457831326, 1508.3173828125, 881.1370481927711, 1508.3173828125, 881.1370481927711, 1562.361328125], [91.71686746987952, 1511.5927734375, 91.71686746987952, 1503.404296875, 99.9058734939759, 1503.404296875, 99.9058734939759, 1511.5927734375], [48.21985787655934, 1572.9911541938782, 50.2519899104015, 1451.0714153051376, 263.07971563683935, 1454.6182891130447, 261.04760859386033, 1576.5380280017853], [1292.1134914260313, 1378.8225034475327, 1292.6039121237147, 1357.734377503395, 1400.4500825721097, 1360.2422983646393, 1399.9596618744265, 1381.3304243087769], [1154.1723239852722, 1381.7643375992775, 1155.7723390050683, 1339.368180334568, 1296.54647068805, 1344.6800946593285, 1294.9464556682542, 1387.076251924038], [855.6718585002853, 1394.4584754109383, 869.4928054349969, 1294.2627888321877, 1132.0244214620934, 1330.471808373928, 1118.203474527382, 1430.6674949526787], [1277.4596490055683, 1176.2894518375397, 1415.6221355300352, 1167.3762871026993, 1418.0966308317988, 1205.7289842367172, 1279.934144307332, 1214.6421489715576], [417.6393072289157, 1164.4013671875, 417.6393072289157, 1156.212890625, 427.46611445783134, 1156.212890625, 427.46611445783134, 1164.4013671875], [411.08810240963857, 1164.4013671875, 411.08810240963857, 1156.212890625, 420.9149096385542, 1156.212890625, 420.9149096385542, 1164.4013671875], [1069.9340222829796, 1134.7202387452126, 1245.1515611395778, 1128.9757105708122, 1248.0594979711327, 1217.664948284626, 1072.8419591145343, 1223.4094764590263], [275.6008877811662, 1212.4740818738937, 277.579864249172, 1121.4470500946045, 478.93424723521775, 1125.823966741562, 476.9552707672119, 1216.8509985208511], [105.65046072006226, 1187.5464080572128, 106.79936566984797, 1131.2532305717468, 228.04642413035933, 1133.7275658845901, 226.8974941897105, 1190.0207433700562], [1118.6182228915663, 1033.3857421875, 1118.6182228915663, 1018.646484375, 1141.5474397590363, 1018.646484375, 1141.5474397590363, 1033.3857421875], [1832.699548192771, 1036.6611328125, 1832.699548192771, 998.994140625, 1953.8968373493976, 998.994140625, 1953.8968373493976, 1036.6611328125], [1033.0852945166898, 1034.6208107471466, 1039.2204514469008, 995.7675290107727, 1114.8294081170875, 1007.7049924135208, 1108.6942511868765, 1046.5582741498947], [1639.5558633000019, 1036.7866787910461, 1641.9765782643515, 971.4292016029358, 1796.6883142310453, 977.1589361429214, 1794.2675992666957, 1042.5164133310318], [1127.6426234877254, 1024.4718777537346, 1169.0382888518184, 965.3389222025871, 1216.523527811809, 998.5764203667641, 1175.1278624477156, 1057.7093759179115], [453.67093373493975, 856.5146484375, 453.67093373493975, 774.6298828125, 645.2936746987951, 774.6298828125, 645.2936746987951, 856.5146484375], [941.0806322672281, 642.3040215969086, 989.8100163563189, 631.4759808182716, 995.3977734209543, 656.619461774826, 946.6683893318636, 667.447502553463], [1788.6162654463067, 682.7387728393078, 1794.2354110350093, 595.0832903087139, 2008.5786451776344, 608.8223784863949, 2002.959499588932, 696.4778610169888], [1171.0278614457832, 633.7880859375, 1171.0278614457832, 623.9619140625, 1180.8546686746988, 623.9619140625, 1180.8546686746988, 633.7880859375], [1080.5593375700066, 616.4044159948826, 1253.6292616143285, 600.6717856228352, 1260.059710583055, 671.4014512002468, 1086.9897865387331, 687.1340815722942], [222.7440627224474, 660.7747237980366, 230.96070864114418, 566.2891801893711, 440.36879711840527, 584.4974453151226, 432.1521511997085, 678.9829889237881], [1270.5186866852175, 489.1145878136158, 1271.6918577630836, 462.9150612652302, 1407.4306304196277, 468.99254617094994, 1406.2574593417617, 495.19207271933556], [943.3734939759037, 484.7578125, 943.3734939759037, 460.1923828125, 1095.6890060240964, 460.1923828125, 1095.6890060240964, 484.7578125], [1749.171686746988, 466.7431640625, 1749.171686746988, 458.5546875, 1757.3606927710844, 458.5546875, 1757.3606927710844, 466.7431640625], [1742.620481927711, 466.7431640625, 1742.620481927711, 458.5546875, 1750.8094879518073, 458.5546875, 1750.8094879518073, 466.7431640625], [1120.594900200166, 460.68607038259506, 1217.77956859175, 435.60776138305664, 1229.8849427556418, 482.5129784345627, 1132.7002743640578, 507.5912874341011], [1708.5373430366976, 488.20527908205986, 1721.9136525349445, 416.31191423535347, 1917.8752071886179, 452.7675276696682, 1904.498897690371, 524.6608925163746], [32.576214836304445, 502.0197848081589, 43.960827517222214, 371.9183414429426, 277.3011661437621, 392.3342816233635, 265.9165534628443, 522.4356999993324], [299.344331959644, 502.53206437826157, 300.2523999616324, 383.58729538321495, 586.9509053517537, 385.775703728199, 586.0428373497653, 504.7204727232456], [148.3555598431323, 272.84404733777046, 200.9047223860959, 265.6787305176258, 205.6387415851455, 300.39254343509674, 153.08957904218192, 307.5578602552414], [423.53845044790984, 262.5311099141836, 531.8585476243353, 260.6308775693178, 532.5998765876494, 302.88189728558064, 424.279779411224, 304.78212963044643], [209.23468937356787, 219.15844783186913, 412.64073475297675, 209.4730778709054, 418.2173958743911, 326.5757270157337, 214.8113629904138, 336.2611094713211], [109.73268072289157, 131.015625, 109.73268072289157, 119.5517578125, 137.57530120481928, 119.5517578125, 137.57530120481928, 131.015625], [109.73268072289157, 103.1748046875, 122.8350903614458, 103.1748046875, 122.8350903614458, 117.9140625, 109.73268072289157, 117.9140625], [892.5816639360175, 119.73149297386408, 895.9970152521709, 88.9947437569499, 1148.7378108932312, 117.075235940516, 1145.3224595770778, 147.81198515743017], [418.93483357257156, 137.29670979827642, 419.7241449930582, 54.81613179668784, 853.6546959934465, 58.96831389516592, 852.8653845729598, 141.44888564944267], [94.91196181400713, 58.11254462599754, 297.23732729992236, 10.293283380568027, 328.5545274435756, 142.78050016611814, 126.2291494622288, 190.59976141154766]], "det_scores": [0.5488563179969788, 0.3465768098831177, 0.7219130992889404, 0.5457687973976135, 0.6294274926185608, 0.7862260937690735, 0.6481488943099976, 0.35625866055488586, 0.34898635745048523, 0.7978331446647644, 0.5550345182418823, 0.5080021619796753, 0.38870787620544434, 0.6773920059204102, 0.4005644917488098, 0.7732412219047546, 0.4728439450263977, 0.7703502178192139, 0.38210582733154297, 0.8206083178520203, 0.3563086986541748, 0.5463846921920776, 0.7709223628044128, 0.4425540566444397, 0.5515689253807068, 0.35528483986854553, 0.31915387511253357, 0.4973863959312439, 0.5935303568840027, 0.8787660002708435, 0.7732343673706055, 0.4864208996295929, 0.6891237497329712, 0.8572432994842529, 0.35350853204727173, 0.3348926305770874, 0.604029655456543, 0.7678359746932983, 0.8144234418869019]}], "visualization": []}