{"predictions": [{"rec_texts": ["s", "s", "nons", "m", "aul", "goicklyy", "l", "a", "w", "a", "voic", "cl", "s", "scheery", "r", "hup", "coufrol", "lar", "sowe", "le", "chol", "s", "a", "nel", "tow", "olshg", "waut", "uhug", "smoke", "hot", "h", "s", "s", "l", "s", "i", "spabely", "ejarote", "lay", "whied", "will", "fue", "fire", "m", "wal", "uankind", "ubled", "abyls", "worde", "but", "farde", "s", "wa", "worst", "vuly", "noy", "ard", "h", "barsil", "behaviour"], "rec_scores": [0.1861991286277771, 0.3411143720149994, 0.5316594392061234, 0.9968029260635376, 0.9960782726605734, 0.6872681602835655, 0.6448937058448792, 0.573530375957489, 0.38296738266944885, 0.9869524240493774, 0.9008998870849609, 0.9084040224552155, 0.23315580189228058, 0.7576270742075784, 0.1623036414384842, 0.8831581075986227, 0.8183446781975883, 0.8288640777269999, 0.5558012574911118, 0.9141608476638794, 0.5396657139062881, 0.137629434466362, 0.19438321888446808, 0.8397813439369202, 0.7124478419621786, 0.8415027141571045, 0.9651167839765549, 0.6960591524839401, 0.9781818389892578, 0.6210781335830688, 0.4115994870662689, 0.13900330662727356, 0.1358530968427658, 0.35798847675323486, 0.1697312891483307, 0.17597360908985138, 0.5219647863081524, 0.6422424060957772, 0.8519177436828613, 0.8333229064941406, 0.616259753704071, 0.5087426702181498, 0.7439130395650864, 0.9980291724205017, 0.9615217645963033, 0.7628767788410187, 0.8101693391799927, 0.5087070524692535, 0.7779589593410492, 0.6774486800034841, 0.49089152216911314, 0.13915157318115234, 0.9971378445625305, 0.9027982831001282, 0.6518618017435074, 0.8266976376374563, 0.6662949323654175, 0.9166140556335449, 0.8023406366507212, 0.9334619045257568], "det_polygons": [[655.6059479553903, 1360.2763671875, 655.6059479553903, 1352.859375, 663.0223048327138, 1352.859375, 663.0223048327138, 1360.2763671875], [610.7588069873228, 1349.9799486994743, 667.6466640770213, 1335.756743490696, 676.9825645928933, 1373.1035445332527, 620.0947075031947, 1387.326749742031], [1763.85500633495, 1195.3429952859879, 1840.9800480839044, 1190.8058820962906, 1842.9695727266787, 1224.632509112358, 1765.8445309777242, 1229.1696223020554], [1699.828996282528, 1234.1875, 1699.828996282528, 1191.1689453125, 1768.0594795539034, 1191.1689453125, 1768.0594795539034, 1234.1875], [512.1182729728159, 1198.8448803424835, 525.3257616461432, 1157.3319967985153, 605.6506463373461, 1182.8920093774796, 592.4431576640189, 1224.4048929214478], [1399.818167874361, 1241.6704954504967, 1403.8406723759874, 1130.0393306612968, 1646.1411631984781, 1138.7716800570488, 1642.1186586968518, 1250.4028448462486], [243.8348673426972, 1165.367464005947, 295.9367661032978, 1131.8705816864967, 339.26220498918155, 1199.271411716938, 287.16030622858096, 1232.7682940363884], [1559.6598513011152, 1028.7367258667946, 1588.7549290993843, 1022.917211830616, 1591.664255815811, 1037.4659969210625, 1562.5691780175418, 1043.285510957241], [1362.1048343474095, 1044.341382086277, 1363.68044805704, 1019.1294031739235, 1425.0890055943598, 1022.9677328467369, 1423.5133918847293, 1048.1797117590904], [1725.0446096654275, 1045.7958984375, 1725.0446096654275, 1017.611328125, 1759.1598513011152, 1017.611328125, 1759.1598513011152, 1045.7958984375], [1015.3144658312035, 1051.243114233017, 1016.6154063625406, 1009.6096321344376, 1166.6501528374768, 1014.2986705303192, 1165.3492123061396, 1055.9321526288986], [1146.6087882456727, 1019.3352898955345, 1197.8417637481123, 1010.795789539814, 1203.253748783835, 1043.2701192498207, 1152.0207732813951, 1051.8096196055412], [583.4252497449684, 1015.7128062844276, 624.0038210503674, 992.039998114109, 643.4784571991534, 1025.428052008152, 602.8998858937543, 1049.1008601784706], [678.6279329774991, 964.4871215820312, 959.872762119903, 947.7226549386978, 965.7108798682912, 1045.6818187236786, 684.4660959917373, 1062.446285367012], [312.2286924340911, 953.0835866332054, 318.16177793594983, 947.1499928832054, 327.8030418764703, 956.7920827269554, 321.86995637461155, 962.7256764769554], [1250.4649440382493, 850.5018404126167, 1263.6928928758132, 805.8539376854897, 1330.709527111408, 825.7123185992241, 1317.4815782738442, 870.3602213263512], [646.7063197026023, 876.6884765625, 646.7063197026023, 796.5849609375, 872.1635687732341, 796.5849609375, 872.1635687732341, 876.6884765625], [906.4735440959718, 866.6672074794769, 910.4735967359578, 782.6570954322815, 1028.585055099544, 788.2819496393204, 1024.585002459558, 872.2920616865158], [1475.4207380216803, 878.0040148496628, 1494.3451224968778, 773.2793807983398, 1686.6613415572724, 808.0383831262589, 1667.736957082075, 912.7630171775818], [452.3336278071634, 793.7063494920731, 507.5554300187689, 784.9863134622574, 518.1387668311818, 852.0199154615402, 462.9169646195763, 860.7399514913559], [1806.6245353159852, 694.23046875, 1806.6245353159852, 655.662109375, 1913.4200743494423, 655.662109375, 1913.4200743494423, 694.23046875], [1050.1561338289962, 670.49609375, 1050.1561338289962, 661.595703125, 1057.5724907063197, 661.595703125, 1057.5724907063197, 670.49609375], [1047.189591078067, 655.662109375, 1069.4386617100372, 655.662109375, 1069.4386617100372, 676.4296875, 1047.189591078067, 676.4296875], [1170.3011152416357, 685.330078125, 1170.3011152416357, 648.2451171875, 1271.1635687732341, 648.2451171875, 1271.1635687732341, 685.330078125], [1510.2407689431343, 683.158262938261, 1512.2237753034967, 645.4750172793865, 1625.341686149512, 651.42907294631, 1623.3586797891496, 689.1123186051846], [1287.4795539033457, 689.7802734375, 1287.4795539033457, 639.3447265625, 1407.6245353159852, 639.3447265625, 1407.6245353159852, 689.7802734375], [253.0090782420786, 642.6278682947159, 394.2048527033356, 639.0530084371567, 395.3221044150427, 683.1887294650078, 254.12632995378573, 686.763589322567], [382.0874109658167, 688.8187444210052, 389.6043485620208, 626.1720506548882, 489.09352673385223, 638.1117602586746, 481.5765891376481, 700.7584540247917], [715.3146370246064, 685.2652518749237, 717.9375214417184, 625.5881617069244, 913.1565036702776, 634.1699439883232, 910.5336192531656, 693.8470341563225], [55.83158979451346, 631.5687454342842, 173.8254022137383, 622.93435972929, 178.6464642095743, 688.8279794454575, 60.65265179034946, 697.4623651504517], [1603.4163568773233, 507.322265625, 1603.4163568773233, 488.0380859375, 1643.4646840148698, 488.0380859375, 1643.4646840148698, 507.322265625], [1090.2044609665427, 493.9716796875, 1090.2044609665427, 483.587890625, 1099.104089219331, 483.587890625, 1099.104089219331, 493.9716796875], [1085.7546468401488, 491.0048828125, 1085.7546468401488, 483.587890625, 1093.171003717472, 483.587890625, 1093.171003717472, 491.0048828125], [1299.3457249070632, 491.0048828125, 1299.3457249070632, 482.1044921875, 1306.7620817843865, 482.1044921875, 1306.7620817843865, 491.0048828125], [1091.6877323420074, 485.0712890625, 1091.6877323420074, 477.654296875, 1099.104089219331, 477.654296875, 1099.104089219331, 485.0712890625], [1280.0631970260224, 473.2041015625, 1280.0631970260224, 465.787109375, 1288.9628252788104, 465.787109375, 1288.9628252788104, 473.2041015625], [683.5031102971074, 458.82123002409935, 955.4094587701848, 429.36222633719444, 965.7237353697142, 524.5791310966015, 693.8173868966369, 554.0381347835064], [420.7471628862686, 449.7657905817032, 679.4729106009671, 440.0930078625679, 682.6053074265944, 523.8918913602829, 423.8795597118959, 533.5646740794182], [1231.2540267320371, 454.3472228348255, 1321.2682476965467, 438.69123074412346, 1331.076814218968, 495.09577229619026, 1241.062593254458, 510.7517643868923], [994.1739558677248, 524.2415094673634, 996.2283012078154, 431.78904590010643, 1206.8148132097322, 436.4691208899021, 1204.7604678696416, 528.921584457159], [46.215321090584794, 429.86671218276024, 202.05908220142237, 423.3726792037487, 205.69655538225706, 510.67978551983833, 49.85279710053511, 517.1738184988499], [1721.5399464887314, 520.9149087965488, 1725.7380824886734, 418.7532656490803, 