{"predictions": [{"rec_texts": ["read", "louw", "sclonal", "slauns", "n", "h", "sdlor", "gou", "uhpes", "cunel", "polurupe", "spu", "kwow", "souels", "pya", "s", "uovay", "i", "s", "s", "s", "acces", "s", "auher", "ha", "lub", "sud", "ma", "hb", "wlaxe", "s", "", "c", "k", "t", "x", "syus", "i", "l", "s", "h", "a", "lvave", "trainds", "doull", "t", "spshudk", "aoud", "say", "fguts", "whaugt", "couts", "haudl", "sut", "wagla", "flne", "hust", "festu", "auswened", "chone", "doc", "kr", "ud", "waky", "lieta", "w"], "rec_scores": [0.6916027367115021, 0.5981390625238419, 0.5917954998356956, 0.37618809193372726, 0.9997715353965759, 0.4329536557197571, 0.4161710739135742, 0.8380934397379557, 0.4830043435096741, 0.5046379506587982, 0.4855578225106001, 0.8045291701952616, 0.8206110149621964, 0.49073128402233124, 0.5304398735364279, 0.5122421383857727, 0.7898579776287079, 0.4293390214443207, 0.22041307389736176, 0.12948858737945557, 0.19109180569648743, 0.7755545854568482, 0.17914877831935883, 0.7500630736351013, 0.44627001881599426, 0.4101614107688268, 0.40730095903078717, 0.857516348361969, 0.7139200866222382, 0.6303006291389466, 0.8164262175559998, NaN, 0.27355650067329407, 0.4462989270687103, 0.20831245183944702, 0.7047936916351318, 0.5308661907911301, 0.0861683338880539, 0.2611863613128662, 0.4013950824737549, 0.16245001554489136, 0.4442714750766754, 0.9053019046783447, 0.7192389965057373, 0.8353616058826446, 0.283834308385849, 0.6918454170227051, 0.7371542900800705, 0.45822850863138836, 0.42803104817867277, 0.7657823711633682, 0.7452291280031205, 0.698805433511734, 0.7054610252380371, 0.3185835987329483, 0.37550585716962814, 0.4331348389387131, 0.5419601559638977, 0.7358100805431604, 0.5303475856781006, 0.8049344718456268, 0.8068642318248749, 0.5092272758483887, 0.6349159106612206, 0.3935615658760071, 0.5193787217140198], "det_polygons": [[646.4686568904376, 991.4742316603661, 916.3932328930498, 984.1282222867012, 919.6842385393456, 1105.0888182520866, 649.7596625367336, 1112.4348276257515], [1364.710157360412, 1069.3044469356537, 1369.1390114510505, 984.0342661142349, 1515.5441453367487, 991.640851020813, 1511.1152912461102, 1076.9110318422318], [1080.5392185579285, 1087.1131120920181, 1099.2934117144282, 962.0673551559448, 1354.527278025603, 1000.3580442667007, 1335.7730848691033, 1125.403801202774], [398.73563873159713, 1108.0472781658173, 413.2650232391263, 949.5216411352158, 653.7442399993877, 971.568804860115, 639.2148554918584, 1130.0944418907166], [1577.1419791026426, 1013.203125, 1577.1419791026426, 979.8134765625, 1603.6195451751687, 979.8134765625, 1603.6195451751687, 1013.203125], [979.6700852106301, 1001.6895936727524, 1017.0840372696343, 964.2701600790024, 1056.2247871159773, 1003.4166444540024, 1018.810835056973, 1040.8360780477524], [43.81469209339256, 1075.8862981796265, 53.45455690183445, 932.8740409612656, 240.18656894189118, 945.464589715004, 230.54668656755385, 1088.4768469333649], [993.9009197589144, 833.3478907942772, 1129.0704853266532, 824.8985815644264, 1136.0270015104604, 936.2183044552803, 1000.8574359427217, 944.6676136851311], [1520.0410145746098, 943.8393657803535, 1541.6436933389673, 802.419795691967, 1721.6185181939534, 829.9199311137199, 1700.015839429596, 971.3395012021065], [804.8980678002673, 824.3925393819809, 959.1489737615601, 812.371209025383, 965.5965005585072, 895.1260067224503, 811.3455945972144, 907.1473370790482], [487.17528497828386, 906.3734108805656, 496.9911073615525, 797.770335495472, 764.4720565148782, 821.9529817700386, 754.6562341316095, 930.5560571551323], [40.81031794627165, 807.4656708240509, 206.27049608001988, 802.5985021591187, 209.99174320382724, 929.1394060850143, 44.531565070079004, 934.0065747499466], [273.021337976907, 889.3290444016457, 278.86698693179903, 805.2854238152504, 459.75088200865156, 817.870491206646, 453.9052330537595, 901.9141117930412], [1144.8117760937857, 810.1738854646683, 1362.316417654233, 802.4046868085861, 1365.4883967928893, 891.2345205545425, 1147.9838254960239, 899.0037192106247], [1382.379340286114, 894.4645889997482, 1401.27265533466, 788.3551118373871, 1547.9942563929728, 814.4874365329742, 1529.100941344427, 920.5969136953354], [1616.2827289489856, 666.6416015625, 1616.2827289489856, 660.884765625, 1622.038721573448, 660.884765625, 1622.038721573448, 666.6416015625], [1256.991449000869, 646.0282357335091, 1483.7668783402396, 644.4747614264488, 1484.176936603867, 704.3666562438011, 1257.4015072644963, 705.9201305508614], [1616.2827289489856, 662.0361328125, 1616.2827289489856, 656.279296875, 1622.038721573448, 656.279296875, 1622.038721573448, 662.0361328125], [1605.9219422249537, 658.58203125, 1605.9219422249537, 651.673828125, 1612.8291333743084, 651.673828125, 1612.8291333743084, 658.58203125], [1607.073140749846, 653.9765625, 1607.073140749846, 648.2197265625, 1612.8291333743084, 648.2197265625, 1612.8291333743084, 653.9765625], [1611.6779348494158, 652.8251953125, 1611.6779348494158, 647.068359375, 1617.4339274738782, 647.068359375, 1617.4339274738782, 652.8251953125], [227.13591664600895, 689.9297316670418, 230.6053917901825, 623.999624311924, 362.9900602916302, 630.9682629704475, 359.5205851474567, 696.8983703255653], [1611.6779348494158, 639.0087890625, 1611.6779348494158, 633.251953125, 1617.4339274738782, 633.251953125, 1617.4339274738782, 639.0087890625], [1004.5529490296797, 609.1915131211281, 1231.426185274974, 607.5707164406776, 1232.1011372421442, 702.0767117142677, 1005.2279009968498, 703.6975083947182], [381.0467117393976, 702.333984375, 381.0467117393976, 609.0732421875, 518.039336201598, 609.0732421875, 518.039336201598, 702.333984375], [545.8163218249114, 738.8472363352776, 560.2575958008111, 594.4133386015892, 745.2471676236217, 612.9150447249413, 730.805893647722, 757.3489424586296], [1661.1397022324684, 606.9639015197754, 1825.810837908031, 600.1016575098038, 1830.3776896734064, 709.7230013608932, 1665.7065539978437, 716.5852453708649], [798.0423095928207, 603.0039685964584, 972.9408717140801, 597.8590775728226, 975.921874437291, 699.2271763086319, 801.0233123160316, 704.3720673322678], [1566.734958941759, 597.5212007761002, 1629.9778036857278, 591.6645759344101, 1639.712682422715, 696.8167823553085, 1576.4698376787462, 702.6734071969986], [59.490031706019266, 696.2581753134727, 60.85602600060142, 566.4710399508476, 238.15728643472454, 568.3376546502113, 236.7912921401424, 698.1247900128365], [525.5221617451897, 504.8745468556881, 530.7025551072057, 499.6933945119381, 535.3073492067755, 504.2988632619381, 530.1269558447596, 509.4800156056881], [522.6441303011677, 507.7529296875, 522.6441303011677, 500.8447265625, 529.5513214505223, 500.8447265625, 529.5513214505223, 507.7529296875], [529.5513565823132, 499.6933945119381, 535.3073492067755, 493.9365585744381, 541.0633418312377, 499.6933945119381, 535.3073492067755, 505.4502304494381], [524.9465624827435, 499.6933945119381, 530.7025551072057, 493.9365585744381, 536.4585477316679, 499.6933945119381, 530.7025551072057, 505.4502304494381], [520.3417683831738, 499.6933945119381, 526.097761007636, 493.9365585744381, 531.8537536320981, 499.6933945119381, 526.097761007636, 505.4502304494381], [516.7477159083951, 491.52145627141, 538.7328393487162, 489.078314691782, 540.8387091600902, 508.0337792336941, 518.8535857197691, 510.47692081332207], [1154.8931245528338, 459.1590713560581, 1319.655883939118, 451.12065348029137, 1325.8840478335555, 578.815103083849, 1161.1212884472714, 586.8535209596157], [924.4124154886292, 487.0283203125, 924.4124154886292, 481.271484375, 931.3196066379838, 481.271484375, 931.3196066379838, 487.0283203125], [542.2145052243392, 482.4228515625, 542.2145052243392, 476.666015625, 549.1216963736938, 476.666015625, 549.1216963736938, 482.4228515625], [528.40012292563, 478.96875, 528.40012292563, 472.060546875, 535.3073140749846, 472.060546875, 535.3073140749846, 478.96875], [526.0977258758451, 485.876953125, 526.0977258758451, 461.6982421875, 556.0288875230485, 461.6982421875, 