{"predictions": [{"rec_texts": ["him", "pual", "s", "gent", "de", "bller", "sery", "sag", "lcans", "pkow", "rndys", "ss", "hnks", "sg", "bih", "e", "f", "you", "l", "y", "sive", "coonlyn", "sbarns", "f", "trathins", "a", "wdorthowl", "sweaker", "p", "doc", "i", "teadls", "slapf", "spotated", "aodolesent", "inably", "was", "mani", "say", "mau", "uher", "swoold", "rhrs", "consioder", "hownds", "over", "sy", "doc", "pdores", "h", "snedesy", "shanto", "tato", "your", "yal", "chaves", "ben", "man", "seelig", "swhom", "sly", "suast", "shed", "detlase", "senlerce", "t", "i", "e", "a", "l", "i", "pol", "lnog"], "rec_scores": [0.6515957713127136, 0.5526226498186588, 0.1726621687412262, 0.6904462575912476, 0.94073885679245, 0.8574591994285583, 0.41460054740309715, 0.9486393531163534, 0.8102127552032471, 0.693300474435091, 0.3292977333068848, 0.29557710140943527, 0.6937235444784164, 0.2793731540441513, 0.6199784527222315, 0.3376960754394531, 0.1580834537744522, 0.9604688882827759, 0.15352563560009003, 0.2310773730278015, 0.5551158338785172, 0.5342132449150085, 0.5177645857135454, 0.21668213605880737, 0.7185439728200436, 0.31400638818740845, 0.7809004684289297, 0.6990792325564793, 0.13672149181365967, 0.9013911286989847, 0.3486795127391815, 0.6583344787359238, 0.4853549987077713, 0.4979592375457287, 0.6944471895694733, 0.7356645911931992, 0.9992437163988749, 0.9260899424552917, 0.9065452019373575, 0.8797392845153809, 0.6697518900036812, 0.7464639494816462, 0.46612880378961563, 0.8632991578843858, 0.7941226760546366, 0.9993762075901031, 0.3627013564109802, 0.9112359484036764, 0.5904560089111328, 0.30696260929107666, 0.35804631241730284, 0.7119834572076797, 0.9660906493663788, 0.9044719189405441, 0.5222757856051127, 0.7948566948374113, 0.5615516354640325, 0.999799370765686, 0.4773801987369855, 0.893897533416748, 0.3060539911190669, 0.6364480793476105, 0.7567535638809204, 0.7044077409165246, 0.9192022383213043, 0.09117129445075989, 0.2098606824874878, 0.08992359042167664, 0.3275822103023529, 0.22514507174491882, 0.41089263558387756, 0.993993361790975, 0.5730382576584816], "det_polygons": [[68.61383478844863, 1446.474609375, 68.61383478844863, 1389.80859375, 174.51779717931498, 1389.80859375, 174.51779717931498, 1446.474609375], [1109.023871755504, 1479.4612802267075, 1117.9924387730073, 1367.38345348835, 1267.8643384822028, 1379.3701171875, 1258.8957714646995, 1491.4479439258575], [1323.0537273337811, 1401.73828125, 1323.0537273337811, 1386.826171875, 1330.5117528542646, 1386.826171875, 1330.5117528542646, 1401.73828125], [311.46019181763273, 1387.8340862989426, 482.2696423962903, 1368.130515217781, 491.4936686375543, 1448.0506474971771, 320.68421805889676, 1467.7542185783386], [526.5366017461384, 1455.421875, 526.5366017461384, 1349.5458984375, 689.1215580926797, 1349.5458984375, 689.1215580926797, 1455.421875], [720.4452652787106, 1455.421875, 720.4452652787106, 1336.125, 911.3707186030894, 1336.125, 911.3707186030894, 1455.421875], [938.1974876716364, 1439.9016857743263, 957.9312119852225, 1318.2422098517418, 1108.6905730319872, 1342.683178961277, 1088.9568487184013, 1464.3426548838615], [1205.2529760889754, 1303.1865677833557, 1207.4896554223158, 1202.562959432602, 1341.6346987281734, 1205.5431969165802, 1339.398019394833, 1306.166805267334], [789.0591000671592, 1269.0205078125, 789.0591000671592, 1192.96875, 905.4042981867026, 1192.96875, 905.4042981867026, 1269.0205078125], [1603.5395793107791, 1182.127071261406, 1857.121551042279, 1170.3903383016586, 1861.8221464240369, 1271.8926179409027, 1608.240174692537, 1283.62935090065], [938.5327892828661, 1285.77769947052, 946.856608537478, 1149.8565165996552, 1177.5861777055177, 1163.9791506528854, 1169.2623584509056, 1299.9003335237503], [1370.5000433271728, 1275.9167212843895, 1384.56086131468, 1156.4316245913506, 1537.3102733850321, 1174.3973305821419, 1523.2495464378753, 1293.8824272751808], [496.7044996642042, 1266.0380859375, 496.7044996642042, 1163.14453125, 695.0879785090665, 1163.14453125, 695.0879785090665, 1266.0380859375], [47.06234193472674, 1277.2022354006767, 55.91749543548031, 1145.8855667710304, 254.68802095084004, 1159.2822548747063, 245.8328902101741, 1290.5989235043526], [274.4553391537945, 1264.546875, 274.4553391537945, 1148.232421875, 519.0785762256548, 1148.232421875, 519.0785762256548, 1264.546875], [1742.1947615849565, 1066.2158203125, 1742.1947615849565, 1058.759765625, 1749.65278710544, 1058.759765625, 1749.65278710544, 1066.2158203125], [1754.1276024177303, 1060.2509765625, 1754.1276024177303, 1052.794921875, 1761.5856279382137, 1052.794921875, 1761.5856279382137, 1060.2509765625], [391.06755862162373, 1033.4216489195824, 526.4417377008217, 1026.1712910532951, 530.55940171774, 1103.0143445134163, 395.18522263854203, 1110.2647023797035], [178.99261249160512, 1036.3916015625, 178.99261249160512, 1028.935546875, 186.45063801208866, 1028.935546875, 186.45063801208866, 1036.3916015625], [199.87508394895906, 1033.4091796875, 199.87508394895906, 1024.4619140625, 208.8247145735393, 1024.4619140625, 208.8247145735393, 1033.4091796875], [1276.5333827462591, 1093.5033239722252, 1296.609782939473, 984.0249225497246, 1446.692350019938, 1011.5327766537666, 1426.6159498267243, 1121.0111780762672], [1472.214237743452, 1119.8994140625, 1472.214237743452, 993.146484375, 1615.4083277367363, 993.146484375, 1615.4083277367363, 1119.8994140625], [936.7280053727335, 1093.0576171875, 936.7280053727335, 994.6376953125, 1147.0443250503695, 994.6376953125, 1147.0443250503695, 1093.0576171875], [219.26595030221628, 1024.4619140625, 219.26595030221628, 1017.005859375, 228.21558092679652, 1017.005859375, 228.21558092679652, 1024.4619140625], [1616.3234653408854, 1108.5782614946365, 1619.9774608522396, 988.9375269412994, 1878.7858770305156, 996.837923169136, 1875.1318815191614, 1116.4786577224731], [219.26595030221628, 1019.98828125, 219.26595030221628, 1011.041015625, 228.21558092679652, 1011.041015625, 228.21558092679652, 1019.98828125], [530.073929048209, 1096.971954882145, 531.8134370269673, 973.4990703463554, 927.3674186055816, 979.0687213540077, 925.628001667174, 1102.5416058897972], [63.730771784017044, 1080.3516517281532, 67.99200643381872, 971.7187916636467, 275.91200752335163, 979.8703928589821, 271.65077287354995, 1088.5032529234886], [1274.2897843462738, 910.3269370794296, 1282.6083232605515, 868.7450516223907, 1335.1012790083005, 879.2408684492111, 1326.782740094023, 920.82275390625], [1144.061114842176, 918.5859375, 1144.061114842176, 833.5869140625, 1257.4231027535259, 833.5869140625, 1257.4231027535259, 918.5859375], [872.588985896575, 852.97265625, 872.588985896575, 845.5166015625, 884.5218267293486, 845.5166015625, 884.5218267293486, 852.97265625], [697.9513796158811, 829.0697754621506, 861.3442280335744, 810.2217575311661, 873.2726989295197, 913.5745804309845, 709.8798505118264, 932.422598361969], [1435.0161519354826, 941.7112661004066, 1452.3646190635625, 802.9598405957222, 1606.9408468088902, 822.2767744660378, 1589.5921976001093, 961.0281999707222], [1626.2958432640144, 817.3815541863441, 1878.5511750066898, 791.6479716897011, 1890.6941369686294, 910.6190083622932, 1638.438805225954, 936.3525908589363], [381.0843924169496, 892.5843120217323, 388.78067053493197, 788.0706673264503, 692.1468744630218, 810.3984201550484, 684.4505963450395, 914.9120648503304], [70.43186506959238, 913.9930733442307, 78.00705952128763, 761.2668242454529, 317.7755243776628, 773.1530059576035, 310.20032992596754, 925.8792550563812], [1569.0971938748742, 734.7035827338696, 1575.2169262416578, 683.1360267698765, 1696.9029154883208, 697.5694814622402, 1690.7831831215371, 749.1370374262333], [767.3645486825261, 740.3847742080688, 768.6890037029361, 680.7988649010658, 892.7624351035196, 683.5552933216095, 891.4379800831096, 743.1412026286125], [1290.2384150436535, 766.482421875, 1290.2384150436535, 668.0625, 1415.533243787777, 668.0625, 1415.533243787777, 766.482421875], [101.4291356985324, 727.7109375, 101.4291356985324, 