{"predictions": [{"rec_texts": ["backl", "fights", "pons", "tups", "sr", "chock", "smiled", "want", "and", "shands", "to", "sresed", "imoment", "har", "idaringy", "gaving", "toxil", "just", "portex", "r", "tod", "bag", "brought", "togelher", "out", "gavins", "te", "wee", "sas", "thugaoge", "disoppeased", "ealoned", "shod", "ard", "and", "cha", "the", "gi", "customs", "gavinl", "te", "scoyla", "through", "quidly", "was", "ard", "on", "sassengers", "plae", "were", "gavin", "an", "e", "ter"], "rec_scores": [0.7305878281593323, 0.9178390900293986, 0.3846837617456913, 0.6825599372386932, 0.612511083483696, 0.9028089046478271, 0.9446957310040792, 0.9801149368286133, 0.9306818644205729, 0.9250438610712687, 0.5696504414081573, 0.8247921938697497, 0.8307915840830121, 0.5082270304361979, 0.7331295944750309, 0.7153705606857935, 0.7917582869529725, 0.8501422330737114, 0.992876003185908, 0.4105425179004669, 0.8403758009274801, 0.6818279027938843, 0.9038839723382678, 0.7787462025880814, 0.9762611587842306, 0.9950545132160187, 0.7302428334951401, 0.9757096767425537, 0.3759600917498271, 0.6960545256733894, 0.8941941152919423, 0.7884868383407593, 0.7809437811374664, 0.8506218989690145, 0.9377460877100626, 0.6185705363750458, 0.8020522594451904, 0.3460470661520958, 0.9654668484415326, 0.8760941028594971, 0.8753397464752197, 0.44511562337478, 0.9735370448657444, 0.9892009993394216, 0.9945024251937866, 0.9526951909065247, 0.8766669631004333, 0.9350383460521698, 0.859852746129036, 0.8361252546310425, 0.9750490546226501, 0.560577780008316, 0.958209216594696, 0.7486731211344401], "det_polygons": [[306.3473724600891, 1113.7328864336014, 517.1016027973425, 1106.8797544240952, 519.9356760150217, 1194.0193051099777, 309.1814645892405, 1200.872437119484], [40.88000270298549, 1209.1547546982765, 47.200727308118665, 1097.1987335085869, 274.1241339606208, 1110.0076248049736, 267.8034093554876, 1221.9636459946632], [1459.3085904508023, 1018.1999811530113, 1463.7874322250543, 964.4589731097221, 1557.4334113515022, 972.2619708180428, 1552.9545695772501, 1026.002978861332], [1343.2009263204332, 1045.8330704569817, 1346.4727622956382, 955.8691858649254, 1462.3032598900518, 960.0807260870934, 1459.0314239148468, 1050.0446106791496], [1552.9459459459458, 1021.1484375, 1552.9459459459458, 955.4677734375, 1685.5598455598456, 955.4677734375, 1685.5598455598456, 1021.1484375], [1137.4997846095257, 944.9361999034882, 1325.7282389637126, 943.3677642345428, 1326.3028451337777, 1012.3173640966415, 1138.0743907795909, 1013.8857997655869], [428.1142378994857, 1019.658514380455, 429.14672863345345, 942.7469251155853, 658.4077445365288, 945.8238909244537, 657.3753294484495, 1022.7354801893234], [830.5441246474571, 1013.1832712888718, 832.1293598896748, 939.4748125076294, 998.5294366195856, 943.0529576539993, 996.9442013773679, 1016.7614164352417], [260.8371227367504, 1009.7288703918457, 261.8198384759969, 934.0663719177246, 405.8375070932749, 935.9366043806076, 404.8547913540284, 1011.5991028547287], [32.462809028772774, 932.8679587841034, 220.8231141668489, 927.0728552341461, 223.57794831618378, 1016.5959198474884, 35.21764317810766, 1022.3910233974457], [1016.9527658587717, 1006.5629539489746, 1019.974970401484, 934.0373268127441, 1110.3445747994087, 937.8022985458374, 1107.3223702566963, 1010.3279256820679], [1389.7824542071369, 781.7474121451378, 1639.9337252465914, 766.402217566967, 1644.2806405910653, 837.2521539330482, 1394.1293695516108, 852.597348511219], [553.3926422236968, 777.5385192632675, 816.2309391213199, 771.5313259363174, 817.5353768249275, 828.592401266098, 554.6970799273046, 834.5995945930481], [1657.2808404281793, 844.9142374992371, 1661.0316661702159, 758.6525448560715, 1786.1345342098516, 764.0912407636642, 1782.3837084678148, 850.3529334068298], [847.0679856230394, 839.241289794445, 858.8885634727919, 747.0497061610222, 1114.0746735679597, 779.7625120282173, 1102.254095718207, 871.9540956616402], [1178.5203562850656, 829.8306757807732, 1184.1426613119118, 756.1244861483574, 1379.6784328622707, 771.036727130413, 1374.0561278354246, 844.7429167628288], [40.997887364685766, 829.4975647330284, 46.16368836509675, 754.6009796261787, 197.5883470925585, 765.0429974198341, 192.42252718067536, 839.9395825266838], [276.3822393822394, 832.78125, 276.3822393822394, 753.46875, 402.79922779922776, 753.46875, 402.79922779922776, 832.78125], [566.4488956642887, 606.3591130077839, 755.5315433929326, 591.9542537033558, 760.6370357086299, 658.9573398828506, 571.5543879799861, 673.3621991872787], [1761.600151857354, 661.2308757305145, 1762.9481615928148, 587.1027000546455, 1880.560573739895, 589.2409189939499, 1879.2125640044342, 663.3690946698189], [1663.1960463358168, 597.474601149559, 1752.5078186270812, 586.9683664441109, 1760.891501172629, 658.2235727906227, 1671.5797288813646, 668.7298074960709], [1349.8471740958312, 688.4751842021942, 1352.978913885286, 580.4452064931393, 1500.8799398414876, 584.7318177223206, 1497.748200052033, 692.7617576122284], [789.5811194931678, 583.5895282030106, 1047.598957783467, 575.1029872298241, 1050.8821406419672, 674.9020435810089, 792.864302351668, 683.3885845541954], [55.17016823963769, 586.8052902817726, 322.7391368026439, 579.3735253214836, 324.93695245102106, 658.4873235225677, 57.3679886158829, 665.9190884828568], [1522.6872879087234, 662.845450758934, 1527.158565094112, 577.898162573576, 1653.9419821956442, 584.5703299641609, 1649.4707050102556, 669.5176559686661], [1092.9301347769365, 578.932478427887, 1317.0489322853825, 577.3085998892784, 1317.6329185456382, 657.8830491900444, 1093.5141210371924, 659.506927728653], [374.56084450975806, 650.2817788124084, 382.4093323932191, 567.8808916211128, 532.5472829222218, 582.1782689094543, 524.6987950387609, 664.57915610075], [1555.9236707061414, 431.955624461174, 1701.2227806768822, 425.49853456020355, 1703.7088071609555, 481.4300276041031, 1558.4096971902147, 487.88711750507355], [1335.6670496878016, 492.74460875988007, 1348.9789105860882, 400.7810745835304, 1511.728316730514, 424.3345368504524, 1498.4164558322273, 516.2980710268021], [361.50720085232416, 515.2259738445282, 366.8358485394923, 406.38012367486954, 612.5288534864035, 418.4058560729027, 607.2002057992353, 527.2517062425613], [784.5289575289576, 499.4208984375, 784.5289575289576, 410.1943359375, 1157.5830115830115, 410.1943359375, 1157.5830115830115, 499.4208984375], [1712.1899216110642, 490.45239025354385, 1713.0770965929657, 406.19223815202713, 1891.7762870641288, 408.0730599761009, 1890.8891120822273, 492.33321207761765], [634.5208909907396, 408.9565152525902, 762.5806055253076, 404.5411298274994, 765.3080936859013, 483.6314045190811, 637.2483791513332, 488.0467899441719], [1186.0888030888032, 485.7890625, 1186.0888030888032, 402.7587890625, 1331.096525096525, 402.7587890625, 1331.096525096525, 485.7890625], [51.69488264695097, 401.5247502923012, 184.2091235304431, 399.60444527864456, 185.23715115698147, 470.53259164094925, 52.722915001357386, 472.45289665460587], [208.70681762695312, 479.2180991470814, 212.34262379532154, 393.78494837880135, 331.1608692301746, 398.84053632616997, 327.52506306180624, 484.27368709445], [1612.8664159590674, 237.6438154131174, 1746.5805093772622, 233.33088205754757, 1748.9073769116494, 305.4526007026434, 1615.1932834934544, 309.76553405821323], [1756.5476116637005, 338.91341257095337, 1759.4956832355513, 226.90338563919067, 1868.84423592468, 229.78070417046547, 1865.8961643528294, 341.79073110222816], [744.9942980438585, 299.2760910540819, 746.8256850076918, 226.94353066384792, 990.0907595130006, 233.1015089303255, 988.2593725491674, 305.4340693205595], [1358.0878859118604, 297.8266533315182, 1360.2640668360882, 226.01561897993088, 1531.1417750060327, 231.1932114958763, 1528.965594081805, 303.0042458474636], [601.846254562319, 231.2926191240549, 725.3863541886612, 225.41034244000912, 729.0540450990891, 302.423778668046, 605.5139454727467, 308.3060553520918], [1072.4535491825532, 326.94913628697395, 