{"predictions": [{"rec_texts": ["motma", "wnodluy", "t", "t", "s", "s", "e", "d", "l", "i", "s", "s", "t", "f", "s", "s", "s", "s", "i", "soy", "s", "soak", "i", "mu", "s", "t", "i", "ss", "l", "l", "s", "t", "i", "s", "s", "s", "s", "ho", "l", "s", "tred", "s", "s", "s", "i", "s", "s", "s", "i", "s", "i", "t", "pe", "hundes", "de"], "rec_scores": [0.751837158203125, 0.4270604934011187, 0.12925873696804047, 0.1426192820072174, 0.17851552367210388, 0.22653746604919434, 0.08422495424747467, 0.14411167800426483, 0.21001669764518738, 0.50343257188797, 0.25943729281425476, 0.21956473588943481, 0.21089006960391998, 0.10707718133926392, 0.10923322290182114, 0.12834160029888153, 0.11507206410169601, 0.09607993066310883, 0.6056355834007263, 0.8310437401135763, 0.07864106446504593, 0.8182635605335236, 0.09847056865692139, 0.49826234579086304, 0.19776920974254608, 0.0745241567492485, 0.31779131293296814, 0.12488890439271927, 0.40098217129707336, 0.2752183973789215, 0.08180801570415497, 0.07175637036561966, 0.15491819381713867, 0.22340941429138184, 0.24636603891849518, 0.3736428916454315, 0.1962595134973526, 0.5329897105693817, 0.14828450977802277, 0.20050881803035736, 0.8069068044424057, 0.25992050766944885, 0.15505748987197876, 0.20256885886192322, 0.46400222182273865, 0.15528208017349243, 0.11399947106838226, 0.14790816605091095, 0.08042126148939133, 0.10005266964435577, 0.08679164201021194, 0.08156028389930725, 0.27920038253068924, 0.47277133415142697, 0.221430703997612], "det_polygons": [[51.62446294148763, 356.14607483148575, 56.272386212471204, 277.40884631872177, 229.44268432617187, 287.63020008802414, 224.7947610551883, 366.3674286007881], [216.29202910594452, 367.3312774300575, 220.10574868226664, 247.68216460943222, 396.4734095020783, 253.30313354730606, 392.6596899257562, 372.95224636793137], [687.8676923076923, 185.2880859375, 687.8676923076923, 183.06640625, 690.0894871794872, 183.06640625, 690.0894871794872, 185.2880859375], [686.0902564102564, 185.2880859375, 686.0902564102564, 183.06640625, 688.3120512820512, 183.06640625, 688.3120512820512, 185.2880859375], [682.0910256410257, 185.2880859375, 682.0910256410257, 183.06640625, 684.7571794871795, 183.06640625, 684.7571794871795, 185.2880859375], [1514.3753846153847, 174.6240234375, 1514.3753846153847, 172.40234375, 1516.5971794871796, 172.40234375, 1516.5971794871796, 174.6240234375], [1514.3753846153847, 172.8466796875, 1514.3753846153847, 170.625, 1516.5971794871796, 170.625, 1516.5971794871796, 172.8466796875], [1511.2650887670272, 171.06940373778343, 1513.0425246644631, 169.29205998778343, 1515.7086785106171, 171.95807561278343, 1513.9312426131812, 173.73541936278343], [1509.9317948717949, 170.625, 1509.9317948717949, 168.4033203125, 1512.5979487179488, 168.4033203125, 1512.5979487179488, 170.625], [1506.376923076923, 170.625, 1506.376923076923, 168.4033203125, 1509.043076923077, 168.4033203125, 1509.043076923077, 170.625], [748.3005128205128, 158.18359375, 748.3005128205128, 153.740234375, 750.5223076923077, 153.740234375, 750.5223076923077, 158.18359375], [750.0779487179487, 149.7412109375, 750.0779487179487, 147.0751953125, 752.2997435897436, 147.0751953125, 752.2997435897436, 149.7412109375], [748.3005128205128, 144.4091796875, 748.3005128205128, 141.7431640625, 750.5223076923077, 141.7431640625, 750.5223076923077, 144.4091796875], [1556.1451282051282, 139.9658203125, 1556.1451282051282, 137.744140625, 1558.366923076923, 137.744140625, 1558.366923076923, 139.9658203125], [1554.3676923076923, 139.9658203125, 1554.3676923076923, 137.744140625, 1557.0338461538463, 137.744140625, 1557.0338461538463, 139.9658203125], [1266.423076923077, 139.9658203125, 1266.423076923077, 137.744140625, 1269.0892307692309, 137.744140625, 1269.0892307692309, 139.9658203125], [1265.5344674604366, 137.2998182475567, 1268.2006213065906, 134.6338026225567, 1270.4224161783854, 136.8554823100567, 1267.7562623322317, 139.5214979350567], [1252.2035897435899, 138.1884765625, 1252.2035897435899, 135.966796875, 1255.3141025641025, 135.966796875, 1255.3141025641025, 138.1884765625], [1385.7335700245394, 135.3001980483532, 1387.511005921975, 133.5228542983532, 1389.5106213065906, 135.5223660171032, 1387.7331854091547, 137.2997097671032], [924.3904492813501, 184.5026332139969, 930.4515664438101, 113.45631629228592, 1080.7681399614382, 126.27886861562729, 1074.7070227989784, 197.32518553733826], [1388.621794871795, 131.5234375, 1388.621794871795, 129.3017578125, 1390.8435897435897, 129.3017578125, 1390.8435897435897, 131.5234375], [1467.7954768254208, 198.18591013550758, 1468.887931628105, 110.7986943423748, 1635.1465342673278, 112.87682726979256, 1634.0540794646436, 200.26404306292534], [1167.3310256410257, 132.8564453125, 1167.3310256410257, 129.3017578125, 1173.9964102564102, 129.3017578125, 1173.9964102564102, 132.8564453125], [549.8157410919972, 191.04674369096756, 552.5326664225261, 110.9023067355156, 653.0305887858073, 114.30883705615997, 650.3136634552785, 194.45327401161194], [1369.958717948718, 126.6357421875, 1369.958717948718, 124.4140625, 1372.6248717948718, 124.4140625, 1372.6248717948718, 126.6357421875], [1240.6502564102564, 126.19140625, 1240.6502564102564, 123.525390625, 1244.649487179487, 123.525390625, 1244.649487179487, 126.19140625], [711.863076923077, 124.8583984375, 711.863076923077, 122.63671875, 714.0848717948718, 122.63671875, 714.0848717948718, 124.8583984375], [1245.982564102564, 122.63671875, 1245.982564102564, 119.970703125, 1249.9817948717948, 119.970703125, 1249.9817948717948, 122.63671875], [753.6328205128206, 122.1923828125, 753.6328205128206, 119.970703125, 755.8546153846154, 119.970703125, 755.8546153846154, 122.1923828125], [753.6328205128206, 120.4150390625, 753.6328205128206, 118.193359375, 755.8546153846154, 118.193359375, 755.8546153846154, 120.4150390625], [702.0871794871795, 120.4150390625, 702.0871794871795, 118.193359375, 704.3089743589744, 118.193359375, 704.3089743589744, 120.4150390625], [1390.3992307692308, 119.08203125, 1390.3992307692308, 116.8603515625, 1392.6210256410257, 116.8603515625, 1392.6210256410257, 119.08203125], [714.5292307692308, 119.08203125, 714.5292307692308, 116.8603515625, 716.7510256410256, 116.8603515625, 716.7510256410256, 119.08203125], [705.6420512820513, 118.6376953125, 705.6420512820513, 116.416015625, 707.8638461538461, 116.416015625, 707.8638461538461, 118.6376953125], [703.8646153846154, 118.6376953125, 703.8646153846154, 116.416015625, 706.0864102564103, 116.416015625, 706.0864102564103, 118.6376953125], [702.0871794871795, 119.08203125, 702.0871794871795, 116.416015625, 704.3089743589744, 116.416015625, 704.3089743589744, 119.08203125], [1231.318717948718, 118.193359375, 1231.318717948718, 115.52734375, 1233.9848717948719, 115.52734375, 1233.9848717948719, 118.193359375], [1358.405276129307, 146.630859375, 1358.405276129307, 108.8623046875, 1409.06219920623, 108.8623046875, 1409.06219920623, 146.630859375], [740.0799802809495, 116.19391545653343, 742.079595665565, 114.19440373778343, 743.8570315630008, 115.97174748778343, 741.8574161783854, 117.97125920653343], [703.8646153846154, 117.3046875, 703.8646153846154, 114.638671875, 706.0864102564103, 114.638671875, 706.0864102564103, 117.3046875], [1151.9422755158253, 104.47376862168312, 1286.0356239983976, 95.68123802542686, 1292.1099764623398, 188.3093886077404, 1158.0166279797677, 197.10191920399666], [702.0871794871795, 115.52734375, 702.0871794871795, 112.861328125, 704.3089743589744, 112.861328125, 704.3089743589744, 115.52734375], [698.5323076923077, 115.52734375, 698.5323076923077, 112.861328125, 700.7541025641026, 112.861328125, 700.7541025641026, 115.52734375], [700.3097435897436, 113.75, 700.3097435897436, 111.083984375, 702.5315384615385, 111.083984375, 702.5315384615385, 113.75], [711.863076923077, 113.3056640625, 711.863076923077, 107.9736328125, 714.9735897435897, 107.9736328125, 714.9735897435897, 113.3056640625], [714.5292307692308, 108.8623046875, 714.5292307692308, 106.1962890625,