{"predictions": [{"rec_texts": ["s", "1", "of", "voulas", "sorol", "mmb", "ma", "coupe", "such", "coulddonr", "lf", "safnst", "uudal", "fom", "byet", "sack", "ake", "fafs", "taarlainly", "lik", "fu", "lsol", "deps", "diys", "pee", "salrigged", "s", "idiolr", "mong", "jion", "noncelivly", "hal", "salwags", "oding", "po", "phile", "ah", "molably", "cor", "nuf", "lvaneol", "th", "sos", "t", "souyway", "my", "mu", "mt", "diye", "bd", "nu", "you", "maon", "sowrewon", "slyel", "jiemor", "jullies", "hold", "n", "pahe", "phil"], "rec_scores": [0.24414819478988647, 0.3545897603034973, 0.9686206579208374, 0.7201308459043503, 0.6968969225883483, 0.4704891045888265, 0.826125830411911, 0.6835813999176026, 0.984348475933075, 0.8216901355319552, 0.744967520236969, 0.4720453644792239, 0.7100068151950836, 0.7379483977953593, 0.37022626399993896, 0.8498807996511459, 0.526473750670751, 0.5444865301251411, 0.7257561773061753, 0.7831574281056722, 0.38606566190719604, 0.5937015414237976, 0.5954529196023941, 0.5581358149647713, 0.6068638861179352, 0.7149327066209581, 0.15319304168224335, 0.8200066934029261, 0.43577440083026886, 0.38294464349746704, 0.7487725138664245, 0.5260404646396637, 0.6672891804150173, 0.6631240844726562, 0.7743417024612427, 0.8856854319572449, 0.6104646325111389, 0.9429553917476109, 0.7784727811813354, 0.9982462326685587, 0.7637737542390823, 0.7641502320766449, 0.25303949415683746, 0.11752314120531082, 0.7247076502868107, 0.9035735726356506, 0.5876779556274414, 0.7054313123226166, 0.25059132650494576, 0.6165541410446167, 0.6517583578824997, 0.9694732626279196, 0.9491660445928574, 0.7976868264377117, 0.5845305323600769, 0.7332119941711426, 0.5465688215834754, 0.9841059893369675, 0.9235947132110596, 0.5801029056310654, 0.9980822205543518], "det_polygons": [[104.8578947368421, 1720.8515625, 104.8578947368421, 1710.005859375, 113.89736842105263, 1710.005859375, 113.89736842105263, 1720.8515625], [71.25635890960693, 1741.4721232652664, 99.79115635721307, 1689.1664074659348, 130.571429081967, 1705.9530633687973, 102.03663853093197, 1758.258779168129], [1312.5315789473684, 1684.69921875, 1413.7736842105262, 1684.69921875, 1413.7736842105262, 1757.00390625, 1312.5315789473684, 1757.00390625], [1444.9199234811883, 1677.7253733873367, 1814.160354453639, 1666.2600671052933, 1816.7671479877672, 1750.182755112648, 1447.5267170153165, 1761.6480613946915], [988.6911100688733, 1677.0371460914612, 1264.6962996633429, 1667.0926036834717, 1267.742708226254, 1751.6152564287186, 991.7375186317845, 1761.559798836708], [435.85725270321495, 1700.0208265185356, 696.4341230693616, 1667.741885125637, 705.0629473234478, 1737.377954185009, 444.48604937101663, 1769.6568955779076], [750.9672970420436, 1759.564292728901, 755.4463165283203, 1655.0693677067757, 952.8673404091282, 1663.5288925766945, 948.3883209228516, 1768.0238175988197], [243.14151101363333, 1520.9538592100143, 487.88164721037214, 1516.2481409311295, 489.19960953561883, 1584.7732050418854, 244.45950092516446, 1589.4789233207703], [528.3967404014186, 1504.6881730556488, 765.7727455540708, 1499.6916296482086, 767.7130544562089, 1591.8392847776413, 530.3370493035567, 1596.8358281850815], [1141.6964504844264, 1572.6571830511093, 1144.1653125963712, 1497.6152529716492, 1468.818804449784, 1508.2930365800858, 1466.3499423378391, 1583.334966659546], [1504.1684210526316, 1558.166015625, 1504.1684210526316, 1509.3603515625, 1598.178947368421, 1509.3603515625, 1598.178947368421, 1558.166015625], [1620.6238104569284, 1519.2874621152878, 1955.3109856856497, 1485.371691584587, 1963.516691509046, 1566.3225792646408, 1628.8295162803247, 1600.2383497953415], [1542.5787910862973, 1333.7815205454826, 1910.4086801629317, 1322.2886322140694, 1912.763224712171, 1397.6266831755638, 1544.9334459806744, 1409.119571506977], [360.9201041372199, 1314.4842361807823, 603.5301377948962, 1312.082611978054, 604.5149129767167, 1411.5275947451591, 361.90485173275596, 1413.9292189478874], [50.71883566505031, 1330.622162282467, 312.9932383888646, 1303.3060038685799, 325.1920588844701, 1420.396657884121, 62.917666505512436, 1447.712816298008], [884.4261549297132, 1397.7844524979591, 889.3987482171309, 1296.3586372733116, 1138.9443324038857, 1308.589400589466, 1133.971739116468, 1410.0152158141136], [634.4341143156353, 1306.0182019472122, 852.3402716385691, 1300.5024540424347, 855.0846655594675, 1408.8899785280228, 637.1785082365337, 1414.4057264328003], [682.6954913490697, 1143.0734941363335, 835.8578528956363, 1133.298636496067, 841.3524890297338, 1219.3674286007881, 688.1901274831671, 1229.1422862410545], [859.1457528365286, 1219.3440390229225, 862.617652250591, 1123.5350323319435, 1221.5899716025904, 1136.5391963124275, 1218.118072188528, 1232.3482030034065], [1605.5782509251644, 1145.912790298462, 1861.8877161929481, 1128.4963810443878, 1867.597856381065, 1212.5046837329865, 1611.2883911132812, 1229.9210929870605], [34.06069918682701, 1156.6579844355583, 245.6566904971474, 1126.434678018093, 261.27692750629626, 1235.75933021307, 49.68093964426141, 1265.9826366305351], [1276.0328280800268, 1214.3947160840034, 1277.1854933889288, 1136.0195505023003, 1576.9387221486945, 1140.4269413352013, 1575.7860568397923, 1218.8021069169044], [507.27861207660874, 1222.858102440834, 510.1862064562346, 1126.9233216047287, 702.358774205258, 1132.7457818984985, 699.4511798256322, 1228.6805627346039], [311.94802165784336, 1226.797481060028, 329.8501409430253, 1107.468267917633, 497.6439918919613, 1132.6334677934647, 479.7418726067794, 1251.9626809358597], [1593.6755416067022, 1034.879264652729, 1597.0441579718338, 976.4997609257698, 1730.9389343261719, 984.2231760621071, 1727.5703179610402, 1042.6026797890663], [704.0218409488075, 1043.667567551136, 706.9881389417146, 960.6230919957161, 1064.0439287687602, 973.3730598092079, 1061.077630775853, 1056.4175353646278], [1753.911026482833, 1041.2236876487732, 1767.180912057977, 948.3483077287674, 1930.9399378726357, 971.7387682199478, 1917.6700522974918, 1064.6141481399536], [1225.2543129368833, 1040.4762141108513, 1226.331722861842, 952.1364263892174, 1459.5814819335938, 954.9804666638374, 1458.504072008635, 1043.3202543854713], [58.50459203218159, 1074.4664561748505, 67.51595529255114, 934.8116998672485, 337.750301080001, 952.2435550689697, 328.7389654059159, 1091.8983113765717], [366.3249745017604, 957.1384862065315, 671.5088116294459, 936.3336773514748, 679.2330264442845, 1049.6047691702843, 374.0492169028834, 1070.409578025341], [236.4006093075401, 867.0557887852192, 237.35117749665912, 789.119398444891, 618.5839732119912, 793.7678563892841, 617.6334050228721, 871.7042467296124], [1723.2014229222348, 868.3963315486908, 1727.5174626400596, 774.5362724661827, 1948.590084035773, 784.6989337205887, 1944.2738236276728, 878.5589928030968], [1141.840781924599, 863.1170169711113, 1152.5179981432464, 761.2894967794418, 1441.9243840267784, 791.6258895993233, 1431.247167808131, 893.4534097909927], [1463.5594241493627, 872.4449350833893, 1471.399666876542, 765.3109595775604, 1691.182905337685, 781.390191078186, 1683.3426626105056, 888.5241665840149], [75.93157894736842, 849.580078125, 75.93157894736842, 784.505859375, 189.82894736842104, 784.505859375, 189.82894736842104, 849.580078125], [689.7073179546155, 774.2332009077072, 876.1635661878083, 771.6075001358986, 877.4078179610402, 859.934048473835, 690.9515697278474, 862.5597492456436], [331.6410425286544, 606.9418379366398, 497.607964204487, 598.9124827086926, 501.52963040000515, 679.9488747417927, 335.56270872417247, 687.9782299697399], [820.8958798057155, 600.9600637257099, 1161.2724503366571, 591.4405055344105, 1164.0663892244038, 691.3122377693653, 823.6898186934621, 700.8317959606647], [1737.9598644055818, 678.3903786242008, 1742.4990219919305, 596.6972028315067, 1923.232771381579, 606.7364068329334, 1918.6936137952302, 688.4295826256275], [97.75392994127775, 674.3900436758995, 104.07091321443257, 592.281702876091, 298.17496225457444, 607.2105422616005, 291.8579789814196, 