{
    "predictions": [
        {
            "rec_texts": [
                "co",
                "1",
                "he",
                "new",
                "a",
                "la",
                "t",
                "en",
                "a",
                "w",
                "l",
                "p",
                "bl",
                "thougd",
                "",
                "a",
                "hu",
                "sus",
                "be",
                "alkinss",
                "illins",
                "vbue",
                "u"
            ],
            "rec_scores": [
                0.2945636883378029,
                0.7451421618461609,
                0.5899681448936462,
                0.6152123808860779,
                0.8948364853858948,
                0.8040615618228912,
                0.8017475605010986,
                0.28374920785427094,
                0.10940529406070709,
                0.3268616199493408,
                0.40990906953811646,
                0.21025680005550385,
                0.3798217102885246,
                0.87563423315684,
                NaN,
                0.17851252853870392,
                0.8193570375442505,
                0.2481688012679418,
                0.7836090624332428,
                0.7597394330160958,
                0.5567502727111181,
                0.6195083782076836,
                0.9338657855987549
            ],
            "det_polygons": [
                [
                    685.6744186046511,
                    1195.578125,
                    685.6744186046511,
                    1177.99609375,
                    712.046511627907,
                    1177.99609375,
                    712.046511627907,
                    1195.578125
                ],
                [
                    686.9302325581396,
                    1157.90234375,
                    703.2558139534884,
                    1157.90234375,
                    703.2558139534884,
                    1170.4609375,
                    686.9302325581396,
                    1170.4609375
                ],
                [
                    69.71870493334393,
                    1017.8576200008392,
                    76.85127826069677,
                    959.0117473602295,
                    172.11131818904434,
                    970.558846950531,
                    164.9787256994913,
                    1029.4047195911407
                ],
                [
                    53.35649499227834,
                    840.0823091268539,
                    58.00522560297057,
                    772.6730760335922,
                    242.77037935478742,
                    785.4159401655197,
                    238.1216487440952,
                    852.8251732587814
                ],
                [
                    1854.8372093023256,
                    648.0234375,
                    1868.6511627906978,
                    648.0234375,
                    1868.6511627906978,
                    658.0703125,
                    1854.8372093023256,
                    658.0703125
                ],
                [
                    691.5537648755451,
                    667.4961564540863,
                    692.6460102879724,
                    631.451827287674,
                    779.1415760128997,
                    634.0730044841766,
                    778.0493306004724,
                    670.117333650589
                ],
                [
                    129.34883720930233,
                    475.970703125,
                    129.34883720930233,
                    469.69140625,
                    136.88372093023256,
                    469.69140625,
                    136.88372093023256,
                    475.970703125
                ],
                [
                    160.74418604651163,
                    486.017578125,
                    160.74418604651163,
                    460.900390625,
                    209.72093023255815,
                    460.900390625,
                    209.72093023255815,
                    486.017578125
                ],
                [
                    1123.953488372093,
                    468.435546875,
                    1123.953488372093,
                    462.15625,
                    1131.4883720930234,
                    462.15625,
                    1131.4883720930234,
                    468.435546875
                ],
                [
                    91.82953661541606,
                    480.2332204580307,
                    93.63938726380815,
                    456.70433020591736,
                    157.50123276821404,
                    461.6169295310974,
                    155.69138211982195,
                    485.14581978321075
                ],
                [
                    1119.1248438635537,
                    457.53849095106125,
                    1153.6319807185682,
                    455.2379472851753,
                    1155.2434451081033,
                    479.4104807972908,
                    1120.7363082530887,
                    481.7110244631767
                ],
                [
                    327.7674418604651,
                    297.638671875,
                    327.7674418604651,
                    283.82421875,
                    337.8139534883721,
                    283.82421875,
                    337.8139534883721,
                    297.638671875
                ],
                [
                    1125.3957888581033,
                    317.1231568455696,
                    1131.078071061955,
                    260.29862451553345,
                    1203.5671415107195,
                    267.54779374599457,
                    1197.8848593068678,
                    324.37232607603073
                ],
                [
                    82.30083554290061,
                    310.7943813800812,
                    95.09593484568042,
                    242.55146661400795,
                    311.7214752906977,
                    283.1702275276184,
                    298.9263759879179,
                    351.41312313079834
                ],
                [
                    1210.6046511627908,
                    114.283203125,
                    1210.6046511627908,
                    108.00390625,
                    1216.8837209302326,
                    108.00390625,
                    1216.8837209302326,
                    114.283203125
                ],
                [
                    1208.093023255814,
                    116.794921875,
                    1208.093023255814,
                    102.98046875,
                    1221.906976744186,
                    102.98046875,
                    1221.906976744186,
                    116.794921875
                ],
                [
                    580.4016595884812,
                    81.69380947947502,
                    672.182313431141,
                    78.23026981949806,
                    673.7680238235829,
                    120.25357499718666,
                    581.987369980923,
                    123.71711465716362
                ],
                [
                    1577.7265000454215,
                    133.90976178646088,
                    1586.2470873455668,
                    61.481398053467274,
                    1732.4102187045785,
                    78.67766588926315,
                    1723.8896314044332,
                    151.10602483153343
                ],
                [
                    1000.1128639398619,
                    124.50418259203434,
                    1006.6654166288154,
                    58.97566770762205,
                    1103.8977930823037,
                    68.69925032556057,
                    1097.3452403933502,
                    134.22777000069618
                ],
                [
