{"predictions": [{"rec_texts": ["zxc", "icyprlderos", "sile", "ras", "iochali", "ard", "madley", "fardl", "aick", "swh", "d", "c", "l", "lap", "pih", "h", "proofers", "rback", "", "loral", "c", "coson", "haf", "ard", "loxcod", "s", "weal", "lean", "viselly", "trerughde", "mohs", "c", "dasei", "hal", "jed", "euaprecepslade", "e", "uex", "hu", "i", "exen", "sanbi", "shady", "l", "vorclador", "i", "j", "iralionere", "t", "eocia", "ciolal", "had", "poorr", "q", "un", "cfluly", "swelle", "cal", "i", "upaen", "solls", "heo", "a", "a", "and", "oukly", "ha", "houz", "sus"], "rec_scores": [0.6526215076446533, 0.8009808930483732, 0.5479015931487083, 0.6591852605342865, 0.5662544710295541, 0.8501479029655457, 0.6653398225704829, 0.7395363986492157, 0.6818946525454521, 0.55586905280749, 0.15463587641716003, 0.18583761155605316, 0.3578670918941498, 0.9602733254432678, 0.7365479270617167, 0.9952031373977661, 0.6660434640944004, 0.9272199749946595, NaN, 0.8055844306945801, 0.9714199900627136, 0.9107172846794128, 0.8597701986630758, 0.6074698170026144, 0.7286848475535711, 0.2220659703016281, 0.7511482983827591, 0.8677604645490646, 0.7957249070916858, 0.6223471793863509, 0.512609452009201, 0.7306037545204163, 0.763190495967865, 0.6960101326306661, 0.6594265500704447, 0.8202615252562931, 0.08634138107299805, 0.7251398265361786, 0.43617314472794533, 0.07171569019556046, 0.7029851973056793, 0.5027721583843231, 0.4921485006809235, 0.7573183178901672, 0.7218076023790572, 0.308022141456604, 0.18664798140525818, 0.5602068215608597, 0.12243769317865372, 0.5913625478744506, 0.7236951887607574, 0.8910881876945496, 0.711789345741272, 0.515841007232666, 0.5558318197727203, 0.4998827874660492, 0.6933288226524988, 0.6751828789710999, 0.07865460962057114, 0.3697508543729782, 0.7077821135520935, 0.9445213675498962, 0.35331642627716064, 0.974648654460907, 0.8689822554588318, 0.70228271484375, 0.6973800510168076, 0.7551542371511459, 0.2895159771045049], "det_polygons": [[1035.2328485250473, 1947.6743306418548, 1223.8181648254395, 1942.1288080243257, 1226.1276272535324, 2020.6360254760386, 1037.5423109531403, 2026.1815480935677], [50.408698193728924, 1940.1451149098032, 825.0279226303101, 1906.0269109876092, 830.5153827667236, 2030.5709616435859, 55.89615041017532, 2064.6891655657796], [1196.0541813373566, 2014.9261769998177, 1216.1260392665863, 1905.9833272594751, 1384.4837594032288, 1936.9911226767492, 1364.411901473999, 2045.9339724170918], [1864.4747005701065, 1975.2372377801566, 1867.4602113962173, 1908.573391661352, 2059.5702298879623, 1917.1738295485604, 2056.5847190618515, 1983.8376756673651], [1399.8695311546326, 1906.0736621378462, 1850.557987689972, 1882.0767654997267, 1856.1090610027313, 1986.2958486128825, 1405.420604467392, 2010.292745251002], [569.1560224890709, 1736.0665884657433, 879.579706132412, 1728.5577709320335, 882.069870531559, 1831.4673150510203, 571.6461868882179, 1838.9761325847303], [62.763332188129425, 1830.8731066645407, 70.71352195739746, 1696.5391877733234, 524.041355073452, 1723.3586375956631, 516.091165304184, 1857.6925564868804], [910.9913097023964, 1734.756669380922, 1268.2291589975357, 1730.9570298264393, 1269.2207388877869, 1824.1588052910895, 911.982952952385, 1827.958444845572], [1678.5882556438446, 1830.1534683627915, 1680.5843408107758, 1715.4053673924927, 1994.1719563007355, 1720.8581478908527, 1992.1758711338043, 1835.6062488611515], [1286.7442681789398, 1828.1749698205174, 1288.9575505256653, 1697.6128171692783, 1634.6639909744263, 1703.4712810905612, 1632.4507086277008, 1834.0334337418003], [80.970703125, 1617.0495626822158, 80.970703125, 1606.67055393586, 93.427734375, 1606.67055393586, 93.427734375, 1617.0495626822158], [1288.2647751569748, 1607.7087082042638, 1297.6075485944748, 1598.3676003325436, 1305.9122360944748, 1606.6708073296281, 1296.5694626569748, 1616.0119152013483], [940.505859375, 1612.8979591836735, 940.505859375, 1592.139941690962, 990.333984375, 1592.139941690962, 990.333984375, 1612.8979591836735], [1003.0402728319168, 1650.5944632038081, 1039.0313915014267, 1548.6374262595662, 1197.9127758741379, 1604.7033314162718, 1161.921657204628, 1706.6603683605138], [234.607421875, 1673.0960832156522, 234.607421875, 1556.8511852564686, 554.3378272652626, 1556.8511852564686, 554.3378272652626, 1673.0960832156522], [39.447265625, 1550.6239067055392, 199.3125, 1550.6239067055392, 199.3125, 1654.4139941690962, 39.447265625, 1654.4139941690962], [1248.1717470884323, 1565.7687454446063, 1559.9672957658768, 1532.9539990661442, 1570.9680668115616, 1637.443706723761, 1259.1725181341171, 1670.258453102223], [587.1226264238358, 1646.0615020840926, 595.2104969024658, 1518.0254319082544, 865.0853425264359, 1535.067176396228, 856.9974720478058, 1663.1032465720662], [1008.284938454628, 1574.7670115479227, 1045.1769058704376, 1553.689717907252, 1059.2309826612473, 1578.2800627505467, 1022.3390152454376, 1599.357356391217], [1629.0178780555725, 1636.983036853134, 1632.5492963790894, 1518.1094319424199, 1931.0081272125244, 1526.9728925610423, 1927.4767088890076, 1645.8464974717565], [1174.5558422803879, 1462.5076174722121, 1182.7695451974869, 1384.4914771433125, 1317.5387479066849, 1398.6751933195153, 1309.3250449895859, 1476.6913336484147], [55.20698654651642, 1464.6040708135931, 58.12419557571411, 1382.208019200984, 466.39799654483795, 1396.6575454400509, 463.48078751564026, 1479.0535970526603], [1347.435546875, 1467.5918367346937, 1347.435546875, 1361.725947521866, 1665.08984375, 1361.725947521866, 1665.08984375, 1467.5918367346937], [835.8561017513275, 1464.840740593112, 837.86967420578, 1357.1306515351675, 1148.9539464712143, 1362.9442647594751, 1146.9403740167618, 1470.6543538174199], [1648.688668847084, 1369.1753442169277, 2069.1200629472733, 1356.7387780726128, 2072.1504324674606, 1459.1496432557396, 1651.7190383672714, 1471.5862094000545], [1391.03515625, 1239.2536443148688, 1391.03515625, 1224.7230320699707, 1405.568359375, 1224.7230320699707, 1405.568359375, 1239.2536443148688], [55.065488412976265, 1283.6678705243257, 58.32116515934467, 1178.6913934379554, 434.9853158593178, 1190.3687918526784, 431.72963911294937, 1295.3452689390488], [1236.2786175012589, 1270.76835396547, 1239.5208619832993, 1173.5214003849308, 1576.8698996305466, 1184.764481880922, 1573.6276551485062, 1282.0114354614614], [930.3358612060547, 1279.0515428548651, 936.851776599884, 1161.7847078284437, 1205.6937317848206, 1176.7177093772777, 1199.1778163909912, 1293.984544403699], [480.4698774218559, 1177.5251486197158, 916.0690857768059, 1160.644562568331, 920.943096935749, 1286.371455334366, 485.3438885807991, 1303.2520413857508], [1563.7691334486008, 1277.1377864203716, 1568.5928369760513, 1143.300772708637, 1893.1576536893845, 1154.9946417182944, 1888.333950161934, 1288.831655430029], [1460.5870407819748, 1057.6212446474126, 1470.9679001569748, 1047.2421725526146, 1482.3868454694748, 1058.659018825164, 1472.0059860944748, 1069.0381542684038], [696.0042442679405, 1100.8219681008563, 701.7201796174049, 986.5234510238247, 1065.283231496811, 1004.6984357917273, 1059.567359507084, 1118.997016217201], [456.1227895319462, 1111.3355289381377, 463.0167091190815, 982.6714223077623, 694.6607010364532, 995.0787214718476, 687.7667814493179, 1123.742828102223], [75.81797248125076, 1103.4852633017492, 78.79359918832779, 982.498291015625, 428.6892587542534, 991.1006927045371, 425.71363204717636, 1112.0877283391035], [1070.3311017751694, 986.3660934937591, 1967.8230491876602, 977.1862707555119, 1969.0760513544083, 1099.6351983873906, 1071.5841039419174, 1108.8148944287536], [406.9296875, 894.67055393586, 406.9296875, 882.2157434402332, 419.38671875, 882.2157434402332, 419.38671875, 894.67055393586], [1768.5328518152237, 839.5553188490798, 2023.762601017952, 836.840584713238, 2024.6623092889786, 921.3868091460914, 1769.4325600862503, 924.1015432819332], [381.29158160090446, 922.6436422364704, 390.92143800854683, 833.5834612165178, 587.7095910310745, 854.8540943023414, 