{
    "pages": [
        {
            "page_idx": 0,
            "dimensions": [
                587,
                1827
            ],
            "orientation": {
                "value": null,
                "confidence": null
            },
            "language": {
                "value": null,
                "confidence": null
            },
            "blocks": [
                {
                    "geometry": [
                        [
                            0.0224609375,
                            0.06839264799829642
                        ],
                        [
                            0.046875,
                            0.13526139267461668
                        ]
                    ],
                    "lines": [
                        {
                            "geometry": [
                                [
                                    0.0224609375,
                                    0.06839264799829642
                                ],
                                [
                                    0.046875,
                                    0.13526139267461668
                                ]
                            ],
                            "words": [
                                {
                                    "value": "a",
                                    "confidence": 0.7272284030914307,
                                    "geometry": [
                                        [
                                            0.0224609375,
                                            0.06839264799829642
                                        ],
                                        [
                                            0.046875,
                                            0.13526139267461668
                                        ]
                                    ]
                                }
                            ]
                        }
                    ],
                    "artefacts": []
                },
                {
                    "geometry": [
                        [
                            0.0419921875,
                            0.11094548551959116
                        ],
                        [
                            0.439453125,
                            0.2720383704216354
                        ]
                    ],
                    "lines": [
                        {
                            "geometry": [
                                [
                                    0.0419921875,
                                    0.11094548551959116
                                ],
                                [
                                    0.439453125,
                                    0.2720383704216354
                                ]
                            ],
                            "words": [
                                {
                                    "value": "Thoh",
                                    "confidence": 0.7767192721366882,
                                    "geometry": [
                                        [
                                            0.0419921875,
                                            0.11094548551959116
                                        ],
                                        [
                                            0.138671875,
                                            0.25988041684412266
                                        ]
                                    ]
                                },
                                {
                                    "value": "w&",
                                    "confidence": 0.2901118993759155,
                                    "geometry": [
                                        [
                                            0.162109375,
                                            0.17477474180153324
                                        ],
                                        [
                                            0.2138671875,
                                            0.2477224632666099
                                        ]
                                    ]
                                },
                                {
                                    "value": "ae",
                                    "confidence": 0.8954968452453613,
                                    "geometry": [
                                        [
                                            0.224609375,
                                            0.1808537185902896
                                        ],
                                        [
                                            0.2880859375,
                                            0.2507619516609881
                                        ]
                                    ]
                                },
                                {
                                    "value": "Saseck,",
                                    "confidence": 0.48674675822257996,
                                    "geometry": [
                                        [
                                            0.3115234375,
                                            0.15045883464650767
                                        ],
                                        [
                                            0.439453125,
                                            0.2720383704216354
                                        ]
                                    ]
                                }
                            ]
                        }
                    ],
                    "artefacts": []
                },
                {
                    "geometry": [
                        [
                            0.4853515625,
                            0.12918241588586032
                        ],
                        [
                            0.974609375,
                            0.28115683560477
                        ]
                    ],
                    "lines": [
                        {
                            "geometry": [
                                [
                                    0.4853515625,
                                    0.12918241588586032
                                ],
                                [
                                    0.974609375,
                                    0.28115683560477
                                ]
                            ],
                            "words": [
                                {
                                    "value": "criek",
                                    "confidence": 0.3287801146507263,
                                    "geometry": [
                                        [
                                            0.4853515625,
                                            0.14134036946337308
                                        ],
                                        [
                                            0.5859375,
                                            0.26291990523850084
                                        ]
                                    ]
                                },
                                {
                                    "value": "fle",
                                    "confidence": 0.45578211545944214,