{
    "pages": [
        {
            "page_idx": 0,
            "dimensions": [
                455,
                1733
            ],
            "orientation": {
                "value": null,
                "confidence": null
            },
            "language": {
                "value": null,
                "confidence": null
            },
            "blocks": [
                {
                    "geometry": [
                        [
                            0.0302734375,
                            0.10201107486263739
                        ],
                        [
                            0.9833984375,
                            0.5520733173076923
                        ]
                    ],
                    "lines": [
                        {
                            "geometry": [
                                [
                                    0.0302734375,
                                    0.10201107486263739
                                ],
                                [
                                    0.9833984375,
                                    0.5520733173076923
                                ]
                            ],
                            "words": [
                                {
                                    "value": "Lwade",
                                    "confidence": 0.5752557516098022,
                                    "geometry": [
                                        [
                                            0.0302734375,
                                            0.10201107486263739
                                        ],
                                        [
                                            0.2275390625,
                                            0.45164620535714284
                                        ]
                                    ]
                                },
                                {
                                    "value": "i",
                                    "confidence": 0.23813869059085846,
                                    "geometry": [
                                        [
                                            0.2373046875,
                                            0.18012105082417584
                                        ],
                                        [
                                            0.291015625,
                                            0.45164620535714284
                                        ]
                                    ]
                                },
                                {
                                    "value": "mys,",
                                    "confidence": 0.27820393443107605,
                                    "geometry": [
                                        [
                                            0.30859375,
                                            0.139206301510989
                                        ],
                                        [
                                            0.4765625,
                                            0.5409147493131868
                                        ]
                                    ]
                                },
                                {
                                    "value": "W",
                                    "confidence": 0.8978513479232788,
                                    "geometry": [
                                        [
                                            0.4697265625,
                                            0.16152343749999998
                                        ],
                                        [
                                            0.5,
                                            0.30658482142857146
                                        ]
                                    ]
                                },
                                {
                                    "value": "Goy",
                                    "confidence": 0.996364414691925,
                                    "geometry": [
                                        [
                                            0.490234375,
                                            0.13548677884615384
                                        ],
                                        [
                                            0.642578125,
                                            0.5483537946428572
                                        ]
                                    ]
                                },
                                {
                                    "value": "thed",
                                    "confidence": 0.8283479809761047,
                                    "geometry": [
                                        [
                                            0.642578125,
                                            0.1503648695054945
                                        ],
                                        [
                                            0.7548828125,
                                            0.4628047733516484
                                        ]
                                    ]
                                },
                                {
                                    "value": "to",
                                    "confidence": 0.9944891929626465,
                                    "geometry": [
                                        [
                                            0.7646484375,
                                            0.17268200549450552
                                        ],
                                        [
                                            0.830078125,
                                            0.4479266826923077
                                        ]
                                    ]
                                },
                                {
                                    "value": "puk",
                                    "confidence": 0.6453905701637268,
                                    "geometry": [
                                        [
                                            0.826171875,
                                            0.139206301510989
                                        ],
                                        [
                                            0.9833984375,
                                            0.5520733173076923
                                        ]
                                    ]
                                }
                            ]
                        }
                    ],
                    "artefacts": []
                },
                {
                    "geometry": [
                        [
                            0.0263671875,
                            0.5483537946428572
                        ],
                        [
                            0.25390625,
                            0.9351841517857142
                        ]
                    ],
                    "lines": [
                        {
                            "geometry": [
                                [
                                    0.0263671875,
                                    0.5483537946428572
                                ],
                                [
                                    0.25390625,
                                    0.9351841517857142
                                ]
                            ],
                            "words": [
                                {
                                    "value": "worually.",
                                    "confidence": 0.46321937441825867,