{
    "predictions": [
        {
            "rec_texts": [
                "193.00",
                "VISA CARD",
                "193.00",
                "TOTAL:",
                "ROUND AMT:",
                "0.00",
                "193.00",
                "TOTAL GST @6%:",
                "0.00",
                "$71",
                "135067",
                "193.00 SR",
                "193.00",
                "1",
                "000000111",
                "DESCRIPTION",
                "AMOUNT",
                "DESC",
                ".95.",
                ": ",
                "AMOUNT",
                "BILT ",
                "SERVICE HARVEY",
                "CASHIER",
                ": 16/03/1HAH MIN",
                "DATE",
                ": P61814030765",
                "INVOICE NO",
                "TAX INVOICE",
                "81750 KASIA . OHOR",
                "BANDAR SSALA AMA.",
                "**CP**",
                "TAN CHAY YEE"
            ],
            "rec_scores": [
                0.9371937414010366,
                0.9369330671098497,
                0.9892244537671407,
                0.999954491853714,
                0.9138339042663575,
                0.9712338149547577,
                0.9914886852105459,
                0.9958975442818233,
                0.999576136469841,
                0.6485801041126251,
                0.6914697041114172,
                0.989083362950219,
                0.9974746604760488,
                0.9999805688858032,
                0.9983424610561795,
                0.9969590197909962,
                0.999874492486318,
                0.5810513943433762,
                0.7791721075773239,
                0.7870875597000122,
                0.9408052861690521,
                0.8945197939872742,
                0.8605170228651592,
                0.9998234340122768,
                0.7882886659353971,
                0.9993010014295578,
                0.8816767420087542,
                0.9985090792179108,
                0.9983005902983926,
                0.7742456661330329,
                0.8890700129901662,
                0.7391404807567596,
                0.9723578641812006
            ],
            "det_polygons": [
                [
                    303.84375,
                    745.6783004552352,
                    303.84375,
                    731.2078907435508,
                    359.005859375,
                    731.2078907435508,
                    359.005859375,
                    745.6783004552352
                ],
                [
                    147.400390625,
                    744.3216995447648,
                    147.400390625,
                    731.660091047041,
                    230.1435546875,
                    731.660091047041,
                    230.1435546875,
                    744.3216995447648
                ],
                [
                    291.6357421875,
                    717.1896813353566,
                    291.6357421875,
                    700.9104704097117,
                    355.8408203125,
                    700.9104704097117,
                    355.8408203125,
                    717.1896813353566
                ],
                [
                    174.01364785432816,
                    700.0626500409,
                    239.59804916381836,
                    699.4821643974061,
                    239.7581942677498,
                    717.5807749816246,
                    174.17379295825958,
                    718.1612606251185
                ],
                [
                    163.17152351140976,
                    679.2689433119547,
                    250.33077919483185,
                    677.7485081118408,
                    250.54432439804077,
                    689.9935756561789,
                    163.38506871461868,
                    691.5140108562927
                ],
                [
                    320.3893361091614,
                    692.6706765251565,
                    320.68854224681854,
                    675.9123275826299,
                    357.3816132545471,
                    676.5676647412035,
                    357.08240711688995,
                    693.32601368373
                ],
                [
                    302.82227647304535,
                    671.8995466912462,
                    303.00899744033813,
                    654.7179223669859,
                    357.73214972019196,
                    655.3127600708934,
                    357.54542875289917,
                    672.4943843951536
                ],
                [
                    127.49524834752083,
                    638.067103477096,
                    249.10704761743546,
                    637.5882966616085,
                    249.14979529380798,
                    648.4498255820846,
                    127.53800982236862,
                    648.9286323975721
                ],
                [
                    319.1046704649925,
                    633.6954658751423,
                    358.4225978255272,
                    633.028978269632,
                    358.73604398965836,
                    651.5255825291636,
                    319.4181166291237,
                    652.1920701346737
                ],
                [
                    28.25420467928052,
                    613.4734679527456,
                    73.05792458355427,
                    612.0731484582464,
                    73.64946521818638,
                    631.0047305487718,
                    28.84574703872204,
                    632.4050500432711
                ],
                [
                    302.4873046875,
                    630.3672230652504,
                    302.4873046875,
                    612.731411229135,
                    358.1015625,
                    612.731411229135,
                    358.1015625,
                    630.3672230652504
                ],
                [
                    304.2613470554352,
                    552.184042761286,
                    381.52458465099335,
                    551.1805025369879,
                    381.6886761188507,
                    563.8164981268968,
                    304.42543852329254,
                    564.820038351195
                ],
                [
                    216.95363357663155,
                    550.8592923848871,
                    271.64867836236954,
                    550.3011076352665,
                    271.7824407815933,
                    563.4135916309039,
                    217.0874097943306,
                    563.9717763805245
                ],
                [
                    202.5625,
                    562.0849772382397,
                    202.5625,
                    553.0409711684371,
                    210.701171875,
                    553.0409711684371,
                    210.701171875,
                    562.0849772382397
                ],
                [
                    25.73136045411229,
                    550.3693903226954,
                    103.03657473623753,
                    549.8640873956753,
                    103.11924140155315,
                    562.5133310413505,
                    25.814028844237328,
                    563.0186339683706
                ],
                [
                    30.720645911991596,
                    530.4538640903594,
                    110.26718965172768,
                    529.9535291842517,
                    110.3468206524849,
                    542.6174560917347,
                    30.80028036236763,
                    543.1177909978423
                ],
                [
                    298.3336600661278,
                    530.0239646807426,
                    356.2120820879936,
                    529.5071801053917,
                    356.329037964344,
                    542.607851251304,
