{
    "predictions": [
        {
            "rec_texts": [
                "T2 R00060251",
                "GST @6% INCLUDED IN TOTAL",
                "RM 1.51",
                "RM 23.30",
                "CHANGE",
                "RM 50.00",
                "CASH",
                "RM 26.70",
                "TOTAL INCL. GST@6%",
                "QTY(S) : 3",
                "ITEM(S) : 4",
                "KPINIZIANGK",
                "1 X 16.90",
                "16.90",
                "ME15/243 - 60",
                "ENERGERBOLL 1187 LEIVILI",
                "*S",
                "5.50",
                "5.50",
                "1 X 5",
                "9013039",
                "PB21 - 20/800",
                "SITCHER MY SR",
                "S",
                "4.30",
                "1 X 4.40",
                "9064038",
                "JD623 - 6/240",
                "MASH BITH 4027",
                "*S",
                "-TAX INVOICE-",
                "(SELAYANG MALL)",
                "CO-REG:860671-D",
                "MR. D.I.Y. (M) SDN BHD"
            ],
            "rec_scores": [
                0.9383845825990041,
                0.9967028522491455,
                0.9990257961409432,
                0.9982947707176208,
                0.9999313851197561,
                0.9997454956173897,
                0.9999682009220123,
                0.9965242072939873,
                0.9976344042354159,
                0.9911315083503723,
                0.9839186614209955,
                0.5434409799900922,
                0.9837361375490824,
                0.999964714050293,
                0.8495075610967783,
                0.6880834456533194,
                0.9519656300544739,
                0.9997853487730026,
                0.999828651547432,
                0.9672608852386475,
                0.9980737396648952,
                0.9580694620425885,
                0.7300095351842734,
                0.5106722116470337,
                0.9997922778129578,
                0.8906119242310524,
                0.9910183804375785,
                0.821478939973391,
                0.7783651458365577,
                0.9966447055339813,
                0.9951111078262329,
                0.9662513216336568,
                0.9476743459701538,
                0.9953804151578383
            ],
            "det_polygons": [
                [
                    580.1484375,
                    1755.2128,
                    580.1484375,
                    1734.3999999999999,
                    810.8203125,
                    1734.3999999999999,
                    810.8203125,
                    1755.2128
                ],
                [
                    75.4264565706253,
                    1633.813374609375,
                    530.6913328170776,
                    1632.917169140625,
                    530.7391805648804,
                    1657.210625390625,
                    75.47431755065918,
                    1658.106830859375
                ],
                [
                    632.7695274353027,
                    1659.67661953125,
                    633.2458877563477,
                    1630.14354765625,
                    760.7871294021606,
                    1632.20060703125,
                    760.3107690811157,
                    1661.73367890625
                ],
                [
                    672.9375,
                    1560.0928,
                    672.9375,
                    1533.2096,
                    817.7578125,
                    1533.2096,
                    817.7578125,
                    1560.0928
                ],
                [
                    72.7015101313591,
                    1529.84560078125,
                    183.64441967010498,
                    1528.82765703125,
                    183.9308180809021,
                    1560.04431640625,
                    72.98790192604065,
                    1561.06226015625
                ],
                [
                    670.2784566879272,
                    1483.83149453125,
                    817.6591529846191,
                    1482.8489078124999,
                    817.8439807891846,
                    1510.5806765625,
                    670.4632844924927,
                    1511.5632632812499
                ],
                [
                    68.14482593536377,
                    1478.7580781249999,
                    148.92258203029633,
                    1477.4958109375,
                    149.4678293466568,
                    1512.3921421875,
                    68.69007325172424,
                    1513.654409375
                ],
                [
                    672.8219561576843,
                    1433.58894140625,
                    818.3773455619812,
                    1431.6218625,
                    818.740861415863,
                    1458.5234820312498,
                    673.1854720115662,
                    1460.4905609375
                ],
                [
                    75.40734261274338,
                    1434.39220234375,
                    406.62945342063904,
                    1432.56718671875,
                    406.7585470676422,
                    1455.99513671875,
                    75.53642964363098,
                    1457.82015234375
                ],
                [
                    638.1187362670898,
                    1333.812775390625,
                    816.8121843338013,
                    1332.808805078125,
                    816.9873790740967,
                    1364.002598828125,
                    638.2939310073853,
                    1365.006569140625
                ],
                [
                    78.00566321611404,
                    1358.0144515625,
                    78.13380414247513,
                    1331.107115625,
                    277.5328423976898,
                    1332.05667421875,
                    277.40470147132874,
                    1358.96401015625
                ],
                [
                    79.73991250991821,
                    1250.46746640625,
                    79.8648247718811,
                    1234.8519382812499,
                    307.03957986831665,
                    1236.66933203125,
                    306.91466760635376,
                    1252.28486015625
                ],
                [
                    484.5937328338623,
                    1229.86807890625,
                    645.8259286880493,
                    1227.93720390625,
                    646.1680612564087,
                    1256.50907265625,
                    484.9358654022217,
                    1258.43994765625
                ],
                [
                    687.6796875,
                    1261.776,
                    687.6796875,
                    1226.2208,
                    783.0703125,
                    1226.2208,
                    783.0703125,
                    1261.776
                ],
                [
                    74.46782112121582,
                    1182.912459375,
                    312.0450417995453,
                    1180.149953125,
                    312.3475306034088,
                    1206.16235390625,
                    74.77030992507935,
                    1208.92486015625
                ],
                [
                    77.1427960395813,
                    1153.3586390625,
                    77.18942642211914,
                    1132.54986171875,
                    478.72433853149414,
                    1133.45008984375,
                    478.6777081489563,
                    1154.2588671875
                ],
                [
                    782.203125,
                    1163.7824,
                    782.203125,
                    1125.6255999999998,
                    823.828125,
                    1125.6255999999998,
