{
    "predictions": [
        {
            "rec_texts": [
                "A",
                "EX",
                "8 7",
                "T",
                ".00",
                "2.99",
                ": = 0%",
                ".10",
                "1.60",
                "S = 6%",
                "TAX(RM)",
                "AMOUNT(RM)",
                "GST SUMMARY",
                "45.30",
                "CHANGE RM",
                "50.00",
                "CRSA RM",
                "ROUNDING RM",
                ".47.0",
                ".01",
                ".&.69",
                "@2 X RM 8.85",
                "RM1.70 S",
                "RM2.99 X",
                "19-08-16",
                "S61490",
                "11:30AM",
                "1232-TMN INDAH PERDANA"
            ],
            "rec_scores": [
                0.7086779475212097,
                0.5627424716949463,
                0.5085674722989401,
                0.9591609835624695,
                0.9973647793134054,
                0.9160657227039337,
                0.8762645969788233,
                0.9902322888374329,
                0.9968310594558716,
                0.9661155541737875,
                0.9999123215675354,
                0.9966076672077179,
                0.9880871230905707,
                0.9997754216194152,
                0.9991812176174588,
                0.9920255303382873,
                0.8719958152089801,
                0.9884557832371105,
                0.6335419178009033,
                0.8685806592305502,
                0.7431507349014282,
                0.905056449274222,
                0.9788709282875061,
                0.8627885803580284,
                0.9876253977417946,
                0.891881674528122,
                0.8922242096492222,
                0.9201986369761553
            ],
            "det_polygons": [
                [
                    619.1796875,
                    1910.2060695056289,
                    654.15625,
                    1910.2060695056289,
                    654.15625,
                    1917.7674987763094,
                    619.1796875,
                    1917.7674987763094
                ],
                [
                    570.0234375,
                    1911.151248164464,
                    586.09375,
                    1911.151248164464,
                    586.09375,
                    1915.8771414586392,
                    570.0234375,
                    1915.8771414586392
                ],
                [
                    1.4180275741964579,
                    1858.6940633556273,
                    8.507871098816395,
                    1851.6052234143647,
                    14.652402348816395,
                    1857.7488846967924,
                    7.562558598816395,
                    1864.8377246380553
                ],
                [
                    2.835937950760126,
                    1850.659813999021,
                    8.03515625,
                    1835.0643661282427,
                    21.080468028783798,
                    1839.4122802614875,
                    15.881249278783798,
                    1855.0077281322656
                ],
                [
                    779.5451102256775,
                    1531.45491267581,
                    843.6643462181091,
                    1529.9979160811115,
                    844.6315836906433,
                    1572.5519545709626,
                    780.5123476982117,
                    1574.0089511656608
                ],
                [
                    533.2202363014221,
                    1569.6004634489339,
                    534.6339354515076,
                    1530.7276835392574,
                    611.5837807655334,
                    1533.5253754483679,
                    610.170081615448,
                    1572.3981553580443
                ],
                [
                    145.21819484233856,
                    1533.67629020493,
                    256.81167483329773,
                    1531.9329247831772,
                    257.35757780075073,
                    1566.8664603361708,
                    145.7641122341156,
                    1568.6098257579233
                ],
                [
                    780.5010967254639,
                    1482.4466146430839,
                    843.9107713699341,
                    1481.0376154021544,
                    844.8528528213501,
                    1523.423663153814,
                    781.4431781768799,
                    1524.8326623947435
                ],
                [
                    534.1015625,
                    1522.6828193832598,
                    534.1015625,
                    1482.985315712188,
                    611.6171875,
                    1482.985315712188,
                    611.6171875,
                    1522.6828193832598
                ],
                [
                    144.09236192703247,
                    1514.8155223605565,
                    145.1541075706482,
                    1480.1367419929522,
                    259.458740234375,
                    1483.6354721748999,
                    258.3969945907593,
                    1518.3142525425042
                ],
                [
                    716.362359046936,
                    1437.715619252,
                    839.321759223938,
                    1436.5666825961553,
                    839.639440536499,
                    1470.5548087338052,
                    716.6800403594971,
                    1471.7037453896498
                ],
                [
                    433.82744097709656,
                    1436.7255584522607,
                    606.8009057044983,
                    1435.6377722711698,
                    607.003134727478,
                    1467.7904611401736,
                    434.02969884872437,
                    1468.8782473212646
                ],
                [
                    148.93206882476807,
                    1471.2181183175019,
                    149.7611789703369,
                    1435.3640950520833,
                    341.7318534851074,
                    1439.8020042236446,
                    340.9027433395386,
                    1475.6560274890633
                ],
                [
                    732.6171875,
                    1373.3445912873226,
                    732.6171875,
                    1338.372980910426,
                    823.3671875,
                    1338.372980910426,
                    823.3671875,
                    1373.3445912873226
                ],
                [
                    521.5930194854736,
                    1339.477843073146,
                    676.5948438644409,
                    1337.340114778359,
                    676.985800743103,
                    1365.67701402273,
                    521.9839763641357,
                    1367.8147423175171
                ],
                [
                    730.7265625,
                    1325.1404796867353,
                    730.7265625,
                    1287.3333333333333,
                    822.421875,
                    1287.3333333333333,
                    822.421875,
                    1325.1404796867353
                ],
                [
                    554.4119915962219,
                    1323.0227118299338,
                    555.1035513877869,
                    1287.0646173791797,
                    682.0193705558777,
                    1289.5048674566162,
                    681.3278107643127,
                    1325.4629619073705
                ],
                [
                    488.6461901664734,
                    1273.0471978918104,
                    488.8242440223694,
                    1241.8950692436827,
                    678.8528275489807,
                    1242.980778616197,
