{
    "predictions": [
        {
            "rec_texts": [
                "THANK YOU & COME AGAIN!",
                "(PRICE INCLUSIVE OF GST):",
                "BAR WANG RICE@PERMAS JAYA",
                "GST REG #000656195584",
                "SR = GST @6%",
                "6%",
                "03",
                "0STSAMMANY",
                "AMOUNT",
                "TAX",
                "CHANGE :",
                "$0.00",
                "CASH",
                "$6.60",
                "PAYMENT MODE",
                "AMOUNT",
                "NETT TOTAL: $8.60",
                "GST @6%: $0.37",
                "TOTAL AMOUNT: $6.60",
                "1",
                "S6%",
                "S6%",
                "SR I00100000060- 5 VEGE",
                "ITEM",
                "QTY",
                "TOTAL",
                "TAX INVOICE",
                "(867388-U)",
                "20 MAR 2018 17:58"
            ],
            "rec_scores": [
                0.9945323519084764,
                0.9613053512573242,
                0.9898850417137146,
                0.9949567176046825,
                0.9918376356363297,
                0.902119904756546,
                0.9958080351352692,
                0.7197694510221482,
                0.9986270368099213,
                0.9991657932599386,
                0.9905832856893539,
                0.9756901264190674,
                0.9997479319572449,
                0.9209776282310486,
                0.9934923102458318,
                0.9998758832613627,
                0.9602768982157988,
                0.9494708435876029,
                0.9917995710121957,
                0.998568058013916,
                0.7938748796780905,
                0.7556310494740804,
                0.8925919169964998,
                0.9472052752971649,
                0.7173997362454733,
                0.9997558474540711,
                0.9994892857291482,
                0.9978646397590637,
                0.9686007604879492
            ],
            "det_polygons": [
                [
                    431.3671875,
                    775.072463768116,
                    577.96875,
                    775.072463768116,
                    577.96875,
                    783.5086266390615,
                    431.3671875,
                    783.5086266390615
                ],
                [
                    438.75,
                    766.6363008971706,
                    438.75,
                    756.0910973084887,
                    570.5859375,
                    756.0910973084887,
                    570.5859375,
                    766.6363008971706
                ],
                [
                    404.83964681625366,
                    740.1974081667314,
                    603.1879091262817,
                    735.9324706020317,
                    603.3719515800476,
                    744.4893781136776,
                    405.02368927001953,
                    748.7543156783775
                ],
                [
                    431.3671875,
                    729.728088336784,
                    431.3671875,
                    719.1828847481022,
                    577.96875,
                    719.1828847481022,
                    577.96875,
                    729.728088336784
                ],
                [
                    347.921701669693,
                    694.9780253218815,
                    420.80483078956604,
                    693.890422476169,
                    420.9304869174957,
                    702.3089499358395,
                    348.0473577976227,
                    703.396552781552
                ],
                [
                    536.8359375,
                    690.7108350586612,
                    562.1484375,
                    690.7108350586612,
                    562.1484375,
                    703.3650793650794,
                    536.8359375,
                    703.3650793650794
                ],
                [
                    641.25,
                    702.3105590062113,
                    641.25,
                    689.656314699793,
                    664.453125,
                    689.656314699793,
                    664.453125,
                    702.3105590062113
                ],
                [
                    346.92572236061096,
                    673.8730721483568,
                    419.6808135509491,
                    672.7184032495471,
                    419.86440539360046,
                    684.2816978438794,
                    347.10931420326233,
                    685.436366742689
                ],
                [
                    511.5234375,
                    683.329192546584,
                    511.5234375,
                    671.7294685990339,
                    560.0390625,
                    671.7294685990339,
                    560.0390625,
                    683.329192546584
                ],
                [
                    632.4021863937378,
                    682.0432235054349,
                    633.0702495574951,
                    668.6842063761646,
                    664.8949813842773,
                    670.2752551598086,
                    664.22691822052,
                    683.6342722890787
                ],
                [
                    346.6589283943176,
                    641.9880554746809,
                    347.17642307281494,
                    625.9488420084973,
                    393.67034912109375,
                    627.4483668693928,
                    393.15285444259644,
                    643.4875803355764
                ],
                [
                    630.703125,
                    637.984817115252,
                    630.703125,
                    625.3305728088337,
                    663.3984375,
                    625.3305728088337,
                    663.3984375,
                    637.984817115252
                ],
                [
                    346.6503667831421,
                    621.9331172629832,
                    347.18595027923584,
                    609.0815365661664,
                    385.2643918991089,
                    610.6678225015097,
                    384.72880840301514,
                    623.5194031983265
                ],
                [
                    630.703125,
                    620.0579710144929,
                    630.703125,
                    607.4037267080746,
                    663.3984375,
                    607.4037267080746,
                    663.3984375,
                    620.0579710144929
                ],
                [
                    346.8742561340332,
                    602.0701089652347,
                    347.08134412765503,
                    587.3691271458765,
                    431.52869939804077,
                    588.5582945134577,
                    431.32161140441895,
                    603.2592763328158
                ],
                [
                    619.1015625,
                    597.913043478261,
                    619.1015625,
                    586.3133195307109,
                    664.453125,
                    586.3133195307109,
                    664.453125,
                    597.913043478261
                ],
                [
                    571.640625,
                    573.6590752242927,
                    571.640625,
                    563.1138716356108,
                    662.34375,
                    563.1138716356108,
                    662.34375,
                    573.6590752242927
                ],
                [
                    565.2385354042053,
                    554.6396059782609,
                    565.375006198883,
                    543.0414267382678,
                    663.4597849845886,
                    544.1951945576692,
                    663.3233141899109,
