{
    "predictions": [
        {
            "rec_texts": [
                "RC QTY SIME FIER",
                "MARY",
                "TIME",
                "DETE",
                "JAMANTITION",
                "CASHIER:",
                "KAWASTERS.",
                "30.00",
                "RM",
                "X",
                "TOTAL GROSS",
                "1.70",
                "RM",
                "A",
                "6.00 % SOF",
                "30.00",
                "KA4",
                "CASH",
                "30.00",
                "BRL",
                "TOTAL",
                "1 X 1INI.",
                "RM",
                "2.600",
                "30.00 A",
                "TAX",
                "VERMER :97",
                "113 BAILICI RATE @ 0.00",
                "**",
                "GST NO : 0008005853876",
                "INVOICE.NO.: 03-15211205",
                "SITE : 16%",
                "CHN PUS (ICEA"
            ],
            "rec_scores": [
                0.6469515189528465,
                0.5597186498343945,
                0.9839669913053513,
                0.9693868607282639,
                0.8484852747483687,
                0.9964833036065102,
                0.7187578558921814,
                0.9997543215751648,
                0.9378359019756317,
                0.8782768249511719,
                0.9504954327236522,
                0.8530844300985336,
                0.9992581903934479,
                0.8533227443695068,
                0.8095795348286629,
                0.9840817213058471,
                0.6433461705843607,
                0.9370002001523972,
                0.9999157547950744,
                0.640053391456604,
                0.9951548933982849,
                0.66333293583658,
                0.9977294504642487,
                0.9880153179168701,
                0.931725663798196,
                0.6384893953800201,
                0.7572370886802673,
                0.7243645346683004,
                0.6658919751644135,
                0.8584170774980024,
                0.7820254365603129,
                0.9146274149417877,
                0.7180423874121445
            ],
            "det_polygons": [
                [
                    367.6518576145172,
                    1395.977028924245,
                    367.9826452732086,
                    1369.0722073750203,
                    570.24436211586,
                    1371.5592888239828,
                    569.9135744571686,
                    1398.4641103732072
                ],
                [
                    263.7354656457901,
                    1395.0241517253876,
                    264.44613087177277,
                    1363.7509060577431,
                    324.15366756916046,
                    1365.108125277987,
                    323.4430023431778,
                    1396.3813709456315
                ],
                [
                    178.64734190702438,
                    1388.0206272833143,
                    180.43488854169846,
                    1360.310036524541,
                    255.31023931503296,
                    1365.1413725944562,
                    253.5226926803589,
                    1392.8519633532296
                ],
                [
                    36.941994816064835,
                    1358.2548058355233,
                    101.98384112119675,
                    1357.0274788708543,
                    102.54911506175995,
                    1386.9914178893857,
                    37.50727444887161,
                    1388.2187448540546
                ],
                [
                    44.55274078249931,
                    1262.3851212787918,
                    45.254708260297775,
                    1238.3745469446028,
                    198.11689829826355,
                    1242.8448080488101,
                    197.4149308204651,
                    1266.855382382999
                ],
                [
                    43.71312916278839,
                    1232.2830009477027,
                    44.64661157131195,
                    1206.328597206802,
                    166.1295176744461,
                    1210.6990252730639,
                    165.19603526592255,
                    1236.6534290139646
                ],
                [
                    50.35726955533028,
                    1051.94737029459,
                    50.937650710344315,
                    1025.8268210598821,
                    203.99366164207458,
                    1029.2286136101661,
                    203.41328048706055,
                    1055.3491628448737
                ],
                [
                    575.5152885913849,
                    787.9669567176126,
                    576.5230433940887,
                    760.7543014532998,
                    657.2667443752289,
                    763.7452391517105,
                    656.258989572525,
                    790.9578488717541
                ],
                [
                    447.64026618003845,
                    786.9545987032642,
                    448.75676560401917,
                    754.5720768165505,
                    489.20357155799866,
                    755.9670066916387,
                    488.08707213401794,
                    788.3495285783524
                ],
                [
                    278.0239077806473,
                    779.0055752339335,
                    280.6229861974716,
                    750.411562286735,
                    297.0370486974716,
                    751.9040024420428,
                    294.4379702806473,
                    780.4979698449722
                ],
                [
                    64.60005989670753,
                    766.9353419390516,
                    64.98672261834145,
                    751.3117447662022,
                    229.30367624759674,
                    755.3795767083265,
                    228.91701352596283,
                    771.0031738811759
                ],
                [
                    591.3239696025848,
                    758.6236039103243,
                    591.8707892894745,
                    727.9992729893253,
                    658.4117505550385,
                    729.1877051481523,
                    657.8649308681488,
                    759.8120360691513
                ],
                [
                    448.40234375,
                    756.6440677966101,
                    448.40234375,
                    723.8113863537592,
                    489.4375,
                    723.8113863537592,
                    489.4375,
                    756.6440677966101
                ],
                [
                    279.0390625,
                    748.4358974358973,
                    279.0390625,
                    720.0803998261625,
                    297.69140625,
                    720.0803998261625,
                    297.69140625,
                    748.4358974358973
                ],
                [
                    62.32681119441986,
                    739.6208496889515,
                    62.988932967185974,
                    716.4437354799459,
                    199.6044181585312,
                    720.3476080531817,
                    198.94229638576508,
                    743.5247222621873
                ],
                [
                    580.5473685264587,
                    694.9764442228328,
                    582.0482082366943,
                    667.2062815600299,
                    660.2000713348389,
                    671.4313323192107,
                    658.6992316246033,
                    699.2014949820135
                ],
                [
                    449.87048721313477,
                    662.6239815537486,
                    490.47831535339355,
                    661.313855107791,
