{
    "predictions": [
        {
            "rec_texts": [
                "PURPOSE **",
                ":",
                "SLAY ONINAL (A)",
                "DATE: 12/09/2017",
                "INV NO: CS-SA-0110489",
                "0.49",
                "SR @ 6%",
                "8.21",
                "GST SUMMARY",
                "TAX(RM)",
                "AMOUNT(RM)",
                "1.30",
                "CHANGE",
                "10.00",
                "OCKS",
                "8.70",
                "FINAL TOTAL",
                "0.00",
                "ROUND ADJ",
                "8.70",
                "TOTAL :",
                "0.00",
                "DISCOUNT:",
                "8.70",
                "8.70",
                "SR",
                "3 X 2.9000",
                "3.5\"X6\"",
                "1. 2012-0029",
                "OWNED BY :",
                "TAX INVOICE",
                ":"
            ],
            "rec_scores": [
                0.9950137615203858,
                0.6572652459144592,
                0.7121834874153137,
                0.9981027878820896,
                0.9637184909411839,
                0.9979847967624664,
                0.9959576044763837,
                0.9504119604825974,
                0.9999053261496804,
                0.9994312354496547,
                0.9998316109180451,
                0.9998549222946167,
                0.9998161196708679,
                0.9998436093330383,
                0.7107613980770111,
                0.9992014318704605,
                0.9938165599649603,
                0.9727343171834946,
                0.9969738324483236,
                0.9988499134778976,
                0.9729281919343131,
                0.9996656328439713,
                0.9874452882342868,
                0.9996334165334702,
                0.999493420124054,
                0.9947239756584167,
                0.99542595744133,
                0.991958132811955,
                0.9969039460023245,
                0.9970602571964264,
                0.9996824156154286,
                0.5202134847640991
            ],
            "det_polygons": [
                [
                    253.0622234940529,
                    1358.5952011855331,
                    253.1223058104515,
                    1345.7366900677446,
                    391.82846027612686,
                    1346.3848885489508,
                    391.76837795972824,
                    1359.2433996667394
                ],
                [
                    299.9404296875,
                    1242.3356643356642,
                    299.9404296875,
                    1234.4265734265732,
                    310.283203125,
                    1234.4265734265732,
                    310.283203125,
                    1242.3356643356642
                ],
                [
                    305.9986804127693,
                    1244.7470993362106,
                    306.03544276952744,
                    1232.5904071514422,
                    518.3811281323433,
                    1233.2319216428102,
                    518.3443657755852,
                    1245.3886138275786
                ],
                [
                    322.41322124004364,
                    968.5392400568181,
                    322.4692188501358,
                    951.5084339488635,
                    518.3914141654968,
                    952.1529191023819,
                    518.3354165554047,
                    969.1837252103364
                ],
                [
                    34.0703125,
                    966.125874125874,
                    34.0703125,
                    952.1328671328671,
                    288.380859375,
                    952.1328671328671,
                    288.380859375,
                    966.125874125874
                ],
                [
                    520.5569769144058,
                    890.6206285169907,
                    520.922892332077,
                    868.6637218982189,
                    570.9193261861801,
                    869.496992631392,
                    570.5534107685089,
                    891.4538992501638
                ],
                [
                    32.1651428155601,
                    868.8553296069165,
                    128.8997308164835,
                    868.1440045550152,
                    129.05613793432713,
                    889.4142426177337,
                    32.321547612547874,
                    890.125567669635
                ],
                [
                    339.32331120967865,
                    867.0742691146743,
                    387.8781408071518,
                    866.25124716592,
                    388.2704211473465,
                    889.3943391813264,
                    339.71559154987335,
                    890.2173611300808
                ],
                [
                    35.266444474458694,
                    855.3777324969951,
                    35.33777830004692,
                    840.7558363267591,
                    172.20041197538376,
                    841.4234926450501,
                    172.12907814979553,
                    856.0453888152862
                ],
                [
                    482.4094962477684,
                    839.6112402002294,
                    565.7187895178795,
                    838.9169964556927,
                    565.8858168721199,
                    858.962133447607,
                    482.5765236020088,
                    859.6563771921437
                ],
                [
                    261.58435049653053,
                    855.3781780963177,
                    261.6690153181553,
                    840.1452167217548,
                    383.31790041923523,
                    840.8210423609593,
                    383.2332355976105,
                    856.0540037355222
                ],
                [
                    486.1103515625,
                    815.8531468531468,
                    486.1103515625,
                    797.6013986013985,
                    530.5234375,
                    797.6013986013985,
                    530.5234375,
                    815.8531468531468
                ],
                [
                    245.1845703125,
                    812.2027972027971,
                    245.1845703125,
                    795.1678321678321,
                    329.1435546875,
                    795.1678321678321,
                    329.1435546875,
                    812.2027972027971
                ],
                [
                    473.9423828125,
                    786.041958041958,
                    473.9423828125,
                    766.5734265734264,
                    531.740234375,
                    766.5734265734264,
                    531.740234375,
                    786.041958041958
                ],
                [
                    244.576171875,
                    782.3916083916083,
                    244.576171875,
                    762.9230769230768,
                    301.1572265625,
                    762.9230769230768,
                    301.1572265625,
                    782.3916083916083
                ],
                [
                    483.068359375,
                    730.06993006993,
                    483.068359375,
                    709.3846153846154,
                    531.740234375,
                    709.3846153846154,
                    531.740234375,
                    730.06993006993
                ],
                [
                    244.53476780653,
                    725.1650697934876,
                    244.66815203428268,
                    705.6932705965909,
                    346.83263528347015,
                    706.3930100661057,
                    346.69925105571747,
                    725.8648092630026
                ],
