{
    "predictions": [
        {
            "rec_texts": [
                "T3 R000129968",
                "0.67",
                "11.23",
                "GST S@6%",
                "TAX(RM)",
                "GST SUMMARY",
                "AMT(RM)",
                "RM 10.10",
                "CHANGE",
                "RM 22.00",
                "CASH",
                "RM 11.90",
                "TOTAL INCL. GST@6%",
                "QTY(S) : 1",
                "ITEM(S) : 1",
                "11.90",
                "1 X 11.90",
                "90645255",
                "ED0 X 5 6/0",
                "*S",
                "-TAX INVOICE"
            ],
            "rec_scores": [
                0.9859945040482742,
                0.9992759674787521,
                0.9979899883270263,
                0.9968273714184761,
                0.999843920980181,
                0.9999473365870389,
                0.999414358820234,
                0.9991748705506325,
                0.9992655018965403,
                0.9952381104230881,
                0.9999449700117111,
                0.9993222877383232,
                0.9804670678244697,
                0.9989042580127716,
                0.9986061778935519,
                0.999902093410492,
                0.9993672106001112,
                0.9477989003062248,
                0.6746258193796332,
                0.9736015200614929,
                0.9521270593007406
            ],
            "det_polygons": [
                [
                    601.26953125,
                    1330.3871681415928,
                    601.26953125,
                    1308.3517699115043,
                    856.46484375,
                    1308.3517699115043,
                    856.46484375,
                    1330.3871681415928
                ],
                [
                    716.015625,
                    1214.7013274336282,
                    716.015625,
                    1176.1393805309733,
                    799.55078125,
                    1176.1393805309733,
                    799.55078125,
                    1214.7013274336282
                ],
                [
                    493.8671875,
                    1213.7831858407078,
                    493.8671875,
                    1176.1393805309733,
                    593.92578125,
                    1176.1393805309733,
                    593.92578125,
                    1213.7831858407078
                ],
                [
                    38.35962824523449,
                    1181.7960607478049,
                    197.97082483768463,
                    1178.6659510789718,
                    198.47636878490448,
                    1204.453939252195,
                    38.86516869068146,
                    1207.584048921028
                ],
                [
                    616.6803014278412,
                    1137.6919771717712,
                    753.4709799289703,
                    1136.5705263931138,
                    753.7488806247711,
                    1170.4792259013757,
                    616.958202123642,
                    1171.600676680033
                ],
                [
                    38.5208148509264,
                    1139.4095699344061,
                    256.95045709609985,
                    1138.4028868548637,
                    257.06918120384216,
                    1164.1695802401653,
                    38.63954246044159,
                    1165.1762633197075
                ],
                [
                    409.4140625,
                    1170.6305309734512,
                    409.4140625,
                    1134.8230088495575,
                    548.9453125,
                    1134.8230088495575,
                    548.9453125,
                    1170.6305309734512
                ],
                [
                    696.73828125,
                    1087.0796460176991,
                    696.73828125,
                    1054.9446902654865,
                    861.0546875,
                    1054.9446902654865,
                    861.0546875,
                    1087.0796460176991
                ],
                [
                    34.8828125,
                    1083.4070796460176,
                    34.8828125,
                    1050.3539823008848,
                    159.7265625,
                    1050.3539823008848,
                    159.7265625,
                    1083.4070796460176
                ],
                [
                    698.5741627216339,
                    1041.1724542938503,
                    698.5741627216339,
                    1014.5463480991599,
                    858.3007252216339,
                    1014.5463480991599,
                    858.3007252216339,
                    1041.1724542938503
                ],
                [
                    33.96484375,
                    1042.0907079646017,
                    33.96484375,
                    1006.2831858407079,
                    121.171875,
                    1006.2831858407079,
                    121.171875,
                    1042.0907079646017
                ],
                [
                    697.65625,
                    1001.6924778761061,
                    697.65625,
                    971.3938053097345,
                    858.30078125,
                    971.3938053097345,
                    858.30078125,
                    1001.6924778761061
                ],
                [
                    41.26265048980713,
                    996.1607644410259,
                    41.329352259635925,
                    969.5393655152446,
                    424.1567224264145,
                    970.4989759056969,
                    424.0900206565857,
                    997.1203748314781
                ],
                [
                    661.8185460567474,
                    891.5480453356176,
                    857.29456782341,
                    890.5606396430361,
                    857.410546541214,
                    913.518214267967,
                    661.9345247745514,
                    914.5056199605485
                ],
                [
                    39.26779553294182,
                    914.2582641871629,
                    39.66968700289726,
                    885.8534828118518,
                    258.1674772500992,
                    888.9460464072438,
                    257.76558578014374,
                    917.3508277825549
                ],
                [
                    720.1037347316742,
                    802.0090099773576,
                    818.3336746692657,
                    798.5414339588806,
                    819.5286476612091,
                    832.4056385681691,
                    721.2987077236176,
                    835.8732145866461
                ],
                [
                    494.7851002216339,
                    831.8362831858407,
                    494.7851002216339,
                    802.4557522123894,
                    671.9530689716339,
                    802.4557522123894,
                    671.9530689716339,
                    831.8362831858407
                ],
                [
                    38.5546875,
                    829.0818584070796,
                    38.5546875,
                    799.7013274336283,
                    178.0859375,
                    799.7013274336283,
                    178.0859375,
                    829.0818584070796
                ],
                [
                    36.611420661211014,
                    789.5599088415635,
                    36.75199583172798,
                    758.3437671492585,
                    262.600833773613,
                    759.361321778424,
                    262.460258603096,
                    790.577463470729
                ],
                [
                    816.7745733261108,
