{
    "predictions": [
        {
            "rec_texts": [
                "FACEBOOK.COM/BARWANGRICE@",
                "THANK YOU & COME AGAIN!",
                "(PRICE INCLUSIVE OF GST):",
                "GST REG #000656195584",
                "0.43",
                "7.77",
                "SR = GST @6%",
                "TAX($)",
                "AMOUNT($)",
                "GST SUMMARY",
                "$0.00",
                "CHANGE",
                "$7.60",
                "CASH",
                "AMOUNT",
                "PAYMENT MODE",
                "NETT TOTAL: $7.50",
                "GST @6%: $0.43",
                "TOTAL AMOUNT: $7.00",
                "$0.50",
                "1",
                "S05. 2",
                "$7.10",
                "1",
                "$7.10",
                "TOTAL :",
                "PM",
                "ITEM",
                "INVOICE # : OR18040492170",
                "TAX INVOICE",
                "TAMPOI,81200 JOHOR BAHRU,",
                "(867388-U)",
                "04 APR 2018 18:13"
            ],
            "rec_scores": [
                0.9892143201828003,
                0.9962739141091056,
                0.9880399823188781,
                0.9945978238469079,
                0.9969177693128586,
                0.9771932512521744,
                0.9942903965711594,
                0.9946277737617493,
                0.9901168412632413,
                0.9997071081941779,
                0.995003092288971,
                0.9625334441661835,
                0.9934642553329468,
                0.9989730715751648,
                0.9988958438237509,
                0.9966397881507874,
                0.9773550524431116,
                0.9747850341456277,
                0.9777235043676276,
                0.9862644672393799,
                0.9998608827590942,
                0.6225632677475611,
                0.992218554019928,
                0.999779999256134,
                0.9113462567329407,
                0.9600785034043449,
                0.5347341597080231,
                0.9543462991714478,
                0.9366404271125793,
                0.9988259727304633,
                0.9885288643836975,
                0.9938750743865967,
                0.9551736922825084
            ],
            "det_polygons": [
                [
                    2029.7396503090858,
                    3914.8697830115893,
                    2030.0758596658707,
                    3866.4528238707485,
                    2761.695215702057,
                    3871.534123373295,
                    2761.359006345272,
                    3919.951082514136
                ],
                [
                    2054.1640625,
                    3745.4198895027625,
                    2054.1640625,
                    3696.966850828729,
                    2742.115234375,
                    3696.966850828729,
                    2742.115234375,
                    3745.4198895027625
                ],
                [
                    2092.638595700264,
                    3672.534796446068,
                    2093.203084409237,
                    3605.356480045213,
                    2713.4472509622574,
                    3610.5690853898695,
                    2712.8827622532845,
                    3677.7474017907243
                ],
                [
                    2068.6982421875,
                    3498.3093922651933,
                    2068.6982421875,
                    3449.8563535911603,
                    2742.115234375,
                    3449.8563535911603,
                    2742.115234375,
                    3498.3093922651933
                ],
                [
                    3032.798828125,
                    3382.022099447514,
                    3032.798828125,
                    3323.878453038674,
                    3144.2275390625,
                    3323.878453038674,
                    3144.2275390625,
                    3382.022099447514
                ],
                [
                    2562.8603515625,
                    3319.033149171271,
                    2669.4443359375,
                    3319.033149171271,
                    2669.4443359375,
                    3382.022099447514,
                    2562.8603515625,
                    3382.022099447514
                ],
                [
                    1680.8211658596992,
                    3324.1103083995167,
                    2024.7127733826637,
                    3318.7362323571306,
                    2025.5274231433868,
                    3370.8859445139847,
                    1681.6358156204224,
                    3376.260020556371
                ],
                [
                    2994.041015625,
                    3294.806629834254,
                    2994.041015625,
                    3231.817679558011,
                    3144.2275390625,
                    3231.817679558011,
                    3144.2275390625,
                    3294.806629834254
                ],
                [
                    2432.052734375,
                    3289.961325966851,
                    2432.052734375,
                    3231.817679558011,
                    2659.7548828125,
                    3231.817679558011,
                    2659.7548828125,
                    3289.961325966851
                ],
                [
                    1685.96484375,
                    3275.425414364641,
                    1685.96484375,
                    3236.6629834254145,
                    2010.5615234375,
                    3236.6629834254145,
                    2010.5615234375,
                    3275.425414364641
                ],
                [
                    2989.1962890625,
                    3033.160220994475,
                    3139.3828125,
                    3033.160220994475,
                    3139.3828125,
                    3091.303867403315,
                    2989.1962890625,
                    3091.303867403315
                ],
                [
                    1683.2583140730858,
                    3084.0196462388853,
                    1687.5350035429,
                    3011.3063745656723,
                    1896.8438093066216,
                    3023.620141803889,
                    1892.5671198368073,
                    3096.333413477102
                ],
                [
                    2989.1962890625,
                    2945.9447513812156,
                    3139.3828125,
                    2945.9447513812156,
                    3139.3828125,
                    3004.0883977900553,
                    2989.1962890625,
                    3004.0883977900553
                ],
                [
                    1685.96484375,
                    2994.3977900552486,
                    1685.96484375,
                    2936.254143646409,
                    1860.375,
                    2936.254143646409,
                    1860.375,
                    2994.3977900552486
                ],
                [
                    2934.8054807186127,
                    2911.7191738739857,
                    2936.473221063614,
                    2853.3460379753324,
                    3145.318075656891,
                    2859.3139476459987,
                    3143.6503353118896,
                    2917.687083544652
                ],
                [
                    1690.8095703125,
                    2902.3370165745855,
                    1690.8095703125,
                    2849.038674033149,
                    2073.54296875,
                    2849.038674033149,
                    2073.54296875,
                    2902.3370165745855
                ],
                [
                    2717.04590344429,
                    2790.3828165465297,
                    2718.409665584564,
                    2736.505427070744,
