{
    "predictions": [
        {
            "rec_texts": [
                "FACEBOOK.COM/BARWANGRICE",
                "THANK YOU & COME AGAIN!",
                "(PRICE INCLUSIVE OF GST)",
                "GST REG #000656195584",
                "0.48",
                "8.02",
                "SR = GST @6%",
                "AMOUNT($)",
                "TAX",
                "GST SUMMARY",
                "$0.00",
                "CHANGE :",
                "$8.50",
                "CASH",
                "AMOUNT",
                "PAYMENT MODE",
                "NATE TOTAL: $8.50",
                "GST @6%: $0.43",
                "TOTAL AMOUNT: $8.50",
                "$3.00",
                "$3.00",
                "1",
                "SR I00100000035- VEGETA M",
                "$5.50",
                "SR55",
                "1",
                "TOTAL",
                "QTY",
                "INVOI",
                "TAX INVOICE",
                "(867388-U)",
                "25 MAR 2018 18:26"
            ],
            "rec_scores": [
                0.9751733168959618,
                0.9927360519118931,
                0.9953502863645554,
                0.9745993954794747,
                0.9913049638271332,
                0.9766599535942078,
                0.9802353580792745,
                0.8875912030537924,
                0.8210618297259012,
                0.9990011724558744,
                0.9966343760490417,
                0.917679388076067,
                0.9782971143722534,
                0.9965656101703644,
                0.9995216131210327,
                0.9915728767712911,
                0.9308632857659284,
                0.9376470063413892,
                0.9655037239978188,
                0.9975213050842285,
                0.9595283508300781,
                0.9385436177253723,
                0.842255762219429,
                0.9784264326095581,
                0.8645681440830231,
                0.9674751162528992,
                0.9998145222663879,
                0.8806946078936259,
                0.8721222639083862,
                0.9970923499627546,
                0.9439191401004792,
                0.9890893697738647
            ],
            "det_polygons": [
                [
                    409.19644474983215,
                    806.7082676226062,
                    570.5407476425171,
                    805.5722639401097,
                    570.6154203414917,
                    816.1762951415848,
                    409.27114963531494,
                    817.3122988240814
                ],
                [
                    416.5697944164276,
                    769.8001194250346,
                    564.2018723487854,
                    768.6902470453762,
                    564.2813730239868,
                    779.2666022364563,
                    416.6493272781372,
                    780.3764746161146
                ],
                [
                    425.0390625,
                    762.4182194616978,
                    425.0390625,
                    751.8730158730159,
                    556.875,
                    751.8730158730159,
                    556.875,
                    762.4182194616978
                ],
                [
                    417.65625,
                    725.5100069013113,
                    417.65625,
                    714.9648033126294,
                    564.2578125,
                    714.9648033126294,
                    564.2578125,
                    725.5100069013113
                ],
                [
                    628.59375,
                    700.2015182884749,
                    628.59375,
                    687.5472739820567,
                    651.796875,
                    687.5472739820567,
                    651.796875,
                    700.2015182884749
                ],
                [
                    525.234375,
                    686.4927536231885,
                    549.4921875,
                    686.4927536231885,
                    549.4921875,
                    699.1469979296068,
                    525.234375,
                    699.1469979296068
                ],
                [
                    336.4453125,
                    688.6017943409248,
                    408.1640625,
                    688.6017943409248,
                    408.1640625,
                    697.0379572118703,
                    336.4453125,
                    697.0379572118703
                ],
                [
                    498.8671875,
                    667.5113871635612,
                    546.328125,
                    667.5113871635612,
                    546.328125,
                    679.1111111111112,
                    498.8671875,
                    679.1111111111112
                ],
                [
                    618.3079075813293,
                    678.6099822345152,
                    619.6132636070251,
                    665.559005537224,
                    652.5069737434387,
                    668.8478166515702,
                    651.2016177177429,
                    681.8987933488613
                ],
                [
                    336.31067633628845,
                    676.9149231420377,
                    336.4459240436554,
                    668.5319239561768,
                    406.1732304096222,
                    669.6563423319963,
                    406.03798270225525,
                    678.0393415178572
                ],
                [
                    618.046875,
                    636.9302967563838,
                    618.046875,
                    622.1670117322292,
                    651.796875,
                    622.1670117322292,
                    651.796875,
                    636.9302967563838
                ],
                [
                    334.12949323654175,
                    635.7191816689312,
                    334.55190896987915,
                    620.9378750566124,
                    381.01062297821045,
                    622.2650362992797,
                    380.58820724487305,
                    637.0463429115986
                ],
                [
                    618.046875,
                    617.9489302967564,
                    618.046875,
                    605.2946859903383,
                    651.796875,
                    605.2946859903383,
                    651.796875,
                    617.9489302967564
                ],
                [
                    334.3359375,
                    616.8944099378882,
                    334.3359375,
                    602.1311249137336,
                    374.4140625,
                    602.1311249137336,
                    374.4140625,
                    616.8944099378882
                ],
                [
                    606.4453125,
                    596.8585231193928,
                    606.4453125,
                    585.2587991718427,
                    651.796875,
                    585.2587991718427,
                    651.796875,
                    596.8585231193928
                ],
                [
                    335.3015649318695,
                    595.7124788377761,
                    335.46706795692444,
                    584.1301328502416,
                    419.8850691318512,
                    585.3359058240598,
                    419.71956610679626,
                    596.9182518115942
                ],
                [
                    560.0390625,
                    572.6045548654245,
                    560.0390625,
                    561.0048309178744,
                    651.796875,
                    561.0048309178744,
                    651.796875,
                    572.6045548654245
                ],
                [
                    553.7109375,
                    553.6231884057971,
