{
    "predictions": [
        {
            "rec_texts": [
                "THANK YOU. PLEASE COME AG",
                "13.40",
                "S = 6%",
                ".80",
                "AMOUNT(RM)",
                "TAX(RM)",
                "GST SUMMARY",
                "CHANGE RM",
                "5.80",
                "20.00",
                "CASH RM",
                "14.20",
                "RM14.20 S",
                "08:42PM",
                "19-10-16",
                "561781",
                "18559 TAME PAIN KEPONG",
                "42100 KLANG  SELANGOR",
                "LOT P.T. 33198  BATU 4"
            ],
            "rec_scores": [
                0.990915117263794,
                0.9991910099983216,
                0.9959920644760132,
                0.9904650847117106,
                0.9992886185646057,
                0.9995036891528538,
                0.999701201915741,
                0.9970206220944723,
                0.9993555992841721,
                0.9998944044113159,
                0.9950524994305202,
                0.998897647857666,
                0.9515246484014723,
                0.9829015987260001,
                0.9811365306377411,
                0.9819461007912954,
                0.6791977564042265,
                0.9929159312021165,
                0.9550471793521534
            ],
            "det_polygons": [
                [
                    182.82164490222928,
                    1436.2619689235428,
                    183.13199198246,
                    1403.5494492587984,
                    676.1522879600524,
                    1408.227212899867,
                    675.8419408798217,
                    1440.9397325646114
                ],
                [
                    462.71874999999994,
                    1288.0462670872766,
                    462.71874999999994,
                    1249.1976866456362,
                    555.9531249999999,
                    1249.1976866456362,
                    555.9531249999999,
                    1288.0462670872766
                ],
                [
                    91.04661908745764,
                    1253.134604148183,
                    200.02547711133954,
                    1250.5398511435333,
                    200.78702616691587,
                    1282.5256460613007,
                    91.80816155672072,
                    1285.1203990659503
                ],
                [
                    724.4927711486815,
                    1290.151619029722,
                    725.6345744132994,
                    1247.9039985664763,
                    786.8827562332152,
                    1249.5593628828208,
                    785.7409529685973,
                    1291.8069833460668
                ],
                [
                    374.66406249999994,
                    1236.248159831756,
                    374.66406249999994,
                    1203.4426919032599,
                    549.0468749999999,
                    1203.4426919032599,
                    549.0468749999999,
                    1236.248159831756
                ],
                [
                    656.6223938465117,
                    1235.1321483656186,
                    657.2223279476165,
                    1201.5356717435595,
                    779.8462026119231,
                    1203.7255412682375,
                    779.2462685108184,
                    1237.3220178902966
                ],
                [
                    92.2414290010929,
                    1238.7407962065015,
                    92.44879248738287,
                    1201.6200839422731,
                    287.59732198715204,
                    1202.7103818297762,
                    287.38995850086206,
                    1239.8310940940048
                ],
                [
                    465.1923058032989,
                    1106.7801860243742,
                    621.4614923000335,
                    1105.8214067685742,
                    621.6257812976836,
                    1132.6039958195731,
                    465.35659480094904,
                    1133.562775075373
                ],
                [
                    690.6249999999999,
                    1139.5582542379323,
                    690.6249999999999,
                    1100.7096737962918,
                    768.3203124999999,
                    1100.7096737962918,
                    768.3203124999999,
                    1139.5582542379323
                ],
                [
                    675.0859374999999,
                    1087.7602523659307,
                    675.0859374999999,
                    1052.3648790746583,
                    764.8671874999999,
                    1052.3648790746583,
                    764.8671874999999,
                    1087.7602523659307
                ],
                [
                    497.9929888248443,
                    1052.494184652463,
                    623.1816265583037,
                    1051.459529262988,
                    623.4666821956633,
                    1085.9536626998308,
                    498.2780444622039,
                    1086.9883180893057
                ],
                [
                    675.6438245773314,
                    1002.2473227965219,
                    764.6948895454406,
                    1000.9376164224748,
                    765.2082004547118,
                    1035.842956350429,
                    676.1571354866027,
                    1037.152662724476
                ],
                [
                    639.4814345836638,
                    931.3775385747323,
                    639.8697636127471,
                    901.2783194139804,
                    797.0164577960967,
                    903.3061090864469,
                    796.6281287670134,
                    933.4053282471988
                ],
                [
                    90.54776513576506,
                    806.415131738384,
                    213.94024938344953,
                    805.4199951685315,
                    214.16285359859464,
                    833.0229949148923,
                    90.77036935091017,
                    834.0181314847448
                ],
                [
                    657.7520256042479,
                    831.2966021067463,
                    657.9709019660949,
                    801.095160932571,
                    794.3683910369872,
                    802.083552957208,
                    794.1495146751403,
                    832.2849941313832
                ],
                [
                    386.74999999999994,
                    838.2660357518403,
                    386.74999999999994,
                    798.5541535226079,
                    498.97656249999994,
                    798.5541535226079,
                    498.97656249999994,
                    838.2660357518403
                ],
                [
                    250.12646865844724,
                    556.7258502306372,
                    613.5764107704161,
                    552.2387253754272,
                    613.8771681785582,
                    576.5992850094062,
                    250.42722606658933,
                    581.0864098646163
                ],
                [
                    251.0801404714584,
                    514.6504791291856,
                    611.080830335617,
                    507.5038957886641,
                    611.489550590515,
                    528.0950977152957,
                    251.48888707160947,
                    535.2416810558171
                ],
                [
                    226.87293648719785,
                    404.9879413849423,
                    610.274138689041,
                    401.3708101707804,
                    610.5247347354888,
                    427.9353607209825,
