{
    "predictions": [
        {
            "rec_texts": [
                "FACEBOOK.COM/BARWANGRICE@",
                "LIKE AND FOLLOW US ON FAC",
                "THANK YOU & COME AGAIN!",
                "(PRICE INCLUSIVE OF GST):",
                "GST REG #000656195584",
                "0.43",
                "7.17",
                "SR = GST @6%:",
                "TAX",
                "AMOUNT",
                "GST SUMMARY",
                "$0.00",
                "CHANGE",
                "$7.60",
                "CASH",
                "AMOUNT",
                "PAYMENT MODE",
                "NETT TOTAL: $7.60",
                "GST @6%: $0.44",
                "TOTAL AMOUNT: $7.00",
                "$0.50",
                "1",
                "SQ 500",
                "$7.10 %",
                "1",
                "$7.10 %",
                "TOTAL :",
                "QTY",
                "INVO .",
                "MANDER : 08104812061063",
                "TAX INVOICE",
                "TAMPOI,81200 JOHOR BAHRU,",
                "(867388-U)",
                "43 XPR.208 18.12"
            ],
            "rec_scores": [
                0.9844751048088074,
                0.9709795022010803,
                0.9953437006991842,
                0.9934908723831177,
                0.9904652862321763,
                0.964773565530777,
                0.9607287049293518,
                0.9584163381503179,
                0.9283322691917419,
                0.9981749852498373,
                0.9963429895314303,
                0.9914824604988098,
                0.9985190530618032,
                0.9970875024795532,
                0.99998539686203,
                0.999921182791392,
                0.997592364748319,
                0.9640893375172335,
                0.9536087598119464,
                0.994820491263741,
                0.9338371753692627,
                0.9998471736907959,
                0.5826798876126608,
                0.7366400446210589,
                0.9260663390159607,
                0.8638654947280884,
                0.9697887642042977,
                0.8509286046028137,
                0.7278525829315186,
                0.6865806307481683,
                0.985824547030709,
                0.9724214434623718,
                0.9916414499282837,
                0.7685988619923592
            ],
            "det_polygons": [
                [
                    1903.6769613921642,
                    3958.3459162422305,
                    1904.0921222865582,
                    3905.2019467854366,
                    2640.635008573532,
                    3910.956928063493,
                    2640.219847679138,
                    3964.1008975202867
                ],
                [
                    1855.41982999444,
                    3846.9367537524818,
                    1856.3441839516163,
                    3808.3417081885573,
                    2684.781041741371,
                    3828.1866343798556,
                    2683.856687784195,
                    3866.78167994378
                ],
                [
                    1942.4060911238194,
                    3788.9152454355144,
                    1942.7727574408054,
                    3740.5018351012172,
                    2606.718965649605,
                    3745.5322683766403,
                    2606.3522993326187,
                    3793.9456787109375
                ],
                [
                    1971.8037109375,
                    3716.3480662983425,
                    1971.8037109375,
                    3653.3591160220994,
                    2582.2392578125,
                    3653.3591160220994,
                    2582.2392578125,
                    3716.3480662983425
                ],
                [
                    1942.7353515625,
                    3541.917127071823,
                    1942.7353515625,
                    3493.46408839779,
                    2620.9970703125,
                    3493.46408839779,
                    2620.9970703125,
                    3541.917127071823
                ],
                [
                    2911.6806640625,
                    3372.3314917127072,
                    3018.2646484375,
                    3372.3314917127072,
                    3018.2646484375,
                    3430.475138121547,
                    2911.6806640625,
                    3430.475138121547
                ],
                [
                    2446.5869140625,
                    3425.6298342541436,
                    2446.5869140625,
                    3367.486187845304,
                    2548.326171875,
                    3367.486187845304,
                    2548.326171875,
                    3425.6298342541436
                ],
                [
                    1560.001953125,
                    3411.0939226519336,
                    1560.001953125,
                    3357.795580110497,
                    1903.9775390625,
                    3357.795580110497,
                    1903.9775390625,
                    3411.0939226519336
                ],
                [
                    2870.774896621704,
                    3342.0610590982174,
                    2874.1115601062775,
                    3268.652221342477,
                    3025.5270071029663,
                    3275.535723101368,
                    3022.190343618393,
                    3348.944560857109
                ],
                [
                    2309.9890739023685,
                    3330.7391832889116,
                    2311.461061745882,
                    3274.8017116146193,
                    2539.387793302536,
                    3280.800377608663,
                    2537.9158054590225,
                    3336.737849282955
                ],
                [
                    1559.4436740875244,
                    3318.620304676709,
                    1560.3316571116447,
                    3265.336748829204,
                    1890.0853211283684,
                    3270.833258697341,
                    1889.197338104248,
                    3324.1168145448464
                ],
                [
                    2863.2333984375,
                    3139.756906077348,
                    2863.2333984375,
                    3071.9226519337017,
                    3023.109375,
                    3071.9226519337017,
                    3023.109375,
                    3139.756906077348
                ],
                [
                    1563.40647944808,
                    3129.1409470363214,
                    1565.6245149672031,
                    3055.941488866648,
                    1784.023984104395,
                    3062.560604538048,
                    1781.8059485852718,
                    3135.7600627077218
                ],
                [
                    2868.078125,
                    3052.5414364640883,
                    2868.078125,
                    2994.3977900552486,
                    3023.109375,
                    2994.3977900552486,
                    3023.109375,
                    3052.5414364640883
                ],
                [
                    1564.8466796875,
                    2979.8618784530386,
                    1739.2568359375,
                    2979.8618784530386,
                    1739.2568359375,
                    3038.0055248618783,
                    1564.8466796875,
                    3038.0055248618783
                ],
                [
                    2819.630859375,
                    2960.480662983425,
                    2819.630859375,
                    2902.3370165745855,
                    3023.109375,
                    2902.3370165745855,
                    3023.109375,
                    2960.480662983425
                ],
                [
                    1564.3012635409832,
