{
    "predictions": [
        {
            "rec_texts": [
                "TOTAL SAVINGS",
                "-1.35",
                "T @ 6%",
                "11.46",
                "0.69",
                "CASH SAMMARY",
                "AMOUNT (RM)",
                "TAX (RM)",
                "ITEM COUNT",
                "30",
                "CASH",
                "-12.15",
                "12.15",
                "-1.35",
                "306 @ 0.45",
                "13.50 T",
                "DESCRIPTION",
                "AMOUNT",
                "SUBPY PLAST",
                "TRANS: 196786",
                "06/03/11 18 : 8",
                "TEL : 03-52253214",
                "ATON SANA ALAM",
                "WALKEF7",
                "(CO. NO. 113825-W)",
                "(KL STON BINT",
                "CO. 1",
                "POPULAR BOOK"
            ],
            "rec_scores": [
                0.9973665842643151,
                0.9995105743408204,
                0.9946173926194509,
                0.9995259761810302,
                0.9993311166763306,
                0.9138116041819254,
                0.9993711059743707,
                0.9985564723610878,
                0.9993561208248138,
                0.9395809471607208,
                0.9999397993087769,
                0.9850469132264456,
                0.9998340010643005,
                0.9994965672492981,
                0.8845959901809692,
                0.9972921354430062,
                0.9914779012853449,
                0.9996203780174255,
                0.7357012331485748,
                0.9122147560119629,
                0.8441004633903504,
                0.9591191305833704,
                0.8255163324730737,
                0.5288487928254264,
                0.9897215101453993,
                0.7075332678281344,
                0.7854479253292084,
                0.9869375079870224
            ],
            "det_polygons": [
                [
                    44.89279556274414,
                    1271.855432037124,
                    45.04930317401886,
                    1250.1000288196076,
                    265.64731270074844,
                    1251.6870227326128,
                    265.4908050894737,
                    1273.4424259501293
                ],
                [
                    571.4704037904739,
                    1273.1242831810973,
                    572.093954205513,
                    1244.130777688851,
                    657.5643815994263,
                    1245.9687784524788,
                    656.9408311843872,
                    1274.962283944725
                ],
                [
                    39.711819015443325,
                    1169.0605982730262,
                    144.77942733466625,
                    1167.2645796008576,
                    145.26364213228226,
                    1195.5904458411653,
                    40.19603934884071,
                    1197.3864645133342
                ],
                [
                    379.316301882267,
                    1194.134358112077,
                    379.6162083745003,
                    1168.0425768400494,
                    462.3888059258461,
                    1168.9939937734962,
                    462.0888994336128,
                    1195.0857750455239
                ],
                [
                    588.4501953125,
                    1194.2781954887218,
                    588.4501953125,
                    1164.53007518797,
                    658.1064453125,
                    1164.53007518797,
                    658.1064453125,
                    1194.2781954887218
                ],
                [
                    46.428609535098076,
                    1147.101661624765,
                    46.482417330145836,
                    1134.0268086598333,
                    230.0525484085083,
                    1134.7821320268445,
                    229.99874061346054,
                    1147.8569849917762
                ],
                [
                    275.72261196374893,
                    1150.7443609022557,
                    275.72261196374893,
                    1132.6052631578948,
                    456.39351040124893,
                    1132.6052631578948,
                    456.39351040124893,
                    1150.7443609022557
                ],
                [
                    518.3343425989151,
                    1127.130940143327,
                    654.8595545291901,
                    1123.607810113663,
                    655.5711460113525,
                    1151.1795929643445,
                    519.0459340810776,
                    1154.7027229940084
                ],
                [
                    47.090716667473316,
                    1111.478794183946,
                    47.3948524966836,
                    1090.4944797601916,
                    212.7411414384842,
                    1092.8906474866365,
                    212.4370056092739,
                    1113.8749619103912
                ],
                [
                    620.7129063606262,
                    1114.1274744478383,
                    621.7616047859192,
                    1083.7149034084234,
                    659.8721381425858,
                    1085.0291022967574,
                    658.8234397172928,
                    1115.4416733361725
                ],
                [
                    42.083984375,
                    1041.1842105263158,
                    42.083984375,
                    1012.1616541353384,
                    111.740234375,
                    1012.1616541353384,
                    111.740234375,
                    1041.1842105263158
                ],
                [
                    552.7128735780716,
                    1038.1681426772498,
                    552.9963941574097,
                    1006.9781058175223,
                    657.5776674747467,
                    1007.9288141924636,
                    657.2941468954086,
                    1039.118851052191
                ],
                [
                    573.0488543510437,
                    971.6392817676515,
                    656.3341981172562,
                    969.9041991269678,
                    656.8929134607315,
                    996.723315705034,
                    573.607569694519,
                    998.4583983457178
                ],
                [
                    569.4632623195648,
                    921.2952256740484,
                    569.763788819313,
                    893.0476551486137,
                    657.4726204872131,
                    893.980649560914,
                    657.1720939874649,
                    922.2282200863486
                ],
                [
                    98.6492296308279,
                    859.0739576296698,
                    282.92043420672417,
                    858.2996803226328,
                    283.0028287768364,
                    877.9077969888099,
                    98.73161312937737,
                    878.682074295847
                ],
                [
                    570.8348518013954,
                    880.709880169173,
                    571.2212936282158,
                    853.0830068946781,
                    695.3432552218437,
                    854.8189752334939,
                    694.9568133950233,
                    882.4458485079887
                ],
                [
                    47.08727341145277,
                    761.0483425972157,
                    47.31762834638357,
                    743.618689056626,
                    227.90902742743492,
                    746.0052912432449,
                    227.67867249250412,
                    763.4349447838346
                ],
                [
                    536.5800566077232,
                    739.585928321781,
