{
    "predictions": [
        {
            "rec_texts": [
                "FACEBOOK.COM/BARWANGRICE",
                "THANK YOU & COME AGAIN!",
                "BAR WANG RICE@PERMAS JAYA",
                "GST REG #000656195584",
                "0.00",
                "10.77",
                "SR = GST @6%",
                "AMOUNT(RM)",
                "TAX(M)",
                "GST SUMMARY",
                "RMO.00",
                "MCHINE",
                "TAX(RM)",
                "OTAS",
                "AMOUNT",
                "PAYMENT MODE",
                "NETT TOTAL: RM1.01 5",
                "ROUNDING: ADJ00%",
                "GST @0%: RM0.00",
                "TOTAL AMOUNT: RM0.72",
                "RM4.52",
                ":1",
                "RM4.52",
                "SR I00100000003-SA-005M R",
                "RM1.50",
                "RM1.50",
                "RM4.15",
                "RM41 S",
                "TOTAL",
                ": CAN",
                ". NOR",
                "TAKA INCE",
                "(BOXPAS)",
                "X 40M 2047 SR"
            ],
            "rec_scores": [
                0.9922517215212187,
                0.9976948914320573,
                0.9969997763633728,
                0.9837625140235537,
                0.9971605241298676,
                0.8131278395652771,
                0.9700924207766851,
                0.9941117763519287,
                0.8147248228391012,
                0.9800444299524481,
                0.8932325144608816,
                0.7788723011811575,
                0.9185803277151925,
                0.8184950947761536,
                0.9977942407131195,
                0.9868563214937845,
                0.9533848941326142,
                0.8383032325655222,
                0.99488658507665,
                0.9483256593346596,
                0.9920067489147186,
                0.5115395337343216,
                0.9943627516428629,
                0.7637740635871887,
                0.9180509746074677,
                0.9913077354431152,
                0.9967949589093527,
                0.8949358363946279,
                0.9962729096412659,
                0.7548207521438599,
                0.7210885047912597,
                0.8220511939790514,
                0.6231630742549896,
                0.6509020168047684
            ],
            "det_polygons": [
                [
                    1723.8124958276749,
                    4437.845573973261,
                    1724.8619303107262,
                    4399.276552990656,
                    2456.4011520147324,
                    4419.18476623198,
                    2455.351717531681,
                    4457.753787214585
                ],
                [
                    1753.4262713491917,
                    4278.107581038501,
                    1753.8287172019482,
                    4224.995550840599,
                    2437.152796715498,
                    4230.172668119821,
                    2436.7503508627415,
                    4283.284698317722
                ],
                [
                    1632.4253517985344,
                    4194.915866577823,
                    1632.7754589915276,
                    4141.683768425199,
                    2553.4568390250206,
                    4147.741581194967,
                    2553.1067318320274,
                    4200.973679347591
                ],
                [
                    1758.6357421875,
                    4103.972375690608,
                    1758.6357421875,
                    4070.0552486187844,
                    2427.2080078125,
                    4070.0552486187844,
                    2427.2080078125,
                    4103.972375690608
                ],
                [
                    2727.5810546875,
                    3997.3756906077347,
                    2727.5810546875,
                    3939.232044198895,
                    2834.1650390625,
                    3939.232044198895,
                    2834.1650390625,
                    3997.3756906077347
                ],
                [
                    2233.4189453125,
                    3997.3756906077347,
                    2233.4189453125,
                    3939.232044198895,
                    2359.3818359375,
                    3939.232044198895,
                    2359.3818359375,
                    3997.3756906077347
                ],
                [
                    1380.4283071756363,
                    3939.4798691891833,
                    1719.5458601117134,
                    3933.827211833132,
                    1720.427042067051,
                    3986.7067952024345,
                    1381.3094891309738,
                    3992.359452558486
                ],
                [
                    2088.0771484375,
                    3895.6243093922653,
                    2088.0771484375,
                    3856.8618784530386,
                    2349.6923828125,
                    3856.8618784530386,
                    2349.6923828125,
                    3895.6243093922653
                ],
                [
                    2643.664736866951,
                    3905.44651870306,
                    2646.056347489357,
                    3845.654451654761,
                    2830.8295583724976,
                    3853.046024217131,
                    2828.4379477500916,
                    3912.8380912654306
                ],
                [
                    1380.2758745253086,
                    3885.6083943909703,
                    1381.0698253810406,
                    3837.1683680075967,
                    1710.8196453154087,
                    3842.5749747766317,
                    1710.0256944596767,
                    3891.0150011600053
                ],
                [
                    2625.841796875,
                    3706.657458563536,
                    2625.841796875,
                    3648.513812154696,
                    2829.3203125,
                    3648.513812154696,
                    2829.3203125,
                    3706.657458563536
                ],
                [
                    1373.1371178925037,
                    3699.690264116993,
                    1378.0031347572803,
                    3626.6889476459987,
                    1596.6589746177197,
                    3641.2674449267306,
                    1591.792957752943,
                    3714.2687613977255
                ],
                [
                    2591.9287109375,
                    3624.2872928176794,
                    2591.9287109375,
                    3556.453038674033,
                    2839.009765625,
                    3556.453038674033,
                    2839.009765625,
                    3624.2872928176794
                ],
                [
                    1375.90234375,
                    3614.5966850828727,
                    1375.90234375,
                    3546.7624309392263,
                    1560.001953125,
                    3546.7624309392263,
                    1560.001953125,
                    3614.5966850828727
                ],
                [
                    2624.2654274106026,
                    3524.6539576409273,
                    2626.2389201521873,
                    3467.4134824974103,
                    2839.988232433796,
                    3474.784945156034,
                    2838.014739692211,
                    3532.025420299551
                ],
                [
                    1380.0779042840004,
                    3517.4117306872627,
                    1380.953467965126,
                    3454.367773909595,
                    1773.8387922048569,
                    3459.8252469057534,
                    1772.9632285237312,
                    3522.869203683421
                ],
                [
