{
    "predictions": [
        {
            "rec_texts": [
                "LIKE AND FOLLOW US ON FAC",
                "THANK YOU & COME AGAIN!",
                "(PRICE INCLUSIVE OF GST):",
                "BAR WANG RICE@PERMAS JAYA",
                "GST REG #000656195584",
                "SR = GST @6%",
                "0.46",
                "7.74",
                "AMOUNT($)",
                "GST SUMMARY",
                "TAX($)",
                "CHANGE",
                "$0.00",
                "$8.20",
                "CASH",
                "PAYMENT MODE",
                "AMOUNT",
                "NETT TOTAL: $8.20",
                "GST @6%: $0.46",
                "TOTAL AMOUNT: $8.20",
                "$5.50",
                "1",
                "$5.50",
                "SR I00100000060- 4 VEGE",
                "$2.70",
                "$2.70",
                "1",
                "SR I0010000000- PORK",
                "QTY",
                "ITEM",
                "TOTAL :",
                "TAX INVOICE",
                "(867388-U)",
                "021MM2281 (81168"
            ],
            "rec_scores": [
                0.9920574641227722,
                0.9913465821224711,
                0.9828826284408569,
                0.992013955116272,
                0.9919739422344026,
                0.9935900469621023,
                0.9992868453264236,
                0.9992602169513702,
                0.9831624627113342,
                0.9996988068927418,
                0.9765950441360474,
                0.982836127281189,
                0.99655122756958,
                0.9983006358146668,
                0.9999439567327499,
                0.9968525518973669,
                0.9998984436194102,
                0.9969859088168425,
                0.9880109940256391,
                0.9946202980844598,
                0.9299795985221863,
                0.9999569654464722,
                0.9654473662376404,
                0.9804468647293423,
                0.9948161721229554,
                0.9760119199752808,
                0.9989452958106995,
                0.9091610118746758,
                0.9710250298182169,
                0.9995632320642471,
                0.9984100886753627,
                0.9965389479290355,
                0.9830965280532837,
                0.757844315841794
            ],
            "det_polygons": [
                [
                    1493.1735388040543,
                    3634.8420021240577,
                    1493.1735388040543,
                    3587.4516202287255,
                    2313.2340856790543,
                    3587.4516202287255,
                    2313.2340856790543,
                    3634.8420021240577
                ],
                [
                    1573.5091411471367,
                    3554.1695956779163,
                    1573.865584552288,
                    3506.782106261948,
                    2232.934937775135,
                    3511.7363449161426,
                    2232.5784943699837,
                    3559.123834332111
                ],
                [
                    1606.5452533364296,
                    3487.0452733235443,
                    1607.1016175150871,
                    3421.4264864779934,
                    2209.2288474440575,
                    3426.5282415797383,
                    2208.6724832654,
                    3492.147028425289
                ],
                [
                    1455.0702595710754,
                    3397.7333202658815,
                    1455.356397986412,
                    3345.683732611455,
                    2360.870200753212,
                    3350.657640125323,
                    2360.5840623378754,
                    3402.7072277797497
                ],
                [
                    1573.4430313110352,
                    3317.1491344403344,
                    1573.8286961317062,
                    3265.0926048354345,
                    2242.340906381607,
                    3270.0433725143926,
                    2241.955241560936,
                    3322.0999021192924
                ],
                [
                    1204.01953125,
                    3203.5898161244695,
                    1204.01953125,
                    3151.460396039604,
                    1535.8359375,
                    3151.460396039604,
                    1535.8359375,
                    3203.5898161244695
                ],
                [
                    2526.544921875,
                    3203.5898161244695,
                    2526.544921875,
                    3146.7213578500705,
                    2630.830078125,
                    3146.7213578500705,
                    2630.830078125,
                    3203.5898161244695
                ],
                [
                    2066.7421875,
                    3203.5898161244695,
                    2066.7421875,
                    3146.7213578500705,
                    2166.287109375,
                    3146.7213578500705,
                    2166.287109375,
                    3203.5898161244695
                ],
                [
                    1937.909740269184,
                    3112.188914470322,
                    1939.6439300179482,
                    3056.707689298767,
                    2157.778035700321,
                    3063.5223706797124,
                    2156.043845951557,
                    3119.0035958512667
                ],
                [
                    1204.01953125,
                    3070.8967468175388,
                    1521.615234375,
                    3070.8967468175388,
                    1521.615234375,
                    3108.8090523338046,
                    1204.01953125,
                    3108.8090523338046
                ],
                [
                    2486.3356754779816,
                    3112.2207317433226,
                    2489.9510300159454,
                    3054.3931273119115,
                    2633.0804164409637,
                    3063.3366735045606,
                    2629.465061903,
                    3121.164277935972
                ],
                [
                    1198.3550611138344,
                    2932.6252418097206,
                    1200.3811756968498,
                    2861.732886588219,
                    1418.389426767826,
                    2867.9603946583275,
                    1416.3633121848106,
                    2938.852749879829
                ],
                [
                    2479.142578125,
                    2923.9865629420083,
                    2479.142578125,
                    2862.3790664780763,
                    2626.08984375,
                    2862.3790664780763,
                    2626.08984375,
                    2923.9865629420083
                ],
                [
                    2479.142578125,
                    2843.422913719943,
                    2479.142578125,
                    2786.5544554455446,
                    2626.08984375,
                    2786.5544554455446,
                    2626.08984375,
                    2843.422913719943
                ],
                [
                    1204.01953125,
                    2838.68387553041,
                    1204.01953125,
                    2781.815417256011,
                    1374.66796875,
                    2781.815417256011,
                    1374.66796875,
                    2838.68387553041
                ],
                [
                    1199.279296875,
                    2758.120226308345,
                    1199.279296875,
                    2696.5127298444127,
                    1587.978515625,
                    2696.5127298444127,
                    1587.978515625,
                    2758.120226308345
                ],
                [
                    2427.0,
