{
    "predictions": [
        {
            "rec_texts": [
                "STRICTLY NO CASH REFUND.",
                "3 DAY AIN RICE-PRESH",
                "OPERATOR TRADINE",
                "T2 X000110319",
                "RM 0.46",
                "RM 2.00",
                "CHANGE",
                "RM 10.10",
                "CASH",
                "RM 8.10",
                "TOTAL INCL. GST@6%",
                "ITEM(S) : 1",
                "QTY(S) : 3",
                "2.70",
                "3 X",
                "8.10",
                "9067301",
                "HH224 - 6/120",
                "X",
                "-TAX INVOICE-",
                "(MEROPIL",
                "CO-REG:750441-0"
            ],
            "rec_scores": [
                0.9796681354443232,
                0.7942219331860543,
                0.8550767004489899,
                0.9178062562759106,
                0.9996034162385123,
                0.9994112082890102,
                0.9961205224196116,
                0.9944623485207558,
                0.999966949224472,
                0.9993374943733215,
                0.9848095575968424,
                0.9953004934571006,
                0.998881459236145,
                0.9992283582687378,
                0.9930818875630697,
                0.9980584233999252,
                0.9971114652497428,
                0.8906018000382644,
                0.4651210606098175,
                0.9784763409541204,
                0.7399244233965874,
                0.8673345247904459
            ],
            "det_polygons": [
                [
                    232.18690574169156,
                    1639.5330207409868,
                    666.3884737491607,
                    1637.7312689309986,
                    666.4889545440673,
                    1661.9550084035163,
                    232.28741288185117,
                    1663.7567602135045
                ],
                [
                    269.1294050216674,
                    1611.90507062186,
                    269.38969612121576,
                    1591.9633372349658,
                    610.4178256988524,
                    1596.415864754174,
                    610.1575345993041,
                    1616.3575981410681
                ],
                [
                    85.41019710898398,
                    1442.6917408900338,
                    370.2705700397491,
                    1440.8830333231751,
                    370.4023489952087,
                    1461.6411196300605,
                    85.54198265075682,
                    1463.4498271969192
                ],
                [
                    588.4271268844603,
                    1389.466078535941,
                    820.4664201736449,
                    1382.9422109328825,
                    821.193233013153,
                    1408.79823468436,
                    589.1539397239684,
                    1415.3221022874186
                ],
                [
                    638.8280723094939,
                    1318.3459939005245,
                    638.8280723094939,
                    1283.8117149407135,
                    769.1835410594939,
                    1283.8117149407135,
                    769.1835410594939,
                    1318.3459939005245
                ],
                [
                    696.5098972320556,
                    1214.652310620752,
                    696.7516412734984,
                    1184.4297577986479,
                    827.1540045738219,
                    1185.473121329233,
                    826.912260532379,
                    1215.695674151337
                ],
                [
                    77.04145625233649,
                    1184.303921833444,
                    189.52304738759992,
                    1181.0589558630688,
                    190.51113927364347,
                    1215.3156368895907,
                    78.02954155206679,
                    1218.560602859966
                ],
                [
                    677.5628654956816,
                    1138.009038859338,
                    825.055183649063,
                    1136.0553143007535,
                    825.4098961353301,
                    1162.8375076185725,
                    677.9175779819487,
                    1164.791232177157
                ],
                [
                    73.37890624999999,
                    1169.8486997635932,
                    73.37890624999999,
                    1131.8609929078013,
                    157.11718749999997,
                    1131.8609929078013,
                    157.11718749999997,
                    1169.8486997635932
                ],
                [
                    697.5312499999999,
                    1115.4572104018912,
                    697.5312499999999,
                    1085.2397163120565,
                    825.2968749999999,
                    1085.2397163120565,
                    825.2968749999999,
                    1115.4572104018912
                ],
                [
                    84.5850571990013,
                    1109.3972707040484,
                    84.6418575644493,
                    1088.6625810339094,
                    413.5353767871856,
                    1089.5636677194148,
                    413.4785764217376,
                    1110.2983573895538
                ],
                [
                    86.27727207541464,
                    1014.4060823914006,
                    86.40918275713919,
                    987.6255753176713,
                    280.63000369071955,
                    988.5823080581412,
                    280.498093008995,
                    1015.3628151318704
                ],
                [
                    645.5184493064879,
                    988.6497578217345,
                    822.6020717620848,
                    986.714371167627,
                    822.8848090171813,
                    1012.583674091312,
                    645.8011865615844,
                    1014.5190607454196
                ],
                [
                    575.2022840976714,
                    916.3840811077865,
                    576.3680088520049,
                    880.8264627659573,
                    657.7968652248381,
                    883.496419501699,
                    656.6311404705046,
                    919.0540378435282
                ],
                [
                    489.00678110122675,
                    885.6055946873153,
                    586.8707547187804,
                    879.0806731817006,
                    589.055724620819,
                    911.8576750193927,
                    491.1917510032653,
                    918.3825965250073
                ],
                [
                    710.8810746669768,
                    880.3616390435689,
                    790.3240258693694,
                    879.1201418324282,
                    790.938502550125,
                    918.447200751699,
                    711.4955513477324,
                    919.6886979628398
                ],
                [
                    75.78962862491606,
                    882.4386175060947,
                    207.09276247024533,
                    881.3442450917921,
                    207.3952586650848,
                    917.6459186382608,
                    76.09212481975554,
                    918.7402910525634
                ],
                [
                    80.28515624999999,
                    866.8104018912529,
                    80.28515624999999,
                    835.729550827423,
                    339.26953124999994,
                    835.729550827423,
                    339.26953124999994,
                    866.8104018912529
                ],
                [
                    783.8593749999999,
                    818.4624113475177,
