{
    "predictions": [
        {
            "rec_texts": [
                "THANK YOU & COME AGAIN!",
                "(PRICE INCLUSIVE OF GST)",
                "GST REG #000656195584",
                "SR = GST @6%",
                "0.50",
                "8.40",
                "CST SUMMARY",
                "TAX($)",
                "AMOUNT",
                "CHANGE",
                "$0.00",
                "$8.90",
                "CASH",
                "AMOUNT",
                "PAYMENT MODE",
                "NETT TOTAL: $8.00",
                "GST @6%: $0.56",
                "TOTAL AMOUNT: $8.90",
                "1",
                "$1.30",
                "$1.30",
                "SR I00100000169- VEGGIES",
                "1",
                "$1.60",
                "$1.60",
                "$6.00",
                "1",
                "$6.00",
                "TOTAL",
                "9\"H",
                "MERN",
                "TAX INVOICE",
                "TAMPOI 81200 JOHOR BAHRU ",
                "(87388-U)",
                "14 APR 2018 18:11"
            ],
            "rec_scores": [
                0.9953683018684387,
                0.9987384056051573,
                0.9950550198554993,
                0.9958888192971548,
                0.8960955888032913,
                0.9974524527788162,
                0.8569817841053009,
                0.8866980175177256,
                0.9994472165902456,
                0.9995513260364532,
                0.9295520782470703,
                0.9935060262680053,
                0.9999558329582214,
                0.9996075729529063,
                0.9973752796649933,
                0.937413916868322,
                0.9679079055786133,
                0.9927319256882918,
                0.9998962879180908,
                0.9991620302200317,
                0.9956357598304748,
                0.925487108528614,
                0.9999387264251709,
                0.9914264559745789,
                0.9977912187576294,
                0.8644191801548005,
                0.9995529055595398,
                0.9526779770851135,
                0.9963629484176636,
                0.641625702381134,
                0.7893147617578506,
                0.999187561598691,
                0.9932452273368836,
                0.8528835210535262,
                0.9457364152459538
            ],
            "det_polygons": [
                [
                    1865.0009095668793,
                    3798.7200064474705,
                    2528.7272658348083,
                    3793.7292015117832,
                    2529.0992547273636,
                    3843.199564728289,
                    1865.3728984594345,
                    3848.190369663976
                ],
                [
                    1894.2880859375,
                    3764.8011049723755,
                    1894.2880859375,
                    3716.3480662983425,
                    2499.87890625,
                    3716.3480662983425,
                    2499.87890625,
                    3764.8011049723755
                ],
                [
                    1860.0064116418362,
                    3589.7585880848583,
                    1860.764287263155,
                    3541.2416708930423,
                    2534.0924220085144,
                    3551.763882294544,
                    2533.3348420858383,
                    3600.2807994863606
                ],
                [
                    1477.6414537131786,
                    3478.9278810617016,
                    1477.6414537131786,
                    3425.6295385202648,
                    1816.7723130881786,
                    3425.6295385202648,
                    1816.7723130881786,
                    3478.9278810617016
                ],
                [
                    2824.4755859375,
                    3469.2375690607732,
                    2824.4755859375,
                    3415.939226519337,
                    2935.904296875,
                    3415.939226519337,
                    2935.904296875,
                    3469.2375690607732
                ],
                [
                    2344.84765625,
                    3469.2375690607732,
                    2344.84765625,
                    3415.939226519337,
                    2461.12109375,
                    3415.939226519337,
                    2461.12109375,
                    3469.2375690607732
                ],
                [
                    1476.7061589062214,
                    3381.0216317361233,
                    1478.4753238856792,
                    3327.943906668141,
                    1808.0350095927715,
                    3338.9304202590856,
                    1806.2658446133137,
                    3392.0081453270673
                ],
                [
                    2783.3802756667137,
                    3380.664385210743,
                    2787.1315086483955,
                    3320.635139591786,
                    2937.940182030201,
                    3330.0619527068584,
                    2934.188949048519,
                    3390.0911983258156
                ],
                [
                    2227.5472573637962,
                    3380.244443103095,
                    2229.1348633766174,
                    3323.086773445593,
                    2452.2238172888756,
                    3329.284172606073,
                    2450.6362112760544,
                    3386.441842263575
                ],
                [
                    1477.6416015625,
                    3193.0552486187844,
                    1477.6416015625,
                    3120.3756906077347,
                    1690.8095703125,
                    3120.3756906077347,
                    1690.8095703125,
                    3193.0552486187844
                ],
                [
                    2776.0283203125,
                    3188.209944751381,
                    2776.0283203125,
                    3115.5303867403313,
                    2935.904296875,
                    3115.5303867403313,
                    2935.904296875,
                    3188.209944751381
                ],
                [
                    2776.0283203125,
                    3096.1491712707184,
                    2776.0283203125,
                    3042.8508287292816,
                    2931.0595703125,
                    3042.8508287292816,
                    2931.0595703125,
                    3096.1491712707184
                ],
                [
                    1482.486328125,
                    3096.1491712707184,
                    1482.486328125,
                    3042.8508287292816,
                    1652.0517578125,
                    3042.8508287292816,
                    1652.0517578125,
                    3096.1491712707184
                ],
                [
                    2727.5810546875,
                    2945.9447513812156,
                    2935.904296875,
                    2945.9447513812156,
                    2935.904296875,
                    3004.0883977900553,
                    2727.5810546875,
                    3004.0883977900553
                ],
                [
                    1477.6416015625,
                    2999.243093922652,
                    1477.6416015625,
                    2950.790055248619,
                    1865.2197265625,
                    2950.790055248619,
                    1865.2197265625,
                    2999.243093922652
                ],
                [
                    2509.568359375,
                    2887.8011049723755,
                    2509.568359375,
                    2824.8121546961324,
                    2931.0595703125,
                    2824.8121546961324,
                    2931.0595703125,
                    2887.8011049723755
                ],
                [
