{
    "predictions": [
        {
            "rec_texts": [
                "3 DAT WITH RECEIPT .",
                "VIPHING INDLY PLURS",
                "7 X 00003735723",
                "RM 0.40",
                "ICEMONE",
                "RM 3.00",
                "RM 10.00",
                "CASH :",
                "RM 7.00",
                "YONG INCL. GST@6%",
                "QTY(S) : 2",
                "ITEM(S): 1",
                "9067425",
                "2 X 3.50",
                "7.00",
                "MYNU. H",
                "12/14",
                "PAXINVOICE 3004LC",
                "6%",
                "-TAX INVOICE",
                "(MEROKI",
                "C-DR-783 750441-D"
            ],
            "rec_scores": [
                0.8962614789605141,
                0.5690402780708513,
                0.8266559322675069,
                0.9751281993729728,
                0.7596729610647474,
                0.990116570677076,
                0.9529308304190636,
                0.9510371387004852,
                0.9456329260553632,
                0.900297133361592,
                0.9048331439495086,
                0.9155791461467743,
                0.9854704056467328,
                0.9921590611338615,
                0.99961157143116,
                0.5815223753452301,
                0.951244306564331,
                0.7880358397960663,
                0.4457172453403473,
                0.9672417640686035,
                0.7347354079995837,
                0.717294372179929
            ],
            "det_polygons": [
                [
                    258.9637466669082,
                    1609.3018259179223,
                    259.0256580114364,
                    1585.9593597628545,
                    601.7252621650695,
                    1586.8684561077864,
                    601.6634035110472,
                    1610.2109222628544
                ],
                [
                    74.20198464393614,
                    1457.348996079898,
                    74.25564992427825,
                    1440.0633079150043,
                    362.59683012962336,
                    1440.9589143072176,
                    362.54316484928125,
                    1458.2446024721112
                ],
                [
                    574.0279181003569,
                    1408.9370336510046,
                    574.1366713047026,
                    1381.3237327774082,
                    813.2380731105803,
                    1382.2650785405583,
                    813.1293199062346,
                    1409.8783794141548
                ],
                [
                    624.6840436458587,
                    1278.9382587405805,
                    759.2643425464629,
                    1275.8321971271055,
                    760.0399467945098,
                    1309.445365252844,
                    625.4596478939055,
                    1312.5514268663194
                ],
                [
                    58.41614615917205,
                    1183.1536925836656,
                    179.3996995091438,
                    1181.7467326712099,
                    179.80058205127713,
                    1216.2262086981013,
                    58.81702870130538,
                    1217.6331686105568
                ],
                [
                    682.8554687499999,
                    1212.153086099106,
                    682.8554687499999,
                    1178.4821641132903,
                    814.0742187499999,
                    1178.4821641132903,
                    814.0742187499999,
                    1212.153086099106
                ],
                [
                    661.2734374999999,
                    1164.6685579196217,
                    661.2734374999999,
                    1130.9976359338061,
                    814.0742187499999,
                    1130.9976359338061,
                    814.0742187499999,
                    1164.6685579196217
                ],
                [
                    59.040508896112435,
                    1133.0290331107785,
                    148.69238394498822,
                    1128.4700614333997,
                    150.65593516826627,
                    1167.089477481346,
                    61.00405353307723,
                    1171.6484491587248
                ],
                [
                    682.5097663402556,
                    1081.9332024324024,
                    812.0375726222991,
                    1079.9997128028958,
                    812.475219964981,
                    1109.321600500517,
                    682.9474136829375,
                    1111.2550901300235
                ],
                [
                    65.60937499999999,
                    1113.7304964539005,
                    65.60937499999999,
                    1078.3328605200945,
                    403.15234374999994,
                    1078.3328605200945,
                    403.15234374999994,
                    1113.7304964539005
                ],
                [
                    629.0556168556212,
                    1016.7203470144428,
                    629.5610241889952,
                    985.7181170813017,
                    810.7879118919371,
                    988.6732598487366,
                    810.2825045585631,
                    1019.6754897818779
                ],
                [
                    68.83699122071265,
                    1013.4515628462987,
                    69.29057744145392,
                    982.4531269623595,
                    266.93966662883753,
                    985.3458786984706,
                    266.48608040809626,
                    1016.3443145824098
                ],
                [
                    63.67843919992446,
                    915.9208909343602,
                    63.96099203824996,
                    881.4455778225656,
                    195.2982956767082,
                    882.5222973690528,
                    195.0157428383827,
                    916.997663175975
                ],
                [
                    474.5108325481414,
                    912.2312834755465,
                    475.0785200595855,
                    881.1924304285792,
                    641.7465994358062,
                    884.2415286088947,
                    641.1789119243621,
                    915.2804343509898
                ],
                [
                    699.2578124999999,
                    915.1583924349881,
                    699.2578124999999,
                    877.1706855791962,
                    776.9531249999999,
                    877.1706855791962,
                    776.9531249999999,
                    915.1583924349881
                ],
                [
                    63.38859531283378,
                    834.5802173948174,
                    221.7919119596481,
                    827.77706561438,
                    223.08390951156613,
                    857.8649296898086,
                    64.68059945106505,
                    864.668081470246
                ],
                [
                    230.23632955551145,
                    831.7167114546394,
                    343.23459720611567,
                    829.5434589936095,
                    343.89775991439814,
                    864.0317878019724,
                    230.89949226379392,
                    866.2050402630023
                ],
                [
                    67.31674498319624,
                    808.9461455216643,
                    67.385611474514,
                    787.3239645089944,
                    359.14965915679926,
                    788.2531903927489,
                    359.0807926654815,
                    809.8753714054188
                ],
                [
                    767.9453668594359,
                    812.5244081754211,
