{
    "predictions": [
        {
            "rec_texts": [
                "TIME",
                "NON",
                "DICE",
                "ENG CHI SAIR",
                "AMT(RM)",
                "CASHIER :",
                "TOTAL GROSE",
                "60.00",
                "0",
                "4A",
                "RALING GST",
                "0.00",
                "RM",
                "9",
                "CASH",
                "4B",
                "60.00",
                "TOTAL",
                "60.00",
                "RM",
                "2.200",
                "/ LITRE",
                "TABL",
                "FULE SURVE GST",
                "RM",
                "60.00 C",
                "27 2 LIFIF PUSAT PUNC 4 C",
                "GST NO. : 002068602243",
                "TAXINVOICE : 70 885002",
                "SIME: 10:29",
                "81750  JALAN BEAN BIL",
                "COMPANY NO: 2036415-1",
                "TO WAKIN SUNGKILR CHUR"
            ],
            "rec_scores": [
                0.9809928983449936,
                0.8528545498847961,
                0.8019792586565018,
                0.681714785595735,
                0.8490802730832782,
                0.9774015413390266,
                0.9486765265464783,
                0.9994467496871948,
                0.7916014194488525,
                0.4276236295700073,
                0.8431517213582993,
                0.9998836666345596,
                0.9731549024581909,
                0.7602384686470032,
                0.8912434279918671,
                0.2791999727487564,
                0.9985593914985657,
                0.9999511003494262,
                0.9783605813980103,
                0.9880332350730896,
                0.9111371278762818,
                0.8357687251908439,
                0.5694410353899002,
                0.773861227290971,
                0.814478725194931,
                0.9918338741574969,
                0.6750884854793548,
                0.9056625989350405,
                0.8818430819294669,
                0.7709989899938757,
                0.8493989961487907,
                0.915947675704956,
                0.7029144249179147
            ],
            "det_polygons": [
                [
                    1971.8037109375,
                    3755.1104972375692,
                    1971.8037109375,
                    3677.585635359116,
                    2141.369140625,
                    3677.585635359116,
                    2141.369140625,
                    3755.1104972375692
                ],
                [
                    2170.4375,
                    3755.1104972375692,
                    2170.4375,
                    3672.740331491713,
                    2330.3134765625,
                    3672.740331491713,
                    2330.3134765625,
                    3755.1104972375692
                ],
                [
                    1622.9833984375,
                    3759.955801104972,
                    1622.9833984375,
                    3672.740331491713,
                    1787.7041015625,
                    3672.740331491713,
                    1787.7041015625,
                    3759.955801104972
                ],
                [
                    2415.614255428314,
                    3672.310925899948,
                    2920.021435678005,
                    3652.6564523264847,
                    2923.014793038368,
                    3729.4981689453125,
                    2418.607612788677,
                    3749.152642518776
                ],
                [
                    1627.321888923645,
                    3449.4334541447256,
                    1628.8675057291985,
                    3376.787018328082,
                    1904.5828341841698,
                    3382.6537870122584,
                    1903.0372173786163,
                    3455.300222828902
                ],
                [
                    1627.828125,
                    3377.1767955801106,
                    1627.828125,
                    3309.342541436464,
                    1928.201171875,
                    3309.342541436464,
                    1928.201171875,
                    3377.1767955801106
                ],
                [
                    1627.52059841156,
                    3086.711120268258,
                    2053.6001651883125,
                    3081.247732594527,
                    2054.469519197941,
                    3149.0707488507855,
                    1628.3899524211884,
                    3154.5341365245167
                ],
                [
                    2882.6123046875,
                    3134.9116022099447,
                    2882.6123046875,
                    3062.232044198895,
                    3086.0908203125,
                    3062.232044198895,
                    3086.0908203125,
                    3134.9116022099447
                ],
                [
                    2146.2138671875,
                    3144.6022099447514,
                    2146.2138671875,
                    3067.0773480662983,
                    2214.0400390625,
                    3067.0773480662983,
                    2214.0400390625,
                    3144.6022099447514
                ],
                [
                    2567.705078125,
                    3144.6022099447514,
                    2567.705078125,
                    3057.3867403314916,
                    2679.1337890625,
                    3057.3867403314916,
                    2679.1337890625,
                    3144.6022099447514
                ],
                [
                    1627.1500880122185,
                    3004.3714151119,
                    2010.2850452065468,
                    2998.9742718269813,
                    2011.240151822567,
                    3066.7949222122106,
                    1628.1051946282387,
                    3072.1920654971295
                ],
                [
                    2916.525390625,
                    3057.3867403314916,
                    2916.525390625,
                    2984.707182320442,
                    3090.935546875,
                    2984.707182320442,
                    3090.935546875,
                    3057.3867403314916
                ],
                [
                    2567.705078125,
                    3067.0773480662983,
                    2567.705078125,
                    2984.707182320442,
                    2679.1337890625,
                    2984.707182320442,
                    2679.1337890625,
                    3067.0773480662983
                ],
                [
                    2146.2138671875,
                    3071.9226519337017,
                    2146.2138671875,
                    2989.5524861878453,
                    2214.0400390625,
                    2989.5524861878453,
                    2214.0400390625,
                    3071.9226519337017
                ],
                [
                    1616.736468911171,
                    2921.4579862310084,
                    1619.801089644432,
                    2847.8965497938966,
                    1794.5134499073029,
                    2855.176926417904,
                    1791.4488291740417,
                    2928.7383628550156
                ],
                [
                    2567.705078125,
                    2916.8729281767955,
                    2567.705078125,
                    2834.502762430939,
                    2674.2890625,
                    2834.502762430939,
                    2674.2890625,
                    2916.8729281767955
                ],
                [
                    2880.980639576912,
                    2835.6842192760487,
                    3084.717004418373,
                    2827.847271492468,
                    3087.586464047432,
