{
    "predictions": [
        {
            "rec_texts": [
                "FACEBOOK.COM/BARWANGRICE@",
                "LIKE AND FOLLOW US ON FAC",
                "THANK YOU & COME AGAIN!",
                "(PRICE INCLUSIVE OF GST):",
                "GST REG #000656195584",
                "SR = GST @6%",
                "0.43",
                "7.71",
                "AMOUNT($)",
                "GST SUMMARY",
                "TAX($)",
                "$0.00",
                "CHANGE",
                "$7.60",
                "CASH",
                "PAYMENT MODE",
                "AMOUNT",
                "NATT TOTAL: $7.60",
                "GST @6%: $0.43",
                "TOTAL AMOUNT: $7.00",
                "$0.50",
                "SOS:",
                "1",
                "SR I00100000064-ISON (M) ",
                "$7.10",
                "$7.10",
                "1",
                "TOTAL :",
                "QTY",
                "ITEM D",
                "TAX INVOICE",
                "TAMPOI,81200 JOHOR BAHRU,",
                "(867388-U)",
                "06 AM021.830"
            ],
            "rec_scores": [
                0.9797967886924743,
                0.9888751530647277,
                0.9962996710901675,
                0.9785141229629517,
                0.99676171370915,
                0.997981940706571,
                0.9988662749528885,
                0.8707545101642609,
                0.9961586395899454,
                0.998559529131109,
                0.9846988618373871,
                0.9972801923751831,
                0.9979008237520853,
                0.9968821763992309,
                0.999949499964714,
                0.9952126989761988,
                0.9999235173066457,
                0.9408416292246651,
                0.9773363641330174,
                0.9834746875261006,
                0.991371238231659,
                0.4347846731543541,
                0.9997021555900574,
                0.8027930116653442,
                0.997806441783905,
                0.9927743554115296,
                0.9850173592567444,
                0.9437745809555054,
                0.8595309058825175,
                0.720657117664814,
                0.9990308772433888,
                0.9913923716545106,
                0.9933278679847717,
                0.7293075943986574
            ],
            "det_polygons": [
                [
                    2121.8768339455128,
                    4302.668575392244,
                    2853.2721982598305,
                    4296.953813921681,
                    2853.6906118392944,
                    4350.475731275358,
                    2122.2950996756554,
                    4356.190492745921
                ],
                [
                    2068.6982421875,
                    4259.022099447514,
                    2068.6982421875,
                    4210.5690607734805,
                    2901.9912109375,
                    4210.5690607734805,
                    2901.9912109375,
                    4259.022099447514
                ],
                [
                    2151.05859375,
                    4181.49723756906,
                    2151.05859375,
                    4128.1988950276245,
                    2824.4755859375,
                    4128.1988950276245,
                    2824.4755859375,
                    4181.49723756906
                ],
                [
                    2184.8096368312836,
                    4050.7574301029435,
                    2795.161205291748,
                    4045.6276302443025,
                    2795.5692694187164,
                    4094.1587426622928,
                    2185.217700958252,
                    4099.288542520934
                ],
                [
                    2151.05859375,
                    3929.5414364640883,
                    2151.05859375,
                    3881.0883977900553,
                    2829.3203125,
                    3881.0883977900553,
                    2829.3203125,
                    3929.5414364640883
                ],
                [
                    1772.8616560399532,
                    3760.1959370144164,
                    2111.9824616611004,
                    3754.7254517275983,
                    2112.8355522453785,
                    3807.619230323075,
                    1773.7147466242313,
                    3813.089715609893
                ],
                [
                    3120.00390625,
                    3750.265193370166,
                    3226.587890625,
                    3750.265193370166,
                    3226.587890625,
                    3808.4088397790056,
                    3120.00390625,
                    3808.4088397790056
                ],
                [
                    2645.220703125,
                    3808.4088397790056,
                    2645.220703125,
                    3745.4198895027625,
                    2756.6494140625,
                    3745.4198895027625,
                    2756.6494140625,
                    3808.4088397790056
                ],
                [
                    2518.3955552577972,
                    3715.7347142340727,
                    2520.0532418489456,
                    3661.0186234785047,
                    2743.1460398435593,
                    3667.779691411645,
                    2741.488353252411,
                    3722.4957821672133
                ],
                [
                    1767.8539995253086,
                    3711.1774551644507,
                    1768.6479503810406,
                    3662.737428781077,
                    2098.2389801442623,
                    3668.1410782113257,
                    2097.4450292885303,
                    3716.5811045946994
                ],
                [
                    3074.284460604191,
                    3715.692128555551,
                    3077.593919813633,
                    3656.1171301741624,
                    3228.659851014614,
                    3664.510649117317,
                    3225.350391805172,
                    3724.085647498705
                ],
                [
                    3066.7119140625,
                    3522.53591160221,
                    3066.7119140625,
                    3454.7016574585637,
                    3221.7431640625,
                    3454.7016574585637,
                    3221.7431640625,
                    3522.53591160221
                ],
                [
                    1762.0262228250504,
                    3524.9860667866237,
                    1764.0535327196121,
                    3454.0259055459037,
                    1982.5798565745354,
                    3460.2700306592064,
                    1980.5525466799736,
                    3531.2301918999265
                ],
                [
                    3071.556640625,
                    3372.3314917127072,
                    3221.7431640625,
                    3372.3314917127072,
                    3221.7431640625,
                    3430.475138121547,
                    3071.556640625,
                    3430.475138121547
                ],
                [
                    1768.3251953125,
                    3430.475138121547,
                    1768.3251953125,
                    3372.3314917127072,
                    1942.7353515625,
                    3372.3314917127072,
                    1942.7353515625,
                    3430.475138121547
                ],
                [
                    1768.3251953125,
                    3338.414364640884,
                    1768.3251953125,
                    3285.1160220994475,
                    2160.748046875,
                    3285.1160220994475,
                    2160.748046875,
                    3338.414364640884
                ],
                [
                    3018.2646484375,
