{
    "predictions": [
        {
            "rec_texts": [
                "PURPOSE **",
                "TERMINA WSH ",
                "DATE: 24/09/2017",
                "0.49",
                "SR @ 6%",
                "8.21",
                "TAX(RM)",
                "AMOUNT(RM)",
                "GST SUMMARY",
                "1.30",
                "CHANGE",
                "10.00",
                "CASH",
                "8.70",
                "FINAL TOTAL",
                "0.00",
                "ROUND ADJ",
                "8.70",
                "TOTAL",
                "0.00",
                "DISCOUNT",
                "8.70",
                "8.70",
                "3 X 2.9000",
                "SR",
                "3.5\"X6\"",
                "1. 2012-0029",
                "ORDERC # :",
                "TAX INVOICE",
                "GST ID NO: 001531760640",
                "TEL: +603-3362 4137",
                "40170 SETIA ALAM"
            ],
            "rec_scores": [
                0.9721939027309418,
                0.7626053541898727,
                0.9843122884631157,
                0.9998421221971512,
                0.9992720995630536,
                0.997316986322403,
                0.9895803162029811,
                0.9996009707450867,
                0.9998154152523387,
                0.9996496438980103,
                0.9987316826979319,
                0.9998766303062439,
                0.9999226182699203,
                0.9957287013530731,
                0.9966120015491139,
                0.9998978972434998,
                0.9349445071485307,
                0.9896518290042877,
                0.9997377276420594,
                0.9998486489057541,
                0.9988517984747887,
                0.9986540675163269,
                0.9969504475593567,
                0.9988620221614838,
                0.9896092116832733,
                0.9903733560017177,
                0.9916595220565796,
                0.7417769759893418,
                0.9999600161205638,
                0.9925028733585192,
                0.996946582668706,
                0.9961978644132614
            ],
            "det_polygons": [
                [
                    251.7377389073372,
                    1354.6695240610784,
                    251.97769683599472,
                    1337.0721119517034,
                    397.3413284420967,
                    1339.0543123029106,
                    397.1013705134392,
                    1356.6517244122856
                ],
                [
                    126.53247641026974,
                    1225.2347076390774,
                    314.5125823020935,
                    1224.4888204696063,
                    314.56575775146484,
                    1237.8917683111526,
                    126.58564257621765,
                    1238.6376554806238
                ],
                [
                    325.96424210071564,
                    958.624007636008,
                    326.1723393201828,
                    945.9317467928524,
                    519.0326387882233,
                    949.0932271372099,
                    518.8245415687561,
                    961.7854879803654
                ],
                [
                    523.000893831253,
                    862.7780261927148,
                    572.3513499498367,
                    861.9122802128568,
                    572.7450413703918,
                    884.3503842034352,
                    523.3945852518082,
                    885.2161301832933
                ],
                [
                    34.43969991803169,
                    881.2335352996246,
                    34.96573582291603,
                    863.0862876065414,
                    129.74336192011833,
                    865.833237666153,
                    129.217326015234,
                    883.9804853592361
                ],
                [
                    342.2687557935715,
                    881.9650899099851,
                    342.6622986793518,
                    861.8971307721387,
                    388.3819707632065,
                    862.79347268129,
                    387.98842787742615,
                    882.8614318191364
                ],
                [
                    483.9845589995384,
                    852.0699707738027,
                    484.51675909757614,
                    832.0245872731048,
                    569.1375401616096,
                    834.2710116933061,
                    568.6053400635719,
                    854.316395194004
                ],
                [
                    263.3890665769577,
                    851.0150795708618,
                    263.4845744371414,
                    834.0125057955632,
                    386.40111100673676,
                    834.7029935396635,
                    386.30560314655304,
                    851.7055673149621
                ],
                [
                    36.453371934592724,
                    850.4459358764345,
                    36.53010871261358,
                    834.7931475643288,
                    173.43135678768158,
                    835.4641786737814,
                    173.35462000966072,
                    851.1169669858871
                ],
                [
                    486.48573607206345,
                    792.7854564783493,
                    533.3393226265907,
                    791.9635250574306,
                    533.6920184493065,
                    812.0650506031425,
                    486.8384318947792,
                    812.8869820240611
                ],
                [
                    246.30296289920807,
                    807.2044565155055,
                    246.59145456552505,
                    789.6067473582733,
                    331.0862410068512,
                    790.9917329925462,
                    330.7977493405342,
                    808.5894421497784
                ],
                [
                    475.03091990947723,
                    762.9911108277277,
                    533.4511321783066,
                    762.2122513461054,
                    533.7103253602982,
                    781.6518057420099,
                    475.2901130914688,
                    782.430665223632
                ],
                [
                    244.447819262743,
                    759.941394739648,
                    303.44386371970177,
                    759.1548120137381,
                    303.71130058169365,
                    779.2107407133673,
                    244.71525612473488,
                    779.997323439277
                ],
                [
                    484.8935546875,
                    726.3746898263028,
                    484.8935546875,
                    705.690653432589,
                    532.3486328125,
                    705.690653432589,
                    532.3486328125,
                    726.3746898263028
                ],
                [
                    247.009765625,
                    720.8995037220844,
                    247.009765625,
                    705.0822994210091,
                    346.787109375,
                    705.0822994210091,
                    346.787109375,
                    720.8995037220844
                ],
                [
                    484.8935546875,
                    684.3982630272953,
                    484.8935546875,
                    661.8891645988421,
                    532.95703125,
                    661.8891645988421,
                    532.95703125,
                    684.3982630272953
                ],
                [
                    245.7021954357624,
                    682.5030234362885,
                    245.86729183793068,
                    659.3910663816139,
                    349.9067852497101,
                    660.1341315964414,
