{
    "predictions": [
        {
            "rec_texts": [
                "THANK YOU",
                ":",
                ":",
                ":",
                "RM0.89",
                "GST 6%",
                "GST TAX AMT",
                "RM14.91",
                "VA05: HANGEI",
                "RM4.20",
                "RM20.00",
                "-CASH",
                "HM15.40",
                "SUBTOTAL",
                "2 NO",
                "995559795009716",
                "TAMAL  CALLO 200G",
                "RM7.90 S",
                "89555949500023",
                "PEANOT LEC2030",
                "RM7.90 S",
                "REG HER YOUN",
                "MC #00",
                "GST ID : 0017876960010",
                ":",
                "(1157009-U)"
            ],
            "rec_scores": [
                0.9907677637206184,
                0.5568859577178955,
                0.5343953967094421,
                0.6918598413467407,
                0.9991532862186432,
                0.9853110015392303,
                0.9942896203561262,
                0.9955765094075885,
                0.6927257577578226,
                0.9331377545992533,
                0.9863901819501605,
                0.9301002264022827,
                0.9455280389104571,
                0.9962451905012131,
                0.9589126110076904,
                0.8577528417110443,
                0.7100350225673002,
                0.9924963936209679,
                0.7532068001372474,
                0.713232451251575,
                0.9933342635631561,
                0.6639747818311056,
                0.8269853293895721,
                0.8574300679293546,
                0.9784707427024841,
                0.9334101893685081
            ],
            "det_polygons": [
                [
                    394.09765625,
                    1309.914509331728,
                    394.09765625,
                    1275.323299217339,
                    578.859375,
                    1275.323299217339,
                    578.859375,
                    1309.914509331728
                ],
                [
                    622.546875,
                    1216.1541240216736,
                    622.546875,
                    1211.6026490066224,
                    627.09765625,
                    1211.6026490066224,
                    627.09765625,
                    1216.1541240216736
                ],
                [
                    624.8223211765289,
                    1213.8784976341435,
                    628.9180243015289,
                    1209.7821701205976,
                    632.5586493015289,
                    1213.4233501326385,
                    628.4629461765289,
                    1217.5196776461846
                ],
                [
                    608.89453125,
                    1217.064419024684,
                    608.89453125,
                    1206.140878988561,
                    636.19921875,
                    1206.140878988561,
                    636.19921875,
                    1217.064419024684
                ],
                [
                    676.2460381984711,
                    1161.5363127210642,
                    676.2460381984711,
                    1125.1245126006547,
                    798.2069756984711,
                    1125.1245126006547,
                    798.2069756984711,
                    1161.5363127210642
                ],
                [
                    197.4063299894333,
                    1162.355711567768,
                    197.74291670322418,
                    1124.9873905262266,
                    323.2440975904465,
                    1126.1181476002785,
                    322.9075108766556,
                    1163.4864686418198
                ],
                [
                    200.234375,
                    1109.6496086694763,
                    200.234375,
                    1077.789283564118,
                    411.390625,
                    1077.789283564118,
                    411.390625,
                    1109.6496086694763
                ],
                [
                    656.7865042686462,
                    1077.8640673210791,
                    794.2019882202148,
                    1075.765899566338,
                    794.6892862319946,
                    1107.6882296291767,
                    657.273802280426,
                    1109.7863973839178
                ],
                [
                    206.54325103759766,
                    982.2716466454696,
                    434.0261787176132,
                    980.3103787251656,
                    434.25424551963806,
                    1006.7698275699879,
                    206.7713178396225,
                    1008.731095490292
                ],
                [
                    677.15625,
                    1014.9789283564118,
                    677.15625,
                    974.9259482239614,
                    800.9375,
                    974.9259482239614,
                    800.9375,
                    1014.9789283564118
                ],
                [
                    656.094498872757,
                    963.6372678826762,
                    656.4055874347687,
                    924.7519366627785,
                    799.2618992328644,
                    925.8949169363335,
                    798.9508106708527,
                    964.7802481562312
                ],
                [
                    192.5658197402954,
                    965.7636601162703,
                    193.2107174396515,
                    921.9050423784618,
                    284.39399695396423,
                    923.2462607239614,
                    283.74909925460815,
                    967.10487846177
                ],
                [
                    524.994279384613,
                    904.7233908766368,
                    525.209819316864,
                    884.7483493683211,
                    789.173574924469,
                    887.597354932552,
                    788.958034992218,
                    907.5723964408677
                ],
                [
                    199.25918179750443,
                    909.324869889656,
                    199.47299963235855,
                    876.609143059057,
                    358.7376081943512,
                    877.6502262967527,
                    358.52379035949707,
                    910.3659531273518
                ],
                [
                    533.7958636283875,
                    863.6890545040638,
                    534.4115967750549,
                    821.8111506857691,
                    622.0353565216064,
                    823.0999203934001,
                    621.419623374939,
                    864.9778242116947
                ],
                [
                    202.02239817380905,
                    807.408888071004,
                    202.11011403799057,
                    782.7502498730057,
                    474.2174599170685,
                    783.7187717536499,
                    474.12974405288696,
                    808.3774099516481
                ],
                [
                    205.6105408668518,
                    733.7582772637907,
                    512.2806453704834,
                    730.8828251406344,
                    512.5112397670746,
                    755.484236540958,
                    205.841135263443,
                    758.3596886641143
                ],
                [
                    677.15625,
                    760.096327513546,
                    677.15625,
                    723.6845273931367,
                    859.1875,
                    723.6845273931367,
                    859.1875,
                    760.096327513546
                ],
                [
                    202.9330404996872,
