{
    "predictions": [
        {
            "rec_texts": [
                "0.00",
                "TOTAL SAVING",
                "0.45",
                "7.50",
                "T @ 6%",
                "TAX (RM)",
                "AMOUNT (RM)",
                "GST SUMMARY",
                "1",
                "COUNT",
                "ITEM",
                "2.05",
                "CHANGE",
                "-10.00",
                "CASH",
                "7.95",
                "7.95 T",
                "AMOUNT",
                "DESCRIPTION",
                "TRANS : 90243",
                "LOK 3 CH ITEM",
                "LVD301 - 12:52",
                "SUNWAY FRESCO THICKEN",
                "SDN BHD",
                "(@ )",
                "C0.",
                ": BOOK",
                "POPULAR"
            ],
            "rec_scores": [
                0.9998511224985123,
                0.984348068634669,
                0.9997853338718414,
                0.9996246844530106,
                0.8752701630194982,
                0.9991871118545532,
                0.9967856082049283,
                0.9998489347371188,
                0.9999154806137085,
                0.9917010307312012,
                0.9995722025632858,
                0.9997767806053162,
                0.9979883829752604,
                0.99965567390124,
                0.9983467310667038,
                0.9990989714860916,
                0.9985747138659159,
                0.9995423456033071,
                0.9993354949084196,
                0.9633409426762507,
                0.7478015652069678,
                0.7662156586136136,
                0.7233955576306298,
                0.975706126008715,
                0.6162062734365463,
                0.8869121273358663,
                0.7276917745669683,
                0.93450357232775
            ],
            "det_polygons": [
                [
                    566.8066129684448,
                    1173.5542358455666,
                    567.2023327350616,
                    1145.851931629637,
                    636.5451644659042,
                    1146.8425977432387,
                    636.1494446992874,
                    1174.5449019591683
                ],
                [
                    20.469739601016045,
                    1160.2831136754462,
                    20.99532340466976,
                    1137.8313398616056,
                    245.47988045215607,
                    1143.08728004452,
                    244.95429664850235,
                    1165.5390538583604
                ],
                [
                    567.3973612189293,
                    1095.1414914531324,
                    568.1666566729546,
                    1067.4456113519325,
                    638.6968167424202,
                    1069.404966344534,
                    637.9275212883949,
                    1097.1008464457336
                ],
                [
                    373.57125014066696,
                    1092.4863034018988,
                    374.0323879122734,
                    1063.4325683135914,
                    442.78079479932785,
                    1064.5239915950613,
                    442.3196570277214,
                    1093.5777266833686
                ],
                [
                    18.001953125,
                    1059.451476793249,
                    124.62890625,
                    1059.451476793249,
                    124.62890625,
                    1087.149554617909,
                    18.001953125,
                    1087.149554617909
                ],
                [
                    501.19941133260727,
                    1051.1006348114086,
                    501.30996268987656,
                    1032.4174495648733,
                    632.2271957993507,
                    1033.1922316124223,
                    632.1166444420815,
                    1051.8754168589574
                ],
                [
                    253.26155921816826,
                    1043.3645637036489,
                    253.83717849850655,
                    1025.4460171656156,
                    435.9683209657669,
                    1031.2982166288496,
                    435.39274394512177,
                    1049.2167631668829
                ],
                [
                    22.70136834681034,
                    1039.9284230736125,
                    23.16003392636776,
                    1025.2498280828793,
                    208.7753930091858,
                    1031.0508036839253,
                    208.3167062997818,
                    1045.7293986746586
                ],
                [
                    622.4521484375,
                    1020.6741678387248,
                    622.4521484375,
                    991.5911861228317,
                    637.6845703125,
                    991.5911861228317,
                    637.6845703125,
                    1020.6741678387248
                ],
                [
                    114.84749880433083,
                    1009.463664996026,
                    115.08225139975548,
                    989.5074906990777,
                    192.64283967018127,
                    990.4200531020167,
                    192.40808707475662,
                    1010.3762273989649
                ],
                [
                    25.051355928182602,
                    1005.5406440917282,
                    26.164814323186874,
                    984.9395224870341,
                    99.56747138500214,
                    988.9075967222661,
                    98.45401298999786,
                    1009.5087183269603
                ],
                [
                    568.6535728573799,
                    943.5142103464348,
                    569.4112891554832,
                    915.8558605997092,
                    640.8817273974419,
                    917.8142012584059,
                    640.1240110993385,
                    945.4725510051314
                ],
                [
                    24.053726069629192,
                    931.9700761769112,
                    24.583704881370068,
                    909.7088280815057,
                    127.08068686723709,
                    912.1494845118928,
                    126.55070805549622,
                    934.4107326072983
                ],
                [
                    536.1562914252281,
                    903.1149814782766,
                    536.795596063137,
                    877.7547742483262,
                    640.1742156147957,
                    880.3612742721336,
                    639.5349109768867,
                    905.7214815020841
                ],
                [
                    22.509395767003298,
                    894.3839333378202,
                    23.177341911941767,
                    868.9993820941565,
                    93.25989523530006,
                    870.8437792442239,
                    92.5919490903616,
                    896.2283304878875
                ],
                [
                    571.3577706217766,
                    865.8601031868993,
                    572.17929905653,
                    837.5135278858269,
                    642.1315155625343,
                    839.5413504169964,
                    641.3099871277809,
                    867.8879257180688
                ],
                [
                    575.3055443763733,
                    763.8236066815555,
                    677.7881739139557,
                    763.0229591194363,
                    677.9882313013077,
                    788.6367498255648,
                    575.5056017637253,
                    789.4373973876839
                ],
                [
                    521.8463563919067,
                    708.2633402592354,
                    522.2380192279816,
