{
    "predictions": [
        {
            "rec_texts": [
                ":",
                "SR GST 6%",
                "65.00",
                "3.90",
                "TAX SUMMARY",
                "AMOUNT",
                "TAX",
                "CHANGE",
                "31.10 Z",
                "CASH",
                "100.00",
                "NET TOTAL",
                "69.90",
                "GST 6%",
                "3.90",
                "SUB TOTAL",
                "6.",
                "65.00",
                "2.00 SR",
                "CO1",
                "1",
                "4.00 SR",
                "1",
                "20.00 SR",
                "RM",
                "TABLE",
                ":1",
                "TAX INVOICE",
                "NO GLOV LOGI C272 -W",
                "TEL: 03-7850 9853"
            ],
            "rec_scores": [
                0.6048046946525574,
                0.9971459110577902,
                0.9997264981269837,
                0.9998421967029572,
                0.9906590580940247,
                0.9998801549275717,
                0.9962087472279867,
                0.9989283184210459,
                0.8640329795224326,
                0.9993684440851212,
                0.9999709526697794,
                0.9911128083864847,
                0.8868610084056854,
                0.9986302157243093,
                0.9998708516359329,
                0.999429358376397,
                0.754700094461441,
                0.9996294617652893,
                0.999883370740073,
                0.8303552865982056,
                0.999415397644043,
                0.9954577599252973,
                0.9999583959579468,
                0.9997351914644241,
                0.7215058505535126,
                0.9717569589614868,
                0.8093307912349701,
                0.9995058287273754,
                0.6827869892120362,
                0.9003688710577348
            ],
            "det_polygons": [
                [
                    583.30078125,
                    1276.701030927835,
                    583.30078125,
                    1260.4418262150223,
                    592.4921875,
                    1260.4418262150223,
                    592.4921875,
                    1276.701030927835
                ],
                [
                    38.74951405823231,
                    1226.5817148379972,
                    159.54994750022888,
                    1224.2134572901325,
                    159.93960440158844,
                    1244.0828654270988,
                    39.13916826248169,
                    1246.4511229749633
                ],
                [
                    481.39308404922485,
                    1221.6233373987482,
                    551.3087391853333,
                    1220.7603955725333,
                    551.623330116272,
                    1246.2406514635495,
                    481.7076749801636,
                    1247.1035932897644
                ],
                [
                    618.4660489559174,
                    1218.941055320324,
                    677.8483021259308,
                    1217.7992106958764,
                    678.4050719738007,
                    1246.7450409609721,
                    619.0228188037872,
                    1247.8868855854198
                ],
                [
                    41.670470893383026,
                    1211.6566181885125,
                    41.763143599033356,
                    1193.9581990979382,
                    188.09607529640198,
                    1194.7241462628867,
                    188.00342416763306,
                    1212.422565353461
                ],
                [
                    466.4795320034027,
                    1212.9881374263623,
                    466.7445824146271,
                    1187.5491301546392,
                    550.8795750141144,
                    1188.425361284978,
                    550.61452460289,
                    1213.864368556701
                ],
                [
                    633.5,
                    1215.9057437407953,
                    633.5,
                    1185.5081001472754,
                    679.45703125,
                    1185.5081001472754,
                    679.45703125,
                    1215.9057437407953
                ],
                [
                    78.11676344275475,
                    1093.8466782492637,
                    162.92043977975845,
                    1092.0034345084684,
                    163.53429126739502,
                    1120.2363022367454,
                    78.73062032461166,
                    1122.0795459775406
                ],
                [
                    600.26953125,
                    1119.7643593519883,
                    600.26953125,
                    1064.6244477172313,
                    682.9921875,
                    1064.6244477172313,
                    682.9921875,
                    1119.7643593519883
                ],
                [
                    77.06640625,
                    1063.9175257731958,
                    77.06640625,
                    1037.0544918998528,
                    136.45703125,
                    1037.0544918998528,
                    136.45703125,
                    1063.9175257731958
                ],
                [
                    597.8141252994537,
                    1033.6961811947717,
                    676.9642541408539,
                    1031.9758203700296,
                    677.5019500255585,
                    1056.7063524024302,
                    598.3518211841583,
                    1058.4267132271723
                ],
                [
                    81.21569988131523,
                    1008.1281641200295,
                    202.75694048404694,
                    1006.5186050257732,
                    203.05629813671112,
                    1029.1174981590575,
                    81.51506292819977,
                    1030.7270572533137
                ],
                [
                    603.8046875,
                    1028.5714285714287,
                    603.8046875,
                    977.6730486008837,
                    682.28515625,
                    977.6730486008837,
                    682.28515625,
                    1028.5714285714287
                ],
                [
                    77.53700882196426,
                    942.1264900128866,
                    78.13943535089493,
                    913.8173382271724,
                    162.8245089650154,
                    915.6188155835788,
                    162.22208243608475,
                    943.9279673692931
                ],
                [
                    623.471583366394,
                    935.1477931701031,
                    623.9146862030029,
                    909.0111837260678,
                    678.9035410881042,
                    909.9429883100148,
                    678.4604382514954,
                    936.0795977540502
                ],
                [
                    78.23005285859108,
                    883.9730992268042,
                    200.44445979595184,
                    880.7784885861562,
                    200.9962022304535,
                    901.8793147091311,
                    78.78178989887238,
                    905.0739253497792
                ],
                [
                    34.81420375406742,
                    884.133174935567,
                    77.37749093770981,
                    878.053577181517,
                    80.75709944963455,
                    901.7071578148012,
                    38.19380956888199,
                    907.7867555688513
                ],
                [
                    610.4662907123566,
                    877.8148874723859,
                    677.6073315143585,
