{
    "predictions": [
        {
            "rec_texts": [
                "ADJUSTMENT NOTE",
                "E.&.0.E.",
                "TOTAL PAYABLE:",
                "25.09",
                "35.09",
                "TOTAL 6% SUPPLIES (INC. G",
                "0.29",
                "GST:",
                "TOTAL 6% SUPPLIES (EXCL. ",
                "-4.80",
                "4.85",
                "-2",
                "2.40",
                "KAYA-PANDA ",
                "6",
                "2",
                "6",
                "AMT(RM)",
                "UNI TEA CE",
                "O. SELE",
                "DESCRIPTION",
                "11:11",
                "DD: 03/08/2017",
                "JALAN SS 15/4B ",
                "MAKASSAR FRESH MARKET SDN",
                "VE0514",
                "CASH INV NO.: 7089713",
                "TAX INVOICE / ADJUSTMENT "
            ],
            "rec_scores": [
                0.9990206917126974,
                0.998717911541462,
                0.9942756593227386,
                0.9394128799438477,
                0.8792153120040893,
                0.9945792865753174,
                0.9304068088531494,
                0.9958432763814926,
                0.998839168548584,
                0.9512450337409973,
                0.7708770632743835,
                0.9976518452167511,
                0.9997944086790085,
                0.8938859809528698,
                0.6367359161376953,
                0.5501406192779541,
                0.8379546999931335,
                0.99354487657547,
                0.7227769792079926,
                0.7339109310082027,
                0.9996181184595282,
                0.9327125668525695,
                0.9333246967622212,
                0.9982736110687256,
                0.9411232995986939,
                0.8696340123812357,
                0.9085756057784671,
                0.9946966075897217
            ],
            "det_polygons": [
                [
                    35.59739537537098,
                    920.882664695946,
                    209.45216536521912,
                    918.979391891892,
                    209.59776759147644,
                    932.276879222973,
                    35.74299991130829,
                    934.1801520270271
                ],
                [
                    33.30078125,
                    792.4756756756757,
                    33.30078125,
                    774.918918918919,
                    125.9375,
                    774.918918918919,
                    125.9375,
                    792.4756756756757
                ],
                [
                    240.1551479101181,
                    716.985789695946,
                    401.70275807380676,
                    713.5342694256757,
                    402.4104070663452,
                    746.648289695946,
                    240.86277842521667,
                    750.0998099662163
                ],
                [
                    451.4633905887604,
                    747.0937711148649,
                    452.63264298439026,
                    712.6047297297298,
                    515.3753769397736,
                    714.7313344594595,
                    514.2061245441437,
                    749.2203758445946
                ],
                [
                    451.2221121788025,
                    698.3763724662163,
                    451.91619873046875,
                    660.2043496621621,
                    515.7775568962097,
                    661.3653505067568,
                    515.0834703445435,
                    699.5373733108108
                ],
                [
                    65.99609375,
                    692.5837837837838,
                    65.99609375,
                    665.9459459459459,
                    399.00390625,
                    665.9459459459459,
                    399.00390625,
                    692.5837837837838
                ],
                [
                    452.04450607299805,
                    644.8347233952703,
                    453.3017110824585,
                    609.6363334037162,
                    515.4991388320923,
                    611.857421875,
                    514.2419338226318,
                    647.0558488175676
                ],
                [
                    356.015625,
                    645.9675675675676,
                    356.015625,
                    608.4324324324325,
                    405.6640625,
                    608.4324324324325,
                    405.6640625,
                    645.9675675675676
                ],
                [
                    53.19618448615074,
                    569.3386665962838,
                    400.033358335495,
                    565.9960040118243,
                    400.3076374530792,
                    594.4488756334459,
                    53.470458984375,
                    597.7915382179054
                ],
                [
                    452.45418787002563,
                    599.6723817567567,
                    453.05965662002563,
                    563.9534628378378,
                    515.7025384902954,
                    565.0150654560811,
                    515.0970697402954,
                    600.733984375
                ],
                [
                    455.0207781791687,
                    552.9457559121622,
                    455.57066679000854,
                    533.150802364865,
                    514.3734931945801,
                    534.7840371621622,
                    513.8236045837402,
                    554.5789907094595
                ],
                [
                    383.26171875,
                    550.918918918919,
                    383.26171875,
                    534.572972972973,
                    405.6640625,
                    534.572972972973,
                    405.6640625,
                    550.918918918919
                ],
                [
                    170.13671875,
                    552.1297297297298,
                    170.13671875,
                    532.1513513513514,
                    219.1796875,
                    532.1513513513514,
                    219.1796875,
                    552.1297297297298
                ],
                [
                    32.55995832383633,
                    534.6357527449325,
                    148.2307067513466,
                    533.3361855996621,
                    148.3937332034111,
                    547.8436708192568,
                    32.722982466220856,
                    549.1432379645271
                ],
                [
                    333.0078125,
                    551.5243243243243,
                    333.0078125,
                    532.7567567567568,
                    349.35546875,
                    532.7567567567568,
                    349.35546875,
                    551.5243243243243
                ],
                [
                    299.70703125,
                    551.5243243243243,
                    299.70703125,
                    532.1513513513514,
                    313.02734375,
                    532.1513513513514,
                    313.02734375,
                    551.5243243243243
                ],
                [
                    251.26953125,
                    552.1297297297298,
                    251.26953125,
                    530.9405405405406,
                    267.01171875,
                    530.9405405405406,
                    267.01171875,
                    552.1297297297298
                ],
                [
                    430.39042472839355,
                    515.1609058277028,
                    430.5433440208435,
                    498.1890836148649,
                    511.1132597923279,
                    498.9148754222973,
