{
    "predictions": [
        {
            "rec_texts": [
                "FACEBOOK.COM/BARWANGRICE@",
                "LOT 18, AMT PAYMANT THE I",
                "THANK YOU & COME AGAIN!",
                "(PRICE INCLUSIVE OF GST):",
                "BAR WANG RICE@PERMAS JAYA",
                "GST REG #0006561959548",
                "0.37",
                "6.23",
                "SR = GST @6%",
                "TY($)",
                "AMOUNT($)",
                "GST SUMMARY",
                "$0.00",
                "CHANGE",
                "S6.60",
                "CASH",
                "AMOUNT",
                "PAYMENT MODE",
                "NETT TOTAL: $6.60",
                "GST @6%: $0.37]",
                "TOTAL AMOUNT: $8.60",
                "S6.",
                "1",
                "S6.60",
                "SR I00100000061- 5 VEGE",
                "TOTAL :",
                "5PM",
                "ITEM",
                "INVOICE # : OR18051202170",
                "TAXINVOICE",
                "(867388-U)",
                "12 MAY 2018 19:14"
            ],
            "rec_scores": [
                0.9780786371231079,
                0.5978877687454224,
                0.994606702224068,
                0.9935898756980897,
                0.9740362107753754,
                0.8958873437209562,
                0.9924326837062836,
                0.9970812499523163,
                0.9963608086109161,
                0.8204866409301758,
                0.9591682553291321,
                0.9999063556844537,
                0.9850910902023315,
                0.9583623210589091,
                0.8706159353256225,
                0.9994146227836609,
                0.9993000129858652,
                0.9982806096474329,
                0.969594608334934,
                0.9477665543556213,
                0.9566225001686498,
                0.6828721761703491,
                0.9993938207626343,
                0.9231765866279602,
                0.9651663769846377,
                0.9769311802727836,
                0.6240027149518331,
                0.9435309618711472,
                0.9616724300384522,
                0.9845978796482087,
                0.9863549947738648,
                0.9198468362583834
            ],
            "det_polygons": [
                [
                    1874.513830602169,
                    3968.0989238254274,
                    1875.1773783564568,
                    3919.654757167753,
                    2611.7692027688026,
                    3929.746380041976,
                    2611.105655014515,
                    3978.1905466996504
                ],
                [
                    1821.0961664915085,
                    3885.5764551320785,
                    1821.7360583543777,
                    3832.460876127633,
                    2665.062969148159,
                    3842.622883664969,
                    2664.4230772852898,
                    3895.7384626694147
                ],
                [
                    1908.3169166445732,
                    3803.2645489603115,
                    1909.1170771718025,
                    3750.0513777759193,
                    2587.5896290540695,
                    3760.25537952402,
                    2586.78946852684,
                    3813.4685507084123
                ],
                [
                    1942.3734164237976,
                    3725.8337304552615,
                    1942.816668689251,
                    3672.619967803112,
                    2558.3772644400597,
                    3677.7503591295103,
                    2557.9340121746063,
                    3730.96412178166
                ],
                [
                    1787.3349218070507,
                    3638.499671556673,
                    1787.9136040508747,
                    3585.8466203383978,
                    2713.517035841942,
                    3596.019274295364,
                    2712.9386492967606,
                    3648.6723255136394
                ],
                [
                    1908.248462408781,
                    3556.1555303921355,
                    1909.1881926953793,
                    3493.1807753420667,
                    2597.4198347330093,
                    3503.453978817766,
                    2596.480104446411,
                    3566.428733867835
                ],
                [
                    2887.45703125,
                    3386.8674033149173,
                    2994.041015625,
                    3386.8674033149173,
                    2994.041015625,
                    3445.011049723757,
                    2887.45703125,
                    3445.011049723757
                ],
                [
                    2407.8291015625,
                    3440.1657458563536,
                    2407.8291015625,
                    3382.022099447514,
                    2519.2578125,
                    3382.022099447514,
                    2519.2578125,
                    3440.1657458563536
                ],
                [
                    1535.7783203125,
                    3425.6298342541436,
                    1535.7783203125,
                    3377.1767955801106,
                    1874.9091796875,
                    3377.1767955801106,
                    1874.9091796875,
                    3425.6298342541436
                ],
                [
                    2839.9790657758713,
                    3346.167619736814,
                    2846.2969629764557,
                    3286.1389655856137,
                    2997.8638076782227,
                    3302.0949912729843,
                    2991.5459104776382,
                    3362.1236454241844
                ],
                [
                    2281.192461580038,
                    3344.64488599577,
                    2282.647594600916,
                    3289.3444250960374,
                    2510.701476573944,
                    3295.3466398966248,
                    2509.246639251709,
                    3350.647100796357
                ],
                [
                    1540.2285848855972,
                    3323.7128420666436,
                    1540.784498333931,
                    3289.804587011179,
                    1855.9247354269028,
                    3294.971649338527,
                    1855.368821978569,
                    3328.8799043939916
                ],
                [
                    2834.1650390625,
                    3154.292817679558,
                    2834.1650390625,
                    3086.4585635359117,
                    2998.8857421875,
                    3086.4585635359117,
                    2998.8857421875,
                    3154.292817679558
                ],
                [
                    1532.5754604637623,
                    3140.95728989069,
                    1537.475482672453,
                    3064.9992261011957,
                    1751.0047951638699,
                    3078.7768760386093,
                    1746.1047729551792,
                    3154.7349398281035
                ],
                [
                    2839.009765625,
                    3004.0883977900553,
                    2998.8857421875,
                    3004.0883977900553,
                    2998.8857421875,
                    3071.9226519337017,
                    2839.009765625,
                    3071.9226519337017
                ],
                [
                    1530.93359375,
                    2989.5524861878453,
                    1719.8779296875,
                    2989.5524861878453,
                    1719.8779296875,
                    3057.3867403314916,
                    1530.93359375,
                    3057.3867403314916
                ],
                [
                    2789.407205402851,
                    2969.5490466376036,
