{
    "predictions": [
        {
            "rec_texts": [
                "22/03/18",
                "10:18",
                "PACLUI KUE A ARAGANG",
                "0.29",
                "4.86",
                "6",
                "S",
                "TAX(RM)",
                "-RM710",
                "GST - NORE",
                "0.05",
                "CHANGE DUE",
                "4.20",
                "(RM)",
                "TOTALLING GST",
                "55",
                "SUBTOTAL",
                "-045-",
                "UMPER COOK CHON *I",
                "1",
                "4.20 S",
                "(MURICE CHICIS SOY TY",
                "1",
                "IDE : S955 551010908",
                "RM",
                "179",
                "T:24:38:2",
                "RM:4",
                "22/03/18 10:17",
                "TEL : +6 03-2148 1012",
                ":",
                "LOT F&  G  NOWER NCI CAR.",
                "EXCODEDI"
            ],
            "rec_scores": [
                0.9125100150704384,
                0.9995567202568054,
                0.629655410349369,
                0.9910740405321121,
                0.9877356588840485,
                0.8912584185600281,
                0.9949905276298523,
                0.9801585674285889,
                0.7183619638284048,
                0.8149134486913681,
                0.9997875690460205,
                0.9970256626605988,
                0.9047068208456039,
                0.9335305392742157,
                0.9043243481562688,
                0.728436753153801,
                0.997540108859539,
                0.9175101399421692,
                0.7556132790115144,
                0.9999128580093384,
                0.9987125595410665,
                0.739264347013973,
                0.9999200105667114,
                0.6760840162634849,
                0.9967753291130066,
                0.795216421286265,
                0.8368711570898691,
                0.975652664899826,
                0.9813646631581443,
                0.8478717051801228,
                0.9996461868286133,
                0.6260541677474976,
                0.6522185765206814
            ],
            "det_polygons": [
                [
                    265.4346155524254,
                    1174.1929797667763,
                    266.19892781972885,
                    1151.0718437212122,
                    351.4060315489769,
                    1153.888780437305,
                    350.64171928167343,
                    1177.0099164828691
                ],
                [
                    159.83203125,
                    1174.4925170068025,
                    159.83203125,
                    1148.4312925170066,
                    215.42578125,
                    1148.4312925170066,
                    215.42578125,
                    1174.4925170068025
                ],
                [
                    174.09756767749786,
                    1095.0314448142537,
                    174.3731569647789,
                    1077.1180291485082,
                    340.1084259748459,
                    1079.668019294306,
                    339.83283668756485,
                    1097.5814349600516
                ],
                [
                    330.89387530088425,
                    945.902761335654,
                    332.02853828668594,
                    919.2368067181299,
                    378.22369331121445,
                    921.202709850216,
                    377.08903032541275,
                    947.8686644677401
                ],
                [
                    234.62181043624878,
                    943.3404701561612,
                    236.2490137219429,
                    916.2186703359728,
                    282.5494278073311,
                    918.9968658654867,
                    280.92222452163696,
                    946.1186656856752
                ],
                [
                    107.1337890625,
                    941.0997732426302,
                    107.1337890625,
                    913.8802721088434,
                    134.3515625,
                    913.8802721088434,
                    134.3515625,
                    941.0997732426302
                ],
                [
                    33.30682498589158,
                    939.7041007874503,
                    34.24002714827657,
                    913.5727462664752,
                    49.40142095088959,
                    914.114274531427,
                    48.4682187885046,
                    940.2456290524021
                ],
                [
                    321.1598510146141,
                    902.6728285878152,
                    321.545541703701,
                    883.5807759464461,
                    394.10247153043747,
                    885.0467198239971,
                    393.71678084135056,
                    904.1387724653663
                ],
                [
                    202.92078921198845,
                    901.3933089967757,
                    203.70005264878273,
                    881.1311028512966,
                    280.07302990555763,
                    884.0686462540745,
                    279.29376646876335,
                    904.3308523995535
                ],
                [
                    37.36698427796364,
                    897.9927801361429,
                    38.234099090099335,
                    875.0128938912803,
                    146.86309346556664,
                    879.1123901090383,
                    145.99597865343094,
                    902.0922763539008
                ],
                [
                    407.6875,
                    832.2217687074829,
                    407.6875,
                    807.8979591836734,
                    453.4365234375,
                    807.8979591836734,
                    453.4365234375,
                    832.2217687074829
                ],
                [
                    123.80485555529594,
                    822.302045466624,
                    124.03089037537575,
                    804.3298110650509,
                    227.16020485758781,
                    805.6270752506731,
                    226.934170037508,
                    823.5993096522462
                ],
                [
                    413.24929970502853,
                    792.6719659022463,
                    414.4361327290535,
                    766.559416409793,
                    454.91591161489487,
                    768.399481381094,
                    453.7290785908699,
                    794.5120308735472
                ],
                [
                    37.6416015625,
                    787.0489795918367,
                    37.6416015625,
                    760.4086167800452,
                    83.9697265625,
                    760.4086167800452,
                    83.9697265625,
                    787.0489795918367
                ],
                [
                    86.10280425846577,
                    743.4736281622023,
                    86.36630536615849,
                    727.8609299709466,
                    236.44772642850876,
                    730.3940945649092,
                    236.18422532081604,
                    746.0067927561648
                ],
                [
                    408.4637590646744,
                    679.1173063040319,
                    409.04243648052216,
                    649.6040158641581,
                    459.41628432273865,
                    650.5917747307255,
                    458.83760690689087,
                    680.1050651705993
                ],
                [
                    84.27624320983887,
                    667.6142844963506,
                    84.65742734074593,
                    645.122763428288,
                    168.20072746276855,
