{
    "predictions": [
        {
            "rec_texts": [
                "TOTAL PAYABLE VAGE",
                "SR",
                "3.87",
                "0.23",
                "TAX(RM)",
                "INC GST 6% GORD :",
                "0.23",
                "BALANCE :",
                "0.00",
                "CASH:",
                "4.10",
                "<UKN>",
                "*",
                "TOTAL",
                "SUB TOTAL:",
                "44",
                "7 WHITE",
                "JALAN PANASIT PURP",
                "1PCS",
                ":",
                "4.10 SR",
                "1640931089",
                "TOAND DONION",
                "9\"H",
                "RM",
                "CASHIER",
                "-UNING WITHERRY",
                "TAX INVOICE",
                "GST ID : 000088080454"
            ],
            "rec_scores": [
                0.8289378467533324,
                0.9996672570705414,
                0.9974728971719742,
                0.9975384771823883,
                0.9459750482014248,
                0.8134554221349604,
                0.9993669986724854,
                0.9389583071072897,
                0.9998082667589188,
                0.9982897400856018,
                0.9985428750514984,
                0.30798840522766113,
                0.8287140130996704,
                0.9998146295547485,
                0.9400005161762237,
                0.8718343675136566,
                0.7314156293869019,
                0.7420117341809802,
                0.8699096590280533,
                0.7874222993850708,
                0.9988885692187718,
                0.9237377524375916,
                0.6441281735897064,
                0.7834101915359497,
                0.9982185065746307,
                0.9995823672839573,
                0.6781796544790268,
                0.9999643130735918,
                0.8779993326891036
            ],
            "det_polygons": [
                [
                    336.07492673397064,
                    1188.6875802825948,
                    552.442502617836,
                    1185.9260597302507,
                    552.7487443685532,
                    1209.9098827874118,
                    336.3811684846878,
                    1212.6714033397561
                ],
                [
                    152.119140625,
                    1031.7276814386641,
                    152.119140625,
                    1001.3102119460502,
                    197.34375,
                    1001.3102119460502,
                    197.34375,
                    1031.7276814386641
                ],
                [
                    432.51171875,
                    1019.3962748876045,
                    432.51171875,
                    991.4450867052024,
                    490.0703125,
                    991.4450867052024,
                    490.0703125,
                    1019.3962748876045
                ],
                [
                    614.7061882019043,
                    985.0599108863199,
                    673.2640073299408,
                    983.8651051701992,
                    673.8346347808838,
                    1011.821511721259,
                    615.2768156528473,
                    1013.0163174373797
                ],
                [
                    585.9561504125595,
                    942.0302464675659,
                    697.4735168218613,
                    938.9616449903662,
                    698.2783173322678,
                    968.1955483301222,
                    586.760950922966,
                    971.2641498073218
                ],
                [
                    169.67247161269188,
                    903.3435693641619,
                    429.48754382133484,
                    891.3808606294157,
                    430.29896903038025,
                    908.9968689788055,
                    170.48390936851501,
                    920.9595777135518
                ],
                [
                    640.1087958812714,
                    879.0608943481054,
                    710.0671191215515,
                    877.8118978805396,
                    710.6691637039185,
                    911.5217565831729,
                    640.7108404636383,
                    912.7707530507387
                ],
                [
                    165.90321883559227,
                    855.8040301862557,
                    336.92615032196045,
                    852.1268866409763,
                    337.4421240091324,
                    876.1155266538216,
                    166.41920506954193,
                    879.7926701991009
                ],
                [
                    638.6923650503159,
                    837.7535424694927,
                    708.4589735269547,
                    836.7124779222866,
                    708.9267174005508,
                    868.0433124598588,
                    639.160108923912,
                    869.084377007065
                ],
                [
                    160.9856598675251,
                    813.0881201830445,
                    273.72045266628265,
                    812.1079700545922,
                    273.94950664043427,
                    838.4415643063585,
                    161.214701294899,
                    839.4217144348106
                ],
                [
                    637.7236534357071,
                    794.2444404303147,
                    706.8706518411636,
                    793.0921844894028,
                    707.4199999570847,
                    826.0489924534362,
                    638.2730015516281,
                    827.2012483943482
                ],
                [
                    342.884765625,
                    776.8786127167631,
                    342.884765625,
                    767.835581245986,
                    349.462890625,
                    767.835581245986,
                    349.462890625,
                    776.8786127167631
                ],
                [
                    343.70703125,
                    766.1913937058447,
                    343.70703125,
                    758.7925497752088,
                    347.818359375,
                    758.7925497752088,
                    347.818359375,
                    766.1913937058447
                ],
                [
                    159.59586584568024,
                    754.5675276974953,
                    274.8865501880646,
                    749.375351236352,
                    276.31949257850647,
                    781.1799032594735,
                    161.02880823612213,
                    786.3720797206166
                ],
                [
                    147.68163391947746,
                    703.7880338792551,
                    277.73213428258896,
                    701.0603323699422,
                    278.2163646221161,
                    724.1377649325627,
                    148.16587680578232,
                    726.8654664418755
                ],
                [
                    659.45703125,
                    705.3564547206166,
                    659.45703125,
                    683.9820166987797,
                    709.615234375,
                    683.9820166987797,
                    709.615234375,
                    705.3564547206166
                ],
                [
                    140.0709216594696,
                    658.2225433526012,
                    237.60395073890686,
                    654.0730370905588,
                    238.82638329267502,
                    682.7943360629416,
                    141.29335421323776,
                    686.943842324984
                ],
                [
                    143.35521638393402,
                    628.7622932723186,
                    423.3651679754257,
