{
    "predictions": [
        {
            "rec_texts": [
                "ORDERNIT RMLINE",
                "10-01-16 15:44 SH01 ZJ08",
                "T2 R000310319",
                "RM 0.46",
                "CHANGE",
                "RM 2.00",
                "RM 10.10",
                "CASH",
                "RM 8.10",
                "TOTAL INCL. GST@6%",
                "ITEM(S) : 1",
                "RM17- X",
                "8.10",
                "3 X 2.70",
                "9067301",
                "HARED - 6/102",
                "*S",
                "-TAX INVOICE-",
                "(KERPOSE)",
                "CO-REG:750441-W"
            ],
            "rec_scores": [
                0.7444082339604695,
                0.8498377638558546,
                0.9518999961706308,
                0.9987665159361703,
                0.9998260736465454,
                0.9977842824799674,
                0.9979240521788597,
                0.9992745369672775,
                0.9950735994747707,
                0.9899010558923086,
                0.9838943644003435,
                0.7353828804833549,
                0.9968100190162659,
                0.9942021071910858,
                0.9970615676471165,
                0.6751182434650568,
                0.9610079824924469,
                0.9846627895648663,
                0.6392017205556234,
                0.9413883010546367
            ],
            "det_polygons": [
                [
                    81.96256509423254,
                    1440.9871588957224,
                    373.7123138904571,
                    1439.1287071282136,
                    373.8607957363128,
                    1462.443982597333,
                    82.11104035377501,
                    1464.3024343648417
                ],
                [
                    81.10931479930876,
                    1412.423448696993,
                    81.20932137966155,
                    1388.217836348441,
                    524.0543980598449,
                    1390.0478327469339,
                    523.9543914794921,
                    1414.2534450954859
                ],
                [
                    587.8247163295745,
                    1411.510558302859,
                    588.0224111080169,
                    1387.2889266354534,
                    821.8996546268462,
                    1389.19838728668,
                    821.7019598484038,
                    1413.4200189540852
                ],
                [
                    637.9648437499999,
                    1317.4827423167847,
                    637.9648437499999,
                    1283.811820330969,
                    771.7734374999999,
                    1283.811820330969,
                    771.7734374999999,
                    1317.4827423167847
                ],
                [
                    77.52924519777297,
                    1183.8558024665706,
                    190.56942814588544,
                    1182.8090664478057,
                    190.88032847642896,
                    1216.3891420332816,
                    77.84014552831648,
                    1217.4358780520463
                ],
                [
                    693.9432373046874,
                    1217.2032817579047,
                    694.2081651687621,
                    1183.54795752992,
                    829.7620792388915,
                    1184.6153500387854,
                    829.4971513748168,
                    1218.27067426677
                ],
                [
                    672.4960937499999,
                    1167.2586288416076,
                    672.4960937499999,
                    1133.5877068557918,
                    829.6132812499999,
                    1133.5877068557918,
                    829.6132812499999,
                    1167.2586288416076
                ],
                [
                    72.26934298872946,
                    1131.2662756953678,
                    157.69803446531293,
                    1129.8881927129505,
                    158.35386002063748,
                    1170.5528120613549,
                    72.92517513036726,
                    1171.9308950437721
                ],
                [
                    693.0204157829284,
                    1118.7673075502362,
                    693.3101081848143,
                    1081.6790011358598,
                    830.6443290710448,
                    1082.7520847185283,
                    830.3546366691588,
                    1119.8403911329046
                ],
                [
                    83.70507305860518,
                    1109.3800920923832,
                    83.82446974515913,
                    1087.7634967632607,
                    412.6959643363952,
                    1089.5806355505688,
                    412.57656764984125,
                    1111.197230879691
                ],
                [
                    82.7254577577114,
                    987.8216011931146,
                    285.48993885517115,
                    984.854022375517,
                    285.97155642509455,
                    1017.7682423260194,
                    83.20708191394804,
                    1020.7358211436169
                ],
                [
                    641.9054086208342,
                    987.0868203309692,
                    827.6769578456878,
                    983.9379702737144,
                    828.2749950885772,
                    1019.2230494145241,
                    642.5034458637236,
                    1022.3718994717789
                ],
                [
                    711.1817793846129,
                    883.3675799142102,
                    792.1590781211852,
                    882.0820295762226,
                    792.721812725067,
                    917.5391583093232,
                    711.7445139884948,
                    918.8247086473108
                ],
                [
                    491.14506721496576,
                    884.0831270547059,
                    657.7420144081115,
                    883.0854501999297,
                    657.93359708786,
                    915.0853569878471,
                    491.3366498947143,
                    916.0830865377511
                ],
                [
                    77.53685897588728,
                    884.9906425458037,
                    207.02077406644818,
                    883.9546563331116,
                    207.2697630524635,
                    915.0818791094118,
                    77.7858479619026,
                    916.117865322104
                ],
                [
                    78.48524856567381,
                    864.9993230436428,
                    78.80152332782744,
                    835.5836380185245,
                    341.9697089195251,
                    838.413682552545,
                    341.65343415737146,
                    867.8293675776632
                ],
                [
                    784.7226562499999,
                    817.5990543735223,
                    784.7226562499999,
                    781.338061465721,
                    830.4765624999999,
                    781.338061465721,
                    830.4765624999999,
                    817.5990543735223
                ],
                [
                    324.3414151668548,
                    711.6823217369422,
                    324.81694698333735,
                    683.5056045568299,
                    553.4776196479796,
                    687.3652064979499,
                    553.0020878314971,
                    715.5419236780622
                ],
                [
                    378.7934964895248,
                    631.2092207816194,
                    529.0591003894805,
                    630.1202232703531,
                    529.347159385681,
