{
    "predictions": [
        {
            "rec_texts": [
                "TO SHARE YOUR EXPERIENCE",
                "GOODS F/EAFUNG SING",
                "0R",
                "U/",
                "2.20",
                "TOTAL INCLUSIVE 6% GST",
                "11.10",
                "CHANGE:",
                "50.00",
                "CASH TENDERED",
                "38.90",
                "TOTAL ROUNDED",
                "38.90",
                "1.00",
                "1 SMALL CONE",
                "1 M FRIES",
                "1 NC COKE",
                "12.50",
                "1 - BH CHICKER",
                "2 M FRIES",
                "2 M COKE",
                "25.40",
                "2 N SHIP DEGILIES",
                "TOTAL",
                "QTY ITEM",
                "THANK Y...000018584",
                "MFY SIDE 1",
                "TAX INVOICE",
                "SELANGOR",
                "(BOWERILY WING KONA",
                "(65351-M)",
                "190"
            ],
            "rec_scores": [
                0.8827548921108246,
                0.7634094075152749,
                0.8560289740562439,
                0.4918396323919296,
                0.9998147487640381,
                0.9542783309112896,
                0.9999239802360534,
                0.9412416219711304,
                0.9999094843864441,
                0.9832083537028387,
                0.9998281836509705,
                0.9986468507693365,
                0.9997434735298156,
                0.999935582280159,
                0.8871273299058279,
                0.8646249439981248,
                0.8523452944225736,
                0.9996692776679993,
                0.7617477497884205,
                0.9192390375667148,
                0.8781171217560768,
                0.9995871901512146,
                0.7402566145448124,
                0.999969482421875,
                0.9963316842913628,
                0.7818629192678552,
                0.9592838287353516,
                0.9998975504528392,
                0.9575531557202339,
                0.6996416692671023,
                0.9887898299429152,
                0.9998388091723124
            ],
            "det_polygons": [
                [
                    100.9375,
                    1568.7410772225828,
                    100.9375,
                    1550.3341985723555,
                    415.625,
                    1550.3341985723555,
                    415.625,
                    1568.7410772225828
                ],
                [
                    129.9560890197754,
                    1500.3797947254218,
                    130.215238571167,
                    1484.2758053947316,
                    400.8664855957031,
                    1488.6313771242294,
                    400.6073360443115,
                    1504.7353664549196
                ],
                [
                    242.25,
                    1442.2680077871512,
                    242.25,
                    1412.579493835172,
                    274.90625,
                    1412.579493835172,
                    274.90625,
                    1442.2680077871512
                ],
                [
                    43.34375,
                    1337.7644386761842,
                    43.34375,
                    1312.2323166774822,
                    55.8125,
                    1312.2323166774822,
                    55.8125,
                    1337.7644386761842
                ],
                [
                    467.66712951660156,
                    1244.4258092921093,
                    468.05148696899414,
                    1218.288030011711,
                    526.3398780822754,
                    1219.1453438374533,
                    525.9555206298828,
                    1245.2831231178516
                ],
                [
                    7.691869258880615,
                    1236.2118904564304,
                    7.728199481964111,
                    1220.1870511678192,
                    281.4630489349365,
                    1220.8077846480066,
                    281.426700592041,
                    1236.832623936618
                ],
                [
                    459.3536148071289,
                    1153.1913243416916,
                    525.2500801086426,
                    1152.387646991351,
                    525.5618133544922,
                    1177.952240802188,
                    459.6653480529785,
                    1178.7559181525287
                ],
                [
                    5.166968584060669,
                    1177.919624026606,
                    5.483594179153442,
                    1149.4221297554348,
                    84.44260025024414,
                    1150.2994485368672,
                    84.12597465515137,
                    1178.7969428080387
                ],
                [
                    455.9121913909912,
                    1119.3399675630424,
                    525.2830944061279,
                    1118.5425236409242,
                    525.5835208892822,
                    1144.678563359958,
                    456.2126178741455,
                    1145.4760072820764
                ],
                [
                    7.125,
                    1138.8513951979235,
                    7.125,
                    1119.256975989617,
                    176.9375,
                    1119.256975989617,
                    176.9375,
                    1138.8513951979235
                ],
                [
                    456.0,
                    1111.5379623621025,
                    456.0,
                    1086.0058403634005,
                    525.46875,
                    1086.0058403634005,
                    525.46875,
                    1111.5379623621025
                ],
                [
                    7.072244167327881,
                    1104.368795089177,
                    7.145846843719482,
                    1085.3775687839675,
                    176.99493980407715,
                    1086.035992760383,
                    176.92133712768555,
                    1105.0272190655926
                ],
                [
                    455.79600715637207,
                    1077.629345021876,
                    456.0967960357666,
                    1051.4590939293428,
                    525.0923290252686,
                    1052.2521889480502,
                    524.791540145874,
                    1078.4224400405835
                ],
                [
                    471.4375,
                    1013.5658663205711,
                    471.4375,
                    986.8462037637897,
                    526.0625,
                    986.8462037637897,
                    526.0625,
                    1013.5658663205711
                ],
                [
                    37.26974439620972,
                    989.9316057704007,
                    188.60751056671143,
                    986.7115327214977,
                    189.05885696411133,
                    1007.9260634138242,
                    37.721099853515625,
                    1011.1461364627271
                ],
                [
                    60.38795185089111,
                    974.87744172311,
                    60.6401252746582,
                    953.5679599729782,
                    177.09015941619873,
                    954.9461274639033,
                    176.83798599243164,
                    976.2556092140351
                ],
                [
                    60.5625,
                    943.5009733939,
                    60.5625,
                    920.3439325113562,
                    163.875,
                    920.3439325113562,
                    163.875,
                    943.5009733939
                ],
                [
                    458.7219581604004,
