{
    "predictions": [
        {
            "rec_texts": [
                "-1.10",
                "TOTAL SAVINGS",
                "0.56",
                "9.34",
                "T @ 6%",
                "AMOUNT (RM)",
                "TAX (RM)",
                "GST SUMMARY",
                "ITEM COUNT",
                ":",
                "10.10",
                "CHANGE",
                "-20.00",
                "CASH",
                "9.90",
                "MASHIER DURAMOUT",
                "-1.10",
                "11.00 T",
                "2PC @ 5.50",
                "AMOUNT",
                "DESCRIPTION",
                "LITRM ",
                "TRANS : 10/610",
                "05/03/18 15:20",
                "TEL : 03- 558319320",
                "(CO. NO. 113825-W)",
                "(KI SEIB RED",
                "C0.4",
                "POPULAR BOOK"
            ],
            "rec_scores": [
                0.9992354393005372,
                0.9972066099827106,
                0.9966344833374023,
                0.9901081472635269,
                0.9151288568973541,
                0.9980674277652394,
                0.999725840985775,
                0.9995455741882324,
                0.9692850172519684,
                0.7485771179199219,
                0.999916934967041,
                0.9997426470120748,
                0.9994458059469858,
                0.9995162189006805,
                0.9992113262414932,
                0.7558491285890341,
                0.9981775403022766,
                0.9893801808357239,
                0.9673574388027191,
                0.9998171627521515,
                0.9976605393669822,
                0.8334734241167704,
                0.8818317098276955,
                0.909894619669233,
                0.8466608555693376,
                0.9801737368106842,
                0.7456179286042849,
                0.8750878870487213,
                0.9911616295576096
            ],
            "det_polygons": [
                [
                    570.427734375,
                    1361.444089456869,
                    570.427734375,
                    1334.4920127795529,
                    657.849609375,
                    1334.4920127795529,
                    657.849609375,
                    1361.444089456869
                ],
                [
                    41.3396155834198,
                    1356.9608204997005,
                    41.58570748567581,
                    1335.881569176817,
                    263.1688660979271,
                    1338.4679029178315,
                    262.9227741956711,
                    1359.547154240715
                ],
                [
                    589.369140625,
                    1284.2300319488818,
                    589.369140625,
                    1255.0926517571886,
                    658.578125,
                    1255.0926517571886,
                    658.578125,
                    1284.2300319488818
                ],
                [
                    391.6372652053833,
                    1283.3597696810104,
                    392.0595054626465,
                    1254.2284360647964,
                    463.5657329559326,
                    1255.2647123976637,
                    463.14349269866943,
                    1284.3960460138778
                ],
                [
                    37.69124588370323,
                    1254.5252517846445,
                    142.44697052240372,
                    1252.7795698756988,
                    142.92057904601097,
                    1281.1927837335263,
                    38.164854407310486,
                    1282.938465642472
                ],
                [
                    273.0710137486458,
                    1234.5203346520568,
                    273.402678668499,
                    1219.1988459090455,
                    455.43049359321594,
                    1223.1383676742214,
                    455.09887313842773,
                    1238.4598564172325
                ],
                [
                    518.703125,
                    1240.523961661342,
                    518.703125,
                    1216.4856230031949,
                    654.20703125,
                    1216.4856230031949,
                    654.20703125,
                    1240.523961661342
                ],
                [
                    40.00678637623787,
                    1241.9405498078077,
                    40.12230661511421,
                    1214.6834767497005,
                    231.00232672691345,
                    1215.4921172998204,
                    230.8868064880371,
                    1242.7491903579273
                ],
                [
                    44.36505751311779,
                    1198.9566896091255,
                    44.46448139846325,
                    1178.5788410418331,
                    206.9551304578781,
                    1179.3714759509785,
                    206.85570657253265,
                    1199.749324518271
                ],
                [
                    639.63671875,
                    1204.8306709265175,
                    639.63671875,
                    1173.5079872204474,
                    662.220703125,
                    1173.5079872204474,
                    662.220703125,
                    1204.8306709265175
                ],
                [
                    572.485799908638,
                    1123.9169095072884,
                    572.7984782457352,
                    1095.4633258661142,
                    660.2097705602646,
                    1096.423842165036,
                    659.8970922231674,
                    1124.87742580621
                ],
                [
                    41.525390625,
                    1121.0607028753993,
                    41.525390625,
                    1095.5654952076677,
                    145.703125,
                    1095.5654952076677,
                    145.703125,
                    1121.0607028753993
                ],
                [
                    554.9174748659134,
                    1078.701418355631,
                    555.2981847524643,
                    1055.291034345048,
                    658.1575299501419,
                    1056.9634459864217,
                    657.776820063591,
                    1080.3738299970048
                ],
                [
                    40.62034313380718,
                    1082.2716544154353,
                    41.05717904865742,
                    1053.8806706145167,
                    110.28338807821274,
                    1054.945579260683,
                    109.84656327962875,
                    1083.3365630616015
                ],
                [
                    587.912109375,
                    1043.846645367412,
                    587.912109375,
                    1013.9808306709266,
                    660.03515625,
                    1013.9808306709266,
                    660.03515625,
                    1043.846645367412
                ],
                [
                    61.84058952331543,
                    960.7387773312701,
                    61.9548202753067,
                    941.8354039786342,
                    316.9700162410736,
                    943.3760358426518,
                    316.85578548908234,
                    962.2794091952876
                ],
                [
                    568.970703125,
                    963.7188498402556,
                    568.970703125,
                    937.4952076677316,
                    657.849609375,
                    937.4952076677316,
                    657.849609375,
                    963.7188498402556
                ],
                [
                    574.0703125,
                    924.3832976612421,
                    574.0703125,
