{
    "predictions": [
        {
            "rec_texts": [
                "LIKE AND FOLLOW US ON FAC",
                "THANK YOU & COME AGAIN!",
                "(PRICE INCLUSIVE OF GST) ",
                "GST REG #000656195584",
                "0.43",
                "7.17",
                "SR = GST @6%",
                ":P5",
                "AMOUNT",
                "GST SUMMARY",
                "$0.00",
                "CHANGE",
                "37.80",
                "TAX(RM)",
                "AMOUNT",
                "PAYMENT MODE",
                "NATE TAXING SS: 6%",
                "GST @6%: $0.5",
                "TOTAL AMOUNT: $7.66",
                "$0.50",
                "1",
                "$0.50",
                "$7.10",
                "1",
                "$7.10",
                "TAX",
                "QTY",
                "ITEM",
                "TAX INVOICE",
                "(867388-U)",
                "OLA GAT:22 818 -18"
            ],
            "rec_scores": [
                0.9967530441284179,
                0.991212767103444,
                0.9767724061012268,
                0.9848423486664182,
                0.9986047446727753,
                0.9640885293483734,
                0.9963664809862772,
                0.32516686121622723,
                0.9936456580956777,
                0.9997996308586814,
                0.9658283233642578,
                0.9631998638312022,
                0.8845015525817871,
                0.7808408864906856,
                0.9969206055005392,
                0.998260294397672,
                0.7644199712408913,
                0.9387616377610427,
                0.9595140752039457,
                0.9209185123443604,
                0.999884843826294,
                0.9218562602996826,
                0.9703457355499268,
                0.8405587077140808,
                0.9895870447158813,
                0.7592109243075053,
                0.9977996746699015,
                0.9235894232988358,
                0.9998894333839417,
                0.8429343104362488,
                0.6641094634930292
            ],
            "det_polygons": [
                [
                    1976.427846312523,
                    3822.3334694540963,
                    1976.7457223534584,
                    3774.3317206788456,
                    2800.5698291659355,
                    3779.78801073949,
                    2800.251953125,
                    3827.78975951474
                ],
                [
                    2073.54296875,
                    3745.4198895027625,
                    2073.54296875,
                    3706.657458563536,
                    2737.2705078125,
                    3706.657458563536,
                    2737.2705078125,
                    3745.4198895027625
                ],
                [
                    2092.282574534416,
                    3668.122742710851,
                    2093.084509253502,
                    3619.205993315133,
                    2713.3606112599373,
                    3629.375689933313,
                    2712.5586765408516,
                    3678.2924393290314
                ],
                [
                    2058.7556710243225,
                    3498.08847905786,
                    2059.15604698658,
                    3444.8297648561593,
                    2747.323374569416,
                    3450.004516264352,
                    2746.9229986071587,
                    3503.2632304660524
                ],
                [
                    3037.6435546875,
                    3382.022099447514,
                    3037.6435546875,
                    3328.723756906077,
                    3144.2275390625,
                    3328.723756906077,
                    3144.2275390625,
                    3382.022099447514
                ],
                [
                    2558.015625,
                    3382.022099447514,
                    2558.015625,
                    3319.033149171271,
                    2669.4443359375,
                    3319.033149171271,
                    2669.4443359375,
                    3382.022099447514
                ],
                [
                    1681.1201171875,
                    3372.3314917127072,
                    1681.1201171875,
                    3319.033149171271,
                    2025.095703125,
                    3319.033149171271,
                    2025.095703125,
                    3372.3314917127072
                ],
                [
                    2982.4336611032486,
                    3298.243353237763,
                    2985.7502170801163,
                    3225.2739760256604,
                    3151.010274529457,
                    3232.7867994782673,
                    3147.6937185525894,
                    3305.7561766903705
                ],
                [
                    2432.052734375,
                    3294.806629834254,
                    2432.052734375,
                    3226.972375690608,
                    2664.599609375,
                    3226.972375690608,
                    2664.599609375,
                    3294.806629834254
                ],
                [
                    1685.325838983059,
                    3275.011091200686,
                    1686.1304349899292,
                    3226.7331269827996,
                    2015.9645290374756,
                    3232.2308197864513,
                    2015.1599330306053,
                    3280.508784004338
                ],
                [
                    2979.5068359375,
                    3096.1491712707184,
                    2979.5068359375,
                    3023.4696132596687,
                    3144.2275390625,
                    3023.4696132596687,
                    3144.2275390625,
                    3096.1491712707184
                ],
                [
                    1677.5121501982212,
                    3087.8553146446607,
                    1682.122092038393,
                    3011.7842805135315,
                    1901.9698931276798,
                    3025.110049084405,
                    1897.359951287508,
                    3101.1810832155343
                ],
                [
                    2984.3515625,
                    3008.9337016574586,
                    2984.3515625,
                    2941.0994475138123,
                    3149.072265625,
                    2941.0994475138123,
                    3149.072265625,
                    3008.9337016574586
                ],
                [
                    1685.96484375,
                    2931.4088397790056,
                    1865.2197265625,
                    2931.4088397790056,
                    1865.2197265625,
                    2999.243093922652,
                    1685.96484375,
                    2999.243093922652
                ],
                [
                    2935.904296875,
                    2916.8729281767955,
                    2935.904296875,
                    2849.038674033149,
                    3149.072265625,
                    2849.038674033149,
                    3149.072265625,
                    2916.8729281767955
                ],
                [
                    1690.2004311084747,
                    2901.987754863929,
                    1690.950027167797,
                    2848.7680775342064,
                    2074.221597135067,
                    2854.1669952223974,
                    2073.4720010757446,
                    2907.3866725521193
                ],
                [
                    2712.423246562481,
                    2800.1373027991194,
                    2713.2967403531075,
                    2732.880912654308,
                    3149.5001415610313,
                    2738.5465823010186,
                    3148.626647770405,
