{
    "predictions": [
        {
            "rec_texts": [
                "THANK YOU & COME AGAIN!",
                "(PRICE INCLUSIVE OF GST)",
                "BAR WANG RICE@PERMAS JAYA",
                "GST REG #000656195584",
                "0.60",
                "10.00",
                "SR = GST @6%",
                "TAX($)",
                "AMOUNT($)",
                "GST SUMMARY",
                "$0.00",
                "CHANGE",
                "$10.60",
                "CASH",
                "AMOUNT",
                "PAYMENT MODE",
                "NETT TOTAL: $10.60",
                "GST @6%: $0.60",
                "TOTAL AMOUNT: $10.66",
                "33.00",
                "$3.00",
                "1",
                "92.20",
                ":",
                "$1.10",
                "$54.6",
                ":",
                "92.70",
                "TOTAL",
                "0%",
                "INVOI ",
                "TAX INVOICE",
                "(86738-U)",
                "1743 2016 18:47"
            ],
            "rec_scores": [
                0.9974114765291628,
                0.9979294662674268,
                0.9974680328369141,
                0.958736274923597,
                0.991013690829277,
                0.9906912684440613,
                0.9846689204374949,
                0.946490595738093,
                0.9852552745077345,
                0.9890336936170404,
                0.9499494314193726,
                0.9925319055716196,
                0.9705328643321991,
                0.9997622966766357,
                0.9995493789513906,
                0.9992774575948715,
                0.9724596407678392,
                0.9848763516971043,
                0.9619417920708656,
                0.9076156616210938,
                0.8688313961029053,
                0.9993674159049988,
                0.9899176001548767,
                0.6426073312759399,
                0.9962500929832458,
                0.7844728052616119,
                0.9090729355812073,
                0.9652852058410645,
                0.9990368843078613,
                0.650049090385437,
                0.7585660219192505,
                0.9968735792420127,
                0.7798102696736654,
                0.780976003408432
            ],
            "det_polygons": [
                [
                    1991.1826171875,
                    4123.353591160221,
                    1991.1826171875,
                    4074.9005524861877,
                    2669.4443359375,
                    4074.9005524861877,
                    2669.4443359375,
                    4123.353591160221
                ],
                [
                    2029.775725543499,
                    3997.2952509927486,
                    2640.1264069080353,
                    3992.122273987828,
                    2640.53949791193,
                    4040.859217185342,
                    2030.1888165473938,
                    4046.0321941902625
                ],
                [
                    1874.5839111804962,
                    3954.8121921265324,
                    1875.1206042170525,
                    3905.1602483085508,
                    2800.4074906110764,
                    3915.1643339547004,
                    2799.87079757452,
                    3964.816277772682
                ],
                [
                    2000.8720703125,
                    3866.5524861878453,
                    2000.8720703125,
                    3832.635359116022,
                    2669.4443359375,
                    3832.635359116022,
                    2669.4443359375,
                    3866.5524861878453
                ],
                [
                    2964.97265625,
                    3755.1104972375692,
                    2964.97265625,
                    3701.8121546961324,
                    3076.4013671875,
                    3701.8121546961324,
                    3076.4013671875,
                    3755.1104972375692
                ],
                [
                    2470.810546875,
                    3755.1104972375692,
                    2470.810546875,
                    3696.966850828729,
                    2601.6181640625,
                    3696.966850828729,
                    2601.6181640625,
                    3755.1104972375692
                ],
                [
                    1612.9388112425804,
                    3748.07143945852,
                    1613.7691330313683,
                    3696.5841711897874,
                    1957.6551222801208,
                    3702.1315472850483,
                    1956.824800491333,
                    3753.618815553781
                ],
                [
                    2928.7220725417137,
                    3666.5376091214175,
                    2932.454380810261,
                    3606.8100120586582,
                    3078.7388649582863,
                    3615.9541035857646,
                    3075.006556689739,
                    3675.681700648524
                ],
                [
                    2369.0712890625,
                    3609.75138121547,
                    2591.9287109375,
                    3609.75138121547,
                    2591.9287109375,
                    3663.049723756906,
                    2369.0712890625,
                    3663.049723756906
                ],
                [
                    1617.5249493420124,
                    3647.858170145783,
                    1619.1169908344746,
                    3599.2986672754446,
                    1948.6805206239223,
                    3610.1053746681846,
                    1947.0884791314602,
                    3658.664877538523
                ],
                [
                    2916.525390625,
                    3469.2375690607732,
                    2916.525390625,
                    3401.403314917127,
                    3076.4013671875,
                    3401.403314917127,
                    3076.4013671875,
                    3469.2375690607732
                ],
                [
                    1616.5429341495037,
                    3462.28131676774,
                    1619.4126894772053,
                    3387.662335980663,
                    1833.0100126564503,
                    3395.878414596642,
                    1830.1402573287487,
                    3470.497395383719
                ],
                [
                    2887.45703125,
                    3382.022099447514,
                    2887.45703125,
                    3323.878453038674,
                    3071.556640625,
                    3323.878453038674,
                    3071.556640625,
                    3382.022099447514
                ],
                [
                    1622.9833984375,
                    3372.3314917127072,
                    1622.9833984375,
                    3314.1878453038676,
                    1792.548828125,
                    3314.1878453038676,
                    1792.548828125,
                    3372.3314917127072
                ],
                [
                    2871.812503159046,
                    3288.9312848675977,
                    2873.5127703547478,
                    3231.122409209362,
                    3077.385156571865,
                    3237.1193008001337,
                    3075.6848893761635,
                    3294.9281764583693
                ],
                [
                    1617.6776776909828,
                    3275.1536349301837,
                    1618.4074619412422,
                    3221.8653473406207,
                    2006.3773876428604,
                    3227.1808680750387,
                    2005.647603392601,
                    3280.469155664602
                ],
                [
                    2625.841796875,
                    3168.828729281768,
