{
    "predictions": [
        {
            "rec_texts": [
                "TIME : (HOUSE) SD 6 8",
                "0.00",
                "CHANGE",
                "12.65",
                "CASH TENDERED",
                "20.00",
                "TOTAL ROUNDED",
                "7.35",
                "BEA I TO THE (INCL GST)",
                "7.35",
                "1 N M FOR CHOC",
                "7.35",
                "QTY ITEM",
                "TOTAL",
                "TAX INVOICE",
                "TEL NO : 05-56246 876",
                "(GST ID NO : 000654969040",
                "SELANGOR",
                "LICENSEE OF MCDONALD'S",
                "(65351-M)"
            ],
            "rec_scores": [
                0.7579102629706973,
                0.9994601756334305,
                0.9989725450674692,
                0.9994815230369568,
                0.9774706959724426,
                0.9998514771461486,
                0.9991196990013123,
                0.9951925277709961,
                0.8227912433769392,
                0.9713164567947388,
                0.8313765696116856,
                0.9832920432090759,
                0.8958898857235909,
                0.999989128112793,
                0.9999475858428262,
                0.8657923688491186,
                0.8336021327972412,
                0.9865936860442162,
                0.9743726090951399,
                0.9686417910787795
            ],
            "det_polygons": [
                [
                    1608.44921875,
                    3915.0055248618783,
                    1608.44921875,
                    3861.707182320442,
                    2417.5185546875,
                    3861.707182320442,
                    2417.5185546875,
                    3915.0055248618783
                ],
                [
                    2979.5068359375,
                    3910.160220994475,
                    2979.5068359375,
                    3818.0994475138123,
                    3158.76171875,
                    3818.0994475138123,
                    3158.76171875,
                    3910.160220994475
                ],
                [
                    1583.4220248758793,
                    3744.454909856807,
                    1585.544845432043,
                    3657.409191489878,
                    1842.162772744894,
                    3663.6686947648695,
                    1840.0399521887302,
                    3750.714413131798
                ],
                [
                    2945.59375,
                    3711.502762430939,
                    2945.59375,
                    3619.441988950276,
                    3153.9169921875,
                    3619.441988950276,
                    3153.9169921875,
                    3711.502762430939
                ],
                [
                    1598.2646182477474,
                    3571.198921330067,
                    2111.287865549326,
                    3560.619929023869,
                    2112.592192262411,
                    3623.881545936205,
                    1599.5689449608326,
                    3634.4605382424033
                ],
                [
                    2931.0595703125,
                    3609.75138121547,
                    2931.0595703125,
                    3522.53591160221,
                    3149.072265625,
                    3522.53591160221,
                    3149.072265625,
                    3609.75138121547
                ],
                [
                    1598.759765625,
                    3532.2265193370167,
                    1598.759765625,
                    3459.546961325967,
                    2112.30078125,
                    3459.546961325967,
                    2112.30078125,
                    3532.2265193370167
                ],
                [
                    2964.97265625,
                    3512.8453038674033,
                    2964.97265625,
                    3420.7845303867402,
                    3153.9169921875,
                    3420.7845303867402,
                    3153.9169921875,
                    3512.8453038674033
                ],
                [
                    1593.7175123691559,
                    3362.784314909034,
                    2489.961173772812,
                    3357.5421361765148,
                    2490.386979818344,
                    3430.3606891105187,
                    1594.143318414688,
                    3435.602867843038
                ],
                [
                    2960.1279296875,
                    3420.7845303867402,
                    2960.1279296875,
                    3314.1878453038676,
                    3153.9169921875,
                    3314.1878453038676,
                    3153.9169921875,
                    3420.7845303867402
                ],
                [
                    1671.4306640625,
                    3246.353591160221,
                    1671.4306640625,
                    3163.983425414365,
                    2141.369140625,
                    3163.983425414365,
                    2141.369140625,
                    3246.353591160221
                ],
                [
                    2960.1279296875,
                    3120.3756906077347,
                    3153.9169921875,
                    3120.3756906077347,
                    3153.9169921875,
                    3226.972375690608,
                    2960.1279296875,
                    3226.972375690608
                ],
                [
                    1579.380859375,
                    3149.4475138121547,
                    1579.380859375,
                    3062.232044198895,
                    1913.6669921875,
                    3062.232044198895,
                    1913.6669921875,
                    3149.4475138121547
                ],
                [
                    2926.21484375,
                    3120.3756906077347,
                    2926.21484375,
                    3028.3149171270716,
                    3139.3828125,
                    3028.3149171270716,
                    3139.3828125,
                    3120.3756906077347
                ],
                [
                    2140.780256778002,
                    2674.9809509614556,
                    2566.7369607686996,
                    2664.462288366497,
                    2568.297066807747,
                    2727.651746212448,
                    2142.3402149677277,
                    2738.1704088074066
                ],
                [
                    1942.7353515625,
                    2626.1546961325967,
                    1942.7353515625,
                    2572.8563535911603,
                    2722.736328125,
                    2572.8563535911603,
                    2722.736328125,
                    2626.1546961325967
                ],
                [
                    1859.916075706482,
                    2374.3600699914755,
                    2828.540850877762,
                    2358.9833869723325,
                    2829.6231079101562,
                    2427.184942593232,
                    1860.9983327388763,
                    2442.561625612375
                ],
                [
                    2165.5927734375,
                    2345.1270718232045,
                    2165.5927734375,
                    2272.4475138121547,
                    2490.189453125,
                    2272.4475138121547,
                    2490.189453125,
                    2345.1270718232045
                ],
                [
                    1894.1210162043571,
                    1996.3527305982388,
                    2746.7024074196815,
                    1981.4802738421529,
                    2747.5546109080315,
                    2030.341129534811,
                    1894.973219692707,
                    2045.213586290897
                ],
