{
    "predictions": [
        {
            "rec_texts": [
                "11517",
                "TIMAN KLO(1 PUNG",
                "1.00",
                "RM",
                "*AT",
                "0.06",
                "ADO GST",
                "RM",
                "0.94",
                "PAYMENT NE",
                "RM",
                "CASH",
                "JLN U1 K/PARK (7.8)",
                "[:00-228",
                "PAYAS- NO: 0. MM RHD",
                "23.03 18",
                "15:27",
                "EXIT TIME:",
                "23.03 18",
                "14:59",
                "ENTY FILEM",
                "RECEIPT NOUNT:R:",
                "RECEIPT",
                "C13",
                ":",
                "13008(1699",
                "TEL NO:",
                "GST NO: 000294651000",
                "51201 L",
                "SECOI PASIR KMI",
                "3180301"
            ],
            "rec_scores": [
                0.7455049097537995,
                0.6704183388501406,
                0.9932773113250732,
                0.999791145324707,
                0.6368270814418793,
                0.9965196251869202,
                0.9306838682719639,
                0.999372661113739,
                0.9923607259988785,
                0.8879319190979004,
                0.9970700144767761,
                0.9995465129613876,
                0.6145965888311988,
                0.7438207194209099,
                0.6421505674719811,
                0.9239586479961872,
                0.9733545660972596,
                0.7593022555112838,
                0.9942570179700851,
                0.9958867430686951,
                0.8068434149026871,
                0.8514230214059353,
                0.9916510241372245,
                0.8458736340204874,
                0.8005223274230957,
                0.8781432032585144,
                0.9980678473200116,
                0.8474129885435104,
                0.8730601327759879,
                0.8472736577192942,
                0.9890162944793701
            ],
            "det_polygons": [
                [
                    167.7304940521717,
                    1060.3624413192595,
                    168.2403664290905,
                    1039.9696324804233,
                    236.00102519989014,
                    1041.6635629667226,
                    235.49117946624756,
                    1062.056371805559
                ],
                [
                    89.02808117866516,
                    1029.211852507292,
                    89.0595468878746,
                    1013.5054852214549,
                    330.9057072401047,
                    1013.9901351869613,
                    330.87424153089523,
                    1029.6965024727983
                ],
                [
                    281.3020815253258,
                    922.1399088415593,
                    332.7670331597328,
                    920.9962713240099,
                    333.19082111120224,
                    940.0659900195463,
                    281.7258694767952,
                    941.2096275370957
                ],
                [
                    302.947265625,
                    912.2501936483345,
                    302.947265625,
                    889.553059643687,
                    335.6865234375,
                    889.553059643687,
                    335.6865234375,
                    912.2501936483345
                ],
                [
                    84.1754746735096,
                    911.1350085364119,
                    84.92457702755928,
                    888.4146970103268,
                    140.16869089007378,
                    890.2358108154107,
                    139.4195885360241,
                    912.9560690598372
                ],
                [
                    277.46968603134155,
                    881.956640312969,
                    277.9293358325958,
                    861.0443353039824,
                    332.4684419631958,
                    862.2428529297631,
                    332.0087921619415,
                    883.1551579387495
                ],
                [
                    87.3046875,
                    849.3965917893105,
                    87.3046875,
                    834.9926413632842,
                    178.5380859375,
                    834.9926413632842,
                    178.5380859375,
                    849.3965917893105
                ],
                [
                    302.5107421875,
                    853.3249419054995,
                    302.5107421875,
                    831.0642912470952,
                    335.25,
                    831.0642912470952,
                    335.25,
                    853.3249419054995
                ],
                [
                    278.34379863739014,
                    803.2751357051219,
                    330.6354911327362,
                    802.1384248031745,
                    331.0621032714844,
                    821.7614202403356,
                    278.7704107761383,
                    822.8981311422831
                ],
                [
                    86.72735434770584,
                    793.902519007416,
                    86.90058892965317,
                    777.3316035311319,
                    233.6431218981743,
                    778.8653693520496,
                    233.46988731622696,
                    795.4362848283337
                ],
                [
                    302.0741921067238,
                    796.5821068938807,
                    302.0741921067238,
                    773.884972889233,
                    335.2499733567238,
                    773.884972889233,
                    335.2499733567238,
                    796.5821068938807
                ],
                [
                    84.10902634263039,
                    765.5151170040635,
                    84.34378024935722,
                    743.6841296396174,
                    140.2780348956585,
                    744.2854664371882,
                    140.04328098893166,
                    766.1164538016344
                ],
                [
                    88.13062240183353,
                    719.3583884619632,
                    297.62289994955063,
                    717.0814500686089,
                    297.7511340379715,
                    728.8792880152104,
                    88.25886315107346,
                    731.1562264085646
                ],
                [
                    237.87423402071,
                    655.1856393023667,
                    329.95632737874985,
                    654.6797832367864,
                    330.0427048802376,
                    670.4023481468005,
                    237.96061152219772,
                    670.9082042123807
                ],
                [
                    87.24631208181381,
                    637.7064313940259,
                    87.39759260416031,
                    624.1188625391835,
                    331.3791316151619,
                    626.834522108437,
                    331.2278510928154,
                    640.4220909632794
                ],
                [
                    86.84988677501678,
                    593.6378110476375,
                    190.28125646710396,
                    593.1545464052515,
                    190.3527004122734,
                    608.4413739122409,
                    86.92133072018623,
                    608.9246385546269
                ],
                [
                    266.7157936692238,
                    611.5131148050959,
                    266.7157936692238,
                    590.9983975316645,
                    330.4482155442238,
                    590.9983975316645,
                    330.4482155442238,
                    611.5131148050959
                ],
