{
    "predictions": [
        {
            "rec_texts": [
                "0.00",
                "2.30",
                "X 0%",
                "AMOUNT(RM)",
                "TAX (RM)",
                "2.30",
                "TOTAL :",
                "2.30",
                "2.30",
                "2.30",
                "TOTAL QTY:2",
                "1",
                "0.02 ZRL",
                "0.20",
                "TAKE AWAY",
                "2.10 ZRL",
                "1X",
                "2.10",
                "CHAM (B)",
                "DESCRIPTION",
                "TOTAL TAX",
                "U.PRICE",
                "QTY",
                "DATE",
                "INV NO.: 1213543",
                "CASHIER: THANDAR",
                "002043319-W",
                "RESTORAN WAN SHENG"
            ],
            "rec_scores": [
                0.999928817152977,
                0.9999404847621918,
                0.9272453337907791,
                0.9690251886844635,
                0.9532168209552765,
                0.9998622387647629,
                0.9518375822475978,
                0.9999300986528397,
                0.9999469220638275,
                0.9998970776796341,
                0.9630909399552778,
                0.9999191761016846,
                0.9194734320044518,
                0.9968724846839905,
                0.9988991883065965,
                0.9797594919800758,
                0.8872095346450806,
                0.9999333918094635,
                0.9918304979801178,
                0.9994323470375754,
                0.9996697703997294,
                0.9034590337957654,
                0.9745511809984843,
                0.9989282339811325,
                0.9702385924756527,
                0.9986266046762466,
                0.9966636191714894,
                0.9976696074008942
            ],
            "det_polygons": [
                [
                    687.16796875,
                    1495.0223799126636,
                    687.16796875,
                    1460.4448689956332,
                    761.80078125,
                    1460.4448689956332,
                    761.80078125,
                    1495.0223799126636
                ],
                [
                    509.50223565101624,
                    1459.7107677876168,
                    585.7443759441376,
                    1458.3965166916494,
                    586.3881070613861,
                    1495.7240469320373,
                    510.14596676826477,
                    1497.0382980280046
                ],
                [
                    247.06356394290924,
                    1498.5629270461968,
                    247.7336264848709,
                    1458.3700806063855,
                    333.6133459806442,
                    1459.8009614902812,
                    332.94328343868256,
                    1499.9938079300925
                ],
                [
                    407.5366543531418,
                    1420.646453390996,
                    578.4039080142975,
                    1417.50233646043,
                    579.0070309638977,
                    1450.2655321812524,
                    408.13980507850647,
                    1453.4096491118185
                ],
                [
                    635.0792443752289,
                    1418.7722682369847,
                    757.7793505191803,
                    1416.562078217752,
                    758.4187486171722,
                    1452.037971729795,
                    635.7186424732208,
                    1454.2481617490278
                ],
                [
                    685.132116317749,
                    1326.445573365324,
                    685.7901797294617,
                    1288.2867504269796,
                    763.1304626464844,
                    1289.6198844409926,
                    762.4723992347717,
                    1327.778707379337
                ],
                [
                    61.835170686244965,
                    1210.238540649414,
                    251.0912719964981,
                    1209.1873174942216,
                    251.2535102367401,
                    1238.3851961360747,
                    61.9974228143692,
                    1239.4364192912672
                ],
                [
                    620.5605745315552,
                    1206.7872986106372,
                    755.1184878349304,
                    1204.701735850505,
                    755.5828986167908,
                    1234.6518210865004,
                    621.0249853134155,
                    1236.7373838466328
                ],
                [
                    686.2578125,
                    1198.3837336244542,
                    686.2578125,
                    1161.0764192139738,
                    762.7109375,
                    1161.0764192139738,
                    762.7109375,
                    1198.3837336244542
                ],
                [
                    685.7981235980988,
                    1155.409877660493,
                    686.4769632816315,
                    1118.0819031161511,
                    762.2596924304962,
                    1119.4594675255655,
                    761.5808527469635,
                    1156.7874420699072
                ],
                [
                    59.06329521536827,
                    1083.7681976718152,
                    263.76732540130615,
                    1081.7812703894735,
                    264.01539075374603,
                    1107.327636985279,
                    59.31136751174927,
                    1109.3145642676207
                ],
                [
                    298.53125,
                    1030.955786026201,
                    298.53125,
                    994.5584061135371,
                    358.6015625,
                    994.5584061135371,
                    358.6015625,
                    1030.955786026201
                ],
                [
                    616.6415252685547,
                    1025.9964652915187,
                    617.983316898346,
                    988.7702363526456,
                    759.84903383255,
                    993.8812868876228,
                    758.5072422027588,
                    1031.107515826496
                ],
                [
                    456.1620742082596,
                    1029.5959937749471,
                    457.2862149477005,
                    991.3849651220063,
                    534.1547265052795,
                    993.6453614880425,
                    533.0305857658386,
                    1031.8563901409832
                ],
                [
                    53.42570385336876,
                    986.1276275101707,
                    53.92647311091423,
                    951.5836615416681,
                    209.55689370632172,
                    953.838726260256,
                    209.05612444877625,
                    988.3826922287586
                ],
                [
                    617.99609375,
                    944.5120087336244,
                    617.99609375,
                    909.0245633187773,
                    759.98046875,
                    909.0245633187773,
                    759.98046875,
                    944.5120087336244
                ],
                [
                    297.62109375,
                    945.421943231441,
                    297.62109375,
                    909.9344978165939,
                    357.69140625,
                    909.9344978165939,
                    357.69140625,
                    945.421943231441
                ],
                [
                    455.98828125,
                    945.421943231441,
                    455.98828125,
                    908.1146288209607,
                    532.44140625,
                    908.1146288209607,
