{
    "predictions": [
        {
            "rec_texts": [
                "FACEBOOK.COM/BARWANGRICE@",
                "THANK YOU & COME AGAIN!",
                "GST REG #000656195584",
                "SR = GST @0%",
                "$.75 Z",
                "0.00",
                "GST SUMMARY",
                "AMOUNT(RM)",
                "TAX(RM)",
                "C CHANGE:",
                "RM0.00 Z",
                "NO.CASH",
                ":RM7.25 Z",
                "O.PRINTON MOTDE",
                "AMOUNT",
                "NETT TOTAL: RM725",
                "GST @0%: RM0.00",
                "TOTAL AMOUNT: RM7.25",
                "RM0.56",
                "IS :",
                "RM0.56",
                "SR I00100000064-ADD VEGET",
                "24",
                "RM6.69",
                "RM6.69",
                "ITEM",
                "GOOD COFF",
                "TOTAL :",
                "7TAX INVOICE",
                "(867388-U)",
                "OGN 206 2018 18:24"
            ],
            "rec_scores": [
                0.9804600286483764,
                0.9934900040211885,
                0.9923031472024464,
                0.9967654595772425,
                0.7924072742462158,
                0.9981846213340759,
                0.9998300888321616,
                0.9991325616836548,
                0.9998166731425694,
                0.8759875893592834,
                0.9221320524811745,
                0.867086546761649,
                0.7633848124080234,
                0.7823518872261047,
                0.9999308089415232,
                0.9118368239963756,
                0.9731438755989075,
                0.951986676454544,
                0.9855376581350962,
                0.5656682327389717,
                0.9209336042404175,
                0.8953004944324493,
                0.40935172140598297,
                0.9979359209537506,
                0.9986269275347391,
                0.9995796978473663,
                0.7399786975648668,
                0.9861061913626534,
                0.8710534969965616,
                0.9906029582023621,
                0.8690242121616999
            ],
            "det_polygons": [
                [
                    2054.1640625,
                    3895.6243093922653,
                    2054.1640625,
                    3842.3259668508285,
                    2795.4072265625,
                    3842.3259668508285,
                    2795.4072265625,
                    3895.6243093922653
                ],
                [
                    2078.1758272349834,
                    3682.6494865628238,
                    2761.275619328022,
                    3672.5282903007383,
                    2761.9974197149277,
                    3721.2575444174076,
                    2078.8977754712105,
                    3731.378740679493
                ],
                [
                    2072.8075662255287,
                    3513.1794831502502,
                    2760.8533616662025,
                    3498.111250566514,
                    2761.913736999035,
                    3546.5412219980144,
                    2073.867941558361,
                    3561.6094545817505
                ],
                [
                    1704.890887528658,
                    3406.3317200044244,
                    2029.8625130951405,
                    3401.2533778406637,
                    2030.3935878574848,
                    3435.237932236814,
                    1705.4219622910023,
                    3440.316274400574
                ],
                [
                    2582.2392578125,
                    3435.3204419889503,
                    2582.2392578125,
                    3377.1767955801106,
                    2679.1337890625,
                    3377.1767955801106,
                    2679.1337890625,
                    3435.3204419889503
                ],
                [
                    3047.3330078125,
                    3425.6298342541436,
                    3047.3330078125,
                    3367.486187845304,
                    3153.9169921875,
                    3367.486187845304,
                    3153.9169921875,
                    3425.6298342541436
                ],
                [
                    1705.34375,
                    3348.1049723756905,
                    1705.34375,
                    3314.1878453038676,
                    2020.2509765625,
                    3314.1878453038676,
                    2020.2509765625,
                    3348.1049723756905
                ],
                [
                    2407.8291015625,
                    3299.6519337016575,
                    2659.7548828125,
                    3299.6519337016575,
                    2659.7548828125,
                    3338.414364640884,
                    2407.8291015625,
                    3338.414364640884
                ],
                [
                    2960.1279296875,
                    3333.5690607734805,
                    2960.1279296875,
                    3280.270718232044,
                    3149.072265625,
                    3280.270718232044,
                    3149.072265625,
                    3333.5690607734805
                ],
                [
                    1688.3894247710705,
                    3157.892194716311,
                    1691.7399860918522,
                    3099.2475751170796,
                    1901.04080799222,
                    3111.2088275719743,
                    1897.6902466714382,
                    3169.853447171206
                ],
                [
                    2934.9559913277626,
                    3072.6418767265195,
                    3143.5240719914436,
                    3066.6822476044545,
                    3145.456166923046,
                    3134.32309179148,
                    2936.888086259365,
                    3140.2827209135444
                ],
                [
                    1685.96484375,
                    3076.767955801105,
                    1685.96484375,
                    3018.6243093922653,
                    1865.2197265625,
                    3018.6243093922653,
                    1865.2197265625,
                    3076.767955801105
                ],
                [
                    2931.0595703125,
                    3047.696132596685,
                    2931.0595703125,
                    2994.3977900552486,
                    3144.2275390625,
                    2994.3977900552486,
                    3144.2275390625,
                    3047.696132596685
                ],
                [
                    1660.8443569540977,
                    2926.84596176569,
                    2077.581916511059,
                    2915.731691139179,
                    2079.2774525284767,
                    2979.3215726567896,
                    1662.5398929715157,
                    2990.4358432833
                ],
                [
                    2935.904296875,
                    2897.491712707182,
                    3139.3828125,
                    2897.491712707182,
                    3139.3828125,
                    2955.635359116022,
                    2935.904296875,
                    2955.635359116022
                ],
                [
                    2649.6484946012497,
                    2791.320588675652,
                    3134.274322748184,
                    2786.052385361814,
                    3134.850935101509,
                    2839.0810186059434,
                    2650.2251069545746,
                    2844.3492219197815
                ],
                [
                    2630.3973301649094,
                    2723.2627597197643,
                    3129.6898109912872,
                    2713.174685652085,
                    3130.466315627098,
                    2751.6277789542687,
