{
    "predictions": [
        {
            "rec_texts": [
                "TOTAL INCLUDES CO GE",
                "0.00",
                "CHINGE:",
                "12.65",
                "CASH TENDERED:",
                "20.00",
                "TOTAL ROUNDED",
                "7.35",
                "BE-TO TOTAL (INCL GST) GS",
                "7.35",
                "1 M WHI COFE :",
                "7.35",
                "CYP ITEM",
                "TOTAL",
                "TAMA DUSCOUROMIBAK",
                "TAX INVOICE",
                "TEL NO. 07-5542-40",
                "SELANGOR",
                "(INCLUSIVE OF GST) MUSHAI",
                "(635511-M)"
            ],
            "rec_scores": [
                0.8968565374612808,
                0.9997881054878235,
                0.7224524532045636,
                0.987615704536438,
                0.9549011545521873,
                0.999765682220459,
                0.9968888713763311,
                0.99910868704319,
                0.9453760266304017,
                0.9991122633218765,
                0.7535415206636701,
                0.9983934015035629,
                0.7610729299485683,
                0.999844491481781,
                0.6381673299603992,
                0.9998613595962524,
                0.9713307453526391,
                0.9825077429413795,
                0.8522073984146118,
                0.8470849752426147
            ],
            "det_polygons": [
                [
                    1613.0520638227463,
                    3861.7991555566946,
                    2417.396726846695,
                    3856.771679620058,
                    2417.7296835184097,
                    3910.067656290465,
                    1613.385020494461,
                    3915.095132227102
                ],
                [
                    2979.5068359375,
                    3910.160220994475,
                    2979.5068359375,
                    3818.0994475138123,
                    3153.9169921875,
                    3818.0994475138123,
                    3153.9169921875,
                    3910.160220994475
                ],
                [
                    1589.0703125,
                    3745.4198895027625,
                    1589.0703125,
                    3658.204419889503,
                    1845.8408203125,
                    3658.204419889503,
                    1845.8408203125,
                    3745.4198895027625
                ],
                [
                    2943.7453377842903,
                    3625.1280642346123,
                    3152.7889018654823,
                    3618.384148866432,
                    3155.6039529442787,
                    3705.665271400747,
                    2946.5603888630867,
                    3712.409186768927
                ],
                [
                    1593.017445832491,
                    3566.6667996401284,
                    2111.480956763029,
                    3555.8642325216892,
                    2112.945847839117,
                    3626.1915232621504,
                    1594.4823369085789,
                    3636.9940903805896
                ],
                [
                    2926.21484375,
                    3609.75138121547,
                    2926.21484375,
                    3522.53591160221,
                    3149.072265625,
                    3522.53591160221,
                    3149.072265625,
                    3609.75138121547
                ],
                [
                    1598.611620604992,
                    3517.5391919889503,
                    1599.1125341057777,
                    3468.9412437143906,
                    2107.654764175415,
                    3474.184605382424,
                    2107.153850674629,
                    3522.7825536569835
                ],
                [
                    2964.97265625,
                    3512.8453038674033,
                    2964.97265625,
                    3420.7845303867402,
                    3149.072265625,
                    3420.7845303867402,
                    3149.072265625,
                    3512.8453038674033
                ],
                [
                    1593.3700664639473,
                    3367.7115370608167,
                    2490.0226790905,
                    3357.5785114435857,
                    2490.7876514792442,
                    3425.2944720357823,
                    1594.1350388526917,
                    3435.427497653013
                ],
                [
                    2964.97265625,
                    3415.939226519337,
                    2964.97265625,
                    3319.033149171271,
                    3149.072265625,
                    3319.033149171271,
                    3149.072265625,
                    3415.939226519337
                ],
                [
                    1670.8963366150856,
                    3178.9673738426923,
                    2145.5488409399986,
                    3168.2996613729065,
                    2147.062522292137,
                    3235.6642901172954,
                    1672.4100179672241,
                    3246.332002587081
                ],
                [
                    2964.97265625,
                    3222.1270718232045,
                    2964.97265625,
                    3125.220994475138,
                    3149.072265625,
                    3125.220994475138,
                    3149.072265625,
                    3222.1270718232045
                ],
                [
                    1589.0703125,
                    3134.9116022099447,
                    1589.0703125,
                    3081.6132596685084,
                    1903.9775390625,
                    3081.6132596685084,
                    1903.9775390625,
                    3134.9116022099447
                ],
                [
                    2926.21484375,
                    3125.220994475138,
                    2926.21484375,
                    3033.160220994475,
                    3139.3828125,
                    3033.160220994475,
                    3139.3828125,
                    3125.220994475138
                ],
                [
                    1593.6035205423832,
                    2887.8676450950666,
                    2364.0368718206882,
                    2877.925663563428,
                    2364.7220055758953,
                    2931.027638809457,
                    1594.2886542975903,
                    2940.9696203410954
                ],
                [
                    2136.23743852973,
                    2669.8813159584342,
                    2572.3164984583855,
                    2664.6894119852814,
                    2573.126417040825,
                    2732.7448750701396,
                    2137.0475049614906,
                    2737.9367790432925
                ],
                [
                    1937.2510288357735,
                    2568.4720988405343,
                    2717.565445959568,
                    2558.0664065872106,
                    2718.4688053131104,
                    2625.8237699224146,
                    1938.1543881893158,
                    2636.2294621757383
                ],
                [
                    2164.691188275814,
                    2277.390114125626,
                    2489.7695610523224,
                    2271.8797047651933,
                    2490.922785758972,
                    2339.9407867937457,
                    2165.844412982464,
                    2345.451196154178
                ],
                [
                    1894.0334894061089,
                    1981.7873934751058,
                    2746.874504029751,
                    1976.7992501443262,
                    2747.1864660978317,
                    2030.1523034533084,
                    1894.3454514741898,
