{
    "predictions": [
        {
            "rec_texts": [
                "THANK YOU",
                "6.60",
                "@ 6%",
                "0.40",
                "SR",
                "GST SUMMARY",
                "AMOUNT(RM)",
                "TAX(RM)",
                "TOTAL ITEMS : 10",
                "0.00",
                "CHANGE DUE :",
                "PAYMENT :",
                "7.00",
                "TOTAL INCLOD GST",
                "7.00",
                "SUBTOTAL :",
                "7.00",
                "X",
                "100 NO NO:",
                "SR",
                "7.00",
                "0.70",
                "BEG GUNA",
                "CODE",
                "RM",
                "CASHEE R",
                "LST",
                "02020120811 010",
                "REG:",
                "CHOONE YEE CAR",
                "CS2 24146",
                "TAX INVOICE",
                "03/258 7119",
                "MALAYSIA",
                "NO 3 SPEENT CH BE CHAR UE",
                "X 19"
            ],
            "rec_scores": [
                0.9981014000044929,
                0.9997804164886475,
                0.9474058151245117,
                0.9986934959888458,
                0.999679297208786,
                0.999907753684304,
                0.9951503574848175,
                0.9999263542039054,
                0.8544898480176926,
                0.9998589903116226,
                0.9823547204335531,
                0.9972054693433974,
                0.9998341500759125,
                0.9201307259500027,
                0.9978447556495667,
                0.9984291791915894,
                0.9992495030164719,
                0.9560039639472961,
                0.7742618203163147,
                0.9998933970928192,
                0.9997825622558594,
                0.999849334359169,
                0.8972982466220856,
                0.9992285221815109,
                0.999795526266098,
                0.8390874937176704,
                0.9530346194903055,
                0.8051693717638652,
                0.7424298375844955,
                0.6322297666754041,
                0.8679842021730211,
                0.9992168545722961,
                0.847765938802199,
                0.9753292053937912,
                0.6519683182239533,
                0.8152310028672218
            ],
            "det_polygons": [
                [
                    326.473473072052,
                    1498.826264035785,
                    509.7942078113556,
                    1496.7428031761156,
                    509.9500858783722,
                    1510.465805982221,
                    326.6293511390686,
                    1512.5492668418904
                ],
                [
                    459.703125,
                    1372.8971459343024,
                    459.703125,
                    1342.7937533656434,
                    529.935546875,
                    1342.7937533656434,
                    529.935546875,
                    1372.8971459343024
                ],
                [
                    181.33724200725555,
                    1345.1717494457205,
                    276.57556772232056,
                    1336.6236580811203,
                    279.6706102490425,
                    1371.1155697561169,
                    184.4322845339775,
                    1379.663661120717
                ],
                [
                    683.169921875,
                    1369.2482498653742,
                    683.169921875,
                    1345.5304254173398,
                    744.28125,
                    1345.5304254173398,
                    744.28125,
                    1369.2482498653742
                ],
                [
                    58.375,
                    1372.8971459343024,
                    58.375,
                    1340.057081313947,
                    109.453125,
                    1340.057081313947,
                    109.453125,
                    1372.8971459343024
                ],
                [
                    59.24009543657303,
                    1316.3219967679304,
                    59.34731727838516,
                    1293.4825442739884,
                    270.92635172605515,
                    1294.4760577849436,
                    270.819129884243,
                    1317.3155102788855
                ],
                [
                    336.52488052845,
                    1312.6610743081499,
                    336.6317683458328,
                    1292.5636389285053,
                    525.41847884655,
                    1293.5678425646622,
                    525.3115910291672,
                    1313.6652779443068
                ],
                [
                    611.0055027008057,
                    1317.163844127583,
                    611.2370929718018,
                    1287.9744572636896,
                    748.9569239616394,
                    1289.0675225655878,
                    748.7253336906433,
                    1318.2569094294813
                ],
                [
                    57.419714488089085,
                    1232.4658707971525,
                    300.9011194705963,
                    1230.5256130730006,
                    301.07581424713135,
                    1252.453955104419,
                    57.59441274404526,
                    1254.3942128285707
                ],
                [
                    575.541015625,
                    1201.3990306946687,
                    575.541015625,
                    1171.2956381260096,
                    645.7734375,
                    1171.2956381260096,
                    645.7734375,
                    1201.3990306946687
                ],
                [
                    151.2182035446167,
                    1200.1312486590014,
                    151.6822191476822,
                    1170.1196129983255,
                    354.00927793979645,
                    1173.2487017293097,
                    353.54526233673096,
                    1203.2603373899854
                ],
                [
                    209.61389914155006,
                    1149.2433574555314,
                    210.15785792469978,
                    1123.6739142381443,
                    354.96241664886475,
                    1126.7553428276033,
                    354.418457865715,
                    1152.32478604499
                ],
                [
                    574.62890625,
                    1151.2267097469035,
                    574.62890625,
                    1121.1233171782444,
                    645.7734375,
                    1121.1233171782444,
                    645.7734375,
                    1151.2267097469035
                ],
                [
                    102.11499102413654,
                    1078.2698345523272,
                    350.2290399670601,
                    1076.389931493378,
                    350.3532413840294,
                    1092.78836084221,
                    102.23919939994812,
                    1094.6682639011594
                ],
                [
                    577.365234375,
                    1100.142164781906,
                    577.365234375,
                    1069.126548196015,
                    646.685546875,
                    1069.126548196015,
                    646.685546875,
                    1100.142164781906
                ],
                [
                    219.69070637226105,
                    1010.6648146424424,
                    219.8902302980423,
                    985.1241011365356,
                    355.8361132144928,
                    986.1862096175365,
                    355.63658928871155,
                    1011.7269231234433
                ],
                [
                    575.1424131393433,
