{
    "predictions": [
        {
            "rec_texts": [
                "JOLB T P T/6",
                "ADJUSMENTS RETURI",
                "JOYULERM",
                "TOTAL INCLUDES SEC SOS GS",
                "1.63",
                "11*",
                "32.25",
                "TAKEOUT TOTAL (INCL GST)",
                "32.25",
                "2 CHERASE PURPOS",
                "9.80",
                "1 NO2016 CHOLEI",
                "7.50",
                "1 M RICE",
                "1 M NOLL",
                "2.00",
                "1 X RUSTIONAL SUPPLY",
                "12.95",
                "OFF ITEM",
                "TOTAL",
                "INV# 002012100003972",
                "MFY SIDE 1",
                "TAX INVOICE",
                "TEL NO. 03-55489-20",
                "(GST ID NO: 000504664064)",
                "SELANGOR",
                "LICENSEE OF MCDONALD'S",
                "(65351-M)",
                "132"
            ],
            "rec_scores": [
                0.6593151067694029,
                0.8074199189158047,
                0.6674251444637775,
                0.82238077044487,
                0.9902146905660629,
                0.467297300696373,
                0.9979375720024108,
                0.9307229345043501,
                0.9986611723899841,
                0.8493205942213535,
                0.994830384850502,
                0.6485123246908188,
                0.9992398470640182,
                0.9356922134757042,
                0.6865348629653454,
                0.9998805671930313,
                0.7458074703812599,
                0.9995873808860779,
                0.8062374852597713,
                0.9997017502784729,
                0.8984766602516174,
                0.9050228953361511,
                0.9999619668180292,
                0.8852155741892362,
                0.9224030673503876,
                0.9962888136506081,
                0.9749061844565652,
                0.9373932944403754,
                0.994383712609609
            ],
            "det_polygons": [
                [
                    4277.8935546875,
                    6463.635359116022,
                    4277.8935546875,
                    6429.718232044199,
                    4694.5400390625,
                    6429.718232044199,
                    4694.5400390625,
                    6463.635359116022
                ],
                [
                    3352.40352332592,
                    6298.575043567636,
                    3353.7690596580505,
                    6256.587930415875,
                    3968.8713225126266,
                    6276.593735837146,
                    3967.505786180496,
                    6318.580848988907
                ],
                [
                    4131.6398231983185,
                    6327.226333196651,
                    4133.099983096123,
                    6258.598329322773,
                    4414.584983468056,
                    6264.5875318327,
                    4413.1248235702515,
                    6333.215535706578
                ],
                [
                    1302.8730585575104,
                    4409.50539638456,
                    2107.0876141786575,
                    4394.4247429779225,
                    2108.082935810089,
                    4447.52257794965,
                    1303.868380188942,
                    4462.603231356289
                ],
                [
                    2676.1980929374695,
                    4360.193546526998,
                    2851.6230869293213,
                    4351.421488219203,
                    2856.371415734291,
                    4446.394057468815,
                    2680.9464217424393,
                    4455.16611577661
                ],
                [
                    1283.8525390625,
                    4273.558011049724,
                    1283.8525390625,
                    4181.49723756906,
                    1453.41796875,
                    4181.49723756906,
                    1453.41796875,
                    4273.558011049724
                ],
                [
                    2630.6865234375,
                    4254.176795580111,
                    2630.6865234375,
                    4162.116022099447,
                    2848.69921875,
                    4162.116022099447,
                    2848.69921875,
                    4254.176795580111
                ],
                [
                    1298.1999850571156,
                    4084.5121992754016,
                    2233.124281615019,
                    4079.374710335916,
                    2233.5781790316105,
                    4161.98205465243,
                    1298.6538824737072,
                    4167.119543591915
                ],
                [
                    2635.53125,
                    4060.3646408839777,
                    2848.69921875,
                    4060.3646408839777,
                    2848.69921875,
                    4152.425414364641,
                    2635.53125,
                    4152.425414364641
                ],
                [
                    1370.585386455059,
                    3968.0140482022616,
                    1371.2974287867546,
                    3895.388905224879,
                    1923.7807728648186,
                    3900.8061584135444,
                    1923.068730533123,
                    3973.4313013909273
                ],
                [
                    2664.599609375,
                    3958.6132596685084,
                    2664.599609375,
                    3866.5524861878453,
                    2848.69921875,
                    3866.5524861878453,
                    2848.69921875,
                    3958.6132596685084
                ],
                [
                    1380.508737206459,
                    3803.710515649279,
                    1922.9690800905228,
                    3798.338805477922,
                    1923.6414988040924,
                    3866.2623712529135,
                    1381.1811559200287,
                    3871.6340814242703
                ],
                [
                    2664.599609375,
                    3861.707182320442,
                    2664.599609375,
                    3764.8011049723755,
                    2848.69921875,
                    3764.8011049723755,
                    2848.69921875,
                    3861.707182320442
                ],
                [
                    1447.7538612484932,
                    3697.063260073161,
                    1811.1680845618248,
                    3690.903123381388,
                    1812.5762014985085,
                    3773.9883736457614,
                    1449.1619781851768,
                    3780.1485103375344
                ],
                [
                    1447.572893679142,
                    3595.508246153099,
                    1772.3280678391457,
                    3589.3800487202175,
                    1773.8884695768356,
                    3672.086168152193,
                    1449.133295416832,
                    3678.214365585074
                ],
                [
                    2659.7548828125,
                    3663.049723756906,
                    2659.7548828125,
                    3566.1436464088397,
                    2848.69921875,
                    3566.1436464088397,
                    2848.69921875,
                    3663.049723756906
                ],
                [
                    1375.4694409370422,
                    3508.182467803112,
                    1956.3862794041634,
                    3497.71407996752,
                    1957.525310575962,
                    3560.9443490887215,
                    1376.608472108841,
                    3571.412736924314
                ],
                [
