{
    "predictions": [
        {
            "rec_texts": [
                "0.00",
                "1.40",
                "2RL - 0 % S",
                "TAX (RM)",
                "AMOUNT (RM)",
                "GST SUMMARY",
                "8.55",
                "CHANGE",
                "10.00",
                "CASH",
                "CUSTOMER'S PAYMENT",
                "1.45",
                "TOTAL INCLUDES GST :0%",
                "1.45",
                "*TOTAL QTY: 1.00",
                "145.2RM",
                "1.45",
                "1.45",
                "WALK",
                "1",
                "TAX CODE",
                "PRICE",
                "TAX",
                "QTY UOM",
                "CASHIER: 22",
                "COUNTER 4",
                "TRN: CR0005140",
                "TAX INVOICE",
                "14/02/2018 5:37:44",
                "GST NO.:",
                "016-5498845.",
                "BIHL NO: 1245264 16",
                "SDN BHD"
            ],
            "rec_scores": [
                0.9994363039731979,
                0.8407171592116356,
                0.7019816691225226,
                0.9664861708879471,
                0.9982524785128507,
                0.9999077265912836,
                0.9660201519727707,
                0.9993463655312856,
                0.9999772310256958,
                0.9996868669986725,
                0.9688952167828878,
                0.9975139498710632,
                0.9287245707078413,
                0.9858187437057495,
                0.9667971655726433,
                0.7577757963112423,
                0.9927618354558945,
                0.9949763864278793,
                0.9928703457117081,
                0.9993826150894165,
                0.9998380094766617,
                0.9984784960746765,
                0.999458114306132,
                0.9815715295927865,
                0.9653943777084351,
                0.9753719965616862,
                0.9902286870138985,
                0.9999547817490317,
                0.9624615510304769,
                0.997443251311779,
                0.9605750987927119,
                0.7517283935295908,
                0.9713541950498309
            ],
            "det_polygons": [
                [
                    783.64453125,
                    1522.7048254620124,
                    783.64453125,
                    1489.028747433265,
                    858.27734375,
                    1489.028747433265,
                    858.27734375,
                    1522.7048254620124
                ],
                [
                    584.9615437984467,
                    1489.2345121097762,
                    655.8889582157135,
                    1487.8159357654486,
                    656.5640203952789,
                    1521.5695644120171,
                    585.6366059780121,
                    1522.9881407563448
                ],
                [
                    93.39299434423447,
                    1516.0111405452908,
                    94.16460508108139,
                    1486.882106334522,
                    252.30026769638062,
                    1491.0711729453085,
                    251.5286569595337,
                    1520.2002071560776
                ],
                [
                    702.3109266757965,
                    1465.863444616173,
                    702.8818852901459,
                    1428.7515853474517,
                    854.1420323848724,
                    1431.0787705063087,
                    853.5710737705231,
                    1468.1906297750297
                ],
                [
                    430.31647539138794,
                    1462.4863263077316,
                    430.6340079307556,
                    1428.8218030988314,
                    649.1550574302673,
                    1430.8834496092747,
                    648.8375248908997,
                    1464.547972818175
                ],
                [
                    98.10188913345337,
                    1456.8457965576674,
                    98.56349456310272,
                    1429.6104195534083,
                    339.71648693084717,
                    1433.6977148663093,
                    339.2548815011978,
                    1460.9330918705684
                ],
                [
                    779.09375,
                    1396.1919917864477,
                    779.09375,
                    1359.7854209445586,
                    864.6484375,
                    1359.7854209445586,
                    864.6484375,
                    1396.1919917864477
                ],
                [
                    93.16286519169807,
                    1397.0232721912298,
                    94.1008805334568,
                    1357.6268917138573,
                    239.85994720458984,
                    1361.0973374133728,
                    238.92193186283112,
                    1400.4937178907453
                ],
                [
                    759.756929397583,
                    1306.2110543065003,
                    863.614068031311,
                    1305.044017501925,
                    863.9824857711792,
                    1337.8363740204297,
                    760.1253471374512,
                    1339.003410825005
                ],
                [
                    92.64731228351593,
                    1335.0177757059525,
                    93.09725189208984,
                    1298.5718740349678,
                    192.36780631542206,
                    1299.7973515630015,
                    191.91786670684814,
                    1336.243253233986
                ],
                [
                    93.65051734447479,
                    1248.7847107058924,
                    466.73455786705017,
                    1244.8471836348579,
                    466.9839286804199,
                    1268.4727904772124,
                    93.89986038208008,
                    1272.4103175482467
                ],
                [
                    780.9140625,
                    1216.8896303901438,
                    780.9140625,
                    1175.9322381930185,
                    867.37890625,
                    1175.9322381930185,
                    867.37890625,
                    1216.8896303901438
                ],
                [
                    99.20703125,
                    1207.7878765756345,
                    99.20703125,
                    1178.6626199021232,
                    539.7226006984711,
                    1178.6626199021232,
                    539.7226006984711,
                    1207.7878765756345
                ],
                [
                    781.2538712024689,
                    1114.3340491073577,
                    864.2225239276886,
                    1111.8197647502045,
                    865.3305547237396,
                    1148.3858809892158,
                    782.3619019985199,
                    1150.900165346369
                ],
                [
                    96.45363360643387,
                    1117.7081676068003,
                    367.6372686624527,
                    1116.7291188328174,
                    367.72945642471313,
                    1142.2659373195265,
                    96.54583525657654,
                    1143.2449860935094
                ],
                [
                    694.3465595245361,
                    1056.6370560726346,
                    694.541323184967,
                    1025.6696944657783,
                    864.7566518783569,
                    1026.7402929662435,
                    864.561888217926,
                    1057.7076545731
                ],
                [
                    367.43789422512054,
                    1024.1755673762955,
                    442.90442407131195,
                    1022.7781007989967,
