{
    "predictions": [
        {
            "rec_texts": [
                "THANK YOU.",
                "0.00",
                "CHANGE",
                "108.00",
                "CASH",
                "108.00",
                "TOTAL",
                "0.00",
                "ROUNDING",
                "0.00",
                "TAX",
                "3.00",
                "GST",
                "0.00",
                "DISC",
                "105.00",
                "SUB-TOTAL",
                "TOTAL QUAINT THATTY",
                "101",
                "50.00",
                "50.00 %",
                "9555223500307",
                "1",
                "55.00",
                "0.55",
                "V0022111700412",
                "100",
                "U/P AMOUNT",
                "QTY",
                "ITEM",
                "COUNTER EX",
                "TIME: 07:50:00",
                "SALESPERSENC :",
                "CASH",
                "TEL: 012-27719408"
            ],
            "rec_scores": [
                0.992223036289215,
                0.9998495876789093,
                0.9998645981152853,
                0.9989017943541209,
                0.9999655783176422,
                0.9997340738773346,
                0.9999932527542115,
                0.9999226182699203,
                0.998876266181469,
                0.9998645037412643,
                0.9984517892201742,
                0.999492809176445,
                0.99415522813797,
                0.9999462217092514,
                0.9986701458692551,
                0.998904158671697,
                0.9990992612308927,
                0.8471683404947582,
                0.9922331968943278,
                0.9996875166893006,
                0.9356431705611092,
                0.9586016810857333,
                0.7382900714874268,
                0.9989665269851684,
                0.9997652024030685,
                0.7046253212860653,
                0.9981301625569662,
                0.9417109668254853,
                0.9989344080289205,
                0.9824561327695847,
                0.8421209901571274,
                0.9827924966812134,
                0.913705404315676,
                0.9997855871915817,
                0.8907477452474482
            ],
            "det_polygons": [
                [
                    65.7763671875,
                    1169.6782658300056,
                    65.7763671875,
                    1152.3650884198516,
                    227.7939453125,
                    1152.3650884198516,
                    227.7939453125,
                    1169.6782658300056
                ],
                [
                    256.8740234375,
                    1077.5721620079862,
                    256.8740234375,
                    1048.4860239589275,
                    316.4189453125,
                    1048.4860239589275,
                    316.4189453125,
                    1077.5721620079862
                ],
                [
                    61.522157832980156,
                    1070.6006493054317,
                    61.65415598452091,
                    1050.5319038734935,
                    179.43157213926315,
                    1051.306939080995,
                    179.29959511756897,
                    1071.375684512933
                ],
                [
                    217.408203125,
                    1041.5607529948659,
                    217.408203125,
                    1017.3223046206502,
                    302.5712890625,
                    1017.3223046206502,
                    302.5712890625,
                    1041.5607529948659
                ],
                [
                    58.16015625,
                    1040.8682258984597,
                    58.16015625,
                    1015.2447233314318,
                    136.3994140625,
                    1015.2447233314318,
                    136.3994140625,
                    1040.8682258984597
                ],
                [
                    220.70217716693878,
                    985.600472014493,
                    305.28850281238556,
                    984.7004911223617,
                    305.5534710884094,
                    1009.6138828971763,
                    220.96714544296265,
                    1010.5138637893076
                ],
                [
                    58.8525390625,
                    1009.0119794637764,
                    58.8525390625,
                    982.6959498003422,
                    150.939453125,
                    982.6959498003422,
                    150.939453125,
                    1009.0119794637764
                ],
                [
                    275.568359375,
                    977.155733029093,
                    275.568359375,
                    950.8397033656588,
                    332.34375,
                    950.8397033656588,
                    332.34375,
                    977.155733029093
                ],
                [
                    63.644038155674934,
                    971.5662311873841,
                    63.82501529157162,
                    953.5554544608796,
                    211.9173589348793,
                    955.0441510145554,
                    211.73636066913605,
                    973.0549277410599
                ],
                [
                    214.98232769966125,
                    944.399252091281,
                    215.50060057640076,
                    915.8891491539058,
                    274.5476187467575,
                    916.9629381161312,
                    274.029345870018,
                    945.4730410535064
                ],
                [
                    58.16015625,
                    943.9144324015972,
                    58.16015625,
                    915.5208214489446,
                    112.8583984375,
                    915.5208214489446,
                    112.8583984375,
                    943.9144324015972
                ],
                [
                    222.2548828125,
                    910.6731317741015,
                    222.2548828125,
                    884.3571021106674,
                    283.1845703125,
                    884.3571021106674,
                    283.1845703125,
                    910.6731317741015
                ],
                [
                    56.575555101037025,
                    909.7865922648227,
                    57.13328796625137,
                    881.3360033747949,
                    117.91742251813412,
                    882.5281441357226,
                    117.35968965291977,
                    910.9787330257504
                ],
                [
                    220.8701171875,
                    878.8168853394181,
                    220.8701171875,
                    849.7307472903593,
                    281.107421875,
                    849.7307472903593,
                    281.107421875,
                    878.8168853394181
                ],
                [
                    58.16015625,
                    878.1243582430119,
                    58.16015625,
                    849.0382201939532,
                    128.0908203125,
                    849.0382201939532,
                    128.0908203125,
                    878.1243582430119
                ],
                [
                    251.8706025481224,
                    844.0999068561038,
                    252.11790627241135,
                    819.1165184460567,
                    338.05409103631973,
                    819.9674678787258,
                    337.8067873120308,
                    844.9508562887728
                ],
                [
                    63.0068359375,
                    840.7278950370793,
                    63.0068359375,
                    821.3371363377067,
                    211.869140625,
