{
    "predictions": [
        {
            "rec_texts": [
                ":",
                "CHANGE P&S 2",
                "NOTERM",
                "Z = 0%",
                "0.00",
                "0.00",
                "1.3*",
                "S = 6%",
                "22.45",
                "GST ANALYSS",
                "TAX AMOUNT",
                "GOODS",
                "CHANGE",
                ".00",
                "CASH",
                "50.80",
                "TENER",
                "TOTAL",
                "23.80",
                "0.00",
                "TOTAL SAVING:",
                "ROUNDING",
                "0.00",
                "QTY:",
                "2",
                "23.60",
                "ITEM:",
                "1",
                "11.90*2",
                "23.80 S",
                "EXPON",
                "CASHIER:",
                "FAX: 046107 434030",
                "VELOMM 10 SALAN 22"
            ],
            "rec_scores": [
                0.35084068775177,
                0.8709069018562635,
                0.8685807188351949,
                0.9954862892627716,
                0.9991415441036224,
                0.9928324520587921,
                0.9165971726179123,
                0.9866613745689392,
                0.9944755673408509,
                0.8647428263317455,
                0.9994429409503937,
                0.9896998405456543,
                0.9999520381291708,
                0.6685588161150614,
                0.9998162239789963,
                0.9998631954193116,
                0.917120361328125,
                0.9999878168106079,
                0.9996045708656311,
                0.9999029636383057,
                0.9743999105233413,
                0.9984581395983696,
                0.9999071210622787,
                0.998765841126442,
                0.8698604702949524,
                0.9142016649246216,
                0.9480616450309753,
                0.9588736295700073,
                0.9492609926632473,
                0.9988528660365513,
                0.6394199013710022,
                0.9993467405438423,
                0.797231536772516,
                0.6887684729364183
            ],
            "det_polygons": [
                [
                    114.951171875,
                    1107.0829145728642,
                    114.951171875,
                    1099.0816582914572,
                    131.6845703125,
                    1099.0816582914572,
                    131.6845703125,
                    1107.0829145728642
                ],
                [
                    59.60016518831253,
                    980.560208267902,
                    261.8292924761772,
                    978.2361572879043,
                    261.98113694787025,
                    991.4443745828753,
                    59.75200966000557,
                    993.768425562873
                ],
                [
                    438.31528663635254,
                    991.0774845909233,
                    439.6063309907913,
                    944.179851282781,
                    665.5396258831024,
                    950.3969140747683,
                    664.2485815286636,
                    997.2945473829105
                ],
                [
                    113.49609375,
                    940.5113065326633,
                    113.49609375,
                    920.144472361809,
                    205.8935546875,
                    920.144472361809,
                    205.8935546875,
                    940.5113065326633
                ],
                [
                    323.02734375,
                    942.6934673366834,
                    323.02734375,
                    918.6896984924623,
                    381.23046875,
                    918.6896984924623,
                    381.23046875,
                    942.6934673366834
                ],
                [
                    506.0916516184807,
                    941.1147393461447,
                    506.5152797102928,
                    917.8195334583071,
                    561.9354256987572,
                    918.8269714662177,
                    561.511797606945,
                    942.1221773540553
                ],
                [
                    509.1045621037483,
                    875.2125241073531,
                    563.6412170529366,
                    874.2723907010638,
                    564.0040096640587,
                    895.3101398717218,
                    509.46735471487045,
                    896.2502732780112
                ],
                [
                    112.7685546875,
                    896.8680904522613,
                    112.7685546875,
                    874.3190954773869,
                    206.62109375,
                    874.3190954773869,
                    206.62109375,
                    896.8680904522613
                ],
                [
                    309.0186421573162,
                    896.7817842876491,
                    309.31731328368187,
                    873.490662847931,
                    382.1711540222168,
                    874.4244032049897,
                    381.87248289585114,
                    897.7155246447079
                ],
                [
                    87.27463610470295,
                    837.2113515575926,
                    237.85247534513474,
                    836.4353064148869,
                    237.93142825365067,
                    851.7475472455048,
                    87.35357791185379,
                    852.5235923882105
                ],
                [
                    417.55324721336365,
                    834.4527508146199,
                    560.1418447494507,
                    833.6239630157623,
                    560.2472633123398,
                    851.7445283055904,
                    417.65866577625275,
                    852.5733161044479
                ],
                [
                    303.79218608140945,
                    853.7826679172227,
                    304.29663211107254,
                    833.3565204562852,
                    380.1120728254318,
                    835.2280856185223,
                    379.60762679576874,
                    855.6542330794598
                ],
                [
                    431.43061965703964,
                    819.764986584534,
                    431.43061965703964,
                    800.1255393483531,
                    534.0136274695396,
                    800.1255393483531,
                    534.0136274695396,
                    819.764986584534
                ],
                [
                    664.970703125,
                    819.037688442211,
                    664.970703125,
                    797.21608040201,
                    706.4404296875,
                    797.21608040201,
                    706.4404296875,
                    819.037688442211
                ],
                [
                    475.0830078125,
                    783.395728643216,
                    475.0830078125,
                    761.574120603015,
                    534.013671875,
                    761.574120603015,
                    534.013671875,
                    783.395728643216
                ],
                [
                    639.3163365125656,
                    761.6434674286962,
                    707.0901703834534,
                    760.7518146457384,
                    707.3683261871338,
                    781.8902543417772,
                    639.594492316246,
                    782.781907124735
                ],
                [
                    439.3888330459595,
                    726.69861637288,
                    532.4807953834534,
                    725.874978530347,
                    532.6161432266235,
                    741.1617359563933,
