{
    "predictions": [
        {
            "rec_texts": [
                "0.00",
                "4.60",
                "(@ 0%)",
                "25",
                "AMOUNT (RM)",
                "TAX(RM)",
                "GST SUMMARY",
                "4.60",
                "CASH :",
                "4.60",
                "TOTAL:",
                "4.60",
                "TOTAL (EXCLUDING GST):",
                "4.60",
                "TOTAL QTY:4",
                "0.40 ZRL",
                "0.20",
                "2 X",
                "TAKE AWAY",
                "2.10 ZRL",
                "1X",
                "2.10",
                "CHAM (B)",
                "2.10 ZRL",
                "2.10",
                "1",
                "TEH (B)",
                "TOTAL TAX",
                "U\\PRICE",
                "DESCRIPTION",
                "QTY",
                "DATE",
                "CASHIER: NICOLE",
                "INV NO.: 1203866",
                "002043319-W"
            ],
            "rec_scores": [
                0.9998811334371567,
                0.999893844127655,
                0.9873146613438925,
                0.5792213827371597,
                0.9887509725310586,
                0.9997372116361346,
                0.9999224489385431,
                0.9999207109212875,
                0.9917148550351461,
                0.9999548494815826,
                0.9960253338019053,
                0.999939888715744,
                0.9989276338707317,
                0.9999316036701202,
                0.984916318546642,
                0.9692062437534332,
                0.9842905402183533,
                0.9913134972254435,
                0.9987205200725131,
                0.9815872982144356,
                0.8042074739933014,
                0.9996732026338577,
                0.9776605442166328,
                0.985973171889782,
                0.9997108578681946,
                0.9999097585678101,
                0.924765271799905,
                0.999909434053633,
                0.883625647851399,
                0.9989978562701832,
                0.9839015603065491,
                0.9973269104957581,
                0.9891372164090474,
                0.9542033709585667,
                0.9930737777189775
            ],
            "det_polygons": [
                [
                    668.9647881984711,
                    1581.7344485101935,
                    668.9647881984711,
                    1544.4208050182958,
                    745.4179131984711,
                    1544.4208050182958,
                    745.4179131984711,
                    1581.7344485101935
                ],
                [
                    492.87594079971313,
                    1544.5562296187884,
                    568.6032295227051,
                    1543.2277576149413,
                    569.2594041824341,
                    1580.6256109896717,
                    493.53211545944214,
                    1581.9540829935188
                ],
                [
                    212.9765625,
                    1581.7344485101935,
                    212.9765625,
                    1542.6006272869838,
                    315.82421875,
                    1542.6006272869838,
                    315.82421875,
                    1581.7344485101935
                ],
                [
                    30.03515625,
                    1583.5546262415055,
                    30.03515625,
                    1538.9602718243596,
                    95.56640625,
                    1538.9602718243596,
                    95.56640625,
                    1583.5546262415055
                ],
                [
                    389.546875,
                    1537.1400940930475,
                    389.546875,
                    1504.3768949294301,
                    560.65625,
                    1504.3768949294301,
                    560.65625,
                    1537.1400940930475
                ],
                [
                    618.9061944484711,
                    1537.1400940930475,
                    618.9061944484711,
                    1504.3768949294301,
                    739.9569756984711,
                    1504.3768949294301,
                    739.9569756984711,
                    1537.1400940930475
                ],
                [
                    39.94986119866371,
                    1530.6900392284085,
                    40.23395171761513,
                    1504.2712437439764,
                    228.55582213401794,
                    1506.2960581562622,
                    228.27173161506653,
                    1532.7148536406944
                ],
                [
                    669.5941870212555,
                    1374.4029401907794,
                    745.9074332714081,
                    1373.1520123798311,
                    746.5493867397308,
                    1412.3051641038494,
                    670.2361404895782,
                    1413.5560919147977
                ],
                [
                    32.8858350366354,
                    1407.4151028734318,
                    34.24420879781246,
                    1367.5727188102376,
                    141.88988184928894,
                    1371.2421811189067,
                    140.53150808811188,
                    1411.0845651821012
                ],
                [
                    602.9539618492126,
                    1293.0521939602188,
                    739.2148628234863,
                    1288.6212876714217,
                    740.3021173477173,
                    1322.0519445870973,
                    604.0412163734436,
                    1326.4828508758944
                ],
                [
                    36.195327788591385,
                    1323.0331341453827,
                    36.58927145600319,
                    1287.7778557051056,
                    237.74937796592712,
                    1290.0253041611875,
                    237.35543429851532,
                    1325.2805826014644
                ],
                [
                    668.96484375,
                    1284.135389440669,
                    668.96484375,
                    1246.8217459487716,
                    746.328125,
                    1246.8217459487716,
                    746.328125,
                    1284.135389440669
                ],
                [
                    40.91984297335148,
                    1209.57853658051,
                    419.4878714084625,
                    1207.6272669471625,
                    419.61466777324677,
                    1232.2225518553157,
                    41.04663586616516,
                    1234.1738214886632
                ],
                [
                    669.875,
                    1242.2713016204914,
                    669.875,
                    1204.0475692629377,
                    746.328125,
                    1204.0475692629377,
                    746.328125,
                    1242.2713016204914
                ],
                [
                    40.87665165960789,
                    1167.7171150363058,
                    246.4887444972992,
                    1165.681413330461,
                    246.73283791542053,
                    1190.3324678443953,
                    41.12074160575867,
                    1192.36816955024
                ],
                [
                    597.7206745147705,
                    1114.5991207108843,
                    598.3300747871399,
                    1075.6028348899797,
                    745.7820534706116,
                    1077.9064973311715,
                    745.1726531982422,
                    1116.9027831520762
                ],
                [
                    439.1844437122345,
                    1114.6395592298175,
                    439.80595421791077,
