{
    "predictions": [
        {
            "rec_texts": [
                "THANK YOU.",
                "CHANGE",
                "0.00",
                "65.70",
                "CASH",
                "65.70",
                "TOTAL",
                "ROUNDING",
                "-0.01",
                "0.00",
                "TAX",
                "GST",
                "3.72",
                "DISC",
                "0.00",
                "SUB TOTAL ",
                "61.99",
                "24",
                "R",
                "955621860900",
                "QTY",
                "INC JAMA (1)",
                "ITEM",
                "COUNTER :",
                "SALESPERSON:",
                "TIME: 10:47:00",
                "CASH",
                "D",
                "TEL: 012-9719489",
                "BALANG -",
                "IT0 -"
            ],
            "rec_scores": [
                0.9891970813274383,
                0.9998881220817566,
                0.9998509734869003,
                0.9998334050178528,
                0.9999359399080276,
                0.9996601223945618,
                0.9999477744102478,
                0.9992350488901138,
                0.9223847389221191,
                0.9998603016138077,
                0.999729573726654,
                0.9999591906865438,
                0.9998323768377304,
                0.981413796544075,
                0.9997945874929428,
                0.9776089787483215,
                0.9993409395217896,
                0.9061581194400787,
                0.5214130878448486,
                0.6938647528489431,
                0.9989240765571594,
                0.9032996942599615,
                0.9969990849494934,
                0.9733543793360392,
                0.9617809404929479,
                0.964220689875739,
                0.9999446272850037,
                0.20307017862796783,
                0.930968914180994,
                0.7121819145977497,
                0.7159194350242615
            ],
            "det_polygons": [
                [
                    39.18503509834409,
                    1107.8758473416253,
                    208.63772332668304,
                    1105.5006701827976,
                    208.89478653669357,
                    1123.8359225421912,
                    39.44210663437843,
                    1126.2110997010188
                ],
                [
                    36.299351807683706,
                    1006.122398289819,
                    162.16771990060806,
                    1005.2777487782754,
                    162.32382729649544,
                    1028.5350913841853,
                    36.45546197891235,
                    1029.3797408957291
                ],
                [
                    234.9951171875,
                    1030.0490137477584,
                    234.9951171875,
                    1003.8613269575612,
                    296.1083984375,
                    1003.8613269575612,
                    296.1083984375,
                    1030.0490137477584
                ],
                [
                    202.0798583328724,
                    974.1320084265727,
                    274.88709554076195,
                    973.1987382030316,
                    275.1576580107212,
                    994.3002354723924,
                    202.35042080283165,
                    995.2335056959336
                ],
                [
                    34.017774276435375,
                    972.6967613644324,
                    120.6084830313921,
                    971.7347204889,
                    120.89613050222397,
                    997.6201378365726,
                    34.30542729794979,
                    998.5821787121049
                ],
                [
                    198.6181640625,
                    963.8523610280932,
                    198.6181640625,
                    940.5744172145846,
                    272.8271484375,
                    940.5744172145846,
                    272.8271484375,
                    963.8523610280932
                ],
                [
                    34.1943359375,
                    965.3071437181289,
                    34.1943359375,
                    939.1194569279317,
                    129.50193092226982,
                    939.1194569279317,
                    129.50193092226982,
                    965.3071437181289
                ],
                [
                    39.222238548099995,
                    910.7919972950444,
                    190.5882802605629,
                    909.99547646677,
                    190.6839296221733,
                    928.1616568465612,
                    39.31788235902786,
                    928.9581776748356
                ],
                [
                    236.56995683908463,
                    927.8390525913637,
                    237.4792030453682,
                    906.6265574362345,
                    306.84217512607574,
                    909.5988144221878,
                    305.9329289197922,
                    930.8113095773172
                ],
                [
                    186.97751685976982,
                    899.8379267426358,
                    186.97751685976982,
                    873.6502399524386,
                    249.54587623476982,
                    873.6502399524386,
                    249.54587623476982,
                    899.8379267426358
                ],
                [
                    33.87312626466155,
                    873.4444942713782,
                    95.09844526648521,
                    872.3314962712006,
                    95.59540897607803,
                    899.6607741169494,
                    34.37009274959564,
                    900.7737721171268
                ],
                [
                    35.6494140625,
                    867.83084279737,
                    35.6494140625,
                    843.098027495517,
                    96.7626953125,
                    843.098027495517,
                    96.7626953125,
                    867.83084279737
                ],
                [
                    193.96611481904984,
                    866.8734194338856,
                    194.4412088394165,
                    840.747358669867,
                    255.6665250658989,
                    841.8603566700444,
                    255.19143104553223,
                    867.986417434063
                ],
                [
                    35.44194342568517,
                    810.4958172859151,
                    106.84696443378925,
                    809.5177927148321,
                    107.19585813581944,
                    834.9831940627569,
                    35.79083435237408,
                    835.9612186338398
                ],
                [
                    193.98538678884506,
                    809.0537327540113,
                    255.0710478425026,
                    808.0686043182392,
                    255.4935657978058,
                    834.2612638137188,
                    194.40790474414825,
                    835.246392249491
                ],
                [
                    39.803875144571066,
                    782.1268888429048,
                    242.8873884677887,
                    778.8251901319907,
                    243.18228513002396,
                    796.959047927446,
                    40.0987745821476,
                    800.2607466383602
                ],
                [
                    233.5400390625,
                    799.4518828451883,
                    233.5400390625,
                    779.0836820083682,
                    309.2041015625,
                    779.0836820083682,
                    309.2041015625,
                    799.4518828451883
                ],
                [
