{
    "predictions": [
        {
            "rec_texts": [
                ".22",
                "3.77",
                "S = 6%",
                "GST SUMMARY",
                "TAX(RM)",
                "AMOUNT(RM)",
                "6.00",
                "CHANGE RM",
                "10.00",
                "CASH RM",
                "ROUNDING RM",
                "4.00",
                "ROUNDING ADJUSTMENT RM",
                ".01",
                "3.99",
                "RM2.50 S",
                "RM1.49 S",
                "04:06PM",
                "31-03-18",
                "570842",
                "GST ID. NO : 000181747712",
                "11/38/13 1300 SR EZEL",
                ".2.2",
                "41150 KLANG, SELANGOR",
                "TAMAN BERKELEY"
            ],
            "rec_scores": [
                0.88651176293691,
                0.9991203546524048,
                0.9978079398473104,
                0.9998096227645874,
                0.9994923642703465,
                0.9964451432228089,
                0.999694898724556,
                0.9994862808121575,
                0.9999808311462403,
                0.9999179840087891,
                0.995952925898812,
                0.9997394233942032,
                0.9873589439825579,
                0.994159996509552,
                0.9974841177463531,
                0.9757079109549522,
                0.9836553186178207,
                0.9963477168764386,
                0.9989192187786102,
                0.9824880659580231,
                0.990419557094574,
                0.6433632047403426,
                0.6729343011975288,
                0.996592518829164,
                0.9972339229924339
            ],
            "det_polygons": [
                [
                    615.996955871582,
                    1159.9529930219899,
                    665.0816507339478,
                    1158.755740358003,
                    665.8948836326599,
                    1192.0991556149104,
                    616.8101887702942,
                    1193.2964082788972
                ],
                [
                    404.4892578125,
                    1191.6064318529864,
                    404.4892578125,
                    1158.689127105666,
                    471.05078125,
                    1158.689127105666,
                    471.05078125,
                    1191.6064318529864
                ],
                [
                    78.11199985444546,
                    1184.9588578804955,
                    78.3345049470663,
                    1161.5949293275826,
                    168.3846686631441,
                    1162.452686568801,
                    168.16216357052326,
                    1185.816615121714
                ],
                [
                    78.81033056974411,
                    1147.7298183937717,
                    79.04875120520592,
                    1124.2426642534258,
                    237.12859696149826,
                    1125.8476328827885,
                    236.89017632603645,
                    1149.3347870231344
                ],
                [
                    555.755844950676,
                    1147.604449752644,
                    556.0038863420486,
                    1119.822973184162,
                    659.8934962749481,
                    1120.7505582582592,
                    659.6454548835754,
                    1148.5320348267412
                ],
                [
                    318.8008680343628,
                    1122.946295356069,
                    461.2812719345093,
                    1120.5448251035884,
                    461.65119111537933,
                    1142.4957669206028,
                    319.17078721523285,
                    1144.8972371730833
                ],
                [
                    586.619140625,
                    1068.7151607963247,
                    586.619140625,
                    1038.7238386932108,
                    648.060546875,
                    1038.7238386932108,
                    648.060546875,
                    1068.7151607963247
                ],
                [
                    391.3232421875,
                    1065.057682491067,
                    391.3232421875,
                    1039.4553343542625,
                    525.177734375,
                    1039.4553343542625,
                    525.177734375,
                    1065.057682491067
                ],
                [
                    572.5068979859352,
                    997.9163460062133,
                    649.2699049115181,
                    996.9685805098264,
                    649.6306274533272,
                    1026.1878675195014,
                    572.8676205277443,
                    1027.1356330158883
                ],
                [
                    424.0402410030365,
                    1024.636028762981,
                    424.7045419216156,
                    998.2820045428352,
                    527.5701105594635,
                    1000.8754566887802,
                    526.9058096408844,
                    1027.229480908926
                ],
                [
                    362.796875,
                    986.0561510974987,
                    362.796875,
                    959.7223072996427,
                    524.4462890625,
                    959.7223072996427,
                    524.4462890625,
                    986.0561510974987
                ],
                [
                    584.4248046875,
                    986.7875574646464,
                    584.4248046875,
                    953.8702527173264,
                    648.060546875,
                    953.8702527173264,
                    648.060546875,
                    986.7875574646464
                ],
                [
                    201.86325857043266,
                    920.9668778190204,
                    524.4132525920868,
                    920.2007361232413,
                    524.4601286649704,
                    939.9527262619042,
                    201.91015696525574,
                    940.7188679576833
                ],
                [
                    599.220321893692,
                    945.5119861332113,
                    600.1124851703644,
                    912.500208435526,
                    650.1305049657822,
                    913.8521181411315,
                    649.2383416891098,
                    946.8638958388169
                ],
                [
                    584.0367600917816,
                    903.2265007482494,
                    584.567397236824,
                    872.449749466106,
                    647.5160701274872,
                    873.5352061623637,
                    646.9854329824448,
                    904.3119574445069
                ],
                [
                    557.1853865981102,
                    820.556686487047,
                    557.609146296978,
                    792.7998550360516,
                    677.6051962971687,
                    794.6319873570301,
                    677.1814365983009,
                    822.3888188080255
                ],
                [
                    558.5432748198509,
                    779.514708008311,
                    559.2015934586525,
                    750.9847699370295,
                    679.8257828354836,
                    753.768596686168,
                    679.167464196682,
                    782.2985347574496
                ],
                [
                    77.4110072478652,
                    697.0283034257952,
                    77.65076719969511,
                    668.4958651252034,
                    183.05135479569435,
                    669.381660652258,
                    182.81159484386444,
                    697.9140989528498
                ],
                [
