{
    "predictions": [
        {
            "rec_texts": [
                "TOTAL INCLUDES 6% GST",
                "0.83",
                "0.30",
                "CHANGE",
                "CASH TENDERED",
                "15.00",
                "TOTAL ROUNDED",
                "14.70",
                "14.70",
                "10.00",
                "1 S CALUCHOINE",
                "4.70",
                "QTY ITEM",
                "TOTAL",
                "INV# 002016130004600",
                "TAX INVOICE",
                "TEL NO: 03-90509-479",
                "SELANGOR",
                "(65351-M)"
            ],
            "rec_scores": [
                0.9839142986706325,
                0.9996794313192368,
                0.9997143596410751,
                0.9987059136231741,
                0.9523679109720083,
                0.9998656272888183,
                0.9450547328362098,
                0.9998483300209046,
                0.9976236581802368,
                0.9999653100967407,
                0.6089190968445369,
                0.9994676113128662,
                0.986517034471035,
                0.9999443054199219,
                0.8816178798675537,
                0.9999832998622548,
                0.803795798867941,
                0.9716899320483208,
                0.9051646126641167
            ],
            "det_polygons": [
                [
                    24.22038160264492,
                    1194.8434334906037,
                    432.97972798347473,
                    1192.9423286052404,
                    433.09271812438965,
                    1217.2349310749842,
                    24.33337688446045,
                    1219.1360359603475
                ],
                [
                    714.2578125,
                    1228.0488358886996,
                    714.2578125,
                    1188.5212947189098,
                    801.40625,
                    1188.5212947189098,
                    801.40625,
                    1228.0488358886996
                ],
                [
                    713.025860786438,
                    1128.0898244793884,
                    713.5364961624146,
                    1091.326868805677,
                    800.8178567886353,
                    1092.5390753932868,
                    800.3072214126587,
                    1129.3020310669986
                ],
                [
                    17.0703125,
                    1129.229982964225,
                    17.0703125,
                    1091.4991482112437,
                    141.0546875,
                    1091.4991482112437,
                    141.0546875,
                    1129.229982964225
                ],
                [
                    20.364932343363762,
                    1045.9420471711296,
                    278.15918922424316,
                    1041.09673001291,
                    278.6987781524658,
                    1069.800167779094,
                    20.90451955795288,
                    1074.6454849373138
                ],
                [
                    701.6796875,
                    1078.9222032935832,
                    701.6796875,
                    1042.9880749574106,
                    801.40625,
                    1042.9880749574106,
                    801.40625,
                    1078.9222032935832
                ],
                [
                    24.203120172023773,
                    1001.7056086906854,
                    275.70257902145386,
                    999.778623512697,
                    275.8681297302246,
                    1021.3792369004206,
                    24.368664026260376,
                    1023.306222078409
                ],
                [
                    699.8828125,
                    1031.3094832481545,
                    699.8828125,
                    992.6802952867689,
                    801.40625,
                    992.6802952867689,
                    801.40625,
                    1031.3094832481545
                ],
                [
                    702.2657775878906,
                    979.9695624157084,
                    702.6990938186646,
                    944.0082378398282,
                    800.7876968383789,
                    945.1899583200242,
                    800.354380607605,
                    981.1512828959044
                ],
                [
                    700.5393671989441,
                    882.0135321284072,
                    700.9832119941711,
                    846.062735129188,
                    800.7944416999817,
                    847.2949002475511,
                    800.3505969047546,
                    883.2456972467703
                ],
                [
                    61.9921875,
                    834.5701306076094,
                    61.9921875,
                    800.4327086882454,
                    319.8436951637268,
                    800.4327086882454,
                    319.8436951637268,
                    834.5701306076094
                ],
                [
                    713.8821291923523,
                    833.5361800185664,
                    714.4164538383484,
                    796.6723350685202,
                    801.7548441886902,
                    797.9379471752334,
                    801.2205195426941,
                    834.8017921252796
                ],
                [
                    18.65053452551365,
                    750.4059385508722,
                    180.2960181236267,
                    748.3203817494277,
                    180.71195125579834,
                    780.5514349950978,
                    19.066462516784668,
                    782.6369917965422
                ],
                [
                    695.717613697052,
                    784.7025900672337,
                    696.7185950279236,
                    746.1693565806228,
                    801.9048762321472,
                    748.9012627241491,
                    800.9038949012756,
                    787.43449621076
                ],
                [
                    25.11734366416931,
                    677.3277233671831,
                    25.234665870666504,
                    653.0423586063938,
                    416.9095468521118,
                    654.9343615244358,
                    416.7922246456146,
                    679.2197262852251
                ],
                [
                    302.7446484565735,
                    555.2196227923366,
                    516.522707939148,
                    554.234526738736,
                    516.6511344909668,
                    582.099486888775,
                    302.87307500839233,
                    583.0845829423756
                ],
                [
                    222.79203236103058,
                    504.89506479639147,
                    596.5214276313782,
                    503.94659593659054,
                    596.5921664237976,
                    531.8364494189426,
                    222.8627848625183,
                    532.7849182787435
                ],
                [
                    317.83336997032166,
                    387.9300418227725,
                    318.3252513408661,
                    351.0442095902209,
                    479.14093017578125,
                    353.1882163745852,
                    478.6490488052368,
                    390.07404860713683
                ],
                [
                    302.69115567207336,
                    201.21520394753625,
                    476.95416927337646,
                    200.15271375613887,
                    477.1793270111084,
                    237.08239718366252,
                    302.9163408279419,
                    238.1449147906241
                ]
            ],