{
    "predictions": [
        {
            "rec_texts": [
                "TOTAL INCLUDES 6% GST",
                "0.48",
                "CHANGE",
                "1.50",
                "CASH TENDERED",
                "10.00",
                "TOTAL ROUNDED",
                "8.50",
                "TAKEOUT TOTAL (INCL GST)",
                "8.50",
                "1 NY FIRUSHIONS",
                "4.0",
                "2 CHOCOLE",
                "4.00",
                "QTY ITEM",
                "TOTAL",
                "INV# 00215190167877",
                "TAX INVOICE",
                "TEL NO. 03-6259-649",
                "SELANGOR",
                "LICENSEE OF MCDONALD'S",
                "NOREMER MARKENT SR",
                "(65351-M)"
            ],
            "rec_scores": [
                0.9832922049931118,
                0.9998761564493179,
                0.9998972316582998,
                0.9972666800022125,
                0.9908446990526639,
                0.9999836683273315,
                0.9971807828316321,
                0.9988839626312256,
                0.9854447245597839,
                0.9987668693065643,
                0.6534824768702189,
                0.992416242758433,
                0.8600069582462311,
                0.9981376975774765,
                0.9972949624061584,
                0.9612207174301147,
                0.8590624755934665,
                0.9998878999189897,
                0.9555751148023104,
                0.9634270519018173,
                0.9812013561075384,
                0.6579366591241624,
                0.9930161237716675
            ],
            "det_polygons": [
                [
                    62.58456528186798,
                    1351.4271287928161,
                    62.6826776266098,
                    1329.9455074000132,
                    467.88057374954224,
                    1331.7954550141897,
                    467.7824068069458,
                    1353.2770764069926
                ],
                [
                    750.2670657634735,
                    1322.1246092976587,
                    835.0760972499847,
                    1320.8201254630164,
                    835.6956737041473,
                    1361.0861830585484,
                    750.8866422176361,
                    1362.3906668931907
                ],
                [
                    51.67845955491066,
                    1225.495853605341,
                    175.9978768825531,
                    1223.9022608659336,
                    176.55253648757935,
                    1267.158979760304,
                    52.23311233520508,
                    1268.7525724997113
                ],
                [
                    752.30078125,
                    1263.791974656811,
                    752.30078125,
                    1223.5438225976768,
                    835.4921875,
                    1223.5438225976768,
                    835.4921875,
                    1263.791974656811
                ],
                [
                    58.920530557632446,
                    1203.7437931048707,
                    59.33817684650421,
                    1182.1134684158858,
                    310.5387564897537,
                    1186.9621566562996,
                    310.12111020088196,
                    1208.5924813452846
                ],
                [
                    734.41015625,
                    1213.7053854276662,
                    734.41015625,
                    1175.246040126716,
                    836.38671875,
                    1175.246040126716,
                    836.38671875,
                    1213.7053854276662
                ],
                [
                    58.980936259031296,
                    1132.3811686111983,
                    312.10893619060516,
                    1130.306746711449,
                    312.3365000486374,
                    1158.0679707350928,
                    59.20850694179535,
                    1160.142392634842
                ],
                [
                    750.1235826015472,
                    1124.6770932158297,
                    835.0283787250519,
                    1122.143023095136,
                    836.229749917984,
                    1162.382004025871,
                    751.3249537944794,
                    1164.9160741465648
                ],
                [
                    57.22644102573395,
                    1082.2553837261582,
                    525.9390587806702,
                    1081.306608657273,
                    526.000645160675,
                    1111.7252763145955,
                    57.28805470466614,
                    1112.6740513834807
                ],
                [
                    749.6171875,
                    1116.2154171066527,
                    749.6171875,
                    1073.284054910243,
                    837.28125,
                    1073.284054910243,
                    837.28125,
                    1116.2154171066527
                ],
                [
                    100.01606273651123,
                    985.770636585723,
                    390.76323342323303,
                    982.8142578382805,
                    391.0630302429199,
                    1012.2900461521169,
                    100.31585955619812,
                    1015.2464248995594
                ],
                [
                    750.1798183917999,
                    1015.813397158791,
                    750.7964465618134,
                    976.357455905161,
                    836.622526884079,
                    977.6984058931989,
                    836.0058987140656,
                    1017.1543471468289
                ],
                [
                    93.80980175733566,
                    932.9634976251073,
                    274.5092227458954,
                    931.8413445574429,
                    274.74459409713745,
                    969.7325166180619,
                    94.04518675804138,
                    970.8546696857263
                ],
                [
                    751.1457090377808,
                    965.5522289497674,
                    753.0435304641724,
                    925.0715232776614,
                    837.6145153045654,
                    929.0351976275822,
                    835.7166938781738,
                    969.5159032996881
                ],
                [
                    55.97549156844616,
                    885.4279560222042,
                    216.07904917001724,
                    881.1874009387168,
                    216.99062860012054,
                    915.594854368957,
                    56.887074410915375,
                    919.8353548623944
                ],
                [
                    730.5218608379364,
                    917.398455030689,
                    731.0316956043243,
                    878.1442240117848,
                    834.9076082706451,
                    879.4929803769717,
                    834.3977735042572,
                    918.747265985926
                ],
                [
                    60.828125,
                    813.9070749736009,
                    60.828125,
                    788.8637803590285,
                    449.94921875,
                    788.8637803590285,
                    449.94921875,
                    813.9070749736009
                ],
                [
                    338.07447469234467,
                    686.9438840711003,
                    551.8335108757019,
                    685.9451045164211,
                    551.9799423217773,
                    717.269421103134,
                    338.2208788394928,
                    718.2682006578133
                ],
                [
                    239.63795518875122,
                    644.0695684769338,
