{
    "predictions": [
        {
            "rec_texts": [
                "T1 R000111721",
                "*",
                "RM 0.35",
                "RM 93.80",
                "CHANGE",
                "RM 100.00",
                "CASH",
                "RM 6.20",
                "QTY(S) : 4",
                "ITEM(S) : 3",
                "99999",
                "0.20",
                "1 X ",
                "0.20",
                "PLASTIC BAGS",
                "*S",
                "9555221303658",
                "4.20",
                "2 X 2.10",
                "WA50 - 20/300",
                "*S",
                "9064234",
                "1 X 1.80",
                "1.80",
                "AMB-27 - 12/96",
                "*S",
                "-TAX INVOICE-",
                "(IOI PUCHONG)",
                "1",
                "(CO.REG :860671-D)",
                "#1803044"
            ],
            "rec_scores": [
                0.9628667235374451,
                0.7372149229049683,
                0.999216616153717,
                0.9846009463071823,
                0.9999377230803171,
                0.9997560514344109,
                0.9999532401561737,
                0.9997871347836086,
                0.9991586387157441,
                0.9954704425551675,
                0.9991602897644043,
                0.9996044486761093,
                0.9545021951198578,
                0.9995671361684799,
                0.9964787513017654,
                0.9950982928276062,
                0.9601472937143766,
                0.9999263882637024,
                0.9840500876307487,
                0.9653881742404058,
                0.9612678587436676,
                0.9990528992244175,
                0.9992765486240387,
                0.9997408390045166,
                0.8696186904396329,
                0.9922246932983398,
                0.99694640819843,
                0.9878180302106417,
                0.9855576157569885,
                0.9918359882301755,
                0.8336222767829895
            ],
            "det_polygons": [
                [
                    458.3549108505249,
                    1153.132523148148,
                    458.41745138168335,
                    1135.8838493441358,
                    660.335506439209,
                    1136.6153790509259,
                    660.2729659080505,
                    1153.864052854938
                ],
                [
                    651.3046875,
                    1120.0,
                    651.3046875,
                    1099.9506172839506,
                    666.515625,
                    1099.9506172839506,
                    666.515625,
                    1120.0
                ],
                [
                    503.2398111820221,
                    1064.7668909143517,
                    614.5405189990997,
                    1063.9661578896605,
                    614.7144677639008,
                    1088.1474850501543,
                    503.4137599468231,
                    1088.9482180748457
                ],
                [
                    537.8385243415833,
                    1017.6102309992283,
                    538.0842976570129,
                    997.580765335648,
                    663.8758406639099,
                    999.1241681134259,
                    663.6300673484802,
                    1019.1536337770061
                ],
                [
                    2.765625,
                    1023.2098765432098,
                    2.765625,
                    997.6296296296296,
                    103.01953125,
                    997.6296296296296,
                    103.01953125,
                    1023.2098765432098
                ],
                [
                    521.2709383964539,
                    986.5142264660493,
                    521.3969478607178,
                    963.7076822916666,
                    664.5136528015137,
                    964.4982880015432,
                    664.3876433372498,
                    987.3048321759259
                ],
                [
                    1.7493789531290531,
                    961.8720220871913,
                    72.36971774697304,
                    960.6751422646604,
                    72.87625595927238,
                    990.5589916087962,
                    2.255916506052017,
                    991.7558714313271
                ],
                [
                    553.125,
                    954.074074074074,
                    553.125,
                    929.1851851851851,
                    665.1328125,
                    929.1851851851851,
                    665.1328125,
                    954.074074074074
                ],
                [
                    507.3626754283905,
                    881.4003785686727,
                    507.6785852909088,
                    864.735206886574,
                    662.4979655742645,
                    867.6699339313271,
                    662.1820557117462,
                    884.3351056134259
                ],
                [
                    9.577990561723709,
                    881.4111810378085,
                    9.849927932024002,
                    864.9602020640432,
                    186.19033527374268,
                    867.8746744791666,
                    185.91839790344238,
                    884.3256534529321
                ],
                [
                    7.444915875792503,
                    797.8357687114197,
                    86.96250307559967,
                    797.0326726466049,
                    87.1865222454071,
                    819.2098042052469,
                    7.668937683105469,
                    820.0129002700617
                ],
                [
                    451.48828125,
                    821.3333333333333,
                    451.48828125,
                    793.679012345679,
                    518.5546875,
                    793.679012345679,
                    518.5546875,
                    821.3333333333333
                ],
                [
                    376.81640625,
                    820.6419753086419,
                    376.81640625,
                    795.0617283950617,
                    455.63671875,
                    795.0617283950617,
                    455.63671875,
                    820.6419753086419
                ],
                [
                    567.3784174919128,
                    820.4935257523148,
                    567.7917251586914,
                    792.804096739969,
                    634.9876856803894,
                    793.806869695216,
                    634.5743780136108,
                    821.4962987075617
                ],
                [
                    9.624711334705353,
                    781.1782769097222,
                    9.823452651500702,
                    763.8885874807098,
                    200.57073283195496,
                    766.080982349537,
                    200.37197041511536,
                    783.3706717785493
                ],
                [
                    634.01953125,
                    786.7654320987654,
                    634.01953125,
                    759.8024691358024,
                    667.8984375,
                    759.8024691358024,
                    667.8984375,
                    786.7654320987654
                ],
                [
                    9.629279494285583,
                    747.9980709876543,
                    9.818103790283203,
                    730.061077353395,
                    216.55477595329285,
                    732.2370997299382,
                    216.36595165729523,
                    750.1740933641975
                ],
                [
                    569.02734375,
                    754.2716049382716,
                    569.02734375,
