{
    "predictions": [
        {
            "rec_texts": [
                "0.00",
                "4.60",
                "(@ 0%)",
                "ZRL",
                "TAX(RM)",
                "AMOUNT(RM)",
                "GST SUMMARY",
                "4.60",
                "CASH :",
                "4.60",
                "[OGF AL",
                "4.60",
                "4.60",
                "TOTAL QTY: 4",
                "0 ZRL",
                "0.40",
                "0.20",
                "2 X",
                "TAKE AWAY'",
                "1 XR3",
                "2.10 Z",
                "2.10",
                "1 X",
                "CHAM (B)",
                "2.10 ZRL",
                "2.10",
                "1 X",
                "TEH (B)",
                "KLT TAX",
                "DESCRIPTION",
                "TOTAL",
                "U.PRICE",
                "QTY:",
                "DATE :",
                "CASHIER: NICOLE",
                "INV NO.: 12038568",
                "002043319-W"
            ],
            "rec_scores": [
                0.999817430973053,
                0.9995226860046387,
                0.9976734519004822,
                0.9097904960314432,
                0.9947543314525059,
                0.9997560083866119,
                0.9998855536634271,
                0.9995504319667816,
                0.999806155761083,
                0.999613493680954,
                0.5952281355857849,
                0.9992864578962326,
                0.9997190237045288,
                0.9958985994259516,
                0.9697922229766845,
                0.9998476803302765,
                0.9997802078723907,
                0.9966883063316345,
                0.9311802983283997,
                0.8426992297172546,
                0.9294074575106303,
                0.9998625069856644,
                0.9438581267992655,
                0.9912943691015244,
                0.998641237616539,
                0.9998475611209869,
                0.9150067567825317,
                0.9876279405185154,
                0.8193517242159162,
                0.9964825673536821,
                0.9999874591827392,
                0.9667179414204189,
                0.9469500184059143,
                0.983112653096517,
                0.994576346874237,
                0.9556545054211336,
                0.995822781866247
            ],
            "det_polygons": [
                [
                    668.0546875,
                    1582.6445373758495,
                    668.0546875,
                    1545.3308938839518,
                    746.328125,
                    1545.3308938839518,
                    746.328125,
                    1582.6445373758495
                ],
                [
                    491.07796001434326,
                    1545.519866193581,
                    567.5249743461609,
                    1544.2458306575284,
                    568.1462626457214,
                    1581.5188134408284,
                    491.6992483139038,
                    1582.792848976881
                ],
                [
                    211.79106509685516,
                    1542.8671437895118,
                    316.1614998579025,
                    1540.3823967717794,
                    317.13765132427216,
                    1581.378167383221,
                    212.7672165632248,
                    1583.8629144009533
                ],
                [
                    31.44900168478489,
                    1539.0842536571322,
                    93.32371464371681,
                    1537.5375914027786,
                    94.39703267812729,
                    1580.4668564744102,
                    32.52231624722481,
                    1582.0135187287638
                ],
                [
                    618.90625,
                    1538.9602718243596,
                    618.90625,
                    1502.5567171981181,
                    741.77734375,
                    1502.5567171981181,
                    741.77734375,
                    1538.9602718243596
                ],
                [
                    390.45703125,
                    1534.4098274960795,
                    390.45703125,
                    1505.2869837950861,
                    558.8359375,
                    1505.2869837950861,
                    558.8359375,
                    1534.4098274960795
                ],
                [
                    37.22544062137604,
                    1534.308175724586,
                    37.393789529800415,
                    1502.4943929972353,
                    230.30777847766876,
                    1503.5151323157957,
                    230.13942956924438,
                    1535.3289150431465
                ],
                [
                    668.96484375,
                    1413.3680083638264,
                    668.96484375,
                    1375.1442760062728,
                    745.41796875,
                    1375.1442760062728,
                    745.41796875,
                    1413.3680083638264
                ],
                [
                    33.497731655836105,
                    1407.746498757984,
                    33.91042396426201,
                    1372.2579211700167,
                    140.4054616689682,
                    1373.4961841700904,
                    139.9927693605423,
                    1408.9847617580576
                ],
                [
                    603.43359375,
                    1325.0893883951908,
                    603.43359375,
                    1292.3261892315734,
                    739.95703125,
                    1292.3261892315734,
                    739.95703125,
                    1325.0893883951908
                ],
                [
                    42.69784951210022,
                    1316.8465962228013,
                    42.80095314979553,
                    1296.8486376621308,
                    230.33508205413818,
                    1297.8151627025613,
                    230.23197841644287,
                    1317.8131212632318
                ],
                [
                    668.0546875,
                    1285.045478306325,
                    668.0546875,
                    1246.8217459487716,
                    745.41796875,
                    1246.8217459487716,
                    745.41796875,
                    1285.045478306325
                ],
                [
                    667.7942063808441,
                    1205.1940679315865,
                    745.9259874820709,
                    1203.7736094066502,
                    746.6051604747772,
                    1241.124580762178,
                    668.4733793735504,
                    1242.5450392871144
                ],
                [
                    39.96626625955105,
                    1165.6823020891188,
                    243.84082531929016,
                    1164.6877811509655,
                    243.96614956855774,
                    1190.3737951219862,
                    40.091593980789185,
                    1191.3683160601395
                ],
                [
                    676.7405579090118,
                    1115.4417750133748,
                    677.6290490627289,
                    1077.2387062946166,
                    744.0133483409882,
                    1078.782480083332,
                    743.1248571872711,
                    1116.98554880209
                ],
                [
                    600.703125,
                    1114.858860428646,
                    600.703125,
                    1078.4553058024046,
                    683.52734375,
                    1078.4553058024046,
                    683.52734375,
                    1114.858860428646
                ],
                [
                    438.6953125,
