{
    "predictions": [
        {
            "rec_texts": [
                "LEVEN ORIGINAL REFUND. EX",
                "THANK YOU & COME AGAIN!",
                "GST REG #000 PAYMENTS",
                "0.00",
                "8.76",
                "SR = GST @0%:",
                "TAX(RM)",
                "AMOUNT(RM)",
                "GST SUMMARY",
                "RM0.00",
                "CHANGE",
                "RM8.75",
                "CASH",
                "AMOUNT",
                "PAYMENT MODE",
                "NETT TOTAL: RM8.75",
                "ROUNDING: RM0.01",
                "GST @0%: RM0.00",
                "TOTAL AMOUNT: RM8.76",
                "RM254",
                "1",
                "RM25.44",
                "RM62.22",
                "1",
                "RM6.22",
                "SR I00100000661- 5 VEGE",
                "TOTAL :",
                "QNY",
                "ITEM",
                "TAX INVOICE",
                "(867388-U)",
                "OL DU 2018 18:41"
            ],
            "rec_scores": [
                0.7600930911302567,
                0.9974705732387045,
                0.8184471953482855,
                0.9998266696929932,
                0.9927562028169632,
                0.9728511984531696,
                0.999844661780766,
                0.9990266561508179,
                0.9980858564376831,
                0.9996326565742493,
                0.9650383790334066,
                0.9968535800774893,
                0.9999242871999741,
                0.9995268682638804,
                0.9818133761485418,
                0.9639354149500529,
                0.981304969638586,
                0.9876219828923544,
                0.8879256412386894,
                0.9885994076728821,
                0.568540096282959,
                0.9494907515389579,
                0.9365166170256478,
                0.5684571862220764,
                0.9897393782933553,
                0.8859361785909404,
                0.9976385661533901,
                0.6553451418876648,
                0.8939903080463409,
                0.9996314265511252,
                0.9944049000740052,
                0.7330982182174921
            ],
            "det_polygons": [
                [
                    1627.0119967460632,
                    3773.6337887252894,
                    1628.3240116238594,
                    3720.487453397466,
                    2462.3044797182083,
                    3741.081769237202,
                    2460.992464840412,
                    3794.228104565025
                ],
                [
                    1719.2908200323582,
                    3696.6622449337447,
                    1720.0279967486858,
                    3648.368311086412,
                    2379.2748142778873,
                    3658.4345008470737,
                    2378.5376375615597,
                    3706.728434694406
                ],
                [
                    1713.6700323820114,
                    3517.8077183507426,
                    1716.281642794609,
                    3471.1675283526847,
                    2379.8276228904724,
                    3508.3306304763037,
                    2377.2160124778748,
                    3554.970820474361
                ],
                [
                    2688.8232421875,
                    3425.6298342541436,
                    2688.8232421875,
                    3367.486187845304,
                    2800.251953125,
                    3367.486187845304,
                    2800.251953125,
                    3425.6298342541436
                ],
                [
                    2214.0400390625,
                    3357.795580110497,
                    2325.46875,
                    3357.795580110497,
                    2325.46875,
                    3415.939226519337,
                    2214.0400390625,
                    3415.939226519337
                ],
                [
                    1337.14453125,
                    3401.403314917127,
                    1337.14453125,
                    3348.1049723756905,
                    1676.275390625,
                    3348.1049723756905,
                    1676.275390625,
                    3401.403314917127
                ],
                [
                    2609.659392952919,
                    3331.071292434608,
                    2612.2964334487915,
                    3273.0477139804902,
                    2797.1151819229126,
                    3281.449513472246,
                    2794.47814142704,
                    3339.473091926364
                ],
                [
                    2043.7726207971573,
                    3323.66197583952,
                    2044.989716410637,
                    3265.2409310525295,
                    2316.3783823251724,
                    3270.8953628118525,
                    2315.161286711693,
                    3329.3164075988434
                ],
                [
                    1341.0430221557617,
                    3298.974111651847,
                    1342.6507356762886,
                    3250.7363672414535,
                    1667.532468855381,
                    3261.567324812241,
                    1665.9247553348541,
                    3309.8050692226348
                ],
                [
                    2590.7051099538803,
                    3129.2453410954763,
                    2592.6088178157806,
                    3070.2251394703903,
                    2796.6562576293945,
                    3076.808175608598,
                    2794.752549767494,
                    3135.8283772336845
                ],
                [
                    1339.667284220457,
                    3111.40342046411,
                    1343.7769039571285,
                    3041.5309684289755,
                    1557.3458400666714,
                    3054.095517996266,
                    1553.23622033,
                    3123.967970031401
                ],
                [
                    2591.9287109375,
                    3052.5414364640883,
                    2591.9287109375,
                    2994.3977900552486,
                    2800.251953125,
                    2994.3977900552486,
                    2800.251953125,
                    3052.5414364640883
                ],
                [
                    1346.833984375,
                    3028.3149171270716,
                    1346.833984375,
                    2960.480662983425,
                    1521.244140625,
                    2960.480662983425,
                    1521.244140625,
                    3028.3149171270716
                ],
                [
                    2595.8473093509674,
                    2950.2260907420796,
                    2597.3677917718887,
                    2895.4892986150076,
                    2810.9095236063004,
                    2901.421720220239,
                    2809.389041185379,
                    2956.158512347311
                ],
                [
                    1350.9282277822495,
                    2941.08909682806,
                    1351.886291384697,
                    2873.0637985988214,
                    1735.0212485790253,
                    2878.4609418837404,
                    1734.0631849765778,
                    2946.486240112979
                ],
                [
                    2325.037029981613,
                    2829.3259408855965,
                    2325.580524086952,
                    2780.933231922803,
                    2800.576038837433,
                    2786.2706369642397,
                    2800.032544732094,
                    2834.663345927033
                ],
                [
                    2310.5009282529354,
                    2751.125327094484,
                    2311.1035620868206,
                    2698.6692346393734,
