{
    "predictions": [
        {
            "rec_texts": [
                "THANK YOU & COME AGAIN!",
                "(MERCHIED CO-(CS) GST)",
                "GST REG #00065619584",
                "SR=GST @6%",
                "7.74",
                "0.64",
                "GST SUMMARY",
                "AMOUNT($)",
                "TAX(S)",
                "CHANGE",
                "$0.00",
                "CASH",
                "38.36",
                "TAMAN MALES",
                "AMOUNT",
                "NETT TOTAL: $8.20",
                "GST @6%: $0.46",
                "TOTAL AMOUNT: $8.20",
                "$1.10",
                "1",
                "91.10",
                "SR I00100000015- VEGETABL",
                "$7.16",
                "1",
                "$7.10",
                "3R FRI DENGKIL SELANGOR F",
                "ITEM",
                "OR",
                "TAX",
                "INVOICE # : OR18051302170",
                "TAX INVOICE",
                "(867388-U)",
                "TEL/FAX 20 CASH 18.39"
            ],
            "rec_scores": [
                0.9769091165584066,
                0.6124042976986278,
                0.9451850652694702,
                0.9466345906257629,
                0.9148861914873123,
                0.7109083607792854,
                0.9993309595368125,
                0.9916401306788126,
                0.7996606032053629,
                0.9978679915269216,
                0.8941489398479462,
                0.9989665001630783,
                0.7529984235763549,
                0.8058211478320035,
                0.999642570813497,
                0.9630329503732569,
                0.9978400766849518,
                0.9838444716052005,
                0.7937269270420074,
                0.9997346997261047,
                0.960131847858429,
                0.989014208316803,
                0.9371829748153686,
                0.9599803686141968,
                0.8905113935470581,
                0.8110281646251678,
                0.8788947612047195,
                0.4020742326974869,
                0.9449550906817118,
                0.9270946502685546,
                0.9986590526320718,
                0.9914046704769135,
                0.7288656532764435
            ],
            "det_polygons": [
                [
                    465.04801869392395,
                    891.1499219019768,
                    611.7177844047546,
                    887.8909875016185,
                    611.9025993347168,
                    896.2061877171637,
                    465.23280143737793,
                    899.4651221175219
                ],
                [
                    471.3845443725586,
                    870.0370062727953,
                    605.3642320632935,
                    868.9299263295547,
                    605.4513931274414,
                    879.4747340586962,
                    471.47170543670654,
                    880.5818140019369
                ],
                [
                    464.00907039642334,
                    833.3707760131161,
                    612.7353930473328,
                    832.252625270443,
                    612.8207516670227,
                    843.6063737395059,
                    464.0944290161133,
                    844.724524482179
                ],
                [
                    380.64414739608765,
                    808.8970360097305,
                    455.55811643600464,
                    807.7266207953184,
                    455.7228469848633,
                    818.2696263012964,
                    380.8088779449463,
                    819.4400415157086
                ],
                [
                    572.6953125,
                    816.2279005524862,
                    572.6953125,
                    803.5732044198894,
                    595.8984375,
                    803.5732044198894,
                    595.8984375,
                    816.2279005524862
                ],
                [
                    673.9453125,
                    814.1187845303867,
                    673.9453125,
                    802.5186464088397,
                    698.203125,
                    802.5186464088397,
                    698.203125,
                    814.1187845303867
                ],
                [
                    381.74717903137207,
                    790.9528148925107,
                    452.46042251586914,
                    789.8305447826069,
                    452.5938034057617,
                    798.2313505984142,
                    381.88055992126465,
                    799.353620708318
                ],
                [
                    544.21875,
                    785.6457182320441,
                    593.7890625,
                    785.6457182320441,
                    593.7890625,
                    797.2458563535911,
                    544.21875,
                    797.2458563535911
                ],
                [
                    664.453125,
                    796.1912983425414,
                    664.453125,
                    781.4274861878453,
                    699.2578125,
                    781.4274861878453,
                    699.2578125,
                    796.1912983425414
                ],
                [
                    377.31471061706543,
                    758.218906845177,
                    377.8168201446533,
                    742.1526022642356,
                    427.40464210510254,
                    743.7019992638687,
                    426.90253257751465,
                    759.7683038448101
                ],
                [
                    661.2890625,
                    751.899861878453,
                    661.2890625,
                    737.1360497237569,
                    697.1484375,
                    737.1360497237569,
                    697.1484375,
                    751.899861878453
                ],
                [
                    379.6875,
                    738.1906077348066,
                    379.6875,
                    725.5359116022099,
                    417.65625,
                    725.5359116022099,
                    417.65625,
                    738.1906077348066
                ],
                [
                    661.9860935211182,
                    720.492003888715,
                    695.809736251831,
                    718.8010036405278,
                    696.4541101455688,
                    731.6871567193974,
                    662.630467414856,
                    733.3781569675846
                ],
                [
                    378.6328125,
                    718.1540055248619,
                    378.6328125,
                    703.3901933701657,
                    464.0625,
                    703.3901933701657,
                    464.0625,
                    718.1540055248619
                ],
                [
                    650.7421875,
                    712.8812154696133,
                    650.7421875,
                    700.2265193370165,
                    696.09375,
                    700.2265193370165,
                    696.09375,
                    712.8812154696133
                ],
                [
                    603.1906771659851,
                    677.0664069244216,
                    694.9865984916687,
                    675.9333234755373,
                    695.1167607307434,
                    686.4773588233231,
                    603.3208394050598,
                    687.6104422722074
                ],
                [
                    596.880898475647,
                    659.1359599413793,
                    694.9902677536011,
                    658.0084118922111,
                    695.1114177703857,
                    668.5525759702228,
                    597.0020484924316,
