{
    "predictions": [
        {
            "rec_texts": [
                "INCLUSIVE 6% GST",
                "THANK YOU",
                "RM0.00",
                "CHANGE",
                "RM3.00",
                "PAID",
                "RM3.00",
                "TOTAL",
                "RM0.17",
                "6.00 %",
                "GST(INCLUDED)",
                "RM2.83",
                "PARKING FEE",
                "TOSTRCCOP: 2",
                "TYP",
                "3:24",
                "PARKING TIME",
                "PAID IT ENDI",
                "ENTRY ITEM :",
                "T/D #1",
                "P/S #022",
                "TAX",
                "D T",
                ":"
            ],
            "rec_scores": [
                0.9594583585858345,
                0.9563432600763109,
                0.9972586135069529,
                0.989284873008728,
                0.9995264708995819,
                0.9983953684568405,
                0.9996990958849589,
                0.9964187622070313,
                0.9345160524050394,
                0.9966083963712057,
                0.9629613711283758,
                0.983536422252655,
                0.9759640531106428,
                0.674343624462684,
                0.9676765203475952,
                0.9894646555185318,
                0.8999625196059545,
                0.7851622601350149,
                0.7953039345641931,
                0.8528766731421152,
                0.8857539594173431,
                0.9916350841522217,
                0.7250841756661733,
                0.9384835362434387
            ],
            "det_polygons": [
                [
                    168.68108439445496,
                    1029.8940658569338,
                    168.83285665512085,
                    1010.4142540379576,
                    384.446665763855,
                    1012.0947285702355,
                    384.2948935031891,
                    1031.5745403892117
                ],
                [
                    208.37643778324127,
                    997.7185801455851,
                    208.6979659795761,
                    979.8698244596784,
                    332.4665333032608,
                    982.1003743221886,
                    332.14500510692596,
                    999.9491300080953
                ],
                [
                    361.8705575466156,
                    948.4272746035929,
                    483.10006642341614,
                    946.7353479485764,
                    483.3495976924896,
                    964.6199537578383,
                    362.1200888156891,
                    966.3118804128547
                ],
                [
                    15.194323975592852,
                    947.0998242026882,
                    174.18547350168228,
                    944.9724679244193,
                    174.40765589475632,
                    961.5836474769995,
                    15.41650539636612,
                    963.7110037552684
                ],
                [
                    362.3918352127075,
                    916.7815740484941,
                    482.6673381328583,
                    915.6677306325813,
                    482.81375885009766,
                    931.4864730834962,
                    362.5382559299469,
                    932.600316499409
                ],
                [
                    11.10448955744505,
                    911.7972243459602,
                    122.25358271598816,
                    910.5755816007917,
                    122.47743746638298,
                    930.9510241056745,
                    11.328346252441406,
                    932.172666850843
                ],
                [
                    361.93359375,
                    900.4276315789475,
                    361.93359375,
                    881.0526315789475,
                    483.2578125,
                    881.0526315789475,
                    483.2578125,
                    900.4276315789475
                ],
                [
                    16.204823523759842,
                    897.2730074430768,
                    16.34116342663765,
                    882.5447062442179,
                    135.69161939620972,
                    883.6500850476717,
                    135.5552794933319,
                    898.3783862465307
                ],
                [
                    401.5150090456009,
                    815.3988567151522,
                    490.28348672389984,
                    814.1305341218648,
                    490.602588057518,
                    836.4727542274877,
                    401.83411037921906,
                    837.7410768207752
                ],
                [
                    231.82750779390335,
                    838.1193080701327,
                    232.21574360132217,
                    811.1312605205336,
                    318.7773163318634,
                    812.377052307129,
                    318.3890805244446,
                    839.3650998567281
                ],
                [
                    12.682504534721375,
                    831.0140127884715,
                    12.948121547698975,
                    813.7453320151882,
                    187.80337804555893,
                    816.4359584607577,
                    187.53776103258133,
                    833.704639234041
                ],
                [
                    401.185546875,
                    804.5723061812553,
                    401.185546875,
                    781.1183588128342,
                    489.884765625,
                    781.1183588128342,
                    489.884765625,
                    804.5723061812553
                ],
                [
                    8.985428094863892,
                    802.8076834427684,
                    9.38265573978424,
                    780.9554150230007,
                    164.7727308869362,
                    783.7812263087224,
                    164.37550324201584,
                    805.6334947284901
                ],
                [
                    174.94876849651337,
                    715.9086649041427,
                    496.2256600856781,
                    697.2801690352592,
                    499.989195227623,
                    762.2143273604545,
                    178.71230363845825,
                    780.8428232293381
                ],
                [
                    8.470248699188232,
                    739.2454769736843,
                    8.79001897573471,
                    712.6993319862768,
                    67.96951746940613,
                    713.4124755859376,
                    67.64974719285965,
                    739.9586205733451
                ],
                [
                    431.771484375,
                    705.6578324970448,
                    431.771484375,
                    683.2236219707289,
                    488.865234375,
                    683.2236219707289,
                    488.865234375,
                    705.6578324970448
                ],
                [
                    9.589009076356888,
                    703.2968280189916,
                    9.791403204202652,
                    683.6610432675011,
                    177.01356196403503,
                    685.3853346172133,
                    176.81116783618927,
                    705.0211193687038
                ],
                [
                    10.487784460186958,
                    666.7399717632094,
                    10.860821262001991,
                    650.3977926153887,
                    134.35759162902832,
                    653.217877839741,
                    133.9845548272133,
                    669.5600569875618
                ],
                [
                    10.09753793478012,
                    633.6481295133892,
