{
    "predictions": [
        {
            "rec_texts": [
                "METLED AGAIN",
                "THANK YOU.",
                "3 DAY WITH RECEIPT .",
                "K X 6 %",
                "S @6.0%",
                "30.84",
                "1.86",
                "TAX(RM)",
                "AMOUNT(RM)",
                "GST CODE",
                "CLER ER",
                "CHANGE RM",
                "17.30",
                "CASHRR",
                "50.00",
                "TOTAL INCL. GST:RM",
                "32.70",
                "NO OF ITEMS: 3",
                "10.90 S",
                "10.90 S",
                "10.90 S",
                "COUNTERP",
                ": 401",
                "DATE",
                "INVOICE NO",
                ": 44P95",
                "TAMAN SETI SHARTM UNIT"
            ],
            "rec_scores": [
                0.8496495932340622,
                0.9984856486320496,
                0.9190660357475281,
                0.7389192836625236,
                0.975401052406856,
                0.9997851490974426,
                0.9916155189275742,
                0.9968197771481105,
                0.9994151711463928,
                0.9938488453626633,
                0.6051626418318067,
                0.9448078208499484,
                0.999900734424591,
                0.8814748972654343,
                0.9999403119087219,
                0.9759365618228912,
                0.9995890140533448,
                0.8988735633237022,
                0.9998465435845512,
                0.9998722842761448,
                0.9885890483856201,
                0.9627269580960274,
                0.9933934450149536,
                0.9982933402061462,
                0.9948170006275177,
                0.949233625616346,
                0.7586531327529387
            ],
            "det_polygons": [
                [
                    308.64973068237305,
                    1627.9054184524541,
                    308.8483729362488,
                    1610.423861126742,
                    555.0682783126831,
                    1613.2222315633478,
                    554.8696360588074,
                    1630.70378888906
                ],
                [
                    343.2843282222748,
                    1558.8829001834606,
                    525.4097142219543,
                    1556.8476446873456,
                    525.7171783447266,
                    1584.3648834002681,
                    343.5917658805847,
                    1586.400138896383
                ],
                [
                    247.11244583129883,
                    1483.9539696759757,
                    247.16421031951904,
                    1463.9725968709529,
                    593.174192905426,
                    1464.8691087072566,
                    593.1224284172058,
                    1484.8504815122794
                ],
                [
                    646.8778910636902,
                    1277.4747375277502,
                    647.0476870536804,
                    1267.6234826425289,
                    723.2926497459412,
                    1268.9381831601504,
                    723.1228537559509,
                    1278.7894380453718
                ],
                [
                    56.3671875,
                    1239.3596447952639,
                    56.3671875,
                    1208.137148495313,
                    186.4453125,
                    1208.137148495313,
                    186.4453125,
                    1239.3596447952639
                ],
                [
                    545.3508982658386,
                    1209.0764320347187,
                    639.0247206687927,
                    1207.9870240522475,
                    639.3976578712463,
                    1240.062413520982,
                    545.7238354682922,
                    1241.1518215034532
                ],
                [
                    733.1960220336914,
                    1240.9382805996006,
                    733.766489982605,
                    1204.4260680279122,
                    810.3854484558105,
                    1205.6234639736601,
                    809.814980506897,
                    1242.1356765453486
                ],
                [
                    682.1396169662476,
                    1190.4908565903272,
                    683.2320699691772,
                    1157.714815806919,
                    806.9578771591187,
                    1161.839532521892,
                    805.865424156189,
                    1194.6155733053001
                ],
                [
                    455.0978193283081,
                    1162.3217728873103,
                    636.2817850112915,
                    1160.3733312440258,
                    636.5986175537109,
                    1189.8392233413372,
                    455.41465187072754,
                    1191.7876649846214
                ],
                [
                    57.87891697883606,
                    1186.2436476464216,
                    58.626670360565186,
                    1157.8252387928974,
                    206.7902913093567,
                    1161.7246629727197,
                    206.04253792762756,
                    1190.143071826244
                ],
                [
                    734.3805184364319,
                    1131.654461763266,
                    734.6107592582703,
                    1117.839413402465,
                    799.7184176445007,
                    1118.9245865628468,
                    799.4881768226624,
                    1132.7396349236478
                ],
                [
                    454.40619707107544,
                    996.5179010362064,
                    454.40619707107544,
                    961.8262384807057,
                    620.0390095710754,
                    961.8262384807057,
                    620.0390095710754,
                    996.5179010362064
                ],
                [
                    716.1589951515198,
                    961.1001782334961,
                    808.1285061836243,
                    960.0429548989038,
                    808.4969973564148,
                    992.1086042768329,
                    716.5274863243103,
                    993.1658276114254
                ],
                [
                    488.8279938697815,
                    911.7292459993215,
                    622.4100136756897,
                    909.6579945154476,
                    622.8934664726257,
                    940.8461887564749,
                    489.31144666671753,
                    942.9174402403489
                ],
                [
                    714.5625,
                    943.61322150962,
                    714.5625,
                    909.7888505180068,
                    809.0859375,
                    909.7888505180068,
                    809.0859375,
                    943.61322150962
                ],
                [
                    284.40616607666016,
                    864.7189624035481,
                    618.2562046051025,
                    863.786242838381,
                    618.3240594863892,
                    888.0871341744842,
                    284.4740209579468,
                    889.0198008043752
                ],
                [
                    713.3592667579651,
                    858.9088923675882,
                    808.7184519767761,
                    856.6910101688725,
                    809.5242419242859,
                    891.3436594258756,
                    714.1650567054749,
                    893.5616474951436
                ],
                [
                    63.254828453063965,
                    835.1701736638388,
                    63.386489152908325,
                    816.932912336292,
                    316.5795421600342,
