{
    "predictions": [
        {
            "rec_texts": [
                "THANK YOU",
                "CHANGE",
                "RM 8.40",
                "CASH",
                "RM 30.00",
                "***",
                "21.60",
                "RM",
                "ITEM 50.50",
                "9.06 %",
                ":",
                "1X3.90",
                "3.90",
                "RM",
                "ADD NOT",
                "INV NO: CS-04649",
                "1.00",
                "RM",
                "INV NO",
                "1X 4.90",
                "RM 4.90",
                "MONT N T T",
                "2, S/S PO @ EAFL",
                "11.80",
                "RM",
                "00000040014292",
                "20/30/18 17:19",
                "81750 MASAI JOHOR"
            ],
            "rec_scores": [
                0.9986616969108582,
                0.9992797672748566,
                0.9946763600621905,
                0.999678373336792,
                0.9789810478687286,
                0.9431530634562174,
                0.9998826384544373,
                0.9975492060184479,
                0.9454325199127197,
                0.7052368223667145,
                0.9949642419815063,
                0.9316906829675039,
                0.9946117997169495,
                0.9946680665016174,
                0.7870486378669739,
                0.6242008451372385,
                0.9998151659965515,
                0.9911334812641144,
                0.9053696195284525,
                0.9763886332511902,
                0.9637405702045986,
                0.7491869449615478,
                0.6818748414516449,
                0.999591612815857,
                0.9606838822364807,
                0.9697679153510502,
                0.8785027457135064,
                0.9108578580267289
            ],
            "det_polygons": [
                [
                    427.1484375,
                    708.6376811594204,
                    427.1484375,
                    697.0379572118703,
                    552.65625,
                    697.0379572118703,
                    552.65625,
                    708.6376811594204
                ],
                [
                    379.6875,
                    673.8385093167702,
                    379.6875,
                    658.0207039337474,
                    427.1484375,
                    658.0207039337474,
                    427.1484375,
                    673.8385093167702
                ],
                [
                    531.5625,
                    672.7839889579021,
                    531.5625,
                    656.9661835748793,
                    593.7890625,
                    656.9661835748793,
                    593.7890625,
                    672.7839889579021
                ],
                [
                    378.6328125,
                    654.8571428571429,
                    378.6328125,
                    637.984817115252,
                    418.7109375,
                    637.984817115252,
                    418.7109375,
                    654.8571428571429
                ],
                [
                    524.0564131736755,
                    637.0396491788518,
                    593.61004114151,
                    635.86090858728,
                    593.8778328895569,
                    651.6563157107273,
                    524.3242049217224,
                    652.8350563022991
                ],
                [
                    379.5222222805023,
                    619.1754280969635,
                    441.78715109825134,
                    617.9303938060732,
                    442.08107829093933,
                    632.624553167055,
                    379.8161494731903,
                    633.8695874579452
                ],
                [
                    516.7142522335052,
                    619.0717396022042,
                    592.615864276886,
                    617.8671251590537,
                    592.8499889373779,
                    632.6099428080789,
                    516.948344707489,
                    633.8145572512294
                ],
                [
                    454.5703125,
                    633.7667356797792,
                    454.5703125,
                    617.9489302967564,
                    487.265625,
                    617.9489302967564,
                    487.265625,
                    633.7667356797792
                ],
                [
                    379.54121232032776,
                    600.0883135325009,
                    441.8061411380768,
                    598.8432792416106,
                    442.12201952934265,
                    614.6336660654978,
                    379.8570907115936,
                    615.8787003563881
                ],
                [
                    377.578125,
                    578.9316770186336,
                    377.578125,
                    559.9503105590063,
                    420.8203125,
                    559.9503105590063,
                    420.8203125,
                    578.9316770186336
                ],
                [
                    521.015625,
                    555.7322291235336,
                    521.015625,
                    545.1870255348517,
                    528.3984375,
                    545.1870255348517,
                    528.3984375,
                    555.7322291235336
                ],
                [
                    379.5666718482971,
                    543.1543191155539,
                    434.38074588775635,
                    541.8798066554521,
                    434.7250771522522,
                    556.6841551554952,
                    379.91100311279297,
                    557.958667615597
                ],
                [
                    556.875,
                    556.7867494824018,
                    556.875,
                    539.9144237405108,
                    594.84375,
                    539.9144237405108,
                    594.84375,
                    556.7867494824018
                ],
                [
                    525.234375,
                    557.8412698412699,
                    525.234375,
                    539.9144237405108,
                    551.6015625,
                    539.9144237405108,
                    551.6015625,
                    557.8412698412699
                ],
                [
                    379.6875,
                    538.8599033816425,
                    379.6875,
                    523.0420979986197,
                    427.1484375,
                    523.0420979986197,
                    427.1484375,
                    538.8599033816425
                ],
                [
                    380.2415907382965,
                    519.5438824660865,
                    381.1674678325653,
                    500.6595751312867,
                    502.4752628803253,
                    506.6050901551178,
                    501.5493857860565,
                    525.4893974899177
                ],
                [
                    560.0390625,
                    519.8785369220152,
                    560.0390625,
                    499.8426501035197,
                    595.8984375,
                    499.8426501035197,
                    595.8984375,
                    519.8785369220152
                ],
                [
                    531.5625,
                    519.8785369220152,
                    531.5625,
                    499.8426501035197,
                    551.6015625,
                    499.8426501035197,
                    551.6015625,
                    519.8785369220152
                ],
                [
                    378.3964991569519,
                    500.6206678096964,
                    378.88296604156494,
