{
    "predictions": [
        {
            "rec_texts": [
                ":",
                "S = 6%",
                ".22",
                "3.77",
                "GST SUMMARY",
                "AMOUNT(RM)",
                "TAX(RM)",
                "CHANGE RM",
                "6.00",
                "10.00",
                "CASH RM",
                "ROUNDING RM",
                "4.00",
                ".01",
                "3.92",
                "SB0 MALL CHICK 3 GLO BU 1",
                "RM2.50 S",
                "RM1.49 S",
                "31-03-18",
                "0%:06PM",
                "570842",
                "LI33 KUDIL ROLS 85 553",
                "TAMAN BERKELEY",
                "1"
            ],
            "rec_scores": [
                0.6169403195381165,
                0.9974292119344076,
                0.9914516011873881,
                0.9985017031431198,
                0.9999320290305398,
                0.9997734308242798,
                0.9996688961982727,
                0.9930718077553643,
                0.9998000860214233,
                0.9896783709526062,
                0.9988398211342948,
                0.9996425184336576,
                0.9473094493150711,
                0.9783868590990702,
                0.9628272652626038,
                0.6018064326047897,
                0.999733217060566,
                0.953697070479393,
                0.9985382854938507,
                0.8777581197874886,
                0.8133363525072733,
                0.637986418875781,
                0.990632027387619,
                0.9921150803565979
            ],
            "det_polygons": [
                [
                    623.9228515625,
                    1221.5977539561002,
                    623.9228515625,
                    1215.014293006636,
                    641.4775390625,
                    1215.014293006636,
                    641.4775390625,
                    1221.5977539561002
                ],
                [
                    78.99609375,
                    1187.9489535477285,
                    78.99609375,
                    1162.346605410924,
                    168.9638671875,
                    1162.346605410924,
                    168.9638671875,
                    1187.9489535477285
                ],
                [
                    616.6083984375,
                    1190.1434405308833,
                    616.6083984375,
                    1160.8836140888209,
                    664.15234375,
                    1160.8836140888209,
                    664.15234375,
                    1190.1434405308833
                ],
                [
                    404.4892578125,
                    1191.6064318529864,
                    404.4892578125,
                    1157.9576314446147,
                    471.05078125,
                    1157.9576314446147,
                    471.05078125,
                    1191.6064318529864
                ],
                [
                    75.97580140829086,
                    1149.8435836877673,
                    76.13009065389633,
                    1121.2963225991218,
                    240.73211693763733,
                    1122.1860470579497,
                    240.57782769203186,
                    1150.7333081465952
                ],
                [
                    315.9229673445225,
                    1122.2165855730962,
                    462.90255904197693,
                    1121.325789587421,
                    463.057830452919,
                    1146.9404602829688,
                    316.0782164335251,
                    1147.831256268644
                ],
                [
                    556.6298828125,
                    1148.4481878509444,
                    556.6298828125,
                    1120.6513527309853,
                    658.30078125,
                    1120.6513527309853,
                    658.30078125,
                    1148.4481878509444
                ],
                [
                    391.16556000709534,
                    1039.6602638637978,
                    527.0067940950394,
                    1037.1600345535628,
                    527.4907337427139,
                    1063.4579822020364,
                    391.6494996547699,
                    1065.9582115122712
                ],
                [
                    585.5924206972122,
                    1067.8546354440841,
                    586.1014502048492,
                    1037.8224167329672,
                    649.074409365654,
                    1038.8898360606297,
                    648.565379858017,
                    1068.9220547717466
                ],
                [
                    573.2994607686996,
                    997.8992015766574,
                    649.3762019872665,
                    996.9482214997289,
                    649.7416567802429,
                    1026.1851887023834,
                    573.664915561676,
                    1027.136168779312
                ],
                [
                    422.775390625,
                    1026.2884124553343,
                    422.775390625,
                    997.7600816743237,
                    528.8349609375,
                    997.7600816743237,
                    528.8349609375,
                    1026.2884124553343
                ],
                [
                    363.5283203125,
                    985.3246554364472,
                    363.5283203125,
                    961.1852986217458,
                    525.177734375,
                    961.1852986217458,
                    525.177734375,
                    985.3246554364472
                ],
                [
                    585.7050125598907,
                    988.0616028860189,
                    586.2623467445374,
                    955.1785869978106,
                    649.8673739433289,
                    956.2567215939455,
                    649.3100397586823,
                    989.1397374821537
                ],
                [
                    598.3564181923866,
                    946.1260603105858,
                    599.3710842728615,
                    911.6250388830399,
                    650.9363716244698,
                    913.1417851353131,
                    649.9217055439949,
                    947.6428065628589
                ],
                [
                    583.693359375,
                    904.8601327207759,
                    583.693359375,
                    871.2113323124044,
                    648.060546875,
                    871.2113323124044,
                    648.060546875,
                    904.8601327207759
                ],
                [
                    79.68690197169781,
                    797.3532190795089,
                    446.82210171222687,
                    795.0774746437716,
                    446.94460451602936,
                    814.8498237925321,
                    79.80941593647003,
                    817.1255682282693
                ],
                [
                    558.7229664325714,
                    817.7657162255935,
                    558.8925238847733,
                    793.3532986526528,
                    677.4520231485367,
                    794.1767670347595,
                    677.2824656963348,
                    818.5891846077001
                ],
                [
                    558.4180933833122,
                    779.5760529203158,
                    559.0211428999901,
                    751.6343830881708,
                    679.9058739542961,
                    754.2435509612087,
                    679.3028244376183,
                    782.1852207933537
                ],
                [
                    560.916186273098,
                    693.363101197847,
                    561.2484260201454,
