{
    "predictions": [
        {
            "rec_texts": [
                "THANK YOU",
                "0.59",
                "6 %",
                "9.91",
                "SR",
                "GST SUMMARY",
                "AMOUNT(RM)",
                "TAX(RM)",
                "TOTAL ITEM(S) : 15",
                "0.00",
                "CHANGE DUE :",
                "10.50",
                "PAYMENT :",
                "10.50",
                "TOTAL INCL OF GST",
                "10.50",
                "SUBTOTAL :",
                "10.50",
                "X",
                "SR",
                "0.70",
                "15.00 NOCS",
                "BEG GUNI",
                "CODE",
                "RM",
                "CASHIER #",
                "UST",
                "08/02/2018 12:42",
                "DISC",
                "INVOICE NO:",
                "CS 24358",
                "TAX INVOICE",
                "03-6258 7191",
                "MALAYSIA",
                "%",
                "3 X CUP"
            ],
            "rec_scores": [
                0.9996303121248881,
                0.8112407922744751,
                0.7274591326713562,
                0.9995658248662949,
                0.9909182488918304,
                0.9999312541701577,
                0.9999269366264343,
                0.9404907907758441,
                0.9533818165461222,
                0.9998511672019958,
                0.9983449329932531,
                0.9999424815177917,
                0.9985549979739718,
                0.9999588251113891,
                0.9789100990575903,
                0.9999149560928344,
                0.9833088517189026,
                0.9999160766601562,
                0.7699160575866699,
                0.9994921982288361,
                0.9997953623533249,
                0.893416702747345,
                0.8705686181783676,
                0.9993801563978195,
                0.9934000670909882,
                0.9956280324194167,
                0.919431209564209,
                0.9743390008807182,
                0.9348278194665909,
                0.9681488383900035,
                0.9934896901249886,
                0.99994450265711,
                0.9599694063266119,
                0.9761557132005692,
                0.47347480058670044,
                0.5225651604788644
            ],
            "det_polygons": [
                [
                    316.025390625,
                    1522.0798704803021,
                    316.025390625,
                    1498.2687533729088,
                    510.220703125,
                    1498.2687533729088,
                    510.220703125,
                    1522.0798704803021
                ],
                [
                    673.271484375,
                    1377.3815434430653,
                    673.271484375,
                    1344.4123043712898,
                    748.384765625,
                    1344.4123043712898,
                    748.384765625,
                    1377.3815434430653
                ],
                [
                    176.85996559262276,
                    1344.529911113313,
                    273.16319465637207,
                    1338.1111766076126,
                    275.72478449344635,
                    1376.5267704872588,
                    179.42156940698624,
                    1382.945504992959
                ],
                [
                    454.34375,
                    1375.549919050189,
                    454.34375,
                    1344.4123043712898,
                    523.044921875,
                    1344.4123043712898,
                    523.044921875,
                    1375.549919050189
                ],
                [
                    47.96079308539629,
                    1341.1681693458454,
                    106.70017972588539,
                    1339.3329675615767,
                    107.90574887394905,
                    1377.9026128580554,
                    49.16635873913765,
                    1379.737814642324
                ],
                [
                    53.12890625,
                    1321.5169994603345,
                    53.12890625,
                    1294.9584457636265,
                    268.392578125,
                    1294.9584457636265,
                    268.392578125,
                    1321.5169994603345
                ],
                [
                    334.131179690361,
                    1297.8821806724948,
                    521.7816544771194,
                    1292.8926140280332,
                    522.4034761190414,
                    1316.2681837334096,
                    334.753001332283,
                    1321.2577503778712
                ],
                [
                    607.1282682418823,
                    1318.558049604948,
                    607.6038315296173,
                    1289.3193589944938,
                    744.1285133361816,
                    1291.5386831795147,
                    743.6529500484467,
                    1320.777373789969
                ],
                [
                    54.01964394748211,
                    1236.353731767847,
                    297.65056669712067,
                    1235.3909663093843,
                    297.72671496868134,
                    1254.648064174333,
                    54.09579920768738,
                    1255.6108296327957
                ],
                [
                    570.4910537004471,
                    1202.3003195172314,
                    570.9962488412857,
                    1173.0030491227276,
                    642.4873994588852,
                    1174.2354604573875,
                    641.9822043180466,
                    1203.5327308518913
                ],
                [
                    145.36408722400665,
                    1203.1294917658863,
                    145.8501614332199,
                    1172.0280981748347,
                    349.29911029338837,
                    1175.206386839964,
                    348.8130360841751,
                    1206.3077804310155
                ],
                [
                    556.021484375,
                    1154.8391797085808,
                    556.021484375,
                    1125.533189422558,
                    642.126953125,
                    1125.533189422558,
                    642.126953125,
                    1154.8391797085808
                ],
                [
                    202.439453125,
                    1156.6708041014572,
                    202.439453125,
                    1127.3648138154344,
                    348.0859375,
                    1127.3648138154344,
                    348.0859375,
                    1156.6708041014572
                ],
                [
                    555.10546875,
                    1103.5536967080411,
                    555.10546875,
                    1073.33189422558,
                    641.2109375,
                    1073.33189422558,
                    641.2109375,
                    1103.5536967080411
                ],
                [
                    96.1404914855957,
                    1083.4584831159564,
                    346.2115830183029,
                    1080.606631415378,
                    346.39675414562225,
                    1096.83837409722,
                    96.32566261291504,
                    1099.6902257977983
                ],
                [
                    556.9375,
                    1015.635725849973,
                    556.9375,
                    986.3297355639504,
                    639.37890625,
                    986.3297355639504,
                    639.37890625,
                    1015.635725849973
                ],
                [
                    212.37410494685173,
                    1012.8234490416723,
