{
    "predictions": [
        {
            "rec_texts": [
                "PLEASE COME AGAIN.",
                "***THANK YOU ***",
                "150.94",
                "6.00",
                "SR",
                "9.06",
                "GST SUMMARY",
                "AMOUNT(RM)",
                "TAX(RM)",
                "%",
                "160.00",
                "CASH",
                "160.00",
                "TOTAL :",
                "ROUNDING ADJUSTMENT:",
                "0.00",
                "160.00",
                "TOTAL ITEM DISCOUNT:",
                "0.00",
                "16.00",
                ":",
                "80.00 SR",
                "%",
                "16.00",
                "30.00 SR",
                "1",
                "Z",
                "DESCRIPTION",
                "NET AMOUNT",
                "95",
                "CASHIER",
                ": 123",
                ": 20/03/2018 5:10:20 PM",
                "DATE",
                "NEO : 00201601440",
                "31/08032"
            ],
            "rec_scores": [
                0.9917912516329024,
                0.9428030177950859,
                0.9755227168401083,
                0.9998110979795456,
                0.9989089667797089,
                0.9986710995435715,
                0.9995361187241294,
                0.9998425006866455,
                0.9992898872920445,
                0.8945088982582092,
                0.9996588925520579,
                0.9997448474168777,
                0.9997630019982656,
                0.9992755992071969,
                0.990191838145256,
                0.9996051341295242,
                0.9988338947296143,
                0.9680921763181687,
                0.9938077181577682,
                0.9999517202377319,
                0.9971952438354492,
                0.9952674135565758,
                0.4547703266143799,
                0.999859094619751,
                0.9173021018505096,
                0.9797335267066956,
                0.6753774881362915,
                0.9950991652228616,
                0.9133987069129944,
                0.48944056034088135,
                0.999108340059008,
                0.9730865716934204,
                0.9487546423207158,
                0.9993594139814377,
                0.8916070566457861,
                0.8234095573425293
            ],
            "det_polygons": [
                [
                    205.36172086000443,
                    876.7171758478339,
                    373.44246339797974,
                    873.6042685768822,
                    373.642657160759,
                    884.4152415882459,
                    205.56191462278366,
                    887.5281488591976
                ],
                [
                    211.47364455461502,
                    854.9159767844461,
                    371.05548667907715,
                    851.1160189541904,
                    371.37673383951187,
                    864.6099576083097,
                    211.79489171504974,
                    868.4099154385655
                ],
                [
                    304.0595703125,
                    836.0862898393111,
                    304.0595703125,
                    819.1590171120384,
                    363.904296875,
                    819.1590171120384,
                    363.904296875,
                    836.0862898393111
                ],
                [
                    167.4443359375,
                    837.9000000000001,
                    167.4443359375,
                    817.95,
                    207.3408203125,
                    817.95,
                    207.3408203125,
                    837.9000000000001
                ],
                [
                    24.7841796875,
                    839.7136363636364,
                    24.7841796875,
                    817.95,
                    56.2177734375,
                    817.95,
                    56.2177734375,
                    839.7136363636364
                ],
                [
                    498.7060546875,
                    834.8772727272728,
                    498.7060546875,
                    817.3454545454547,
                    538.6025390625,
                    817.3454545454547,
                    538.6025390625,
                    834.8772727272728
                ],
                [
                    30.204964946955442,
                    794.38261607777,
                    146.85865408182144,
                    793.7485518022017,
                    146.91783410310745,
                    804.6399636008524,
                    30.26414266228676,
                    805.2740278764205
                ],
                [
                    254.99031177163124,
                    790.2259232954547,
                    362.5272914171219,
                    788.8730757279831,
                    362.740177154541,
                    805.7976917613637,
                    255.2031790614128,
                    807.1505393288353
                ],
                [
                    459.8593884706497,
                    806.787088844993,
                    460.1072509288788,
                    787.4525562633169,
                    536.3382760286331,
                    788.4299244273793,
                    536.090413570404,
                    807.7644570090555
                ],
                [
                    165.0263671875,
                    808.2772727272728,
                    165.0263671875,
                    787.1181818181819,
                    188.6015625,
                    787.1181818181819,
                    188.6015625,
                    808.2772727272728
                ],
                [
                    476.9443359375,
                    759.9136363636364,
                    476.9443359375,
                    742.3818181818183,
                    536.7890625,
                    742.3818181818183,
                    536.7890625,
                    759.9136363636364
                ],
                [
                    25.277289651334286,
                    741.2973704944958,
                    80.82977209985256,
                    740.4292219682175,
                    81.1415279507637,
                    760.383797385476,
                    25.589050114154816,
                    761.2519459117543
                ],
                [
                    418.20513939857483,
                    727.1713600852273,
                    418.3892468214035,
                    699.3715676047586,
                    532.6532497406006,
                    700.1282825816762,
                    532.4691423177719,
                    727.928075062145
                ],
                [
                    35.59258596599102,
                    724.7864607377486,
                    35.71587152779102,
                    701.2351645729759,
                    164.46286565065384,
                    701.9092268510299,
                    164.33956164121628,
                    725.4605230158027
                ],
                [
                    29.565938781946898,
                    670.4782503995029,
                    210.24968069791794,
                    667.7507113370029,
                    210.4422186911106,
                    680.5071222478693,
                    29.758474469184875,
                    683.2346613103693
                ],
                [
                    498.7060546875,
                    682.5317443847657,
                    498.7060546875,
                    664.3953807484021,
                    538.6025390625,
                    664.3953807484021,
                    538.6025390625,
                    682.5317443847657
                ],
                [
                    476.79384011030197,
                    651.0482982288709,
