{
    "predictions": [
        {
            "rec_texts": [
                ":",
                "COMPANYE PIS 2",
                "PORKET",
                "0.00",
                "Z =00%",
                "0.00",
                "22.45",
                "1.35",
                "S = 6%",
                "GST ANALYS",
                "TAX AMOUNT",
                "GOODS",
                "CHANGE",
                "7.00",
                "CASH",
                "50.80",
                "TENDER",
                "TOTAL",
                "0.00",
                "23.80",
                "TOTAL SAVING:",
                "ROUNDING",
                "0.00",
                "QTY:",
                "7",
                "TOTAL INCL GST @6%",
                "23.80",
                "ITEM:",
                "*",
                "11.90'X :",
                "9556001217233",
                "23.80 S",
                "EAKEN",
                "CASHIER:",
                "RELLAVIN 244308",
                "40150 SHAH ALAM"
            ],
            "rec_scores": [
                0.352800190448761,
                0.8815004868166787,
                0.7386615574359894,
                0.999132364988327,
                0.8898614943027496,
                0.999196469783783,
                0.9985127925872803,
                0.9992177188396454,
                0.9812161028385162,
                0.9135820746421814,
                0.9424624294042587,
                0.9685683369636535,
                0.9999637007713318,
                0.9996641278266907,
                0.9999725222587585,
                0.991455352306366,
                0.9847004512945811,
                0.9998712062835693,
                0.999772235751152,
                0.9943116903305054,
                0.9571864696649405,
                0.9414418861269951,
                0.9999380260705948,
                0.9876306802034378,
                0.6867315769195557,
                0.9291268438100815,
                0.9996996283531189,
                0.8897551536560059,
                0.6257414817810059,
                0.7886205348703597,
                0.9924885859856238,
                0.9992780685424805,
                0.671282809972763,
                0.9885864034295082,
                0.6883344272772471,
                0.9646581053733826
            ],
            "det_polygons": [
                [
                    644.5568469166756,
                    1097.4558703551938,
                    653.4585431218147,
                    1095.2309116382694,
                    654.4856414198875,
                    1099.3384457688835,
                    645.5839452147484,
                    1101.563404485808
                ],
                [
                    60.336446575820446,
                    981.9978452136169,
                    260.3920875489712,
                    979.7249386274634,
                    260.5082078278065,
                    989.9401433743424,
                    60.45257240533829,
                    992.2130499604958
                ],
                [
                    442.0252740383148,
                    996.998513686597,
                    442.6524567604065,
                    943.0692365636777,
                    666.137501001358,
                    945.6673007370838,
                    665.5103182792664,
                    999.5965778600031
                ],
                [
                    507.09468215703964,
                    940.5112177403129,
                    507.09468215703964,
                    921.5991574388053,
                    559.4774946570396,
                    921.5991574388053,
                    559.4774946570396,
                    940.5112177403129
                ],
                [
                    114.2236328125,
                    922.3266331658291,
                    204.4384765625,
                    922.3266331658291,
                    204.4384765625,
                    939.0565326633165,
                    114.2236328125,
                    939.0565326633165
                ],
                [
                    323.7548828125,
                    941.9659916096596,
                    323.7548828125,
                    920.1443835694586,
                    380.5029296875,
                    920.1443835694586,
                    380.5029296875,
                    941.9659916096596
                ],
                [
                    308.9987263083458,
                    897.5139660092453,
                    309.31396067142487,
                    874.1926551703831,
                    380.707905292511,
                    875.1572952653894,
                    380.3926709294319,
                    898.4786061042516
                ],
                [
                    508.3227151632309,
                    895.4945615835525,
                    508.8325786590576,
                    874.0833517870112,
                    561.2722301483154,
                    875.3315946492717,
                    560.7623666524887,
                    896.742804445813
                ],
                [
                    112.64712795615196,
                    894.5737849096556,
                    113.03134620189667,
                    874.2142317115362,
                    205.36848232150078,
                    875.9561600421541,
                    204.98426407575607,
                    896.3157132402736
                ],
                [
                    86.50238629430532,
                    852.4743126337252,
                    86.660269908607,
                    837.1633148960133,
                    237.957294434309,
                    838.7226861541594,
                    237.79941082000732,
                    854.0336838918714
                ],
                [
                    418.88465613126755,
                    850.1925268125294,
                    419.1114792227745,
                    836.4359279613399,
                    558.8809517025948,
                    838.7393791160391,
                    558.6541286110878,
                    852.4959779672287
                ],
                [
                    304.8388671875,
                    854.679648241206,
                    304.8388671875,
                    833.5854271356783,
                    379.0478515625,
                    833.5854271356783,
                    379.0478515625,
                    854.679648241206
                ],
                [
                    432.7349856495857,
                    803.7999443935988,
                    531.6666212677956,
                    802.2173095396415,
                    531.9128939509392,
                    817.604846283419,
                    432.98125833272934,
                    819.1874811373763
                ],
                [
                    668.9512529969215,
                    801.9271361384559,
                    705.5354908108711,
                    798.0769222393707,
                    707.5566497445107,
                    817.2740059857392,
                    670.9724119305611,
                    821.1242198848245
                ],
                [
                    474.8676413297653,
                    783.2225835598892,
                    475.23052275180817,
                    761.4554940228486,
                    533.4538078308105,
                    762.4256392435811,
                    533.0909264087677,
                    784.1927287806218
                ],
                [
                    637.1706202626228,
                    760.2378845214844,
                    708.4470680356026,
                    759.2878063719476,
                    708.7572845816612,
                    782.5503366748292,
                    637.4808368086815,
                    783.500414824366
                ],
                [
                    437.0700243115425,
