{
    "predictions": [
        {
            "rec_texts": [
                "T1 R000111721",
                "RM 0.35",
                "RM 93.80",
                "CHANGE",
                "RM 100.00",
                "CASH",
                "TOTAL INCL. GST@6%",
                "RM 6.20",
                "QTY(S) : 4",
                "ITEM(S) : 3",
                "1 X 1",
                "99999",
                "0.20",
                "0.20",
                "PLASTIC BAGS",
                "*S",
                "9555221303658",
                "2 X 2",
                "2.10",
                "4.20",
                "WA50 - 20/300",
                "*S",
                "9064234",
                "1 X",
                "1.80",
                "1.80",
                "A402-22 - 12/96",
                "*S",
                "- ALAMI LOVER-",
                "(IOI PUCHONG)",
                "(CO.REG :860671-D)",
                "-1902044"
            ],
            "rec_scores": [
                0.9972554307717544,
                0.9996501973697117,
                0.9973133429884911,
                0.9999237954616547,
                0.9992176757918464,
                0.9999343305826187,
                0.9982287353939481,
                0.999648928642273,
                0.991527509689331,
                0.9993839318102057,
                0.8226345956325531,
                0.9988542914390564,
                0.9996138513088226,
                0.9998423904180527,
                0.9969756007194519,
                0.9925655722618103,
                0.992769676905412,
                0.9522979974746704,
                0.9998586624860764,
                0.9997784346342087,
                0.9021708690203153,
                0.997272253036499,
                0.9983236704553876,
                0.9990032513936361,
                0.9997171759605408,
                0.9996855705976486,
                0.849266235033671,
                0.9960874319076538,
                0.6615343732493264,
                0.9834679777805622,
                0.9580793248282539,
                0.8238976523280144
            ],
            "det_polygons": [
                [
                    456.28622031211853,
                    1152.471378279321,
                    456.35281205177307,
                    1133.8173707561727,
                    661.7250287532806,
                    1134.5507571373457,
                    661.6584370136261,
                    1153.2047646604938
                ],
                [
                    505.22093653678894,
                    1067.4895351080247,
                    613.166906118393,
                    1065.947482638889,
                    613.4440762996674,
                    1085.3509114583333,
                    505.49810671806335,
                    1086.892963927469
                ],
                [
                    538.5041463375092,
                    1001.8699363425925,
                    662.1455948352814,
                    999.5661410108024,
                    662.4551746845245,
                    1016.1786506558641,
                    538.8137261867523,
                    1018.4824459876543
                ],
                [
                    5.53125,
                    1021.1358024691358,
                    5.53125,
                    998.3209876543209,
                    102.328125,
                    998.3209876543209,
                    102.328125,
                    1021.1358024691358
                ],
                [
                    523.3608133792877,
                    983.7871937692901,
                    523.4624311923981,
                    965.0985845871913,
                    663.0885136127472,
                    965.8572892554012,
                    662.9868957996368,
                    984.5458984375
                ],
                [
                    4.1484375,
                    989.3333333333333,
                    4.1484375,
                    962.3703703703703,
                    71.21484375,
                    962.3703703703703,
                    71.21484375,
                    989.3333333333333
                ],
                [
                    7.564370479434729,
                    932.6696566358024,
                    300.00488126277924,
                    931.2184124228395,
                    300.10451567173004,
                    951.2912567515432,
                    7.6640002727508545,
                    952.7425009645061
                ],
                [
                    554.3702402114868,
                    952.5699990354938,
                    554.6882600784302,
                    930.4710165895061,
                    663.9177875518799,
                    932.0426070601851,
                    663.5997676849365,
                    954.1415895061727
                ],
                [
                    508.1499180793762,
                    884.9683159722222,
                    508.25432109832764,
                    863.4695457175925,
                    664.4782047271729,
                    864.2279128086419,
                    664.3738017082214,
                    885.7266830632716
                ],
                [
                    7.405313730239868,
                    887.5086684992283,
                    7.8359867334365845,
                    862.6391902970679,
                    186.86849069595337,
                    865.7391613618827,
                    186.43781769275665,
                    890.6086395640432
                ],
                [
                    375.5902404785156,
                    799.3060860339506,
                    450.80269861221313,
                    793.4074315200617,
                    452.63097524642944,
                    816.7159529320987,
                    377.41851711273193,
                    822.6146074459876
                ],
                [
                    6.9140625,
                    820.6418909143518,
                    6.9140625,
                    795.7530020254629,
                    86.42577069997787,
                    795.7530020254629,
                    86.42577069997787,
                    820.6418909143518
                ],
                [
                    453.97091245651245,
                    795.8691285686727,
                    517.6376795768738,
                    794.9328583140432,
                    518.0139355659485,
                    820.5176625192901,
                    454.34716844558716,
                    821.4539327739197
                ],
                [
                    569.02734375,
                    821.3333333333333,
                    569.02734375,
                    792.9876543209876,
                    634.01953125,
                    792.9876543209876,
                    634.01953125,
                    821.3333333333333
                ],
                [
                    10.972698871046305,
                    767.4993971836419,
                    199.0000877380371,
                    765.2521460262345,
                    199.19878685474396,
                    781.8754581404321,
                    11.17139732837677,
                    784.1227092978395
                ],
                [
                    631.2160949707031,
                    787.1345727237654,
                    632.2791996002197,
                    757.3700569058642,
                    669.3209180831909,
                    758.6928530092592,
                    668.2578134536743,
                    788.4573688271604
                ],
                [
                    11.008546527475119,
                    733.5558449074074,
                    214.95321929454803,
                    732.1044319058642,
                    215.07142174243927,
                    748.710865162037,
                    11.126749634742737,
