{
    "predictions": [
        {
            "rec_texts": [
                "THANK YOU.",
                "31.00",
                "CHANGE",
                "50.10",
                "CASH",
                "19.10",
                "TOTAL",
                "0.02",
                "RCUNDING",
                "0.00",
                "TAX",
                "1.08",
                "GST",
                "0.00",
                "DISC",
                "SUB-TOTAL",
                "18.00",
                "TOTAL QUANTITY",
                "1",
                "2411862341",
                "18.00",
                "18.00",
                "1",
                "QTY",
                "AMOUNT",
                "U/P",
                "ITEM",
                "COUNTER :",
                "SALEPPARES CNT -",
                "TIME: 07:40:00",
                "CASH",
                ":",
                "YONG CHA ENTEPPY.SE"
            ],
            "rec_scores": [
                0.9289346635341644,
                0.9999187111854553,
                0.9997642934322357,
                0.9968864679336548,
                0.9999890625476837,
                0.9998274445533752,
                0.9999749183654785,
                0.9925860166549683,
                0.8978914767503738,
                0.9999240189790726,
                0.9998577833175659,
                0.9965337067842484,
                0.9981918136278788,
                0.9998660087585449,
                0.9992899894714355,
                0.9541007147894965,
                0.9799261450767517,
                0.9784993955067226,
                0.9911852478981018,
                0.947013008594513,
                0.9946535229682922,
                0.9933532834053039,
                0.999900221824646,
                0.9633649984995524,
                0.9998422563076019,
                0.9979148507118225,
                0.9964899867773056,
                0.9956072436438667,
                0.7940497417002916,
                0.985356194632394,
                0.9999575316905975,
                0.9874123334884644,
                0.6603282917486993
            ],
            "det_polygons": [
                [
                    65.56836640834808,
                    1125.2468540099485,
                    65.72860014438629,
                    1108.0257607203198,
                    225.53252828121185,
                    1109.51198454246,
                    225.37229454517365,
                    1126.7330778320888
                ],
                [
                    248.90625,
                    1032.6823806717737,
                    248.90625,
                    1007.1072480848557,
                    319.4296875,
                    1007.1072480848557,
                    319.4296875,
                    1032.6823806717737
                ],
                [
                    60.05449756979942,
                    1009.2188773214219,
                    176.90616810321808,
                    1008.4296109632808,
                    177.0372415781021,
                    1027.824941532852,
                    60.18557631969452,
                    1028.6142078909934
                ],
                [
                    222.44381940364838,
                    974.017547121874,
                    292.2563120126724,
                    973.1450846306211,
                    292.55909764766693,
                    997.3598845014869,
                    222.74660503864288,
                    998.23234699274
                ],
                [
                    57.14545029401779,
                    996.533829589556,
                    57.69795495271683,
                    971.6775925950436,
                    135.143304169178,
                    973.3982168814682,
                    134.59079951047897,
                    998.2544538759806
                ],
                [
                    225.3984375,
                    967.0164997053624,
                    225.3984375,
                    939.367707719505,
                    297.3046875,
                    939.367707719505,
                    297.3046875,
                    967.0164997053624
                ],
                [
                    57.21318143606186,
                    963.4580509003711,
                    57.45481914281845,
                    938.576500680774,
                    148.75211530923843,
                    939.4626323135726,
                    148.51047760248184,
                    964.3441825331697
                ],
                [
                    272.0556993484497,
                    932.8352924767282,
                    272.9059467315674,
                    907.3345807715592,
                    331.0117127895355,
                    909.2708737357054,
                    330.16146540641785,
                    934.7715854408746
                ],
                [
                    60.76713573932648,
                    910.3935152682122,
                    210.09548270702362,
                    908.8779281049739,
                    210.31298196315765,
                    930.2964603781489,
                    60.98463499546051,
                    931.8120475413874
                ],
                [
                    212.26169764995575,
                    901.3505343615341,
                    212.26169764995575,
                    873.7017423756768,
                    271.03122889995575,
                    873.7017423756768,
                    271.03122889995575,
                    901.3505343615341
                ],
                [
                    56.6953125,
                    901.3506187389511,
                    56.6953125,
                    873.0106069534472,
                    111.31640625,
                    873.0106069534472,
                    111.31640625,
                    901.3506187389511
                ],
                [
                    219.54916763305664,
                    842.0718551033303,
                    277.0903809070587,
                    841.0446444293929,
                    277.58429074287415,
                    868.6969802667621,
                    220.04307746887207,
                    869.7241909406996
                ],
                [
                    55.48221293091774,
                    867.2418917114761,
                    56.23337450623512,
                    841.7091165878664,
                    117.06517660617828,
                    843.4977490723519,
                    116.3140150308609,
                    869.0305241959616
                ],
                [
                    217.79296875,
                    836.3759575721862,
                    217.79296875,
                    808.7271655863289,
                    276.5625,
                    808.7271655863289,
                    276.5625,
                    836.3759575721862
                ],
                [
                    57.09402948617935,
                    832.6315409402392,
                    58.09248358011246,
                    807.6769198775643,
                    126.04578799009323,
                    810.3943789678247,
                    125.04733389616013,
                    835.3490000304996
                ],
                [
                    60.0599202811718,
                    800.4321904809038,
                    60.174704521894455,
                    778.9716382540881,
                    211.64011144638062,
                    779.781323947131,
                    211.52532720565796,
                    801.2418761739467
                ],
                [
                    257.6858307123184,
                    803.0897416051304,
                    258.0274404287338,
                    776.1102312905126,
                    327.997043967247,
                    776.9956879039757,
                    327.6554342508316,
