{
    "predictions": [
        {
            "rec_texts": [
                "BL ITEM STONE",
                "MADB SBAHGAN BHD",
                "0.56",
                "9.24",
                "0.00",
                "6.00",
                "Z0 GST 0%",
                "@ 6% GST",
                "0.56",
                "9.26",
                "TAX(RM)",
                "AMOUNT(RM)",
                "GST SUMMARY",
                "0.20",
                "CHANG",
                "10.00",
                "CASH",
                "BILA MARAN SHAHA",
                "9.80",
                "9.80",
                "NOT LTEM",
                "2",
                "1 X",
                "2000064236725",
                "9.80 S",
                "4.90",
                "X",
                "***TERMAN LEMEA LENG",
                "1X-03-1001 (MX INDISH DIS",
                "BA : W012-H054-0079",
                "14-02-2018 (BB) 15218",
                "$",
                "51200 KUALA LUMPUR ",
                "S",
                "KAMAN RILLE"
            ],
            "rec_scores": [
                0.819420956648313,
                0.6258180011063814,
                0.9058396369218826,
                0.9921297878026962,
                0.9944005310535431,
                0.8449000716209412,
                0.7558987918827269,
                0.916400171816349,
                0.9876691699028015,
                0.8171077966690063,
                0.9558373604501996,
                0.9249630153179169,
                0.9183098782192577,
                0.9869261980056763,
                0.8962383985519409,
                0.9750238656997681,
                0.8061743900179863,
                0.6967418808490038,
                0.997273787856102,
                0.8928906321525574,
                0.7671404704451561,
                0.9960170388221741,
                0.9420302708943685,
                0.73680013188949,
                0.9909864465395609,
                0.9992969334125519,
                0.5181663632392883,
                0.6144653260707855,
                0.5649890899658203,
                0.647852715693022,
                0.7584942834717887,
                0.3381105363368988,
                0.9374323330427471,
                0.29033219814300537,
                0.7581912644884803
            ],
            "det_polygons": [
                [
                    292.21475315093994,
                    2176.578643329327,
                    508.0749807357788,
                    2173.138410456731,
                    508.5445261001587,
                    2202.604329927885,
                    292.6842985153198,
                    2206.044562800481
                ],
                [
                    203.12059950828552,
                    1978.7707008713944,
                    591.9638271331787,
                    1976.2511320612982,
                    592.145001411438,
                    2004.209590594952,
                    203.30176162719727,
                    2006.7291594050482
                ],
                [
                    646.265625,
                    1813.0,
                    646.265625,
                    1765.9815384615385,
                    727.546875,
                    1765.9815384615385,
                    727.546875,
                    1813.0
                ],
                [
                    414.90796852111816,
                    1764.7567750901444,
                    491.1294708251953,
                    1763.4648880709135,
                    491.9378242492676,
                    1811.158477313702,
                    415.71632194519043,
                    1812.4503643329328
                ],
                [
                    646.6907644271851,
                    1668.2880303485579,
                    729.5123605728149,
                    1666.8350465745193,
                    730.2952280044556,
                    1711.4631280048077,
                    647.4736318588257,
                    1712.9161117788462
                ],
                [
                    414.375,
                    1711.7907692307692,
                    414.375,
                    1667.163076923077,
                    493.265625,
                    1667.163076923077,
                    493.265625,
                    1711.7907692307692
                ],
                [
                    38.033721685409546,
                    1702.2432572115385,
                    38.350059270858765,
                    1674.2462755408656,
                    197.0159990787506,
                    1676.0393524639424,
                    196.6996614933014,
                    1704.0363341346153
                ],
                [
                    42.539124727249146,
                    1624.3617315204328,
                    197.92038702964783,
                    1620.7689625901444,
                    198.63815331459045,
                    1651.8139415564904,
                    43.25689101219177,
                    1655.4067104867788
                ],
                [
                    646.6097345352173,
                    1619.6164787409857,
                    728.626576423645,
                    1618.271671048678,
                    729.3735494613647,
                    1663.8407481971155,
                    647.356707572937,
                    1665.185555889423
                ],
                [
                    413.93633937835693,
                    1618.9372652493992,
                    490.3514184951782,
                    1616.390068734976,
                    491.89565563201904,
                    1662.7196859975961,
                    415.48057651519775,
                    1665.2668825120193
                ],
                [
                    615.7163829803467,
                    1610.5995353816106,
                    616.0521755218506,
                    1570.6422870342549,
                    739.7331676483154,
                    1571.6816334885818,
                    739.3973751068115,
                    1611.6388818359376
                ],
                [
                    330.41854763031006,
                    1570.9092251352165,
                    500.91944789886475,
                    1568.6357763671876,
                    501.39482975006104,
                    1604.2891342397836,
                    330.89392948150635,
                    1606.5625830078125
                ],
                [
                    40.58186495304108,
                    1603.326055814303,
                    40.747596859931946,
                    1569.8441965895433,
                    234.36373901367188,
                    1570.8028001051684,
                    234.198007106781,
                    1604.284659329928
                ],
                [
                    646.0038585662842,
                    1467.3799481670674,
                    728.0740070343018,
                    1466.0771657151442,
                    728.8070697784424,
                    1512.261737530048,
                    646.7369213104248,
                    1513.5645199819712
                ],
                [
                    35.0625,
                    1506.9815384615385,
                    35.0625,
                    1467.1353846153847,
                    151.40625,
                    1467.1353846153847,
                    151.40625,
                    1506.9815384615385
                ],
                [
                    630.8070087432861,
                    1460.54248046875,
                    631.3413391113281,
                    1416.7278598257212,
                    728.7399501800537,
                    1417.915656550481,
                    728.2056198120117,
                    1461.7302771935097
                ],
                [
                    35.01974165439606,
                    1417.951455829327,
