{
    "predictions": [
        {
            "rec_texts": [
                ":",
                "001-2018-03-18 13:49:28",
                "001-9032 -11",
                "LINE",
                "PLEASE VISIT US AT-",
                "THANK YOU.",
                "RM2.10",
                "CHANGE",
                "RM10.05",
                "CASH",
                "GRAND TOTAL",
                "67.95",
                "RM0.45",
                "6% GST",
                "RM7.50",
                "SUB-TOTAL",
                "1",
                "022 JUNI SHEA LEST",
                "RM7.50",
                "1",
                "ORND TY",
                ": JALAND D01-9823",
                "GST ID 001047907200",
                "TEL: (603) 623 5520",
                "YAM FRESH"
            ],
            "rec_scores": [
                0.968610405921936,
                0.9052519772363745,
                0.8772679269313812,
                0.7396223098039627,
                0.9114867072356375,
                0.9995585143566131,
                0.9998246729373932,
                0.9998322427272797,
                0.9984496065548488,
                0.9991563856601715,
                0.9963932795958086,
                0.9822386980056763,
                0.9997182687123617,
                0.9907775223255157,
                0.9977337320645651,
                0.9990587830543518,
                0.9996540546417236,
                0.7319244643052419,
                0.9989205996195475,
                0.9999779462814331,
                0.7325477429798671,
                0.7999892830848694,
                0.8850328592877639,
                0.9533687798600448,
                0.9094749689102173
            ],
            "det_polygons": [
                [
                    328.14843749999994,
                    1428.5582211819778,
                    328.14843749999994,
                    1423.9882972498538,
                    332.71874999999994,
                    1423.9882972498538,
                    332.71874999999994,
                    1428.5582211819778
                ],
                [
                    29.221067681908604,
                    1420.3502093695145,
                    328.07819795608515,
                    1418.4468182005194,
                    328.18330621719355,
                    1434.9445113644676,
                    29.32618117332458,
                    1436.8479025334625
                ],
                [
                    515.411859512329,
                    1416.7380058239469,
                    671.7014837265014,
                    1414.681763195308,
                    672.0618867874144,
                    1442.0725216226595,
                    515.7722625732421,
                    1444.1287642512982
                ],
                [
                    346.42968749999994,
                    1441.3540081919252,
                    346.42968749999994,
                    1414.8484493856056,
                    421.38281249999994,
                    1414.8484493856056,
                    421.38281249999994,
                    1441.3540081919252
                ],
                [
                    256.6712493896484,
                    1288.8517639267297,
                    600.3571314811705,
                    1285.0545766438706,
                    600.6089115142821,
                    1307.8408243124634,
                    256.92302942275995,
                    1311.6380115953225
                ],
                [
                    343.4056491851806,
                    1272.1043761885605,
                    343.80175781249994,
                    1240.2220162558515,
                    515.7211589813231,
                    1242.3574738745247,
                    515.3250503540038,
                    1274.2398338072337
                ],
                [
                    747.5802197456359,
                    1184.4373698583327,
                    747.9232163429259,
                    1151.5089257755358,
                    856.7229866981505,
                    1152.6422579850698,
                    856.3799901008605,
                    1185.570702067867
                ],
                [
                    516.1775765419005,
                    1189.113285678531,
                    516.6592669486998,
                    1149.6171379290247,
                    627.2666316032409,
                    1150.965801026962,
                    626.7849411964415,
                    1190.4619487764683
                ],
                [
                    731.0764932632445,
                    1107.9130117953207,
                    854.260585784912,
                    1105.7521161235097,
                    854.8219442367553,
                    1137.747831591254,
                    731.6378517150878,
                    1139.908727263065
                ],
                [
                    549.0407009124755,
                    1143.1234054431502,
                    549.7877283096312,
                    1102.0409496256034,
                    630.2650623321532,
                    1103.5040839626608,
                    629.5180349349974,
                    1144.5865397802077
                ],
                [
                    432.24143314361567,
                    981.711817777666,
                    620.5051689147948,
                    979.6316990816084,
                    620.8583192825316,
                    1011.5870260614761,
                    432.5945835113525,
                    1013.6671447575337
                ],
                [
                    669.3505511283873,
                    947.3192352241351,
                    856.2357172966002,
                    944.9833971517975,
                    857.1245627403258,
                    1016.0803011229611,
                    670.2393965721129,
                    1018.4161391952988
                ],
                [
                    747.7031249999999,
                    892.9631363370393,
                    747.7031249999999,
                    860.059684025746,
                    854.6484374999999,
                    860.059684025746,
                    854.6484374999999,
                    892.9631363370393
                ],
                [
                    517.1931209564208,
                    860.219285495104,
                    625.973253250122,
                    858.9690274974629,
                    626.3843135833739,
                    894.7252235836701,
                    517.6041812896727,
                    895.9754815813113
                ],
                [
                    747.4356679916381,
                    849.8299048408701,
                    747.7910499572753,
                    816.0739430382351,
                    855.7442636489867,
                    817.2101760783902,
                    855.3888816833495,
                    850.9661378810251
                ],
                [
                    466.96573805809015,
                    819.8691778389455,
                    620.5456724166869,
                    818.8589077899859,
                    620.7141580581664,
                    844.4734653140314,
                    467.1342515945434,
                    845.483735362991
                ],
                [
                    37.169431865215294,
                    729.498820510784,
                    72.32062751054762,
                    723.1082906527712,
                    79.57463175058363,
                    763.0018521973514,
                    44.423436105251305,
                    769.3923820553641
                ],
                [
                    30.084603667259213,
                    710.1652307036051,
                    30.312784552574154,
                    691.797505922803,
                    337.3677263259887,
                    695.6115403373454,
