{
    "predictions": [
        {
            "rec_texts": [
                "S = 6%",
                ".19",
                "3.11",
                "TAX(RM)",
                "GST SUMMARY",
                "AMOUNT(RM)",
                "46.70",
                "CHANGE RM",
                "50.00",
                "CASH RM",
                "3.30",
                "RM3.30 S",
                "14-08-17",
                "566062",
                "07:36PM",
                "1056-078049",
                "41150 KLANG, SELANGO",
                "TAMAN BRAEEL EV]",
                "LOT P.T. 2811, JALAN ANG "
            ],
            "rec_scores": [
                0.998216450214386,
                0.9918763836224874,
                0.9994381368160248,
                0.9997745837484088,
                0.9997418577020819,
                0.9950209319591522,
                0.9990906596183777,
                0.9985888136757745,
                0.9996654748916626,
                0.9997250011989048,
                0.9996048361063004,
                0.9940184131264687,
                0.9992273449897766,
                0.8669851124286652,
                0.9836021746907916,
                0.8410943258892406,
                0.9936070591211319,
                0.7385942097753286,
                0.9860635972023011
            ],
            "det_polygons": [
                [
                    44.89863137900829,
                    1046.8750874287373,
                    45.10610534250736,
                    1024.051865300359,
                    137.1728192716837,
                    1024.888836241026,
                    136.96534530818462,
                    1047.7120583694045
                ],
                [
                    584.6925632357597,
                    1023.4519037030193,
                    631.7573525309563,
                    1021.0381951409416,
                    633.3419219851494,
                    1051.9388376926731,
                    586.2771326899529,
                    1054.3525462547507
                ],
                [
                    375.271484375,
                    1051.1124324324323,
                    375.271484375,
                    1019.9529729729728,
                    436.8935546875,
                    1019.9529729729728,
                    436.8935546875,
                    1051.1124324324323
                ],
                [
                    531.0576171875,
                    1006.1043243243242,
                    531.0576171875,
                    983.254054054054,
                    629.3759765625,
                    983.254054054054,
                    629.3759765625,
                    1006.1043243243242
                ],
                [
                    50.300835862755775,
                    1007.9094496938343,
                    50.898873910307884,
                    983.0295544763512,
                    211.3890282511711,
                    986.8878028663428,
                    210.79096907377243,
                    1011.7676980838258
                ],
                [
                    290.75448575615883,
                    1005.3845901736696,
                    290.8899703323841,
                    981.1308594409838,
                    434.9049825668335,
                    981.9355416622676,
                    434.7694979906082,
                    1006.1892723949534
                ],
                [
                    542.4566622972488,
                    899.0993392366976,
                    618.5097416639328,
                    897.2884661370354,
                    619.1836992502213,
                    925.5962061866553,
                    543.1306198835373,
                    927.4070792863174
                ],
                [
                    364.8857421875,
                    923.0124324324323,
                    364.8857421875,
                    900.8545945945945,
                    497.130859375,
                    900.8545945945945,
                    497.130859375,
                    923.0124324324323
                ],
                [
                    542.6202073097229,
                    859.509312051309,
                    617.1532900333405,
                    857.5980227248732,
                    617.8629993200302,
                    885.2770625263935,
                    543.3299165964127,
                    887.1883518528293
                ],
                [
                    394.658203125,
                    882.8513513513512,
                    394.658203125,
                    857.9237837837837,
                    496.4384765625,
                    857.9237837837837,
                    496.4384765625,
                    882.8513513513512
                ],
                [
                    556.1793143749237,
                    815.6430581582558,
                    619.6685869693756,
                    812.6195830474028,
                    621.1802161931992,
                    844.3664943385768,
                    557.6909435987473,
                    847.3899694494298
                ],
                [
                    531.5401806235313,
                    758.7780589500633,
                    531.8183339238167,
                    738.7494170317777,
                    647.5874109864235,
                    740.3574290672508,
                    647.3092576861382,
                    760.3860709855362
                ],
                [
                    531.0576171875,
                    681.3535135135135,
                    531.0576171875,
                    652.9637837837837,
                    648.7626953125,
                    652.9637837837837,
                    648.7626953125,
                    681.3535135135135
                ],
                [
                    303.07096767425537,
                    651.7524073915223,
                    394.98144751787186,
                    650.0181143435916,
                    395.50453799963,
                    677.7447419697529,
                    303.5940581560135,
                    679.4790350176836
                ],
                [
                    48.27183706313372,
                    677.6304635702596,
                    48.57705769687891,
                    649.8527825762774,
                    154.6357817053795,
                    651.0183884409311,
                    154.3305610716343,
                    678.7960694349133
                ],
                [
                    262.38639894127846,
                    448.0342552061338,
                    421.6037864089012,
                    447.2612700261296,
                    421.71133732795715,
                    469.41183867583396,
                    262.4939287304878,
                    470.1848238558382
                ],
                [
                    188.9619992673397,
                    425.1206331160261,
                    189.04994168877602,
                    406.4318885267103,
                    497.8817296028137,
                    407.8853035261824,
                    497.79374492168427,
                    426.5740481154983
                ],
                [
                    232.61573404073715,
                    368.4043141627956,
                    433.36609584093094,
                    366.94954675622887,
                    433.46658939123154,
                    380.81755173141886,
                    232.71622759103775,
                    382.2723191379856
                ],
                [
                    141.69645529985428,
                    341.1820075947529,
                    142.02189719676971,
                    319.09018412821996,
                    536.8392080664635,
                    324.9074364574535,
                    536.513766169548,
                    346.9992599239865
                ]
            ],