{
    "predictions": [
        {
            "rec_texts": [
                "AMTAL",
                "WWW.THIN  IKU ARE L",
                "1",
                "0.22",
                "CASH",
                "4.00",
                "4.00",
                "TOTAL QTY:",
                ":",
                "2",
                "OPRIFE L. 5'S",
                "2.00",
                "2.00",
                "1",
                "QTY TEND 1.59",
                "OLE B2 6621-",
                "2.00",
                "2.00",
                ":",
                "THE:21",
                "ITEM DISC.",
                "RINE",
                "(G)",
                "TAX :",
                "20:05:56",
                "NO:0100122617",
                "06/03/2018",
                "CASHIER: 123",
                "TAX INVOICE",
                "SEKSY NATE SEBONG ",
                "JALA LUMPUR  ML.1.4.9.",
                "*",
                "(1125830-H)",
                "0"
            ],
            "rec_scores": [
                0.808406001329422,
                0.7184059635588997,
                0.999692440032959,
                0.998480349779129,
                0.999510869383812,
                0.9999543130397797,
                0.999921441078186,
                0.9602146923542023,
                0.9809181690216064,
                0.4923632740974426,
                0.6617900889653426,
                0.9999672174453735,
                0.9999704360961914,
                0.994559109210968,
                0.6825573421441592,
                0.814803364376227,
                0.9999746680259705,
                0.9999331533908844,
                0.5320674777030945,
                0.7290542672077814,
                0.8907833933830261,
                0.5012613274157047,
                0.5759053230285645,
                0.8562766313552856,
                0.9946068227291107,
                0.9248731778218195,
                0.9961682736873627,
                0.9828992833693823,
                0.9997600750489668,
                0.6345095891091559,
                0.7245073440400037,
                0.37042129039764404,
                0.8792408162897284,
                0.5131508708000183
            ],
            "det_polygons": [
                [
                    215.82031249999997,
                    1546.932384341637,
                    215.82031249999997,
                    1542.6161667513982,
                    222.72656249999997,
                    1542.6161667513982,
                    222.72656249999997,
                    1546.932384341637
                ],
                [
                    284.7951618432998,
                    1559.8066413697097,
                    285.0535560846328,
                    1529.485002045469,
                    620.8014383316039,
                    1532.3463929743104,
                    620.5430440902709,
                    1562.6680322985512
                ],
                [
                    780.4062499999999,
                    1455.4285714285716,
                    780.4062499999999,
                    1432.1209964412812,
                    795.0820312499999,
                    1432.1209964412812,
                    795.0820312499999,
                    1455.4285714285716
                ],
                [
                    730.3359374999999,
                    1402.7707168276563,
                    730.3359374999999,
                    1369.1042196237927,
                    824.4335937499999,
                    1369.1042196237927,
                    824.4335937499999,
                    1402.7707168276563
                ],
                [
                    78.23834085464476,
                    1317.5381699655647,
                    195.63274866342542,
                    1315.2135664489467,
                    196.24520993232724,
                    1346.1415416133786,
                    78.85080212354659,
                    1348.4661451299964
                ],
                [
                    730.9614264965056,
                    1340.4065360925981,
                    731.3757846355437,
                    1307.674095351622,
                    821.2846510410308,
                    1308.8121605365484,
                    820.8702929019927,
                    1341.5446012775244
                ],
                [
                    730.3359374999999,
                    1287.0960854092527,
                    730.3359374999999,
                    1251.7031011692934,
                    822.7070312499999,
                    1251.7031011692934,
                    822.7070312499999,
                    1287.0960854092527
                ],
                [
                    129.49218749999997,
                    1211.1306558210474,
                    129.49218749999997,
                    1182.6436197254702,
                    326.32031249999994,
                    1182.6436197254702,
                    326.32031249999994,
                    1211.1306558210474
                ],
                [
                    352.21874999999994,
                    1210.2674123029994,
                    352.21874999999994,
                    1181.7803762074225,
                    371.21093749999994,
                    1181.7803762074225,
                    371.21093749999994,
                    1210.2674123029994
                ],
                [
                    483.43749999999994,
                    1205.9511947127605,
                    483.43749999999994,
                    1174.0111845449924,
                    509.33593749999994,
                    1174.0111845449924,
                    509.33593749999994,
                    1205.9511947127605
                ],
                [
                    81.73114180564879,
                    1121.6144526781743,
                    366.7927858829498,
                    1116.9106606666244,
                    367.2732179164886,
                    1146.025107883595,
                    82.21157383918761,
                    1150.7288998951449
                ],
                [
                    548.1835410594939,
                    1148.9770171452005,
                    548.1835410594939,
                    1115.3105199413367,
                    640.5546348094939,
                    1115.3105199413367,
                    640.5546348094939,
                    1148.9770171452005
                ],
                [
                    728.6093749999999,
                    1148.1138790035588,
                    728.6093749999999,
                    1114.447381799695,
                    820.1171874999999,
                    1114.447381799695,
                    820.1171874999999,
                    1148.1138790035588
                ],
                [
                    437.97689545154566,
                    1115.7041008177905,
                    460.0430207252502,
                    1114.5428528235416,
                    461.8745427131652,
                    1149.3396173582867,
                    439.8083910942077,
                    1150.5008653525356
                ],
                [
                    80.87517136335372,
                    1062.9452956199161,
                    368.52735733985895,
                    1059.0971600251812,
                    368.9403982162475,
                    1089.9720254809831,
                    81.28822541236876,
                    1093.820161075718
                ],
                [
                    81.93674015998839,
                    1008.3113172770637,
                    365.0494678020477,
                    1005.5626791026548,
                    365.2594921588897,
                    1027.192029447803,
                    82.14676451683043,
                    1029.9406676222118
                ],
                [
                    549.9101562499999,
