{
    "predictions": [
        {
            "rec_texts": [
                "THANK YOU.",
                "CHANGE",
                "0.00",
                "1",
                "CASH",
                "65.70 %",
                "TOTAL",
                "65.70",
                "ROUNDING",
                ".00",
                "0.00",
                "TAX",
                "GST",
                "3.72",
                "DISC",
                "0.00",
                "61.99",
                "TOTAL QUANTITY",
                "24",
                "9555223500000",
                "61.99",
                "2.58",
                "24",
                "ITEM",
                "U/P AMOUNT",
                "QTY",
                "COUNTER :",
                "SALESPERSON :",
                "TIME: 104700",
                "CASH",
                "TEL: 012-9719498"
            ],
            "rec_scores": [
                0.9959057450294495,
                0.9999336302280426,
                0.9999326318502426,
                0.8587539792060852,
                0.9999760687351227,
                0.8327888037477221,
                0.9999886274337768,
                0.9996169328689575,
                0.9998712986707687,
                0.8283678491910299,
                0.9998867362737656,
                0.9978962739308676,
                0.9986907045046488,
                0.9997303187847137,
                0.9997243583202362,
                0.9998670369386673,
                0.9953190684318542,
                0.9794832468032837,
                0.9984920620918274,
                0.9948089581269485,
                0.9821844458580017,
                0.99964439868927,
                0.9989205300807953,
                0.9490012377500534,
                0.9233237147331238,
                0.9954007267951965,
                0.990508410665724,
                0.966378051501054,
                0.9007771114508311,
                0.9999825656414032,
                0.9562842138111591
            ],
            "det_polygons": [
                [
                    40.03839825838804,
                    1099.8552034818208,
                    210.48741298913956,
                    1099.073491023137,
                    210.56765019893646,
                    1116.5606619027944,
                    40.11862713098526,
                    1117.3423743614783
                ],
                [
                    37.09203466773033,
                    1021.8287060077373,
                    37.23187729716301,
                    1000.7166014451246,
                    161.77845767140388,
                    1001.5411693866436,
                    161.6386150419712,
                    1022.6532739492562
                ],
                [
                    235.79048055410385,
                    996.5588194040151,
                    295.5110202431679,
                    995.5293986980731,
                    295.9628742337227,
                    1021.7302806560809,
                    236.24233454465866,
                    1022.759701362023
                ],
                [
                    272.46484375,
                    975.28125,
                    272.46484375,
                    971.639423076923,
                    276.107421875,
                    971.639423076923,
                    276.107421875,
                    975.28125
                ],
                [
                    36.31958477944136,
                    990.4515574528621,
                    36.60120426863432,
                    965.6737976074219,
                    119.56675988435745,
                    966.6164404062124,
                    119.28514039516449,
                    991.3942002516526
                ],
                [
                    200.8808468580246,
                    963.7663729741023,
                    282.5710860490799,
                    962.7454878000112,
                    282.8988825082779,
                    988.9625517038198,
                    201.2086433172226,
                    989.9834368779109
                ],
                [
                    35.54155174642801,
                    932.346457848182,
                    128.82645404338837,
                    931.3947460467998,
                    129.0872861146927,
                    956.9517288208008,
                    35.80238103866577,
                    957.903440622183
                ],
                [
                    198.884765625,
                    957.0721153846154,
                    198.884765625,
                    930.8509615384615,
                    275.37890625,
                    930.8509615384615,
                    275.37890625,
                    957.0721153846154
                ],
                [
                    39.98976459354162,
                    906.1561563931979,
                    192.17821103334427,
                    903.7786551255446,
                    192.4175664782524,
                    919.0933553255521,
                    40.22912281751633,
                    921.4708565932053
                ],
                [
                    205.7656232714653,
                    918.212595132681,
                    206.46585911512375,
                    897.2103855426494,
                    306.5013169646263,
                    900.5442220247709,
                    305.80108112096786,
                    921.5464316148024
                ],
                [
                    188.685546875,
                    890.7908653846154,
                    188.685546875,
                    866.7548076923076,
                    247.6953125,
                    866.7548076923076,
                    247.6953125,
                    890.7908653846154
                ],
                [
                    36.06061468273401,
                    866.3460801931527,
                    91.43446916341782,
                    865.2161891643817,
                    91.99708563089371,
                    892.7784884526179,
                    36.62322837114334,
                    893.9083794813889
                ],
                [
                    35.697265625,
                    860.9277957035945,
                    35.697265625,
                    833.9782764728252,
                    96.89256700873375,
                    833.9782764728252,
                    96.89256700873375,
                    860.9277957035945
                ],
                [
                    193.52359050512314,
                    857.8844340397761,
                    193.93862742185593,
                    833.8177906916692,
                    252.36581176519394,
                    834.8249834500826,
                    251.95077484846115,
                    858.8916267981896
                ],
                [
                    37.154296875,
                    828.8798076923076,
                    37.154296875,
                    801.9302884615385,
                    105.634765625,
                    801.9302884615385,
                    105.634765625,
                    828.8798076923076
                ],
                [
                    195.970703125,
                    825.2379807692307,
                    195.970703125,
                    801.2019230769231,
                    255.708984375,
                    801.2019230769231,
                    255.708984375,
                    825.2379807692307
                ],
                [
                    233.72325521707535,
                    790.8891334533691,
                    233.9955148100853,
                    768.2955806438739,
                    311.8739418387413,
                    769.2336000295785,
                    311.60168224573135,
                    791.8271528390737
                ],
                [
                    41.44493108987808,
                    737.1395557110126,
