{
    "predictions": [
        {
            "rec_texts": [
                "E N",
                "D",
                "1",
                "THANK YOU",
                "MISHER PUCHENG 15G",
                "27.00",
                "CHANGE",
                "50.20",
                "CASH",
                "GST 6% INCLUDED",
                "1.31",
                "23.20",
                "TOTAL",
                "ROUNDING ADJ",
                "0.00",
                "23.20",
                "0.00",
                "1",
                "29.00 Z203",
                "23.20",
                "5.80 * ",
                "LI",
                "ROUND F. : 138351",
                "-0022",
                "Z:ZALAYSIA ZIZ",
                "TAX INVOICE",
                "PAISE :"
            ],
            "rec_scores": [
                0.5375888794660568,
                0.8889252543449402,
                0.24469521641731262,
                0.9985779457622104,
                0.7358334345950021,
                0.9999089956283569,
                0.9997126758098602,
                0.9984877943992615,
                0.9999217242002487,
                0.9589957316716512,
                0.9979929774999619,
                0.9998381853103637,
                0.9999662160873413,
                0.9984966516494751,
                0.999866247177124,
                0.9998787760734558,
                0.9994836300611496,
                0.8307866454124451,
                0.7604552149772644,
                0.9994799256324768,
                0.8992058209010533,
                0.5386722683906555,
                0.8507527218145483,
                0.9348502516746521,
                0.6164930005158696,
                0.9996314969929782,
                0.6467521105493818
            ],
            "det_polygons": [
                [
                    330.3984375,
                    2014.063921063921,
                    330.3984375,
                    2009.7288717288718,
                    355.546875,
                    2009.7288717288718,
                    355.546875,
                    2014.063921063921
                ],
                [
                    88.453125,
                    2014.063921063921,
                    88.453125,
                    2009.7288717288718,
                    102.328125,
                    2009.7288717288718,
                    102.328125,
                    2014.063921063921
                ],
                [
                    78.9140625,
                    2009.7288717288718,
                    88.453125,
                    2009.7288717288718,
                    88.453125,
                    2014.063921063921,
                    78.9140625,
                    2014.063921063921
                ],
                [
                    323.35513257980347,
                    1766.2403903799168,
                    487.0619673728943,
                    1763.3176188360515,
                    487.55706453323364,
                    1791.0374864261585,
                    323.8502297401428,
                    1793.9602579700236
                ],
                [
                    60.68745142221451,
                    1667.9817769080464,
                    363.3281149864197,
                    1667.091906429309,
                    363.382155418396,
                    1685.4671814671815,
                    60.7414984703064,
                    1686.3570519459192
                ],
                [
                    713.6953125,
                    1646.4517374517375,
                    713.6953125,
                    1611.771342771343,
                    809.0859375,
                    1611.771342771343,
                    809.0859375,
                    1646.4517374517375
                ],
                [
                    262.75775957107544,
                    1644.7177177177177,
                    262.75775957107544,
                    1610.904332904333,
                    376.35932207107544,
                    1610.904332904333,
                    376.35932207107544,
                    1644.7177177177177
                ],
                [
                    714.5625,
                    1598.7661947661948,
                    714.5625,
                    1561.4847704847705,
                    810.8203125,
                    1561.4847704847705,
                    810.8203125,
                    1598.7661947661948
                ],
                [
                    506.43744707107544,
                    1598.7661947661948,
                    506.43744707107544,
                    1560.6177606177607,
                    587.0858845710754,
                    1560.6177606177607,
                    587.0858845710754,
                    1598.7661947661948
                ],
                [
                    306.9843485355377,
                    1538.942513942514,
                    306.9843485355377,
                    1518.1342771342772,
                    578.4139566421509,
                    1518.1342771342772,
                    578.4139566421509,
                    1538.942513942514
                ],
                [
                    729.7958149909973,
                    1509.0723729798437,
                    808.8165822029114,
                    1507.7771499875992,
                    809.480628490448,
                    1548.2740886464032,
                    730.4598612785339,
                    1549.5693116386476
                ],
                [
                    715.4296875,
                    1497.3260403260404,
                    715.4296875,
                    1462.6456456456458,
                    810.8203125,
                    1462.6456456456458,
                    810.8203125,
                    1497.3260403260404
                ],
                [
                    55.5,
                    1495.5920205920206,
                    55.5,
                    1460.911625911626,
                    155.22654926776886,
                    1460.911625911626,
                    155.22654926776886,
                    1495.5920205920206
                ],
                [
                    58.400022089481354,
                    1394.7386218528798,
                    59.18485218286514,
                    1361.6258724544857,
                    276.2091693878174,
                    1366.7676050422633,
                    275.4243392944336,
                    1399.8803544406571
                ],
                [
                    732.7734375,
                    1396.7528957528957,
                    732.7734375,
                    1362.0725010725012,
                    810.8203125,
                    1362.0725010725012,
                    810.8203125,
                    1396.7528957528957
                ],
                [
                    714.2355580329895,
                    1347.14240489094,
                    714.6740212440491,
                    1312.5115415359558,
                    811.0919966697693,
                    1313.7318325230924,
                    810.6535334587097,
                    1348.3626958780767
                ],
                [
                    504.703125,
                    1348.2003432003432,
                    504.703125,
                    1310.0519090519092,
                    586.21875,
                    1310.0519090519092,
                    586.21875,
                    1348.2003432003432
                ],
                [
                    107.53125,
                    1348.2003432003432,
                    107.53125,
                    1308.3178893178895,
                    139.6171875,
                    1308.3178893178895,
                    139.6171875,
                    1348.2003432003432
                ],
                [
                    230.50115275382996,
                    1241.8887617388593,
