{
    "predictions": [
        {
            "rec_texts": [
                "PURPOSE **",
                "DATE: 12/11/2017",
                "SR @ 6%",
                "0.11",
                "1.89",
                "GST SUMMARY",
                "TAX(RM)",
                "AMOUNT(RM)",
                "0.00",
                "CHANGE",
                "2.00",
                "CASH",
                "2.00",
                "FINAL TOTAL",
                "0.00",
                "ROUND ADJ",
                "2.00",
                "TOTAL",
                "0.00",
                "DISCOUNT",
                "2.00",
                "2.00",
                "SR",
                "2 X 1.0000",
                "3550",
                "1. 2015-0156",
                "CASH SALES COUNTER",
                "OWNED BY:",
                "TAX INVOICE",
                "TEL: +603-3362 4137"
            ],
            "rec_scores": [
                0.9978564321994782,
                0.9895514771342278,
                0.9972919140543256,
                0.999115601181984,
                0.9990975558757782,
                0.9999055483124473,
                0.9981647900172642,
                0.9998553097248077,
                0.9996299147605896,
                0.9999499320983887,
                0.9999192804098129,
                0.9999604821205139,
                0.9999351501464844,
                0.9991441206498579,
                0.9997899979352951,
                0.9983730514844259,
                0.9999225288629532,
                0.9999664068222046,
                0.9997904747724533,
                0.9992169663310051,
                0.9999369978904724,
                0.9999179989099503,
                0.9987613260746002,
                0.998260909318924,
                0.9989099949598312,
                0.9680924862623215,
                0.9996795157591502,
                0.964450928899977,
                0.9994083426215432,
                0.9972431000910307
            ],
            "det_polygons": [
                [
                    253.65153521299362,
                    1339.6097917959057,
                    391.80005300045013,
                    1338.9702477593182,
                    391.8592069745064,
                    1351.7483554332093,
                    253.71068918704987,
                    1352.3878994697968
                ],
                [
                    323.5202880501747,
                    961.1236653544865,
                    323.7118236422539,
                    942.2914253026618,
                    517.8636329770088,
                    944.2657538856525,
                    517.6720973849297,
                    963.0979939374774
                ],
                [
                    33.95222503319383,
                    866.9869715435826,
                    128.18215003609657,
                    864.9236771273554,
                    128.56802481412888,
                    882.5441104456647,
                    34.338102132081985,
                    884.607404861892
                ],
                [
                    520.340561747551,
                    885.3238842934986,
                    520.9662644863129,
                    862.1740536370289,
                    571.1306911706924,
                    863.529780057366,
                    570.5049884319305,
                    886.6796107138357
                ],
                [
                    341.6700863838196,
                    862.7553020316377,
                    390.3589686155319,
                    861.9158447871433,
                    390.7467929124832,
                    884.4077144398781,
                    342.0579106807709,
                    885.2471716843725
                ],
                [
                    37.00767122209072,
                    849.2013796166609,
                    37.243618711829185,
                    836.9918215414825,
                    171.6730021238327,
                    839.589356528914,
                    171.43705463409424,
                    851.7989146040924
                ],
                [
                    482.37009739875793,
                    854.6459697915859,
                    482.5459625720978,
                    834.5985069558875,
                    567.1175043582916,
                    835.3402354553576,
                    566.9416391849518,
                    855.387698291056
                ],
                [
                    261.55377089977264,
                    852.3843216687022,
                    261.64853608608246,
                    835.226540388008,
                    384.54123282432556,
                    835.9054432656767,
                    384.44646763801575,
                    853.063224546371
                ],
                [
                    484.7571254968643,
                    792.8157553597854,
                    531.0025364160538,
                    792.0045176617265,
                    531.3542667627335,
                    812.052723117068,
                    485.108855843544,
                    812.8639608151268
                ],
                [
                    245.79296875,
                    809.110835401158,
                    245.79296875,
                    791.4685690653433,
                    330.3603515625,
                    791.4685690653433,
                    330.3603515625,
                    809.110835401158
                ],
                [
                    483.6767578125,
                    781.7349048800662,
                    483.6767578125,
                    761.0508684863524,
                    531.740234375,
                    761.0508684863524,
                    531.740234375,
                    781.7349048800662
                ],
                [
                    245.0098562836647,
                    759.3321495844965,
                    299.77225118875504,
                    758.6116600068174,
                    300.0118377804756,
                    776.8190598909869,
                    245.24944287538528,
                    777.539549468666
                ],
                [
                    483.4416272640228,
                    724.4322196259984,
                    483.7823660373688,
                    704.3314366999296,
                    531.9866535663605,
                    705.1484668312041,
                    531.6459147930145,
                    725.249249757273
                ],
                [
                    245.71253716945648,
                    703.915272651969,
                    346.64005994796753,
                    702.5696458587773,
                    346.8676894903183,
                    719.6411347369501,
                    245.94016671180725,
                    720.9867615301418
                ],
                [
                    484.0246262550354,
                    663.2047152964906,
                    531.6333636045456,
                    662.3839720670007,
                    531.9797466993332,
                    682.4746553659243,
                    484.371009349823,
                    683.295398595414
                ],
                [
                    244.7697498202324,
                    678.6678385517635,
                    245.55995482206345,
                    657.136473145339,
                    348.4639555811882,
                    660.9125455062779,
                    347.67375057935715,
                    682.4439109127023
                ],
                [
                    483.6767578125,
                    651.5471464019852,
                    483.6767578125,
                    631.4714640198512,
                    531.740234375,
                    631.4714640198512,
                    531.740234375,
                    651.5471464019852
                ],
                [
                    242.7509765625,
