{
    "predictions": [
        {
            "rec_texts": [
                ".00",
                "262.20",
                ": * 0%",
                "TAX(RM)",
                "AMOUNT(RM)",
                "GST SUMMARY",
                "CHANGE RM",
                ".00",
                "262.20",
                "CHEDIN RM",
                "262.20",
                "919 H RE 13.80",
                "RM26.20 X",
                "QIA43/P",
                "SSR9843",
                "31-01-16",
                "13200-TMAN",
                "NAIL HARKEN KENIA LAPER A",
                "LOT AF3 ELING MART S",
                "1"
            ],
            "rec_scores": [
                0.9522531827290853,
                0.9979723791281382,
                0.8523122072219849,
                0.9849577716418675,
                0.9756720304489136,
                0.9989053010940552,
                0.9973310430844625,
                0.9964209000269572,
                0.9989788929621378,
                0.6689794593387179,
                0.9917098085085551,
                0.7654079049825668,
                0.9183179106977251,
                0.7455487677029201,
                0.8038516555513654,
                0.9874152019619942,
                0.866460132598877,
                0.6748749780654907,
                0.6998263955116272,
                0.7788950800895691
            ],
            "det_polygons": [
                [
                    735.5156249999999,
                    1332.3060913705585,
                    735.5156249999999,
                    1291.7238578680203,
                    789.9023437499999,
                    1291.7238578680203,
                    789.9023437499999,
                    1332.3060913705585
                ],
                [
                    450.1010599136352,
                    1326.8167641576779,
                    450.8614892959594,
                    1291.450234722002,
                    560.7815775871276,
                    1293.8146085322812,
                    560.0211482048034,
                    1329.181137967957
                ],
                [
                    97.08562287688254,
                    1290.1144773531687,
                    206.85453552007672,
                    1287.827257681135,
                    207.55902075767514,
                    1321.6490179226485,
                    97.7901147007942,
                    1323.936237594682
                ],
                [
                    662.1367187499999,
                    1283.089340101523,
                    662.1367187499999,
                    1242.5071065989848,
                    789.0390624999999,
                    1242.5071065989848,
                    789.0390624999999,
                    1283.089340101523
                ],
                [
                    389.1644897460937,
                    1248.7349844220932,
                    556.4119012355803,
                    1244.8671589343078,
                    557.1295986175536,
                    1275.9149538611398,
                    389.88218712806696,
                    1279.7827793489255
                ],
                [
                    101.80037593841551,
                    1239.4348541104855,
                    290.8077281713485,
                    1238.4293206694163,
                    291.0127469301223,
                    1276.9850986228982,
                    102.00539469718932,
                    1277.9906320639675
                ],
                [
                    473.0279109477996,
                    1146.647411303835,
                    625.7666227817534,
                    1145.6619042101247,
                    625.9398691654204,
                    1172.5170252146456,
                    473.2011573314666,
                    1173.502532308356
                ],
                [
                    714.4469046592711,
                    1141.1098100536367,
                    774.8439240455626,
                    1139.7050144873297,
                    775.8229136466979,
                    1181.8107260147328,
                    715.4258942604064,
                    1183.2155215810399
                ],
                [
                    662.8486201763152,
                    1123.2563213832489,
                    663.1195547580718,
                    1095.611529881821,
                    768.5313379764556,
                    1096.6451002091926,
                    768.260403394699,
                    1124.2898917106204
                ],
                [
                    474.6772291660308,
                    1096.681885447236,
                    630.9177520275115,
                    1094.740594575369,
                    631.2605564594268,
                    1122.345333382079,
                    475.0200335979461,
                    1124.286624253946
                ],
                [
                    663.4049792289733,
                    1074.6766187638802,
                    664.10165309906,
                    1043.6661360842322,
                    770.4836792945861,
                    1046.0572819588754,
                    769.7870054244994,
                    1077.0677646385232
                ],
                [
                    144.99382656812665,
                    948.9575341549017,
                    377.1957622766494,
                    948.0394842312421,
                    377.28794431686396,
                    971.3659628311391,
                    145.08602178096768,
                    972.2840127547986
                ],
                [
                    630.8377151489257,
                    923.8042310685677,
                    631.146376132965,
                    896.1771470742783,
                    803.8775520324706,
                    898.1074761560121,
                    803.5688910484313,
                    925.7345601503015
                ],
                [
                    99.27734374999999,
                    834.9578680203047,
                    99.27734374999999,
                    796.9659898477158,
                    223.58984374999997,
                    796.9659898477158,
                    223.58984374999997,
                    834.9578680203047
                ],
                [
                    395.0245960950851,
                    795.4534736129839,
                    506.4468643665313,
                    793.2245411519473,
                    507.18827247619623,
                    830.3036394922867,
                    395.766030550003,
                    832.5325719533233
                ],
                [
                    662.8503062725066,
                    793.6114712632852,
                    802.7526624202727,
                    792.5514450770345,
                    803.007579088211,
                    826.2045623934209,
                    663.1052229404448,
                    827.2645885796717
                ],
                [
                    326.9880065917968,
                    556.2191496718353,
                    543.8231382369994,
                    553.4622594533233,
                    544.0524473190306,
                    571.5039957888841,
                    327.21731567382807,
                    574.2608860073962
                ],
                [
                    213.81014335155484,
                    460.491786371996,
                    627.057171344757,
                    444.8576385962782,
                    627.9696655273436,
                    468.9854872960125,
                    214.72261118888852,
                    484.6196350717303
                ],
                [
                    227.59361088275907,
                    407.9144559134082,
                    605.8886024951934,
                    399.6490553492822,
                    606.3531746864318,
                    420.91919698182704,
