{
    "predictions": [
        {
            "rec_texts": [
                "09/03/18",
                "1017",
                "NO FERBYLETIONS.",
                "BANDAR BART WITHIN THAINE",
                "AEO HARMASIA PASIR 1HD",
                "NO EXCA DISA ",
                "INVOICE NO: REFUNDANG POS",
                "0.56",
                "9.39",
                "6",
                "3",
                "- ESTA A",
                "6% ITEM ",
                "GST - RATE ",
                "0.05",
                "CHANGE DUE",
                "10.00",
                "CASH",
                "TOTAL (GST INCL)",
                "9.95",
                ":",
                "9.95",
                "SUBTOTAL",
                "9.35",
                "12MMX13 CAL REC IN THIAN",
                "VAL",
                "BG STAR 0009093874015",
                "(INCLUSIVE OF SUPVIVISIT ",
                "TEL: 03-51202 9000",
                "BUYAN CHERAS  45MM",
                "ITEM NOL",
                "<UKN>",
                "1",
                "S/BROCOLE"
            ],
            "rec_scores": [
                0.9688678607344627,
                0.9782060086727142,
                0.7448386736214161,
                0.7960925579071045,
                0.7398649210279639,
                0.7213844886192908,
                0.8098409128189087,
                0.9997090548276901,
                0.9975211471319199,
                0.408200204372406,
                0.4210745394229889,
                0.6995276100933552,
                0.8127870932221413,
                0.8952591229568828,
                0.9997886717319489,
                0.9894578993320465,
                0.9999337434768677,
                0.9636686444282532,
                0.9701030068099499,
                0.9932422935962677,
                0.9972142577171326,
                0.9918359369039536,
                0.9748367220163345,
                0.7129326909780502,
                0.6367640929917494,
                0.7803009748458862,
                0.7182788706961132,
                0.7978299975395202,
                0.865387327141232,
                0.6591614501343833,
                0.8297158926725388,
                0.20933185517787933,
                0.9851621985435486,
                0.5960101021660699
            ],
            "det_polygons": [
                [
                    352.2060681581497,
                    1515.4684222797016,
                    352.63218319416046,
                    1483.50719884924,
                    472.2277332544327,
                    1485.101973799972,
                    471.80161821842194,
                    1517.0631972304336
                ],
                [
                    204.6738114953041,
                    1515.4007821297862,
                    205.4509704709053,
                    1481.588959565034,
                    282.2926838994026,
                    1483.355561127534,
                    281.5155249238014,
                    1517.1673836922862
                ],
                [
                    221.3544580936432,
                    1253.1914568376972,
                    430.04665446281433,
                    1249.7920603709179,
                    430.42090487480164,
                    1272.7720276428774,
                    221.7287085056305,
                    1276.1714241096568
                ],
                [
                    118.20723205804825,
                    1193.831625448691,
                    118.32768470048904,
                    1167.3256758956222,
                    545.6627733707428,
                    1169.2683776305603,
                    545.542320728302,
                    1195.774327183629
                ],
                [
                    180.451171875,
                    1151.0720720720722,
                    180.451171875,
                    1130.5495495495497,
                    479.19140625,
                    1130.5495495495497,
                    479.19140625,
                    1151.0720720720722
                ],
                [
                    251.01284551620483,
                    1085.329309411951,
                    408.4907147884369,
                    1084.6445081556167,
                    408.61404061317444,
                    1113.0107828776042,
                    251.13617134094238,
                    1113.6955841339386
                ],
                [
                    182.22525143623352,
                    1070.7634673247467,
                    182.27269577980042,
                    1047.2388421135981,
                    500.3485629558563,
                    1047.880170942427,
                    500.30111861228943,
                    1071.4047961535755
                ],
                [
                    452.63671875,
                    997.7567567567569,
                    452.63671875,
                    962.1441441441442,
                    517.81640625,
                    962.1441441441442,
                    517.81640625,
                    997.7567567567569
                ],
                [
                    321.22483813762665,
                    962.4841132636543,
                    383.0946933031082,
                    960.519748997044,
                    384.20963537693024,
                    995.6466493348819,
                    322.33978021144867,
                    997.6110136014922
                ],
                [
                    145.447265625,
                    994.1351351351352,
                    145.447265625,
                    957.918918918919,
                    180.451171875,
                    957.918918918919,
                    180.451171875,
                    994.1351351351352
                ],
                [
                    43.18452849984169,
                    993.1401323198199,
                    44.36744159460068,
                    957.6474741342906,
                    66.00961357355118,
                    958.368969066723,
                    64.82670047879219,
                    993.8616272522523
                ],
                [
                    445.71769058704376,
                    952.7448158607828,
                    446.2155615091324,
                    920.1301797402872,
                    557.9412442445755,
                    921.8362146326015,
                    557.4433733224869,
                    954.4508507530969
                ],
                [
                    279.427734375,
                    948.2612612612613,
                    279.427734375,
                    924.1171171171172,
                    442.376953125,
                    924.1171171171172,
                    442.376953125,
                    948.2612612612613
                ],
                [
                    46.23539686203003,
                    946.8403023384714,
                    47.07224804162979,
                    917.5463702227619,
                    196.50143122673035,
                    921.816394152942,
                    195.66458004713058,
                    951.1103262686515
                ],
                [
                    523.8515625,
                    915.6666666666667,
                    523.8515625,
                    880.6576576576578,
                    589.634765625,
                    880.6576576576578,
                    589.634765625,
                    915.6666666666667
                ],
                [
                    46.97081641852856,
                    882.5271194045608,
                    188.13433760404587,
                    881.1760847761825,
                    188.37131989002228,
                    905.9446108706363,
                    47.207803308963776,
                    907.2956454990148
                ],
                [
                    509.1187677383423,
                    874.9380124753661,
