{
    "predictions": [
        {
            "rec_texts": [
                "K A",
                "MILRON 3 DAYS",
                "1",
                "0.22",
                "CASH",
                "4.00",
                "4.00",
                ":",
                "TOTAL QTY",
                "%",
                "09PM 1.52",
                "2.00",
                "2.00",
                "1",
                "COP TAPE 1.39",
                "013 2 X 8621-D",
                "2.00",
                "2.00",
                "1",
                "ITEM/DESC :",
                "PRICE",
                "QTY",
                "AMT",
                "20:05:56",
                "NAND DOV 20/247",
                "06/03/2018",
                "CASHIER: 123",
                ":",
                "0012077 PMT (RM)",
                "(GST ID NO.:",
                "IAV NO: APUR",
                "SELANDOR",
                "SHAM ALAM. :",
                "28-8-04 BROOM FLOOR YOR R",
                ": 1/1205/03/1-",
                "1"
            ],
            "rec_scores": [
                0.7109088599681854,
                0.7730816740256089,
                0.5396788716316223,
                0.9994399696588516,
                0.9996855854988098,
                0.9998813569545746,
                0.9998348951339722,
                0.7901226878166199,
                0.996704551908705,
                0.6100413799285889,
                0.7981150050957998,
                0.9999208748340607,
                0.9999032765626907,
                0.8444598317146301,
                0.8995578220257392,
                0.8450091183185577,
                0.9999292194843292,
                0.9997929930686951,
                0.922859787940979,
                0.829529811035503,
                0.9995253086090088,
                0.8031925559043884,
                0.9990094701449076,
                0.9836340248584747,
                0.6792679409186045,
                0.9909097731113434,
                0.8705997740228971,
                0.5576207637786865,
                0.8097938634455204,
                0.9425675421953201,
                0.47016292065382004,
                0.8980572670698166,
                0.8590704252322515,
                0.7365305823087692,
                0.7650615892239979,
                0.9975273013114929
            ],
            "det_polygons": [
                [
                    757.0976562499999,
                    1687.6410777834267,
                    757.0976562499999,
                    1683.3248601931878,
                    790.7656249999999,
                    1683.3248601931878,
                    790.7656249999999,
                    1687.6410777834267
                ],
                [
                    285.56747293472284,
                    1557.7082809967987,
                    285.97245216369623,
                    1529.3626600380894,
                    617.3924679756163,
                    1534.0970112073828,
                    616.987488746643,
                    1562.4426321660922
                ],
                [
                    780.6115322113036,
                    1435.2414025760995,
                    792.131362915039,
                    1434.1941718531552,
                    794.3249740600585,
                    1458.3226290432767,
                    782.8051433563231,
                    1459.3698597662208
                ],
                [
                    730.9984679222106,
                    1401.766479678365,
                    731.3923821449279,
                    1369.8633512527008,
                    823.845356941223,
                    1371.0047884826195,
                    823.4514427185057,
                    1402.9079169082836
                ],
                [
                    78.13924318552016,
                    1315.2215750558037,
                    196.625016272068,
                    1313.1962405322588,
                    197.16493588685987,
                    1344.7802892005195,
                    78.67916280031203,
                    1346.8056237240644
                ],
                [
                    730.3359374999999,
                    1338.89069649212,
                    730.3359374999999,
                    1306.9506863243519,
                    820.1171874999999,
                    1306.9506863243519,
                    820.1171874999999,
                    1338.89069649212
                ],
                [
                    727.3918554782866,
                    1284.177896597571,
                    728.2434394359587,
                    1249.690517190876,
                    822.3476293087004,
                    1252.0140669434338,
                    821.4960453510283,
                    1286.5014463501286
                ],
                [
                    352.21874999999994,
                    1184.370106761566,
                    366.89453124999994,
                    1184.370106761566,
                    366.89453124999994,
                    1206.8144382308083,
                    352.21874999999994,
                    1206.8144382308083
                ],
                [
                    131.21873682737348,
                    1209.4040634085457,
                    131.21873682737348,
                    1178.3272967588252,
                    322.86713480949396,
                    1178.3272967588252,
                    322.86713480949396,
                    1209.4040634085457
                ],
                [
                    476.5569102764129,
                    1172.5410783047232,
                    510.0624868869781,
                    1169.1907408519876,
                    513.9343960285186,
                    1207.9085614544279,
                    480.42881941795343,
                    1211.2588989071635
                ],
                [
                    84.47503942251204,
                    1121.4292009564058,
                    365.9845135211944,
                    1119.5463353337889,
                    366.15754914283747,
                    1145.4137139759152,
                    84.6480882167816,
                    1147.2965795985322
                ],
                [
                    728.4418191909789,
                    1115.401881285349,
                    818.9949851036071,
                    1114.3611838995773,
                    819.3624486923217,
                    1146.3266951576004,
                    728.8092827796935,
                    1147.367392543372
                ],
                [
                    547.3203124999999,
                    1150.703609557702,
                    547.3203124999999,
                    1113.5841382816473,
                    641.4179687499999,
                    1113.5841382816473,
                    641.4179687499999,
                    1150.703609557702
                ],
                [
                    438.54687499999994,
                    1150.703609557702,
                    438.54687499999994,
                    1114.447381799695,
                    460.12890624999994,
                    1114.447381799695,
                    460.12890624999994,
                    1150.703609557702
                ],
                [
                    79.96271669864653,
                    1063.041609655011,
                    367.56209361553186,
                    1057.2511761446683,
                    368.1674021482467,
                    1087.313378757308,
                    80.56802523136137,
                    1093.1038122676507
                ],
                [
                    84.57900437712668,
                    1009.1487435756387,
                    363.40736818313593,
                    1008.2344978770813,
                    363.469648361206,
                    1027.2340746338016,
                    84.64129114151,
