{
    "predictions": [
        {
            "rec_texts": [
                "PURPOSE **",
                "PLEASE COME AGAIN.",
                ":224",
                "SR @ 6%",
                "20.66",
                "TAX(RM)",
                "GST SUMMARY",
                "AMOUNT(RM)",
                "18.10",
                "CHANGE",
                "40.00",
                "CASH",
                "21.90",
                "FINAL TOTAL",
                "0.00",
                "ROUND ADJ",
                "21.90",
                "TOTAL",
                "0.00",
                "DISCOUNT",
                "21.90",
                "1 X 21.9000",
                "21.90",
                "SR",
                "LS6 SEKIL TELACKET",
                "1. 2042-0004",
                "CASH SALES COUNTER",
                "OWNED BY :",
                "TAX INVOICE",
                "TEL: +603-3362 4137",
                "40170 SETIA ALAM"
            ],
            "rec_scores": [
                0.994992583990097,
                0.9996453622976939,
                0.7381295412778854,
                0.9994758452687945,
                0.9990200877189637,
                0.9996262192726135,
                0.9999164234508168,
                0.9997723817825317,
                0.9997663855552673,
                0.9999163051446279,
                0.9995777130126953,
                0.999955415725708,
                0.9999102354049683,
                0.9978966983881864,
                0.9998156130313873,
                0.9935516383912828,
                0.9985619902610778,
                0.9998036026954651,
                0.9999048709869385,
                0.99851044267416,
                0.9999545335769653,
                0.9813431284644387,
                0.9999447584152221,
                0.9989543855190277,
                0.6672891055544218,
                0.9710060258706411,
                0.9991337292724185,
                0.9886348366737365,
                0.9997792352329601,
                0.9983199364260623,
                0.9991746507585049
            ],
            "det_polygons": [
                [
                    253.05112051963806,
                    1353.5645060322322,
                    253.13340878486633,
                    1338.3428826848765,
                    395.4846066236496,
                    1339.1122366350678,
                    395.4023183584213,
                    1354.3338599824235
                ],
                [
                    203.205078125,
                    1185.6819685690655,
                    203.205078125,
                    1170.47311827957,
                    444.130859375,
                    1170.47311827957,
                    444.130859375,
                    1185.6819685690655
                ],
                [
                    524.8250494003296,
                    883.1907836308255,
                    525.196534872055,
                    863.1332211679817,
                    570.9346995353699,
                    863.9801046089066,
                    570.5632140636444,
                    884.0376670717503
                ],
                [
                    33.95643738657236,
                    882.0050428467807,
                    34.2317094579339,
                    863.1500786338787,
                    130.2848825752735,
                    864.5521445199416,
                    130.00961050391197,
                    883.4071087328435
                ],
                [
                    329.42491668462753,
                    881.3226496567896,
                    329.92941504716873,
                    861.9000269887465,
                    390.8861556649208,
                    863.483143543783,
                    390.3816573023796,
                    882.9057662118261
                ],
                [
                    483.5448217988014,
                    854.044893452508,
                    483.7383626103401,
                    832.7542853343576,
                    568.9679134488106,
                    833.5289861459787,
                    568.7743726372719,
                    854.8195942641291
                ],
                [
                    35.23935080319643,
                    851.0479776210485,
                    35.32925147563219,
                    832.7978028454398,
                    174.65810549259186,
                    833.484131919539,
                    174.5682048201561,
                    851.7343066951478
                ],
                [
                    262.73556926846504,
                    849.5893983801502,
                    262.9248025715351,
                    832.749012734892,
                    385.25212025642395,
                    834.1233046463051,
                    385.0628869533539,
                    850.9636902915634
                ],
                [
                    475.767578125,
                    810.3275434243177,
                    475.767578125,
                    790.8602150537635,
                    532.95703125,
                    790.8602150537635,
                    532.95703125,
                    810.3275434243177
                ],
                [
                    246.9298910498619,
                    790.9325462069958,
                    329.58826780319214,
                    789.5549867691533,
                    329.8319019675255,
                    804.1716721552872,
                    247.17352521419525,
                    805.5492315931297
                ],
                [
                    472.01815193891525,
                    778.6072879914315,
                    472.2648681998253,
                    759.1199088905151,
                    533.7186804413795,
                    759.8977287046371,
                    533.4719641804695,
                    779.3851078055534
                ],
                [
                    244.576171875,
                    776.8680727874276,
                    244.576171875,
                    756.7923904052936,
                    302.982421875,
                    756.7923904052936,
                    302.982421875,
                    776.8680727874276
                ],
                [
                    473.333984375,
                    724.5496277915634,
                    473.333984375,
                    704.4739454094293,
                    532.95703125,
                    704.4739454094293,
                    532.95703125,
                    724.5496277915634
                ],
                [
                    245.79296875,
                    719.6827956989248,
                    245.79296875,
                    702.0405293631101,
                    348.00390625,
                    702.0405293631101,
                    348.00390625,
                    719.6827956989248
                ],
                [
                    483.068359375,
                    683.7899090157155,
                    483.068359375,
                    663.7142266335815,
                    532.3486328125,
                    663.7142266335815,
                    532.3486328125,
                    683.7899090157155
                ],
                [
                    245.63511341810226,
                    660.344218693458,
                    348.29722529649734,
                    658.2203265143585,
                    348.74810260534286,
                    680.0110147001332,
                    246.08599072694778,
                    682.1349068792326
                ],
                [
                    473.0773905515671,
                    631.6351373891775,
                    533.3525050878525,
                    630.6471562160748,
                    533.7294120788574,
                    653.6388088885766,
                    473.454297542572,
                    654.6267900616793
                ],
                [
