{
    "predictions": [
        {
            "rec_texts": [
                "CASHIER: 473017",
                "1.52",
                "25.39",
                "SR @ 6.00%",
                "TAX(RM)",
                "AMOUNT(RM)",
                "GST SUMMARY",
                "CHEAMES",
                "0.10",
                "0.00",
                "CHENGE",
                "0.00",
                "VOICENT",
                "27.00",
                "CASH",
                "25.90",
                "TOTAL QTY: 1",
                "26.90",
                "26.90",
                "U",
                "S",
                "AMOUNT (RM)",
                "I059C107100",
                "SOLD TO : CAST",
                ":",
                "TAX INVOICE",
                "6P49/2-"
            ],
            "rec_scores": [
                0.9878784418106079,
                0.9988090395927429,
                0.9278551816940308,
                0.9935364961624146,
                0.9975490740367344,
                0.9975761711597443,
                0.9993273615837097,
                0.7924517393112183,
                0.8673106208443642,
                0.9998412132263184,
                0.9382475316524506,
                0.999901071190834,
                0.6832768278462547,
                0.9996611714363098,
                0.998929500579834,
                0.9994790554046631,
                0.9960776517788569,
                0.9998182535171509,
                0.9990010619163513,
                0.7497873902320862,
                0.9958292841911316,
                0.9267380969090895,
                0.7302160859107971,
                0.9128032262836184,
                0.7707661986351013,
                0.9977031621066007,
                0.7635574894292014
            ],
            "det_polygons": [
                [
                    70.78805208206177,
                    1080.7975922085802,
                    293.5290775299072,
                    1080.0790016206163,
                    293.58241081237793,
                    1096.6085994131308,
                    70.84139060974121,
                    1097.3271900010948
                ],
                [
                    594.0,
                    1042.3064997018487,
                    594.0,
                    1016.8676207513417,
                    655.875,
                    1016.8676207513417,
                    655.875,
                    1042.3064997018487
                ],
                [
                    399.1847229003906,
                    1017.7419815017983,
                    473.33846282958984,
                    1016.1121018920971,
                    473.8516540527344,
                    1039.462015678574,
                    399.69791412353516,
                    1041.0918952882753
                ],
                [
                    68.71838188171387,
                    1018.2675379444321,
                    216.5058307647705,
                    1017.5096691042878,
                    216.5940341949463,
                    1034.7081721743161,
                    68.80658531188965,
                    1035.4660410144604
                ],
                [
                    550.6875,
                    1010.6797014030589,
                    550.6875,
                    989.3660460661478,
                    652.4375,
                    989.3660460661478,
                    652.4375,
                    1010.6797014030589
                ],
                [
                    327.14710998535156,
                    1007.8244746099574,
                    327.3401336669922,
                    989.9654590513427,
                    469.00801849365234,
                    991.4971430305932,
                    468.8149948120117,
                    1009.3561585892079
                ],
                [
                    68.64550495147705,
                    1005.1397892878606,
                    68.88510608673096,
                    987.8879080802541,
                    229.69087982177734,
                    990.1213970696137,
                    229.45127868652344,
                    1007.3732782772204
                ],
                [
                    444.6835517883301,
                    947.9823788555876,
                    444.9640235900879,
                    921.3377918477704,
                    536.3551979064941,
                    922.2997733146291,
                    536.0747261047363,
                    948.9443603224462
                ],
                [
                    596.75,
                    943.3011329755516,
                    596.75,
                    923.3625521765057,
                    656.5625,
                    923.3625521765057,
                    656.5625,
                    943.3011329755516
                ],
                [
                    595.907283782959,
                    885.6920226432059,
                    653.5092430114746,
                    884.0223612139889,
                    654.0257911682129,
                    901.8434413666517,
                    596.4238319396973,
                    903.5131027958688
                ],
                [
                    442.75,
                    906.8616577221229,
                    442.75,
                    882.1103160405486,
                    534.1875,
                    882.1103160405486,
                    534.1875,
                    906.8616577221229
                ],
                [
                    595.375,
                    864.9218843172332,
                    595.375,
                    844.9833035181873,
                    653.8125,
                    844.9833035181873,
                    653.8125,
                    864.9218843172332
                ],
                [
                    429.0,
                    866.984496124031,
                    429.0,
                    842.9206917113894,
                    532.8125,
                    842.9206917113894,
                    532.8125,
                    866.984496124031
                ],
                [
                    579.4497909545898,
                    808.5980456812296,
                    652.3310852050781,
                    807.7970379059984,
                    652.5203323364258,
                    825.0212229101446,
                    579.6390380859375,
                    825.8222306853758
                ],
                [
                    473.0,
                    827.7948717948718,
                    473.0,
                    803.0435301132976,
                    535.5625,
                    803.0435301132976,
                    535.5625,
                    827.7948717948718
                ],
                [
                    580.8783760070801,
                    770.0946157747745,
                    655.7845726013184,
                    769.2803473930381,
                    655.9772605895996,
                    787.0122961272921,
                    581.0710639953613,
                    787.8265645090285
                ],
                [
                    69.28100395202637,
                    745.8618645210244,
                    69.52647972106934,
                    726.6314672516725,
                    245.60312271118164,
                    728.8793918379873,
                    245.35764694213867,
                    748.1097891073392
                ],
                [
                    578.6713180541992,
                    652.6251134081973,
                    654.1874694824219,
                    651.0010248228562,
                    654.630500793457,
                    671.6028038029452,
                    579.1143493652344,
                    673.2268923882864
                ],
                [
                    323.68065643310547,
                    651.9077817385725,
                    398.4931106567383,
