{
    "predictions": [
        {
            "rec_texts": [
                "THANK YOU & COME AGAIN!",
                "(PRICE INCLUSIVE OF GST)",
                "GST REG #000656195584",
                "SR = GST @0%:",
                "7.74",
                "0.46",
                "GST SUMMARY",
                "AMOUNT",
                "TAX(1)",
                "CHANGE",
                "$0.60",
                "CASH",
                "38.30",
                "YAMNUTHONT",
                "AMOUNT",
                "WATER TAIL SAL0",
                "GST @6%: $0.46",
                "TAXABLE AMOUNT: $8.20",
                "92.70",
                "1",
                "92.70",
                "SR I00100000003-PRIP",
                "95.50",
                "1",
                "$5.50",
                "SR I00100000060- 4 VEGE",
                ":PM",
                "INVOI",
                "TOTAL",
                "TAX INVOICE",
                "TAMPOI 81200 JOHOR BAHRU ",
                "(GST)6-U",
                "2 M DAY 2018 18:26"
            ],
            "rec_scores": [
                0.9886247178782588,
                0.9976659367481867,
                0.9941550408090863,
                0.9451064948852246,
                0.9963051974773407,
                0.9991189539432526,
                0.9998006062074141,
                0.9994879364967346,
                0.951103409131368,
                0.9990169902642568,
                0.935846996307373,
                0.9986327737569809,
                0.9644558310508728,
                0.6935379356145859,
                0.9996512234210968,
                0.6868528366088867,
                0.9976472215993064,
                0.9036736687024435,
                0.9117151737213135,
                0.9992062449455261,
                0.8993653297424317,
                0.8972474344074726,
                0.924636960029602,
                0.9989011287689209,
                0.9068713307380676,
                0.9827825660290925,
                0.6030402481555939,
                0.7831820487976074,
                0.9417482376098633,
                0.9875409548932855,
                0.9937846636772156,
                0.7773685157299042,
                0.8721391790442996
            ],
            "det_polygons": [
                [
                    1802.0170986652374,
                    3662.2261049049334,
                    2465.851680636406,
                    3657.308050503388,
                    2466.109529852867,
                    3692.12065975969,
                    1802.2749478816986,
                    3697.0387141612355
                ],
                [
                    1835.9445259869099,
                    3624.0347360853334,
                    1836.362643867731,
                    3575.5432520070785,
                    2441.908517986536,
                    3580.7641379003367,
                    2441.490400105715,
                    3629.255621978591
                ],
                [
                    1797.3932589888573,
                    3459.546665592088,
                    1797.3932589888573,
                    3415.9389307854585,
                    2465.9655246138573,
                    3415.9389307854585,
                    2465.9655246138573,
                    3459.546665592088
                ],
                [
                    1419.5047349631786,
                    3343.259372774409,
                    1419.5047349631786,
                    3289.961030232972,
                    1758.6355943381786,
                    3289.961030232972,
                    1758.6355943381786,
                    3343.259372774409
                ],
                [
                    2296.400390625,
                    3333.5690607734805,
                    2296.400390625,
                    3275.425414364641,
                    2402.984375,
                    3275.425414364641,
                    2402.984375,
                    3333.5690607734805
                ],
                [
                    2766.3388671875,
                    3328.723756906077,
                    2766.3388671875,
                    3270.5801104972375,
                    2877.767578125,
                    3270.5801104972375,
                    2877.767578125,
                    3328.723756906077
                ],
                [
                    1418.9531091451645,
                    3202.993089876122,
                    1748.5441389083862,
                    3197.5894404458736,
                    1749.416154205799,
                    3250.7943310816645,
                    1419.8251244425774,
                    3256.197980511913
                ],
                [
                    2165.5927734375,
                    3246.353591160221,
                    2165.5927734375,
                    3188.209944751381,
                    2393.294921875,
                    3188.209944751381,
                    2393.294921875,
                    3246.353591160221
                ],
                [
                    2722.736328125,
                    3236.6629834254145,
                    2722.736328125,
                    3178.5193370165744,
                    2872.9228515625,
                    3178.5193370165744,
                    2872.9228515625,
                    3236.6629834254145
                ],
                [
                    1408.312097787857,
                    3060.049823908516,
                    1410.4056441783905,
                    2988.857215839196,
                    1629.2264838814735,
                    2995.2941594413633,
                    1627.13293749094,
                    3066.486767510683
                ],
                [
                    2707.0433054566383,
                    2971.4305055734203,
                    2871.2772886157036,
                    2964.5866321542644,
                    2874.2916405797005,
                    3036.938517027797,
                    2710.057657420635,
                    3043.782390446953
                ],
                [
                    1409.8154296875,
                    2970.171270718232,
                    1409.8154296875,
                    2912.027624309392,
                    1584.2255859375,
                    2912.027624309392,
                    1584.2255859375,
                    2970.171270718232
                ],
                [
                    2708.2021484375,
                    2955.635359116022,
                    2708.2021484375,
                    2887.8011049723755,
                    2868.078125,
                    2887.8011049723755,
                    2868.078125,
                    2955.635359116022
                ],
                [
                    1424.1418810784817,
                    2825.0256745565002,
                    1797.0373856723309,
                    2819.620842190737,
                    1797.8798311054707,
                    2877.7520677766747,
                    1424.9843265116215,
                    2883.1569001424377
                ],
                [
                    2659.7548828125,
                    2800.585635359116,
                    2868.078125,
                    2800.585635359116,
                    2868.078125,
                    2858.729281767956,
                    2659.7548828125,
                    2858.729281767956
                ],
                [
                    2436.8974609375,
                    2747.2872928176794,
                    2436.8974609375,
                    2684.2983425414363,
                    2863.2333984375,
                    2684.2983425414363,
                    2863.2333984375,
                    2747.2872928176794
                ],
                [
                    2412.3413150012493,
                    2611.7897187122326,
                    2867.8525069355965,
