{
    "predictions": [
        {
            "rec_texts": [
                "PURPOSE **",
                "DATE : 24/10/2017",
                "0.17",
                "SR @ 6%",
                "2.83",
                "TAX(RM)",
                "GST SUMMARY",
                "AMOUNT(RM)",
                "2.00",
                "CHANGE",
                "5.00",
                "CASH",
                "0",
                ":",
                ":",
                "3.00",
                "FINAL TOTAL",
                "0.00",
                "ROUND ADJ",
                "3.00",
                "TOTAL",
                "0.00",
                "DISCOUNT",
                "3.00",
                "SR",
                "3.00",
                "1 X 3.0000",
                "PACK POSS",
                "1. 2000-0054",
                "OWNED BY :",
                "TAX INVOICE",
                "40170 SETIA ALAM"
            ],
            "rec_scores": [
                0.9955787301063538,
                0.9926300504628349,
                0.998828575015068,
                0.9996331078665597,
                0.9998737871646881,
                0.9996655072484698,
                0.9994201714342291,
                0.9998038530349731,
                0.9998715221881866,
                0.999925822019577,
                0.9999389052391052,
                0.9999015927314758,
                0.8241149187088013,
                0.9965692758560181,
                0.8396487236022949,
                0.9999019354581833,
                0.9974588589234785,
                0.9999238699674606,
                0.9988134304682413,
                0.9996408671140671,
                0.9997625231742859,
                0.9999264925718307,
                0.9992513880133629,
                0.9998555183410645,
                0.9932271838188171,
                0.9998915642499924,
                0.9972548007965087,
                0.7589460015296936,
                0.9826698948939642,
                0.9953064084053039,
                0.9999564723535017,
                0.9994129538536072
            ],
            "det_polygons": [
                [
                    252.42083176970482,
                    1344.8150760663225,
                    394.2084701061249,
                    1342.2827364981372,
                    394.4516957998276,
                    1355.9044236790623,
                    252.66403889656067,
                    1358.4367632472477
                ],
                [
                    326.1015625,
                    962.035891089109,
                    326.1015625,
                    949.2574257425742,
                    518.9638671875,
                    949.2574257425742,
                    518.9638671875,
                    962.035891089109
                ],
                [
                    522.9660624265671,
                    886.4421529738423,
                    523.3719336986542,
                    864.5212079038715,
                    572.7367234230042,
                    865.4355895794658,
                    572.330852150917,
                    887.3565346494366
                ],
                [
                    35.8955078125,
                    882.9311056105611,
                    35.8955078125,
                    865.8931518151816,
                    130.197265625,
                    865.8931518151816,
                    130.197265625,
                    882.9311056105611
                ],
                [
                    342.372321665287,
                    884.0720400165017,
                    342.7189275622368,
                    863.9660422951475,
                    390.1913842558861,
                    864.7846033077429,
                    389.8447783589363,
                    884.8906010290971
                ],
                [
                    484.1384410262108,
                    857.2591901218931,
                    484.3544105887413,
                    834.1496231532333,
                    569.5568538308144,
                    834.9460488498802,
                    569.3408842682838,
                    858.0556158185399
                ],
                [
                    38.30890083312988,
                    838.5021096408958,
                    172.14201924204826,
                    837.8677619959262,
                    172.19404354691505,
                    848.846433028923,
                    38.360925137996674,
                    849.4807806738926
                ],
                [
                    263.9451250731945,
                    851.8355177574032,
                    264.2283808887005,
                    834.7417057150661,
                    386.41232538223267,
                    836.7671614039456,
                    386.1290695667267,
                    853.8609734462826
                ],
                [
                    484.71846932172775,
                    812.8509924356694,
                    485.084013402462,
                    792.7439548001431,
                    533.795101583004,
                    793.629813115589,
                    533.4295575022697,
                    813.7368507511152
                ],
                [
                    246.96483385562897,
                    792.9139807672784,
                    330.8979731798172,
                    792.2202094553328,
                    331.0386356115341,
                    809.2419703014614,
                    247.1054962873459,
                    809.935741613407
                ],
                [
                    485.36760342121124,
                    763.1746638332656,
                    533.9620918035507,
                    762.3366415697357,
                    534.3190208673477,
                    783.0404413808691,
                    485.72453248500824,
                    783.8784636443992
                ],
                [
                    246.4013671875,
                    779.4863861386139,
                    246.4013671875,
                    760.0144389438944,
                    304.19921875,
                    760.0144389438944,
                    304.19921875,
                    779.4863861386139
                ],
                [
                    366.255859375,
                    745.4104785478548,
                    366.255859375,
                    741.7594884488449,
                    369.2978515625,
                    741.7594884488449,
                    369.2978515625,
                    745.4104785478548
                ],
                [
                    514.0966796875,
                    747.2359735973598,
                    514.0966796875,
                    739.325495049505,
                    530.5234375,
                    739.325495049505,
                    530.5234375,
                    747.2359735973598
                ],
                [
                    365.0390625,
                    739.93399339934,
                    381.4658203125,
                    739.93399339934,
                    381.4658203125,
                    746.0189768976898,
                    365.0390625,
                    746.0189768976898
                ],
                [
                    486.1103515625,
                    727.1555280528053,
                    486.1103515625,
                    706.4665841584159,
                    532.95703125,
                    706.4665841584159,
                    532.95703125,
                    727.1555280528053
                ],
                [
                    248.16198700666428,
                    705.9160238838825,
                    347.86420929431915,
                    704.5775057852466,
                    348.06844460964203,
                    719.7954612203164,
                    248.36622232198715,
                    721.1339793189525
                ],
                [
