{
    "predictions": [
        {
            "rec_texts": [
                "0.83",
                ": CHANGE",
                "0.30",
                "15.00",
                "CASH TENDERED",
                "TOTAL ROUNDED",
                "14.70",
                "14.70",
                "10.00",
                "1 ST CASHOLDCH",
                "4.70",
                "TOTAL",
                "QTY ITEM",
                "TAX INVOICE",
                "TEL NO. 06-2605-07-0",
                "SELANGOR",
                "(65351-M)"
            ],
            "rec_scores": [
                0.9996409714221954,
                0.9735540598630905,
                0.998650997877121,
                0.9999693393707275,
                0.9575639688051664,
                0.9930757238314702,
                0.9998570084571838,
                0.999800443649292,
                0.9999780178070068,
                0.7560452946594783,
                0.9997733682394028,
                0.9998974680900574,
                0.9570140838623047,
                0.9998562932014465,
                0.8275590896606445,
                0.9953145757317543,
                0.9901063839594523
            ],
            "det_polygons": [
                [
                    713.9436554908752,
                    1225.150901088249,
                    714.4763350486755,
                    1188.934063453826,
                    800.6945300102234,
                    1190.20175914342,
                    800.1618504524231,
                    1226.4185967778428
                ],
                [
                    17.680496275424957,
                    1128.835198839438,
                    18.476335108280182,
                    1090.2408834757418,
                    140.64895391464233,
                    1092.7596061918832,
                    139.8531150817871,
                    1131.3539215555793
                ],
                [
                    711.5625,
                    1127.4332765474162,
                    711.5625,
                    1090.6007950028393,
                    799.609375,
                    1090.6007950028393,
                    799.609375,
                    1127.4332765474162
                ],
                [
                    700.5093169212341,
                    1043.1448919847567,
                    799.476068019867,
                    1041.9381685099909,
                    799.9146485328674,
                    1077.8997124103848,
                    700.9478974342346,
                    1079.1064358851506
                ],
                [
                    22.433999180793762,
                    1069.019920821355,
                    22.515074610710144,
                    1047.4530834087523,
                    276.7591094970703,
                    1048.4088996397643,
                    276.6780614852905,
                    1069.9757370523673
                ],
                [
                    24.21666130423546,
                    998.0843416438192,
                    277.5517952442169,
                    997.1175591871186,
                    277.6479232311249,
                    1022.2984259376332,
                    24.312785863876343,
                    1023.2652083943339
                ],
                [
                    698.984375,
                    1030.41113003975,
                    698.984375,
                    991.7819420783646,
                    799.609375,
                    991.7819420783646,
                    799.609375,
                    1030.41113003975
                ],
                [
                    700.78125,
                    980.1033503691085,
                    700.78125,
                    945.0675752413401,
                    799.609375,
                    945.0675752413401,
                    799.609375,
                    980.1033503691085
                ],
                [
                    700.3648781776428,
                    882.666570868159,
                    701.2852501869202,
                    845.8571183975281,
                    798.9742064476013,
                    848.2990775338498,
                    798.053834438324,
                    885.1085300044808
                ],
                [
                    68.15774500370026,
                    828.2257303977676,
                    68.35024774074554,
                    803.1077001204483,
                    317.2922730445862,
                    805.015165416711,
                    317.0997977256775,
                    830.1331956940304
                ],
                [
                    712.9393291473389,
                    833.4805812543256,
                    713.5073232650757,
                    794.8597276244632,
                    800.8879375457764,
                    796.1446402883882,
                    800.3199434280396,
                    834.7654939182505
                ],
                [
                    697.1875,
                    786.0590573537763,
                    697.1875,
                    747.4298693923907,
                    799.609375,
                    747.4298693923907,
                    799.609375,
                    786.0590573537763
                ],
                [
                    20.510964766144753,
                    752.098356161383,
                    178.35076987743378,
                    749.0437139958431,
                    178.97689044475555,
                    781.389693286729,
                    21.137080192565918,
                    784.4443354522688
                ],
                [
                    302.7405905723572,
                    555.2153459643181,
                    515.6328248977661,
                    554.2389132290114,
                    515.7483100891113,
                    579.4170384231039,
                    302.8560757637024,
                    580.3934711584105
                ],
                [
                    221.8958979845047,
                    506.6871653984109,
                    593.8215088844299,
                    505.7433023533992,
                    593.8830900192261,
                    530.0101341927749,
                    221.95749282836914,
                    530.9539972377867
                ],
                [
                    321.2878632545471,
                    354.0977003020634,
                    475.82783222198486,
                    352.06445239715316,
                    476.2766671180725,
                    386.17232033828657,
                    321.73669815063477,
                    388.2055682431968
                ],
                [
                    301.76889181137085,
                    204.04581983004152,
                    475.0348448753357,
                    201.97095509864334,
                    475.4436492919922,
                    236.10346963201175,
                    302.17769622802734,
                    238.1783343634099
                ]
            ],
            "det_scores": [
                0.8827754259109497,
                0.87130206823349,
                0.8861985802650452,
                0.8892826437950134,
                0.932828962802887,
                0.9236334562301636,
                0.893424928188324,
                0.9115013480186462,
                0.8723885416984558,
                0.9105023145675659,
                0.8719938397407532,
                0.8670102953910828,
                0.8872893452644348,
                0.9275379180908203,
                0.9121556282043457,
                0.9048740863800049,
                0.8665112257003784
            ]
        }
    ],
    "visualization": []
}