{
    "predictions": [
        {
            "rec_texts": [
                "RETURNABLE",
                "CASH",
                "RM7.40",
                "ROUNDING",
                "-0.02",
                ":",
                "TOTAL",
                "RM",
                "42",
                "RM0.42",
                ": GST 6%",
                "ISST",
                "RM7.00",
                "TAX AMT",
                "NO",
                "1",
                "RM7.42",
                "S",
                "C01",
                "035857",
                "KL 001",
                "26-02-2011",
                "REG",
                "14:27",
                "1 X",
                "03-4043 7678",
                "TEL :",
                "1",
                "000511709542",
                "GST 10",
                ":",
                ":",
                "3180203"
            ],
            "rec_scores": [
                0.9845064759254456,
                0.9999894797801971,
                0.9997286101182302,
                0.9928340837359428,
                0.9998334765434265,
                0.9822238087654114,
                0.9707988977432251,
                0.9998016655445099,
                0.995787650346756,
                0.9998500943183899,
                0.9344804435968399,
                0.6475829556584358,
                0.9987299144268036,
                0.9848921895027161,
                0.9701128900051117,
                0.9964625239372253,
                0.9996132751305898,
                0.9942156672477722,
                0.8590474128723145,
                0.9983837505181631,
                0.9756583074728647,
                0.9324329912662506,
                0.9784299532572428,
                0.9993422627449036,
                0.6153067549069723,
                0.9565518995126089,
                0.9979913830757141,
                0.863731861114502,
                0.962357093890508,
                0.9794623851776123,
                0.7916774749755859,
                0.8404527306556702,
                0.999673707144601
            ],
            "det_polygons": [
                [
                    136.31953305006027,
                    851.2623915212592,
                    136.3566108942032,
                    839.2553734013175,
                    285.1072958111763,
                    839.7143603146415,
                    285.0702179670334,
                    851.7213784345834
                ],
                [
                    88.19663219153881,
                    702.6394779082733,
                    149.52095946669579,
                    701.6343321484745,
                    149.82999819517136,
                    720.4823063812545,
                    88.50566437840462,
                    721.4874521410534
                ],
                [
                    324.05004823207855,
                    717.0658049556394,
                    324.2166761159897,
                    701.7391372997955,
                    414.2259818315506,
                    702.7172838293989,
                    414.05935394763947,
                    718.0439514852427
                ],
                [
                    89.06993055343628,
                    678.600221457238,
                    208.6793662905693,
                    677.2360277951102,
                    208.8160074353218,
                    689.2119654058735,
                    89.20657169818878,
                    690.5761590680013
                ],
                [
                    338.93192261457443,
                    675.2581772110187,
                    414.76922327280045,
                    673.8000094841018,
                    415.08175522089005,
                    690.0492554864721,
                    339.24445456266403,
                    691.5074232133891
                ],
                [
                    330.5361328125,
                    668.6767485822306,
                    330.5361328125,
                    666.5335538752364,
                    333.9658203125,
                    666.5335538752364,
                    333.9658203125,
                    668.6767485822306
                ],
                [
                    88.99415254592896,
                    651.6279904918996,
                    163.91059079766273,
                    648.9905424352405,
                    164.48987650871277,
                    665.439561811422,
                    89.57343825697899,
                    668.0770098680811
                ],
                [
                    229.11252921819687,
                    650.9410798445992,
                    303.66730803251266,
                    648.1387062577535,
                    304.2782943844795,
                    664.3879522601238,
                    229.72351557016373,
                    667.1903258469696
                ],
                [
                    353.0557552576065,
                    664.5053151929311,
                    353.4529618024826,
                    647.4288253351511,
                    411.7859090566635,
                    648.7851703838501,
                    411.3887025117874,
                    665.86166024163
                ],
                [
                    324.0329877138138,
                    609.0011244775668,
                    324.3741980791092,
                    593.3073510096069,
                    413.43873834609985,
                    595.2432376738983,
                    413.09752798080444,
                    610.9370111418582
                ],
                [
                    86.94664831459522,
                    593.701508376008,
                    178.27845165133476,
                    593.1885230022929,
                    178.39171308279037,
                    613.3459598995563,
                    87.0599162876606,
                    613.8589452732714
                ],
                [
                    86.61739601194859,
                    568.1226155906635,
                    132.97892919182777,
                    566.759259113968,
                    133.586605489254,
                    587.4169143071022,
                    87.22507885098457,
                    588.7802707837976
                ],
                [
                    324.5138483643532,
                    581.649334566805,
                    324.5774328112602,
                    569.6387584087754,
                    413.30222803354263,
                    570.1081054918258,
                    413.2386435866356,
                    582.1186816498554
                ],
                [
                    149.16652196645737,
                    569.6771119663982,
                    240.03254306316376,
                    569.1964628800102,
                    240.11891847848892,
                    585.5160324587039,
                    149.25289738178253,
                    585.9966815450917
                ],
                [
                    270.3185216188431,
                    533.074109082862,
                    270.7755969762802,
                    510.68044524742663,
                    306.7373378276825,
                    511.4142382789425,
                    306.28026247024536,
                    533.8079021143778
                ],
                [
                    240.35190445184708,
                    524.6052982207733,
                    252.07991176843643,
                    510.27352080318116,
                    266.4374892115593,
                    522.0186045309547,
                    254.70948189496994,
                    536.3503819485468
                ],
                [
                    324.00373363494873,
                    486.5550633450312,
                    411.9171075820923,
                    485.5561964759755,
                    412.08802676200867,
                    500.59560488032037,
