{
    "predictions": [
        {
            "rec_texts": [
                "OPERATOR TRAINEE",
                "T1 R000383211",
                "RM 1.49",
                "RM 4.00",
                "CHANGE",
                "RM 30.40",
                "CASH",
                "RM 26.40",
                "TOTAL INCL. GST@6%",
                "QTY(S) : 6",
                "ITEM(S) : 2",
                "18.90",
                "3 X 6.30",
                "8711015",
                "JD31/2 - 10/600",
                "*S",
                "CHI PINARA 2.COP",
                "7.50",
                "3 X 2.50",
                "9067886",
                "MR11/2 - 10/300",
                "*S",
                "POIN NOTE SUB (500ML)BRE",
                "-TAX INVOICE-",
                "(KEPONG)",
                "(GST ID NO :000473792512)",
                "CO-REG:750441-"
            ],
            "rec_scores": [
                0.9514498077332973,
                0.9779910215964684,
                0.9989740337644305,
                0.9997877393450055,
                0.9999218285083771,
                0.9995818138122559,
                0.999961793422699,
                0.9996320083737373,
                0.9958114789591895,
                0.9975486755371094,
                0.9950750849463723,
                0.9999032378196716,
                0.9970158040523529,
                0.9988475952829633,
                0.9027352452278137,
                0.9973174035549164,
                0.7235171850770712,
                0.9942356795072556,
                0.9992244392633438,
                0.9566225579806736,
                0.9128188788890839,
                0.9983757734298706,
                0.6877476970354716,
                0.9989861158224252,
                0.8960167206823826,
                0.92743967294693,
                0.98833715064185
            ],
            "det_polygons": [
                [
                    62.67026138305664,
                    1600.3533240925335,
                    62.79993653297424,
                    1579.4724971332055,
                    354.6321334838867,
                    1581.2852897357984,
                    354.5024583339691,
                    1602.1661166951264
                ],
                [
                    568.8241124153137,
                    1555.9550066166742,
                    568.8241124153137,
                    1532.4327304808116,
                    802.2772374153137,
                    1532.4327304808116,
                    802.2772374153137,
                    1555.9550066166742
                ],
                [
                    620.9567127227783,
                    1428.8689504386994,
                    752.5243010520935,
                    1427.856738776639,
                    752.7653617858887,
                    1459.197866122629,
                    621.1977734565735,
                    1460.2100777846892
                ],
                [
                    677.5501594543457,
                    1327.8084746950988,
                    809.027575969696,
                    1326.7479814513433,
                    809.3086185455322,
                    1361.600477221152,
                    677.8312020301819,
                    1362.6609704649075
                ],
                [
                    57.273317486047745,
                    1358.9650898291038,
                    57.58288434147835,
                    1325.838182042967,
                    170.94539618492126,
                    1326.8978245099527,
                    170.63582932949066,
                    1360.0247322960893
                ],
                [
                    661.1019911766052,
                    1282.4526079646491,
                    808.2517580986023,
                    1281.464856134725,
                    808.4330587387085,
                    1308.482335935777,
                    661.2832918167114,
                    1309.4700877657008
                ],
                [
                    56.62109375,
                    1311.1490957212175,
                    56.62109375,
                    1275.4300838112042,
                    138.50390625,
                    1275.4300838112042,
                    138.50390625,
                    1311.1490957212175
                ],
                [
                    662.03125,
                    1263.2333480370535,
                    662.03125,
                    1230.9991177767974,
                    809.24609375,
                    1230.9991177767974,
                    809.24609375,
                    1263.2333480370535
                ],
                [
                    63.568344205617905,
                    1233.6199356166603,
                    393.700879573822,
                    1232.715347216,
                    393.75822055339813,
                    1253.6406272615586,
                    63.62567853927612,
                    1254.5452156622189
                ],
                [
                    630.671875,
                    1164.7882664314072,
                    630.671875,
                    1135.1676224084695,
                    808.375,
                    1135.1676224084695,
                    808.375,
                    1164.7882664314072
                ],
                [
                    63.37658289074898,
                    1159.9841427056338,
                    63.986545234918594,
                    1128.872299699148,
                    265.96846437454224,
                    1132.8330909516983,
                    265.3585020303726,
                    1163.944933958184
                ],
                [
                    678.58203125,
                    1068.0855756506396,
                    678.58203125,
                    1030.6241729157477,
                    776.14453125,
                    1030.6241729157477,
                    776.14453125,
                    1068.0855756506396
                ],
                [
                    472.014408826828,
                    1035.0709703981377,
                    643.5277917385101,
                    1033.1105680259566,
                    643.8613636493683,
                    1062.304334804567,
                    472.34798073768616,
                    1064.264737176748
                ],
                [
                    62.6155920624733,
                    1030.6873430909172,
                    189.75267922878265,
                    1029.6781091475518,
                    189.97405475378036,
                    1057.5752921287426,
                    62.83696758747101,
                    1058.584526072108
                ],
                [
                    64.3945979475975,
                    1006.1694454400089,
                    64.47549206018448,
                    981.8138334579703,
                    342.39768981933594,
                    982.7373516417623,
                    342.3167691230774,
                    1007.0929636238008
                ],
                [
                    770.3130307197571,
                    969.2798710416265,
                    772.1912202835083,
                    929.8336061024172,
                    816.7648067474365,
                    931.9565068376606,
                    814.8866171836853,
                    971.4027717768699
                ],
                [
                    65.33203125,
                    953.0876748615495,
                    65.33203125,
                    934.7925712003233,
                    356.27729058265686,
                    934.7925712003233,
                    356.27729058265686,
                    953.0876748615495
                ],
                [
                    698.1709539890289,
                    915.4226174373484,
                    698.7468626499176,
                    879.7128577247084,
                    777.391783952713,
