{
    "predictions": [
        {
            "rec_texts": [
                "THANK YOU & COME AGAIN!",
                "(PRICE INCLUSIVE OF GST)",
                "BAR WANG RICE@PERMAS JAYA",
                "GST REG #000656195584",
                "SR = GST @6%",
                "0.46",
                "7.74",
                "AMOUNT:",
                "GSTSUMMARY",
                "TAX(4)",
                "CHANGE",
                "$0.00",
                "CASH",
                "183.6",
                "PAYMENT MODE",
                "AMOUNT",
                "NETT TOTAL: $8.20",
                "GST @6%: $0.46",
                "TOTAL AMOUNT: $8.20",
                "$1.10",
                "1",
                "$1.16",
                "$1.10",
                "1",
                "$7.10",
                "QTY",
                "TOTAL",
                "ITEM",
                "TAX INVOICE",
                "(632584)",
                "07 MAY 2018 18:22"
            ],
            "rec_scores": [
                0.992392387079156,
                0.9986586943268776,
                0.995257568359375,
                0.977677359467461,
                0.9480736578504244,
                0.9947788119316101,
                0.9782074689865112,
                0.925964321408953,
                0.9863452434539794,
                0.8356589823961258,
                0.9981953203678131,
                0.8680051624774933,
                0.9987271577119827,
                0.8788434147834778,
                0.9963493645191193,
                0.999510278304418,
                0.9735474691671484,
                0.9969296455383301,
                0.9976486218603033,
                0.8457316160202026,
                0.999931812286377,
                0.9394981741905213,
                0.9278213620185852,
                0.9644458293914795,
                0.8852063894271851,
                0.9396388729413351,
                0.998620331287384,
                0.9305964410305023,
                0.9997284737500277,
                0.712970569729805,
                0.9007683817078086
            ],
            "det_polygons": [
                [
                    381.75854086875916,
                    837.9717230190888,
                    526.2331545352936,
                    835.7663167879725,
                    526.3534677028656,
                    843.6455077281972,
                    381.8788540363312,
                    845.8509139593134
                ],
                [
                    389.1358816623688,
                    827.8100164423989,
                    389.2239439487457,
                    817.2475726723012,
                    522.1053636074066,
                    818.3547813457678,
                    522.0173013210297,
                    828.9172251158656
                ],
                [
                    354.3524372577667,
                    800.4039306219111,
                    556.8297457695007,
                    799.3213094216025,
                    556.8863296508789,
                    809.8948239911326,
                    354.4089889526367,
                    810.9774451914412
                ],
                [
                    380.7421875,
                    791.9730662983425,
                    380.7421875,
                    780.3729281767955,
                    529.453125,
                    780.3729281767955,
                    529.453125,
                    791.9730662983425
                ],
                [
                    299.53125,
                    763.5,
                    299.53125,
                    755.0635359116021,
                    372.3046875,
                    755.0635359116021,
                    372.3046875,
                    763.5
                ],
                [
                    592.734375,
                    764.5545580110497,
                    592.734375,
                    751.899861878453,
                    615.9375,
                    751.899861878453,
                    615.9375,
                    764.5545580110497
                ],
                [
                    489.375,
                    764.5545580110497,
                    489.375,
                    751.899861878453,
                    512.578125,
                    751.899861878453,
                    512.578125,
                    764.5545580110497
                ],
                [
                    462.7970230579376,
                    744.5119054804849,
                    463.13427329063416,
                    732.7104332855392,
                    511.7006242275238,
                    734.097887660917,
                    511.36337399482727,
                    745.8993598558626
                ],
                [
                    298.27523589134216,
                    744.2301150158623,
                    298.6579978466034,
                    732.7481512417451,
                    371.4208781719208,
                    735.1732999685719,
                    371.03811621665955,
                    746.6552637426893
                ],
                [
                    581.8977570533752,
                    744.3798282686517,
                    582.4115824699402,
                    731.5347401318629,
                    616.3182663917542,
                    732.8907843321067,
                    615.8044409751892,
                    745.7358724688956
                ],
                [
                    298.2031059265137,
                    703.1960038243077,
                    298.65339517593384,
                    687.8871478929045,
                    345.1744866371155,
                    689.2552927343885,
                    344.7241973876953,
                    704.5641486657917
                ],
                [
                    581.1328125,
                    702.3356353591159,
                    581.1328125,
                    687.5718232044198,
                    615.9375,
                    687.5718232044198,
                    615.9375,
                    702.3356353591159
                ],
                [
                    299.53125,
                    683.353591160221,
                    299.53125,
                    670.6988950276243,
                    336.4453125,
                    670.6988950276243,
                    336.4453125,
                    683.353591160221
                ],
                [
                    581.1328125,
                    683.353591160221,
                    581.1328125,
                    668.5897790055249,
                    615.9375,
                    668.5897790055249,
                    615.9375,
                    683.353591160221
                ],
                [
                    299.53125,
                    663.3169889502763,
                    299.53125,
                    651.7168508287292,
                    383.90625,
                    651.7168508287292,
                    383.90625,
                    663.3169889502763
                ],
                [
                    569.53125,
                    662.2624309392264,
                    569.53125,
                    649.6077348066298,
                    615.9375,
                    649.6077348066298,
                    615.9375,
                    662.2624309392264
                ],
                [
                    523.0732119083405,
                    626.4341700854222,
                    615.8845853805542,
                    625.288471074394,
                    616.0277509689331,
                    636.8868069727775,
                    523.2164096832275,
                    638.0325059838058
                ],
                [
                    516.7476940155029,
                    608.4683222902413,
                    615.8871603012085,
                    607.3156718470115,
                    616.010627746582,
