{
    "predictions": [
        {
            "rec_texts": [
                "0.00",
                "1.45",
                "ZRL = 0%",
                "TAX (RM)",
                "AMOUNT (RM)",
                "GST SUMMARY",
                "8.55",
                "CHANGE:",
                "10.00",
                "CASH",
                "CUSTOMER'S PAYMENT",
                "1.46",
                "TOTAL INCLUDES GST 0%",
                "*TOTAL CON: 10.00",
                "1.45",
                "ZRL",
                "1.45",
                "1.45",
                "WALK",
                "1.45",
                "1",
                "TAX CODE",
                "TAX",
                "PRICE",
                "QTY UOM",
                "CASHIER :",
                "COUNTER 4",
                "TRN: CR00051401",
                "TAX INVOICE",
                "GST NO.:",
                "016-5498845",
                "BR NO.: (25426-K)",
                "SON BHD"
            ],
            "rec_scores": [
                0.9998859912157059,
                0.997961238026619,
                0.9613622054457664,
                0.9993753060698509,
                0.9988789395852522,
                0.9996560432694175,
                0.9971725940704346,
                0.9415366138730731,
                0.9975908279418946,
                0.9999525249004364,
                0.9638552433914609,
                0.9946870654821396,
                0.9757465180896577,
                0.9048865139484406,
                0.9964617490768433,
                0.9982097347577413,
                0.9975205510854721,
                0.9969037920236588,
                0.9852122813463211,
                0.9973649233579636,
                0.9998457431793213,
                0.9996970370411873,
                0.9974870880444845,
                0.9993704915046692,
                0.9797358768326896,
                0.9321797688802084,
                0.9717362390624152,
                0.9348208606243134,
                0.9992038878527555,
                0.9914262667298317,
                0.9830893765796315,
                0.8309483948875876,
                0.9017108508518764
            ],
            "det_polygons": [
                [
                    784.5546875,
                    1523.6149897330597,
                    784.5546875,
                    1489.9389117043122,
                    857.3671875,
                    1489.9389117043122,
                    857.3671875,
                    1523.6149897330597
                ],
                [
                    585.23046875,
                    1522.7048254620124,
                    585.23046875,
                    1488.1185831622176,
                    654.40234375,
                    1488.1185831622176,
                    654.40234375,
                    1522.7048254620124
                ],
                [
                    97.31656411290169,
                    1490.9008504565982,
                    249.30515146255493,
                    1489.8304741642069,
                    249.49091577529907,
                    1516.2110167078415,
                    97.50232148170471,
                    1517.2813930002326
                ],
                [
                    701.73046875,
                    1467.1848049281316,
                    701.73046875,
                    1428.957905544148,
                    853.7265625,
                    1428.957905544148,
                    853.7265625,
                    1467.1848049281316
                ],
                [
                    428.57971239089966,
                    1463.5257045738017,
                    428.9016890525818,
                    1429.7227457348083,
                    650.9423723220825,
                    1431.8374999749342,
                    650.6203956604004,
                    1465.6404588139278
                ],
                [
                    98.94929993152618,
                    1455.086241923808,
                    99.39968395233154,
                    1428.5139338123236,
                    340.6297540664673,
                    1432.6025623736687,
                    340.1793700456619,
                    1459.1748704851532
                ],
                [
                    778.7926607131958,
                    1396.0293354762898,
                    779.3321771621704,
                    1358.799483720282,
                    864.090811252594,
                    1360.0278499532774,
                    863.5512948036194,
                    1397.2577017092851
                ],
                [
                    95.28964853286743,
                    1394.1572324529566,
                    95.886883020401,
                    1355.337481927578,
                    238.00563716888428,
                    1357.5240093756017,
                    237.4084026813507,
                    1396.3437599009803
                ],
                [
                    758.8645496368408,
                    1306.181167320549,
                    862.6090297698975,
                    1305.0021312799788,
                    862.9818916320801,
                    1337.815597565512,
                    759.2374114990234,
                    1338.9946336060825
                ],
                [
                    91.92578125,
                    1337.941478439425,
                    91.92578125,
                    1296.9840862422998,
                    193.86328125,
                    1296.9840862422998,
                    193.86328125,
                    1337.941478439425
                ],
                [
                    94.59726816415787,
                    1246.5405202626694,
                    467.71132040023804,
                    1243.6702585709904,
                    467.88308572769165,
                    1266.0030588388934,
                    94.76901960372925,
                    1268.8733205305723
                ],
                [
                    779.09375,
                    1216.8896303901438,
                    779.09375,
                    1176.8424024640658,
                    865.55859375,
                    1176.8424024640658,
                    865.55859375,
                    1216.8896303901438
                ],
                [
                    97.38671875,
                    1208.6981519507187,
                    97.38671875,
                    1180.4830595482547,
                    538.8125,
                    1180.4830595482547,
                    538.8125,
                    1208.6981519507187
                ],
                [
                    97.35022139549255,
                    1117.7050566937644,
                    366.7363339662552,
                    1116.7217859663758,
                    366.8260496854782,
                    1141.3091093529422,
                    97.43993711471558,
                    1142.2923800803308
                ],
                [
                    780.00390625,
                    1150.447638603696,
                    780.00390625,
                    1110.400410677618,
                    864.6484375,
                    1110.400410677618,
                    864.6484375,
                    1150.447638603696
                ],
                [
                    784.5546875,
                    1058.5210472279261,
                    784.5546875,
                    1024.8449691991786,
                    864.6484375,
                    1024.8449691991786,
                    864.6484375,
                    1058.5210472279261
                ],
                [
                    693.1714224815369,
                    1026.1192213994523,
                    769.6486568450928,
                    1024.6197613161937,
                    770.3080534934998,
                    1058.2471757767382,
                    693.8308191299438,
