{
    "predictions": [
        {
            "rec_texts": [
                "LOT 18, AMA FAMBUNAI 7/4,",
                "THANK YOU & COME AGAIN!",
                "(PRICE INCLUSIVE OF GST):",
                "BAR WANG RICE@PERMAS JAYA",
                "GST REG #000656195584",
                "SR = GST @6%",
                "0.46",
                "7",
                "AMOUNT($)",
                "GST SUMMARY",
                "TY(R)",
                "$0.00",
                "CHANGE",
                "SR2",
                "CASH",
                "AMOUNT",
                "PAYMENT MODE",
                "NETT TOTAL: $8.20",
                "GST @6%: $0.49",
                "TOTAL AMOUNT: $8.20",
                "$1.10",
                "$11.0",
                "1",
                "$7.10",
                "$7.10",
                "1",
                "PAS",
                "ITEM",
                "TOTAL :",
                "TAX INVOICE",
                "(867388-U)",
                "26 MAY 2018 18:14"
            ],
            "rec_scores": [
                0.620158184170723,
                0.9640272803928541,
                0.9752461385726928,
                0.9927642679214478,
                0.9912891558238438,
                0.993820975224177,
                0.999379888176918,
                0.9006696939468384,
                0.948036703798506,
                0.998554300178181,
                0.6749255001544953,
                0.8833561658859252,
                0.9834646979967753,
                0.5474486450354258,
                0.9983115047216415,
                0.9999586939811707,
                0.9870628366867701,
                0.9473184452337378,
                0.9548588288681847,
                0.991434981948451,
                0.9711246967315674,
                0.8984832167625427,
                0.38344553112983704,
                0.9882954239845276,
                0.9949739336967468,
                0.998199462890625,
                0.5253697633743286,
                0.9535635709762573,
                0.9875646233558655,
                0.9864435791969299,
                0.9964659750461579,
                0.9486427096759572
            ],
            "det_polygons": [
                [
                    416.5762960910797,
                    867.7849325395529,
                    599.0242624282837,
                    866.6861342426125,
                    599.0878629684448,
                    877.242423468554,
                    416.639928817749,
                    878.3412217654943
                ],
                [
                    433.4531307220459,
                    850.919208861794,
                    581.0932874679565,
                    849.8177076523275,
                    581.1723375320435,
                    860.4082337702669,
                    433.5321807861328,
                    861.5097349797334
                ],
                [
                    442.92465448379517,
                    832.9976117122125,
                    574.7513222694397,
                    831.8901898372125,
                    574.8400282859802,
                    842.4422316291842,
                    443.0133605003357,
                    843.5496535041842
                ],
                [
                    408.1640625,
                    825.5899581589958,
                    408.1640625,
                    815.0460251046026,
                    610.6640625,
                    815.0460251046026,
                    610.6640625,
                    825.5899581589958
                ],
                [
                    435.54670214653015,
                    797.1374276771705,
                    582.1401214599609,
                    796.0437777850419,
                    582.2189140319824,
                    806.5950473162919,
                    435.62546253204346,
                    807.6886972084205
                ],
                [
                    352.1817147731781,
                    769.7765520806093,
                    427.04508662223816,
                    768.5693798623823,
                    427.2308027744293,
                    780.0796684999347,
                    352.36743092536926,
                    781.2868407181617
                ],
                [
                    645.46875,
                    780.2510460251046,
                    645.46875,
                    767.5983263598328,
                    669.7265625,
                    767.5983263598328,
                    669.7265625,
                    780.2510460251046
                ],
                [
                    542.109375,
                    781.305439330544,
                    542.109375,
                    767.5983263598328,
                    567.421875,
                    767.5983263598328,
                    567.421875,
                    781.305439330544
                ],
                [
                    515.7421875,
                    761.2719665271967,
                    515.7421875,
                    749.673640167364,
                    564.2578125,
                    749.673640167364,
                    564.2578125,
                    761.2719665271967
                ],
                [
                    352.265625,
                    760.2175732217573,
                    352.265625,
                    748.6192468619247,
                    425.0390625,
                    748.6192468619247,
                    425.0390625,
                    760.2175732217573
                ],
                [
                    637.03125,
                    763.3807531380754,
                    637.03125,
                    747.5648535564854,
                    670.78125,
                    747.5648535564854,
                    670.78125,
                    763.3807531380754
                ],
                [
                    634.921875,
                    718.0418410041841,
                    634.921875,
                    703.2803347280335,
                    669.7265625,
                    703.2803347280335,
                    669.7265625,
                    718.0418410041841
                ],
                [
                    350.9253466129303,
                    719.2273255671417,
                    351.46846175193787,
                    702.9375153226334,
                    400.000501871109,
                    704.5547579841135,
                    399.45738673210144,
                    720.8445682286219
                ],
                [
                    635.9765625,
                    699.0627615062762,
                    635.9765625,
                    686.4100418410043,
                    668.671875,
                    686.4100418410043,
                    668.671875,
                    699.0627615062762
                ],
                [
                    351.2109375,
                    700.1171548117155,
                    351.2109375,
                    685.3556485355649,
                    392.34375,
                    685.3556485355649,
                    392.34375,
                    700.1171548117155
                ],
                [
                    624.375,
                    679.029288702929,
                    624.375,
                    667.4309623430963,
                    669.7265625,
                    667.4309623430963,
                    669.7265625,
                    679.029288702929
                ],
                [
                    353.3203125,
                    679.029288702929,
                    353.3203125,
                    667.4309623430963,
                    437.6953125,
                    667.4309623430963,
                    437.6953125,
                    679.029288702929
                ],
                [
                    577.96875,
                    653.723849372385,
                    577.96875,
