{
    "predictions": [
        {
            "rec_texts": [
                "SIRINGLE WO EA",
                "REFUND :",
                "T1 R0001170532",
                "RM 0.28",
                "CASH",
                "RM 5.00",
                "TOTAL INCL. GST@6%",
                "RM 5.00",
                "ITEM(S) : 1",
                "QTY(S) : 2",
                "9033392",
                "X",
                "2",
                "2.50",
                "5.00",
                "JOILL: 12 1 42030",
                "MEI SOICK ST",
                "*S",
                "-TAX INVOICE-",
                "(INC WINGHICE",
                "CO. REG : GST(S) 10 VT1",
                ": 6",
                ": OWNER",
                ":VIMAR :",
                "S/ = GEF.",
                ":SAP"
            ],
            "rec_scores": [
                0.710364043712616,
                0.9113768637180328,
                0.8909406938723156,
                0.9993486830166408,
                0.999875396490097,
                0.9996152690478733,
                0.9724810520807902,
                0.9996163419314793,
                0.9863716038790616,
                0.9972212791442872,
                0.980203356061663,
                0.8211159706115723,
                0.9985212683677673,
                0.9998265653848648,
                0.9997911304235458,
                0.705463096499443,
                0.7247036322951317,
                0.997961014509201,
                0.9967181132389948,
                0.6869534907432703,
                0.6920257638330045,
                0.8929605285326639,
                0.6900759296757835,
                0.5914360657334328,
                0.6012084517214034,
                0.5949775651097298
            ],
            "det_polygons": [
                [
                    207.17534838616848,
                    1010.6665959217057,
                    488.2700357437134,
                    1000.536655291065,
                    488.9678349494934,
                    1019.9009758574007,
                    207.87313520908356,
                    1030.0309164880416
                ],
                [
                    484.8127398490906,
                    998.7585116059341,
                    588.9394587278366,
                    994.7534532237139,
                    589.7354292869568,
                    1015.4486324599503,
                    485.60871040821075,
                    1019.4536908421705
                ],
                [
                    514.1901458501816,
                    828.9788283365298,
                    721.9772944450378,
                    821.9647256458709,
                    722.6844055652618,
                    842.9145056548962,
                    514.8972569704056,
                    849.9286083455551
                ],
                [
                    558.7123900651932,
                    758.2276511732852,
                    670.9395829439163,
                    755.3743393219765,
                    671.5153366327286,
                    778.0212266612139,
                    559.2881437540054,
                    780.8745385125226
                ],
                [
                    56.529524490237236,
                    708.6228513862252,
                    124.00087040662766,
                    707.5166754216493,
                    124.45394705235958,
                    735.1552239042757,
                    56.98260113596916,
                    736.2613998688515
                ],
                [
                    605.1399114131927,
                    689.1623372983416,
                    716.450871348381,
                    687.2914674173624,
                    716.8185929059982,
                    709.1698963151512,
                    605.5076329708099,
                    711.0407661961304
                ],
                [
                    59.850299298763275,
                    679.4314363224842,
                    348.87233582139015,
                    670.1891310709048,
                    349.41921266913414,
                    687.2920618160537,
                    60.39717614650726,
                    696.5343670676331
                ],
                [
                    602.81718313694,
                    654.1585946313741,
                    714.9055888652802,
                    653.2472823711079,
                    715.1042100191116,
                    677.6780592494923,
                    603.0158042907715,
                    678.5893715097585
                ],
                [
                    56.267490684986115,
                    609.4335604340591,
                    229.14412343502045,
                    602.6978344638425,
                    230.11459332704544,
                    627.6073994880979,
                    57.23796057701111,
                    634.3431254583145
                ],
                [
                    553.2043926715851,
                    589.2449574825135,
                    713.1650533676147,
                    586.5936421198105,
                    713.5288124084473,
                    608.5398324684115,
                    553.5681517124176,
                    611.1911478311146
                ],
                [
                    51.64511888846755,
                    543.9681726999661,
                    163.45446127653122,
                    540.2096907082017,
                    164.22105967998505,
                    563.0164712954083,
                    52.41171419620514,
                    566.7749532871728
                ],
                [
                    440.39401638507843,
                    546.1308923383913,
                    443.48656260967255,
                    527.5748549258235,
                    488.23001432418823,
                    535.0323790402189,
                    485.1374680995941,
                    553.5884164527865
                ],
                [
                    415.4674825966358,
                    530.5280752905009,
                    444.2117031812668,
                    526.4215728649593,
                    447.31167912483215,
                    548.1224746869359,
                    418.5674833059311,
                    552.2289771124774
                ],
                [
                    494.0043423771858,
                    525.6737697780347,
                    562.198364675045,
                    521.2019102902188,
                    563.9964557290077,
                    548.6236023169562,
                    495.80243343114853,
                    553.0954618047721
                ],
                [
                    612.7001953125,
                    546.9862815884477,
                    612.7001953125,
                    518.5819494584838,
                    678.43359375,
                    518.5819494584838,
                    678.43359375,
                    546.9862815884477
                ],
                [
                    53.19520282745361,
                    509.89808177741423,
                    293.6040680408478,
                    503.0043448217509,
                    294.1813076734543,
                    523.1370247630866,
                    53.77244246006012,
                    530.03076171875
                ],
                [
                    49.83368839323521,
                    478.30752499576937,
                    194.3292404562235,
                    472.0249289612477,
                    195.22957380115986,
                    492.73328403514216,
                    50.73402173817158,
                    499.0158800696638
                ],
                [
                    675.1875,
                    478.00433212996387,
                    675.1875,
                    449.59999999999997,
                    710.0830078125,
                    449.59999999999997,
