{
    "predictions": [
        {
            "rec_texts": [
                "0.11",
                "1.19",
                "(@ 6%)",
                "SR",
                "TAX(RM)",
                "AMOUNT(RM)",
                "GST SUMMARY",
                "CASH :",
                "1.90",
                "TOTAL:",
                "1.90",
                "1.90",
                "0.11",
                "1.79",
                "TOTAL QTY: 2",
                "0.20",
                "0.20",
                "1",
                "SR",
                "TAKE AWAY",
                "1.70",
                "1.70",
                "SR",
                "1 X",
                "BUNGA KENKEL",
                "DESCRIPTION",
                "TOTAL TAX",
                "(U.PRICE",
                "QTY:",
                ": 11-05-2018 17:22:36",
                "DATE",
                "CASHIER: NICOLE",
                "INV NO.: 1136284",
                "43200 CHERAS, SELANGOR",
                "002043319-W",
                "RESTORAN WAN SHENG"
            ],
            "rec_scores": [
                0.9987339675426483,
                0.8171604871749878,
                0.9964308738708496,
                0.999387115240097,
                0.9508759123938424,
                0.999767404794693,
                0.9996759403835643,
                0.9940654834111532,
                0.9998518526554108,
                0.9674830734729767,
                0.9999367892742157,
                0.9999286979436874,
                0.9975875020027161,
                0.9996322244405746,
                0.9987434148788452,
                0.9995386451482773,
                0.9995897859334946,
                0.9659364819526672,
                0.9983382225036621,
                0.9774269726541307,
                0.999749630689621,
                0.9988764077425003,
                0.9996082186698914,
                0.7954249779383341,
                0.8276971280574799,
                0.9993543949994174,
                0.9999406668874953,
                0.8725973330438137,
                0.9757554680109024,
                0.955436646938324,
                0.9992633908987045,
                0.9935315450032552,
                0.9463107399642467,
                0.993083430962129,
                0.9925086985934864,
                0.9703781439198388
            ],
            "det_polygons": [
                [
                    578.4873046875,
                    1326.9968421052633,
                    578.4873046875,
                    1293.7057894736843,
                    640.4404296875,
                    1293.7057894736843,
                    640.4404296875,
                    1326.9968421052633
                ],
                [
                    430.57421875,
                    1326.2226315789476,
                    430.57421875,
                    1293.7057894736843,
                    492.52734375,
                    1293.7057894736843,
                    492.52734375,
                    1326.2226315789476
                ],
                [
                    191.0388716906309,
                    1326.0758604672083,
                    191.4342085570097,
                    1292.0871488872328,
                    280.63283348083496,
                    1293.1240919896177,
                    280.2374966144562,
                    1327.112803569593
                ],
                [
                    37.171875,
                    1326.9968421052633,
                    37.171875,
                    1292.1573684210528,
                    75.1181640625,
                    1292.1573684210528,
                    75.1181640625,
                    1326.9968421052633
                ],
                [
                    537.3555382490158,
                    1260.4892092413652,
                    637.179515004158,
                    1259.538835577714,
                    637.4378736019135,
                    1286.6632333213406,
                    537.6138968467712,
                    1287.613606984992
                ],
                [
                    343.76123958826065,
                    1283.6035329075864,
                    343.89585453271866,
                    1261.1243983218546,
                    485.6688352227211,
                    1261.9730812474302,
                    485.5342202782631,
                    1284.4522158331622
                ],
                [
                    41.70441760867834,
                    1259.6962861071136,
                    205.1812989115715,
                    1258.8031843647207,
                    205.32933753728867,
                    1285.887132632607,
                    41.85246214270592,
                    1286.7802343750002
                ],
                [
                    38.720703125,
                    1180.6710526315792,
                    38.720703125,
                    1152.0252631578949,
                    127.7783203125,
                    1152.0252631578949,
                    127.7783203125,
                    1180.6710526315792
                ],
                [
                    580.4059930443764,
                    1150.6812631707444,
                    643.1549910902977,
                    1149.5407391678661,
                    643.7459166646004,
                    1182.0328201454565,
                    580.996918618679,
                    1183.1733441483348
                ],
                [
                    47.116084311157465,
                    1087.0557499614515,
                    205.78042522072792,
                    1084.5110242984172,
                    206.07971659302711,
                    1103.1618239232114,
                    47.41537272930145,
                    1105.706549586246
                ],
                [
                    527.1646008491516,
                    1081.8047842567846,
                    637.2462552785873,
                    1079.8908057925578,
                    637.7307367324829,
                    1107.74045885588,
                    527.6490823030472,
                    1109.654437320107
                ],
                [
                    582.359375,
                    1073.8300000000002,
                    582.359375,
                    1044.41,
                    642.763671875,
                    1044.41,
                    642.763671875,
                    1073.8300000000002
                ],
                [
                    579.26171875,
                    1037.442105263158,
                    579.26171875,
                    1008.022105263158,
                    639.666015625,
                    1008.022105263158,
                    639.666015625,
                    1037.442105263158
                ],
                [
                    581.2083415985107,
                    972.598287867496,
                    643.1691237688065,
                    971.471940082751,
                    643.7456803321838,
                    1003.1760123483759,
                    581.7848981618881,
                    1004.302360133121
                ],
                [
                    45.652917824685574,
                    940.6952760074014,
                    215.9939087331295,
                    939.7747669099508,
                    216.1071119606495,
                    960.7113399465462,
                    45.766126960515976,
                    961.6318490439968
                ],
                [
                    517.5155736804008,
                    863.5768383789064,
                    583.5555478930473,
                    861.8840089175577,
                    584.4399037957191,
                    896.3634066611843,
                    518.3999295830727,
                    898.056236122533
                ],
                [
                    382.96493527293205,
