{
    "predictions": [
        {
            "rec_texts": [
                "50.00",
                "RM",
                "CASH",
                "TOTAL AMOUNT",
                "50.00",
                "1.00",
                "S0",
                "P7",
                "PPP",
                "GRON NAMOUNT",
                "U\\PRICE",
                "ITEM",
                "THANK YOU & CO. RM 1-5040",
                "CASHIER: 4551",
                "05-05-2018 08:17:16",
                "4491",
                "PREPAY CHIT NUMBER",
                "81750 MASAI, JOHOR",
                "JALAN PERMAS 10/10",
                "LOT PTD 101051",
                "BHETT CENTER ADJ : 2810"
            ],
            "rec_scores": [
                0.9998546719551087,
                0.9999440312385559,
                0.9999820590019226,
                0.9998559902111689,
                0.9998289942741394,
                0.9997340887784958,
                0.7208289951086044,
                0.9914806485176086,
                0.8630057175954183,
                0.7252304181456566,
                0.9394368273871285,
                0.9538355618715286,
                0.8440587675571442,
                0.9379274340776297,
                0.9680365888695968,
                0.9947559982538223,
                0.9714501599470774,
                0.9233006636301676,
                0.9897271262274848,
                0.958862623998097,
                0.6770924245533736
            ],
            "det_polygons": [
                [
                    3187.830078125,
                    3459.546961325967,
                    3187.830078125,
                    3382.022099447514,
                    3386.4638671875,
                    3382.022099447514,
                    3386.4638671875,
                    3459.546961325967
                ],
                [
                    3023.109375,
                    3459.546961325967,
                    3023.109375,
                    3372.3314917127072,
                    3115.1591796875,
                    3372.3314917127072,
                    3115.1591796875,
                    3459.546961325967
                ],
                [
                    2388.4501953125,
                    3454.7016574585637,
                    2388.4501953125,
                    3367.486187845304,
                    2567.705078125,
                    3367.486187845304,
                    2567.705078125,
                    3454.7016574585637
                ],
                [
                    2407.8291015625,
                    3348.1049723756905,
                    2407.8291015625,
                    3285.1160220994475,
                    2868.078125,
                    3285.1160220994475,
                    2868.078125,
                    3348.1049723756905
                ],
                [
                    3197.51953125,
                    3168.828729281768,
                    3197.51953125,
                    3091.303867403315,
                    3396.1533203125,
                    3091.303867403315,
                    3396.1533203125,
                    3168.828729281768
                ],
                [
                    2611.3076171875,
                    3086.4585635359117,
                    2800.251953125,
                    3086.4585635359117,
                    2800.251953125,
                    3163.983425414365,
                    2611.3076171875,
                    3163.983425414365
                ],
                [
                    3032.798828125,
                    3173.6740331491715,
                    3032.798828125,
                    3076.767955801105,
                    3129.693359375,
                    3076.767955801105,
                    3129.693359375,
                    3173.6740331491715
                ],
                [
                    2436.8974609375,
                    3163.983425414365,
                    2436.8974609375,
                    3071.9226519337017,
                    2533.7919921875,
                    3071.9226519337017,
                    2533.7919921875,
                    3163.983425414365
                ],
                [
                    1836.1513671875,
                    3159.1381215469614,
                    1836.1513671875,
                    3067.0773480662983,
                    1976.6484375,
                    3067.0773480662983,
                    1976.6484375,
                    3159.1381215469614
                ],
                [
                    2964.97265625,
                    2979.8618784530386,
                    2964.97265625,
                    2902.3370165745855,
                    3396.1533203125,
                    2902.3370165745855,
                    3396.1533203125,
                    2979.8618784530386
                ],
                [
                    2528.0696320533752,
                    2898.102698900423,
                    2804.1043150424957,
                    2892.4683770448464,
                    2805.5869480371475,
                    2965.117770200276,
                    2529.552265048027,
                    2970.7520920558527
                ],
                [
                    1848.9364894032478,
                    2960.6042797446908,
                    1852.0785831809044,
                    2882.041983420019,
                    2022.340678870678,
                    2888.853326112526,
                    2019.1985850930214,
                    2967.4156224371977
                ],
                [
                    1869.4357978105545,
                    2761.4156831351434,
                    1870.4666032791138,
                    2698.5231421033322,
                    2801.039398610592,
                    2713.7800529016317,
                    2800.0085931420326,
                    2776.672593933443
                ],
                [
                    2819.071693241596,
                    2674.262909104152,
                    2819.857068836689,
                    2606.7196570970737,
                    3285.2820013165474,
                    2612.1321785436808,
                    3284.4966257214546,
                    2679.6754305507598
                ],
                [
                    1874.605645030737,
                    2659.866288158775,
                    1874.9776339232922,
                    2606.672043942615,
                    2606.7325677871704,
                    2611.790014446111,
                    2606.360578894615,
                    2664.9842586622713
                ],
                [
                    2474.917948871851,
                    2092.6383582689487,
                    2475.959990888834,
                    2024.8945986921615,
                    2849.437282562256,
                    2030.6410036877373,
                    2848.395240545273,
                    2098.3847632645243
                ],
                [
                    2330.06656819582,
                    1986.4666427696607,
                    2330.420223772526,
                    1938.0162657005353,
                    3023.3207995295525,
                    1943.074497960549,
                    3022.9671439528465,
                    1991.5248750296746
                ],
                [
                    2372.7976833581924,
                    1700.2444528822082,
                    2374.3524668216705,
                    1646.9916533580802,
                    3067.2648705244064,
                    1667.2251738658927,
                    3065.7100870609283,
                    1720.4779733900207
                ],
                [
                    2383.1098778247833,
                    1603.5743711692853,
                    2383.892296433449,
                    1550.3588341138638,
                    3072.2645431756973,
                    1560.4832834486144,
