{
    "predictions": [
        {
            "rec_texts": [
                "TOTAL SAVINGS",
                "-1.10",
                "9.34",
                "0.56",
                "T @ 6%",
                "TAX (RM)",
                "AMOUNT (RM)",
                "GST SUMMARY",
                "ITEM COUNT",
                "2",
                "10.10",
                "CHANGE",
                "-20.00",
                "CASH",
                "9.90",
                "-1.10",
                "MASTER DISCOUNT",
                "206 @ 5.50",
                "11.00 T",
                "SC ACR FRAME S1023",
                "AMOUNT",
                "IESCRIPTION",
                "TRANS : 104610",
                "LIT PONT",
                "05/03/18 15:42",
                "TEL : 03-56319320",
                "(CO. NO. 113825-W)",
                ":",
                "(H) SDN BHD",
                "C0.0",
                "POPULAR BOOK"
            ],
            "rec_scores": [
                0.9937954911818871,
                0.9994657754898071,
                0.9988289028406143,
                0.9991883784532547,
                0.9969639380772909,
                0.9870261698961258,
                0.9741678671403364,
                0.9996327053416859,
                0.9973415911197663,
                0.8620802164077759,
                0.9999523401260376,
                0.9998200138409933,
                0.9865737358729044,
                0.9998852908611298,
                0.9993779063224792,
                0.999782395362854,
                0.9070982416470845,
                0.8972533375024796,
                0.9977282455989293,
                0.8533329053057565,
                0.9997425377368927,
                0.9382869926365939,
                0.9886133245059422,
                0.625799436122179,
                0.9366014493363244,
                0.954511013101129,
                0.9933567941188812,
                0.997603714466095,
                0.8710363751107996,
                0.6951866522431374,
                0.969630166888237
            ],
            "det_polygons": [
                [
                    42.926951706409454,
                    1356.304944900659,
                    42.993093490600586,
                    1338.1156009759386,
                    263.0416515469551,
                    1338.9157051842053,
                    262.975509762764,
                    1357.1050491089259
                ],
                [
                    570.0761935710907,
                    1362.5685746555512,
                    570.8482849597931,
                    1331.3008436501598,
                    658.8550534248352,
                    1333.4735204922124,
                    658.0829620361328,
                    1364.7412514976038
                ],
                [
                    393.3984375,
                    1282.0447284345048,
                    393.3984375,
                    1255.0926517571886,
                    461.87890625,
                    1255.0926517571886,
                    461.87890625,
                    1282.0447284345048
                ],
                [
                    588.640625,
                    1283.5015974440896,
                    588.640625,
                    1253.6357827476038,
                    659.306640625,
                    1253.6357827476038,
                    659.306640625,
                    1283.5015974440896
                ],
                [
                    37.00825692713261,
                    1281.9395358052118,
                    37.2467897683382,
                    1253.5570883461462,
                    142.18849509954453,
                    1254.4388213233826,
                    141.94996225833893,
                    1282.8212687824482
                ],
                [
                    518.703125,
                    1242.7092651757189,
                    518.703125,
                    1212.115015974441,
                    657.12109375,
                    1212.115015974441,
                    657.12109375,
                    1242.7092651757189
                ],
                [
                    270.6494240760803,
                    1217.4109268919728,
                    459.43572878837585,
                    1213.3250424321086,
                    460.00737166404724,
                    1239.7318602735622,
                    271.2210669517517,
                    1243.8177447334265
                ],
                [
                    41.92590969800949,
                    1235.2127564646566,
                    42.34928381443024,
                    1218.5620881589457,
                    226.07579761743546,
                    1223.2325341952876,
                    225.6524235010147,
                    1239.8832025009986
                ],
                [
                    44.970746733248234,
                    1175.1555011980831,
                    206.58106809854507,
                    1171.971445686901,
                    207.02531856298447,
                    1194.515390999401,
                    45.41499441862106,
                    1197.6994465105831
                ],
                [
                    640.365234375,
                    1204.1022364217254,
                    640.365234375,
                    1173.5079872204474,
                    660.763671875,
                    1173.5079872204474,
                    660.763671875,
                    1204.1022364217254
                ],
                [
                    572.61328125,
                    1125.4313099041533,
                    572.61328125,
                    1096.29392971246,
                    659.306640625,
                    1096.29392971246,
                    659.306640625,
                    1125.4313099041533
                ],
                [
                    42.11595060676336,
                    1095.6266723242811,
                    145.59423005580902,
                    1094.7716154153354,
                    145.8107082247734,
                    1120.963424146366,
                    42.33243155479431,
                    1121.8184810553116
                ],
                [
                    552.6358834505081,
                    1082.3451025234624,
                    553.1280227899551,
                    1054.5443711935902,
                    658.9101456403732,
                    1056.4164976662341,
                    658.4180063009262,
                    1084.2172289961063
                ],
                [
                    40.796875,
                    1081.7252396166134,
                    40.796875,
                    1054.7731629392972,
                    109.27734375,
                    1054.7731629392972,
                    109.27734375,
                    1081.7252396166134
                ],
                [
                    587.912109375,
                    1043.846645367412,
                    587.912109375,
                    1014.7092651757189,
                    659.306640625,
                    1014.7092651757189,
                    659.306640625,
                    1043.846645367412
                ],
                [
                    570.2609459161758,
                    965.0538092177517,
                    570.5815390348434,
                    935.8799717327277,
                    658.7852877378464,
                    936.8492022139577,
                    658.4646946191788,
                    966.0230396989816
                ],
                [
                    61.115014150738716,
                    941.4574040909545,
                    317.43498742580414,
                    938.1575744433906,
                    317.68826043605804,
                    957.8251282323283,
                    61.3682816028595,
                    961.1249578798922
                ],
                [
