{
    "predictions": [
        {
            "rec_texts": [
                "699",
                "DATE :",
                "NUM",
                "TIME",
                "905 CHN SHITE",
                "AXPHARGE",
                "CASHIER:",
                "TOTAL QTYONG:",
                "RM",
                "S",
                "95.48",
                "RELIEF GST",
                "RM",
                "9",
                "0.00",
                "CHANGE :",
                "RM",
                "4.50",
                "ROUNDING:",
                "RM",
                "0.02-",
                "CASH",
                "100.00",
                "RB",
                "TOTAL",
                "95.48",
                "RM",
                "0.20",
                ": OOD",
                ": 71ISR",
                "TR",
                "FUALSVER",
                "TY",
                "95.48 C",
                "GST @ 602X557165",
                "SITE : 2059",
                "COMPANY NO : 1251685-D"
            ],
            "rec_scores": [
                0.9885656833648682,
                0.8993849456310272,
                0.8455086747805277,
                0.9757432043552399,
                0.8090519629991971,
                0.7328599207103252,
                0.9992229491472244,
                0.8127046983975631,
                0.3376666158437729,
                0.42025548219680786,
                0.9968964099884033,
                0.9875109374523163,
                0.9977929890155792,
                0.4968966841697693,
                0.9998718500137329,
                0.957202173769474,
                0.7203478813171387,
                0.9998527616262436,
                0.9840196768442789,
                0.7339173555374146,
                0.9984834551811218,
                0.9999821484088898,
                0.999889612197876,
                0.38968300074338913,
                0.9999517202377319,
                0.9991483688354492,
                0.998906672000885,
                0.9368375092744827,
                0.8037543416023254,
                0.7176514608519418,
                0.4074806123971939,
                0.7039118073880672,
                0.40679192543029785,
                0.9943222403526306,
                0.8313804939389229,
                0.9771874059330333,
                0.9189272699030963
            ],
            "det_polygons": [
                [
                    734.931640625,
                    1551.1264685556325,
                    734.931640625,
                    1531.7373876986871,
                    778.54296875,
                    1531.7373876986871,
                    778.54296875,
                    1551.1264685556325
                ],
                [
                    347.275390625,
                    1538.2004146510021,
                    347.275390625,
                    1510.7325501036628,
                    403.80859375,
                    1510.7325501036628,
                    403.80859375,
                    1538.2004146510021
                ],
                [
                    539.48828125,
                    1533.353144436766,
                    539.48828125,
                    1509.116793365584,
                    587.9453125,
                    1509.116793365584,
                    587.9453125,
                    1533.353144436766
                ],
                [
                    465.1875,
                    1534.9689011748446,
                    465.1875,
                    1509.116793365584,
                    521.720703125,
                    1509.116793365584,
                    521.720703125,
                    1534.9689011748446
                ],
                [
                    620.1478155255318,
                    1509.2039716466181,
                    788.1819764971733,
                    1507.4158307057708,
                    788.3534176945686,
                    1523.5371066754494,
                    620.3192567229271,
                    1525.3252476162968
                ],
                [
                    346.92826902866364,
                    1459.2116652820223,
                    440.7430808544159,
                    1457.1714568227098,
                    441.3412519097328,
                    1484.696519789732,
                    347.52644008398056,
                    1486.7367282490445
                ],
                [
                    345.3988045454025,
                    1458.604573089663,
                    345.8428855538368,
                    1434.6157531105575,
                    449.182443857193,
                    1436.5301250465675,
                    448.7383628487587,
                    1460.5189450256728
                ],
                [
                    345.3860869407654,
                    1357.4418701509321,
                    490.7483079433441,
                    1353.8515845182112,
                    491.3063051700592,
                    1376.4583723362184,
                    345.94408416748047,
                    1380.048657968939
                ],
                [
                    667.091796875,
                    1376.6247408431238,
                    667.091796875,
                    1349.1568762957845,
                    702.626953125,
                    1349.1568762957845,
                    702.626953125,
                    1376.6247408431238
                ],
                [
                    519.4593848586082,
                    1357.5589296753521,
                    539.4883305430412,
                    1347.5413167936356,
                    551.1180377602577,
                    1370.8082532691562,
                    531.0890920758247,
                    1380.8258661508726
                ],
                [
                    772.08203125,
                    1371.7774706288874,
                    772.08203125,
                    1347.5411195577058,
                    841.537109375,
                    1347.5411195577058,
                    841.537109375,
                    1371.7774706288874
                ],
                [
                    345.31121081113815,
                    1331.5701373666423,
                    476.3566130399704,
                    1327.978668318342,
                    476.9793320298195,
                    1350.7150401423205,
                    345.93392980098724,
                    1354.3065091906208
                ],
                [
                    665.4765625,
                    1323.304768486524,
                    701.01171875,
                    1323.304768486524,
                    701.01171875,
                    1350.7726330338633,
                    665.4765625,
                    1350.7726330338633
                ],
                [
                    519.7824021577835,
                    1330.4142361992215,
                    542.072616815567,
                    1322.981794651245,
                    550.794921875,
                    1349.1569749137495,
                    528.5047072172165,
                    1356.589416461726
                ],
                [
                    783.388671875,
                    1345.925362819627,
                    783.388671875,
                    1321.6890117484452,
                    841.537109375,
                    1321.6890117484452,
                    841.537109375,
                    1345.925362819627
                ],
                [
                    342.00138026475906,
                    1279.88692737466,
                    426.1011251807213,
                    1277.835081995481,
                    426.8069522380829,
                    1306.7832021970296,
                    342.70720732212067,
                    1308.8350475762084
                ],
                [
                    665.4765625,
                    1299.0684174153423,
