{
    "predictions": [
        {
            "rec_texts": [
                "3 DAY WITH RECEIPT.",
                "OREED THAN TAINE",
                "11 R000383271",
                "RM 1.49",
                "RM 4.00",
                "CHANGE",
                "RM 30.40",
                "CASH",
                "RM 26.40",
                "TOTAL INCL. GST@6%",
                "QTY(S) : 6",
                "ITEM(S) : 2",
                "18.90",
                "3 X 6.30",
                "8711015",
                "JLN12 - 10/400",
                "*S",
                "CK KPY RNDIN .00",
                "7.50",
                "3 X 2.50",
                "9067846",
                "MH112 - 10/300",
                "*S",
                "RO HON SHERG (SUNGE)",
                "-TAX INVOICE-",
                "(PROONE)",
                "(GST ID NO :0004737925127",
                "CO-REG:750441-W"
            ],
            "rec_scores": [
                0.9980659955426266,
                0.7212831452488899,
                0.9552316528100234,
                0.9994590537888663,
                0.9998419540269035,
                0.9998178978761038,
                0.9994275346398354,
                0.9987048506736755,
                0.9997458085417747,
                0.9944227933883667,
                0.9988077819347382,
                0.9937880689447577,
                0.9999215602874756,
                0.9965024888515472,
                0.997267620904105,
                0.8908069325344903,
                0.9910200834274292,
                0.6086329501122236,
                0.9995020776987076,
                0.9996887892484665,
                0.999472975730896,
                0.9020608769995826,
                0.9364219009876251,
                0.7021773040294648,
                0.9981932594225957,
                0.7258118614554405,
                0.9827742958068848,
                0.944325319925944
            ],
            "det_polygons": [
                [
                    246.47404658794403,
                    1732.7716236762344,
                    596.6126623153687,
                    1730.9524502478669,
                    596.7352662086487,
                    1754.5510835988332,
                    246.5966238975525,
                    1756.3702570272008
                ],
                [
                    60.08402901887894,
                    1603.8491658403004,
                    60.15649610757828,
                    1580.3647492707012,
                    355.45984268188477,
                    1581.2763565797138,
                    355.3873755931854,
                    1604.7607731493129
                ],
                [
                    568.82421875,
                    1555.9550066166742,
                    568.82421875,
                    1531.5615350683722,
                    802.27734375,
                    1531.5615350683722,
                    802.27734375,
                    1555.9550066166742
                ],
                [
                    620.21875,
                    1462.737097485664,
                    620.21875,
                    1428.7604764005293,
                    752.625,
                    1428.7604764005293,
                    752.625,
                    1462.737097485664
                ],
                [
                    680.1890141963959,
                    1334.7971804719377,
                    807.2000548839569,
                    1332.7967915915685,
                    807.6393234729767,
                    1360.6954634321066,
                    680.6282827854156,
                    1362.6958523124758
                ],
                [
                    56.31887063384056,
                    1327.0622371207473,
                    170.32853537797928,
                    1324.950609177706,
                    170.92490017414093,
                    1357.157614581323,
                    56.91522878408432,
                    1359.2692425243645
                ],
                [
                    658.546875,
                    1312.0202911336569,
                    658.546875,
                    1281.5284516982797,
                    808.375,
                    1281.5284516982797,
                    808.375,
                    1312.0202911336569
                ],
                [
                    55.75,
                    1312.891486546096,
                    55.75,
                    1274.558888398765,
                    139.375,
                    1274.558888398765,
                    139.375,
                    1312.891486546096
                ],
                [
                    661.9548485279083,
                    1234.6135365368777,
                    808.2454311847687,
                    1233.5298596261407,
                    808.4520394802094,
                    1261.4323599621437,
                    662.161456823349,
                    1262.5160368728807
                ],
                [
                    63.58984375,
                    1256.2637847375386,
                    63.58984375,
                    1232.7415086016763,
                    393.734375,
                    1232.7415086016763,
                    393.734375,
                    1256.2637847375386
                ],
                [
                    626.31640625,
                    1170.8866343184825,
                    626.31640625,
                    1136.0388178209087,
                    810.1171875,
                    1136.0388178209087,
                    810.1171875,
                    1170.8866343184825
                ],
                [
                    64.37949177622795,
                    1135.2012280908828,
                    266.38181388378143,
                    1133.3042085880638,
                    266.6276330947876,
                    1159.486863683592,
                    64.62530434131622,
                    1161.3838831864111
                ],
                [
                    678.3560168743134,
                    1034.2776210601496,
                    774.1419832706451,
                    1033.137154800018,
                    774.5152180194855,
                    1064.4957230697921,
                    678.7292516231537,
                    1065.636189329924
                ],
                [
                    474.6760723590851,
                    1034.9956766539963,
                    643.6276400089264,
                    1034.0245149710865,
                    643.7880990505219,
                    1061.9419039005638,
                    474.83653140068054,
                    1062.9130655834736
                ],
                [
                    59.853993862867355,
                    1060.0398860842213,
                    60.33571657538414,
                    1028.7244947355225,
                    192.65702509880066,
                    1030.7604035460377,
                    192.17530238628387,
                    1062.0757948947364
                ],
                [
                    62.625680565834045,
                    980.2069288337078,
                    345.67133605480194,
                    978.3007634806117,
                    345.8766151666641,
                    1008.7853713134443,
                    62.83095967769623,
                    1010.6915366665403
                ],
                [
                    771.7890625,
                    969.6404940449934,
                    771.7890625,
                    930.4367004852228,
                    814.47265625,
                    930.4367004852228,
                    814.47265625,
                    969.6404940449934
                ],
                [
                    64.4609375,
                    953.9589766210852,
                    64.4609375,
                    934.7926775474195,
                    357.1484375,
