{
    "predictions": [
        {
            "rec_texts": [
                "THANK YOU. PLEASE COME AG",
                "S =6%",
                "4.05",
                "67.58",
                "GST SM%",
                "AMOUNT(RM)",
                "TAX(RM)",
                "CANONER BAL",
                ".00",
                "GROUNT RM",
                "71.60",
                "7.60",
                "SR: PH SPER 25 CRE ME AGP",
                "BA23-B 0 %",
                "RM13.50 S",
                "RM7.50 S",
                "RM7.20 %",
                "RE5.76 S",
                "KA10. 55 ",
                "BE20. 55 S",
                "RM0.25 S",
                "13-01-6",
                "53853",
                "ITEMPA",
                "145-TMN SIR KINAM",
                "LO6  3  LEBUH ANIPL"
            ],
            "rec_scores": [
                0.9947605943679809,
                0.7654897332191467,
                0.9951505661010742,
                0.7909877300262451,
                0.7637987924473626,
                0.9851326107978821,
                0.999851039477757,
                0.6866128444671631,
                0.9440374573071798,
                0.8233525421884325,
                0.9951467871665954,
                0.785756528377533,
                0.6342548114061356,
                0.6484883680939675,
                0.8477905061509874,
                0.981679767370224,
                0.9157276228070259,
                0.7073518186807632,
                0.7010652356677585,
                0.70580595433712,
                0.9615854397416115,
                0.9791496736662728,
                0.9295705676078796,
                0.7603614181280136,
                0.7253983722013586,
                0.6094256670851457
            ],
            "det_polygons": [
                [
                    151.71557521820068,
                    1753.2917826210903,
                    647.7071814537048,
                    1751.423851881516,
                    647.8281240463257,
                    1783.531134186984,
                    151.83651781082153,
                    1785.3990649265584
                ],
                [
                    60.51506191492081,
                    1603.7450232219944,
                    167.4289026260376,
                    1597.9352590393544,
                    169.27686309814453,
                    1631.933334337329,
                    62.36302900314331,
                    1637.743098519969
                ],
                [
                    680.4806656837463,
                    1594.8176309832481,
                    756.7315564155579,
                    1593.3514831702053,
                    757.4987082481384,
                    1633.2387054735013,
                    681.2478175163269,
                    1634.7048532865442
                ],
                [
                    430.125,
                    1633.563857515204,
                    430.125,
                    1594.54561251086,
                    525.515625,
                    1594.54561251086,
                    525.515625,
                    1633.563857515204
                ],
                [
                    58.60945522785187,
                    1584.7363300340057,
                    59.239388823509216,
                    1545.686331900589,
                    257.885546207428,
                    1548.8897992489547,
                    257.2556390762329,
                    1587.9397973823714
                ],
                [
                    344.2734375,
                    1584.1407471763682,
                    344.2734375,
                    1545.9895742832318,
                    520.3125,
                    1545.9895742832318,
                    520.3125,
                    1584.1407471763682
                ],
                [
                    627.84375,
                    1579.8053866203302,
                    627.84375,
                    1545.9895742832318,
                    750.1171875,
                    1545.9895742832318,
                    750.1171875,
                    1579.8053866203302
                ],
                [
                    431.64855909347534,
                    1449.0394387862457,
                    593.8414149284363,
                    1447.0495760310328,
                    594.2243027687073,
                    1478.2489305325532,
                    432.03144693374634,
                    1480.238793287766
                ],
                [
                    676.40625,
                    1483.5603822762814,
                    676.40625,
                    1444.5421372719375,
                    737.9765625,
                    1444.5421372719375,
                    737.9765625,
                    1483.5603822762814
                ],
                [
                    429.2578125,
                    1434.1372719374456,
                    429.2578125,
                    1396.853171155517,
                    596.625,
                    1396.853171155517,
                    596.625,
                    1434.1372719374456
                ],
                [
                    644.8581762313843,
                    1432.161063027734,
                    645.3687286376953,
                    1394.8958024357216,
                    740.0406847000122,
                    1396.1926002270443,
                    739.5301322937012,
                    1433.4578608190568
                ],
                [
                    642.5859375,
                    1384.7141615986097,
                    642.5859375,
                    1343.9617723718504,
                    739.7109375,
                    1343.9617723718504,
                    739.7109375,
                    1384.7141615986097
                ],
                [
                    61.557212591171265,
                    1276.3155412582807,
                    61.606489419937134,
                    1250.2936402958026,
                    538.536563873291,
                    1251.1966992866257,
                    538.4873399734497,
                    1277.218600249104
                ],
                [
                    609.4822826385498,
                    1248.7148747183155,
                    770.6442947387695,
                    1246.5372451265205,
                    771.1131391525269,
                    1281.225421763005,
                    609.9511270523071,
                    1283.4030513548
                ],
                [
                    606.9248628616333,
                    1196.6511741658069,
                    770.8277463912964,
                    1195.6395194735555,
                    771.031099319458,
                    1228.5816973861045,
                    607.1282157897949,
                    1229.5933520783558
                ],
                [
                    626.8915057182312,
                    1145.2824437649326,
                    772.5057520866394,
                    1144.2714241352628,
                    772.7420268058777,
                    1178.2843175601379,
                    627.1277804374695,
                    1179.2953371898077
                ],
                [
                    627.7057113647461,
                    1126.259567512625,
                    627.9218730926514,
                    1095.1427711466931,
                    771.0972604751587,
                    1096.136855774191,
                    770.8810987472534,
                    1127.2536521401228
                ],
                [
                    627.6843280792236,
                    1044.750343621036,
                    771.6158580780029,
                    1043.651685355126,
                    771.8757390975952,
                    1077.697178659182,
                    627.9442090988159,
                    1078.7958369250923
                ],
                [
