{
    "predictions": [
        {
            "rec_texts": [
                "DOUBLE ONILIN",
                "BIG CHING :",
                "0.00",
                "0.20",
                "5AMISS:",
                "TOTAL",
                "0.45",
                "7.50",
                "6%",
                "T @ 6",
                "TAX (RM)",
                "AMOUNT (RM)",
                "CST SUGMARE",
                "1",
                "ITEM COUNT",
                "2.05",
                "CHANGE",
                "-10.00",
                "CASH",
                "7.95",
                "7.95 T",
                "BAND200M",
                "CRE BUNBH",
                "AMOUNT",
                "DESCRIPTION",
                "TRANS: 90243",
                "LRS FIN LEER",
                "14/03/18 1:25:25",
                "03-0221 82611##82",
                "TEL : 0",
                "SUNWAY VELOCITY",
                "(CO. NO. 113825-W)",
                "(W1 SDN BHD",
                "C0.0",
                "POPULAR BOOK"
            ],
            "rec_scores": [
                0.7563811815701998,
                0.8019006414846941,
                0.9994832426309586,
                0.9151401668787003,
                0.6625051115240369,
                0.9999847173690796,
                0.999355360865593,
                0.9993294775485992,
                0.9973638355731964,
                0.9869113087654113,
                0.9997824653983116,
                0.9992610920559276,
                0.8351347907022997,
                0.9986787438392639,
                0.9996995270252228,
                0.9995276033878326,
                0.9989204009373983,
                0.999263177315394,
                0.9998924732208252,
                0.9994987696409225,
                0.9981221159299215,
                0.8219162039458752,
                0.6687772803836398,
                0.9999299943447113,
                0.9992741779847578,
                0.9674762388070425,
                0.7391531231502692,
                0.8790864013135433,
                0.7640669337090324,
                0.9129515886306763,
                0.9004743824402491,
                0.9766434265507592,
                0.8163870004090396,
                0.7621877491474152,
                0.9820864945650101
            ],
            "det_polygons": [
                [
                    333.6317831873894,
                    1396.6288304210436,
                    333.75433629751205,
                    1380.0211413991995,
                    539.4574496150017,
                    1381.539430198902,
                    539.334896504879,
                    1398.1471192207462
                ],
                [
                    125.24606680870056,
                    1391.7607884288561,
                    125.4848763346672,
                    1374.386093919399,
                    336.66932541131973,
                    1377.2892866103346,
                    336.4305158853531,
                    1394.6639811197917
                ],
                [
                    567.4671742320061,
                    1172.8846064128063,
                    567.853934943676,
                    1145.0380977267566,
                    635.8578105568886,
                    1145.982611647694,
                    635.4710498452187,
                    1173.8291203337435
                ],
                [
                    88.625,
                    1155.0098452883262,
                    88.625,
                    1150.8551336146272,
                    92.779296875,
                    1150.8551336146272,
                    92.779296875,
                    1155.0098452883262
                ],
                [
                    109.8212788105011,
                    1164.3463662420704,
                    110.28326177597046,
                    1139.8579790032195,
                    245.47185111045837,
                    1142.4090287735694,
                    245.009868144989,
                    1166.89741601242
                ],
                [
                    20.0791015625,
                    1162.626816690108,
                    20.0791015625,
                    1137.0060947022973,
                    101.087890625,
                    1137.0060947022973,
                    101.087890625,
                    1162.626816690108
                ],
                [
                    567.1840342879295,
                    1096.7089754472133,
                    568.0396240353584,
                    1066.7600906879982,
                    638.2492865920067,
                    1068.766274095867,
                    637.3936968445778,
                    1098.7151588550823
                ],
                [
                    373.88671875,
                    1092.689170182841,
                    373.88671875,
                    1064.991092358181,
                    441.740234375,
                    1064.991092358181,
                    441.740234375,
                    1092.689170182841
                ],
                [
                    88.625,
                    1087.149554617909,
                    88.625,
                    1062.221284575715,
                    121.1669921875,
                    1062.221284575715,
                    121.1669921875,
                    1087.149554617909
                ],
                [
                    18.255009450018406,
                    1058.1474660309168,
                    84.77999653667212,
                    1053.3951426316917,
                    86.99069616943598,
                    1084.3480489009207,
                    20.46570908278227,
                    1089.1003723001459
                ],
                [
                    499.2080078125,
                    1053.2194092827003,
                    499.2080078125,
                    1031.0609470229724,
                    633.5302734375,
                    1031.0609470229724,
                    633.5302734375,
                    1053.2194092827003
                ],
                [
                    251.87935030460358,
                    1027.0326889760606,
                    438.0702335834503,
                    1024.798111383981,
                    438.34386509656906,
                    1047.6042258418674,
                    252.15298181772232,
                    1049.8388034339473
                ],
                [
                    22.620441034436226,
                    1038.4911119306362,
                    23.30821754038334,
                    1022.3577930648954,
                    210.95709192752838,
                    1030.3591970165626,
                    210.26931542158127,
                    1046.4925158823035
                ],
                [
                    623.8369140625,
                    1018.5968120018753,
                    623.8369140625,
                    994.3609939052977,
                    636.2998046875,
                    994.3609939052977,
                    636.2998046875,
                    1018.5968120018753
                ],
                [
                    24.72360559552908,
                    1008.8512609010563,
                    25.052956514060497,
                    985.2448369923524,
                    193.3658185005188,
                    987.593696204363,
                    193.03646758198738,
                    1011.200120113067
                ],
                [
                    568.6217935681343,
                    944.1581433202758,
                    569.4180507063866,
                    915.8876430620568,
                    640.7743877768517,
                    917.8978838055446,
                    639.9781306385994,
                    946.1683840637636
                ],
                [
                    23.541015625,
                    933.4252226910455,
