{
    "predictions": [
        {
            "rec_texts": [
                "001-9823 [1]",
                "LIVE",
                "FACEBOOK: -WAREF FRESH",
                "THANK YOU.",
                "RM2.10",
                "CHANGE:",
                "RM10.05",
                "CASH",
                "GRAND TOTAL",
                "MR7.95",
                "RM0.45",
                "6% GST",
                "SUB-TOTAL",
                "RM7.50",
                "*",
                "CO2 DISER MEE SUBE",
                "RM7.50",
                "1",
                "DINE ITE",
                "0.2",
                "GAMPOR, 0001:9833",
                "GST ID:001817907200",
                "TEL: (603) 6243 5520",
                "52100 KUALA LUMPUR",
                "LAMB RIGINATION NO. MADJE",
                "YAM FRESH"
            ],
            "rec_scores": [
                0.9413957198460897,
                0.8963632136583328,
                0.8295768709345297,
                0.9957797169685364,
                0.9998311797777811,
                0.9196046675954547,
                0.9991273028509957,
                0.9998255968093872,
                0.9985267249020663,
                0.8201620206236839,
                0.9996957580248514,
                0.9937040110429128,
                0.9994822608100044,
                0.9995337625344595,
                0.617234468460083,
                0.7940683679448234,
                0.9991090595722198,
                0.999715268611908,
                0.8688199855387211,
                0.8798540631930033,
                0.8034392314798692,
                0.9562214048285234,
                0.9578797698020936,
                0.9963466657532586,
                0.7325182032585144,
                0.968039161629147
            ],
            "det_polygons": [
                [
                    516.4038047790526,
                    1418.546450575309,
                    669.9119653701781,
                    1417.5432094620849,
                    670.0553455352782,
                    1439.4839765750714,
                    516.5471849441527,
                    1440.4872176882955
                ],
                [
                    352.5362598896026,
                    1413.343476145361,
                    421.1183402538299,
                    1411.943936941148,
                    421.75116562843317,
                    1442.950469167139,
                    353.1690852642059,
                    1444.350008371352
                ],
                [
                    275.9974451065063,
                    1335.4376532843128,
                    602.2835025787352,
                    1333.4543777028325,
                    602.4169521331786,
                    1355.4058555750348,
                    276.13089466094965,
                    1357.389131156515
                ],
                [
                    344.4698424339294,
                    1270.337658769977,
                    344.86394262313837,
                    1237.8267111557836,
                    516.6159739494323,
                    1239.9083918375604,
                    516.2218737602233,
                    1272.4193394517536
                ],
                [
                    746.6366443634032,
                    1151.7571699344464,
                    854.4070901870726,
                    1150.6227220208273,
                    854.7533226013182,
                    1183.5130090239174,
                    746.9828767776488,
                    1184.6474569375366
                ],
                [
                    516.2211484909056,
                    1188.9517317270243,
                    516.6945819854735,
                    1148.7096242262928,
                    626.442223548889,
                    1150.0007169934447,
                    625.9687900543212,
                    1190.2428244941761
                ],
                [
                    730.3359374999999,
                    1138.825043885313,
                    730.3359374999999,
                    1106.8355763604447,
                    853.7343749999999,
                    1106.8355763604447,
                    853.7343749999999,
                    1138.825043885313
                ],
                [
                    549.8444108963012,
                    1104.3372917733325,
                    626.5713214874266,
                    1103.0145130101669,
                    627.2329902648925,
                    1141.3904938583419,
                    550.506079673767,
                    1142.7132726215075
                ],
                [
                    432.35156249999994,
                    1009.0392042129901,
                    432.35156249999994,
                    982.5336454066705,
                    617.9062499999999,
                    982.5336454066705,
                    617.9062499999999,
                    1009.0392042129901
                ],
                [
                    670.8678145408629,
                    946.9257263933587,
                    855.1239352226256,
                    943.2410020822667,
                    856.5759243965148,
                    1015.8371892028416,
                    672.3198037147521,
                    1019.5219135139336
                ],
                [
                    747.7031249999999,
                    892.9631363370393,
                    747.7031249999999,
                    860.9736688121709,
                    854.6484374999999,
                    860.9736688121709,
                    854.6484374999999,
                    892.9631363370393
                ],
                [
                    516.4453124999999,
                    894.7911059098889,
                    516.4453124999999,
                    859.1456992393213,
                    625.2187499999999,
                    859.1456992393213,
                    625.2187499999999,
                    894.7911059098889
                ],
                [
                    466.95893168449396,
                    821.8045897151798,
                    620.2731943130492,
                    818.6971306976623,
                    620.775080680847,
                    843.457170463013,
                    467.46084594726557,
                    846.5646294805305
                ],
                [
                    746.7890624999999,
                    848.1778818022235,
                    746.7890624999999,
                    816.1884142773552,
                    852.8203124999999,
                    816.1884142773552,
                    852.8203124999999,
                    848.1778818022235
                ],
                [
                    37.00324755907058,
                    726.2347724249379,
                    76.44817703962325,
                    722.0830143838685,
                    81.02100008726119,
                    765.5210562360572,
                    41.57607060670852,
                    769.6728142771266
                ],
                [
                    30.164062499999996,
                    712.9081334113516,
                    30.164062499999996,
                    691.886483323581,
                    335.46093749999994,
                    691.886483323581,
                    335.46093749999994,
                    712.9081334113516
                ],
                [
                    747.495195865631,
                    686.5801389101586,
                    853.3064103126525,
                    684.3527472748821,
                    853.9231123924254,
                    713.6450001742842,
                    748.1118979454039,
                    715.8723918095607
                ],
                [
                    659.0390624999999,
                    719.3060269163253,
                    659.0390624999999,
                    682.746635459333,
