{
    "predictions": [
        {
            "rec_texts": [
                "PURPOSE **",
                "0.11",
                "SR @ 6%",
                "1.89",
                "TAX(RM)",
                "GST SUMMARY",
                "AMOUNT(RM)",
                "0.00",
                "CHANGE",
                "2.00",
                "CASH",
                "2.00",
                "FINAL TOTAL",
                "0.00",
                "ROUND ADJ",
                "2.00",
                "TOTAL",
                "0.00",
                "DISCOUNT",
                "2.00",
                "2.00",
                "2 X 1.0000",
                "SR",
                "3550",
                "1. 2015-0056",
                "CASH SALES COUNTER",
                "OWNED BY:",
                "TAX INVOICE",
                "40170 SETIA ALAM"
            ],
            "rec_scores": [
                0.9799191176891326,
                0.9997559785842896,
                0.999725341796875,
                0.9953758269548416,
                0.9999189461980548,
                0.9999204603108492,
                0.9998293578624725,
                0.9999238401651382,
                0.9999108811219534,
                0.9999408721923828,
                0.9999270886182785,
                0.9999452233314514,
                0.9984343593770807,
                0.9998816102743149,
                0.9994366897477044,
                0.9999367296695709,
                0.999902868270874,
                0.9999399930238724,
                0.9988974705338478,
                0.9999578297138214,
                0.9999293684959412,
                0.9948972165584564,
                0.999715656042099,
                0.9980563968420029,
                0.9448862820863724,
                0.998714460266961,
                0.9665427539083693,
                0.9999694390730425,
                0.9993390589952469
            ],
            "det_polygons": [
                [
                    251.13167989253998,
                    1338.4845745127689,
                    394.1109941601753,
                    1336.451876025835,
                    394.3752746582031,
                    1355.039051595456,
                    251.39596039056778,
                    1357.07175008239
                ],
                [
                    522.6142578125,
                    885.763440860215,
                    522.6142578125,
                    864.4710504549215,
                    568.244140625,
                    864.4710504549215,
                    568.244140625,
                    885.763440860215
                ],
                [
                    33.4619140625,
                    883.3300248138958,
                    33.4619140625,
                    864.4710504549215,
                    129.5888671875,
                    864.4710504549215,
                    129.5888671875,
                    883.3300248138958
                ],
                [
                    341.919921875,
                    885.1550868486353,
                    341.919921875,
                    862.645988420182,
                    390.591796875,
                    862.645988420182,
                    390.591796875,
                    885.1550868486353
                ],
                [
                    482.97370558977127,
                    854.6782737460583,
                    483.1430352330208,
                    835.2070837533603,
                    567.1274190545082,
                    835.9373759103275,
                    566.9580894112587,
                    855.4085659030255
                ],
                [
                    35.18678805977106,
                    849.156970962007,
                    35.56794685870409,
                    833.3783828823699,
                    172.363076120615,
                    836.6822976742627,
                    171.98191732168198,
                    852.4608857538998
                ],
                [
                    263.4365234375,
                    852.9123242349049,
                    263.4365234375,
                    835.87841191067,
                    384.5078125,
                    835.87841191067,
                    384.5078125,
                    852.9123242349049
                ],
                [
                    484.28515625,
                    813.3693134822167,
                    484.28515625,
                    792.685277088503,
                    531.740234375,
                    792.685277088503,
                    531.740234375,
                    813.3693134822167
                ],
                [
                    244.576171875,
                    809.7191894127378,
                    244.576171875,
                    790.2518610421837,
                    330.3603515625,
                    790.2518610421837,
                    330.3603515625,
                    809.7191894127378
                ],
                [
                    483.6767578125,
                    782.343258891646,
                    483.6767578125,
                    761.0508684863524,
                    532.3486328125,
                    761.0508684863524,
                    532.3486328125,
                    782.343258891646
                ],
                [
                    243.9677734375,
                    778.6931348221672,
                    243.9677734375,
                    758.6174524400332,
                    302.3740234375,
                    758.6174524400332,
                    302.3740234375,
                    778.6931348221672
                ],
                [
                    483.2919042110443,
                    725.1764730322549,
                    484.0261858701706,
                    704.2513823024096,
                    532.1585083007812,
                    705.9400993706867,
                    531.424226641655,
                    726.8651901005319
                ],
                [
                    245.7523073554039,
                    703.8903948939271,
                    347.3298183083534,
                    703.2086700616147,
                    347.4442643523216,
                    720.262187544426,
                    245.8667533993721,
                    720.9439123767382
                ],
                [
                    484.1272266507149,
                    662.6177487306303,
                    531.4823408722878,
                    661.7870543979238,
                    531.8452855944633,
                    682.4753979855673,
                    484.4901713728905,
                    683.3060923182737
                ],
                [
                    246.96060061454773,
                    679.5064046526862,
                    247.06754565238953,
                    663.6776154851796,
                    346.8239088654518,
                    664.3516170732042,
                    346.71696382761,
                    680.180406240711
                ],
                [
                    483.6767578125,
                    652.1555004135649,
                    483.6767578125,
                    631.4714640198512,
                    531.740234375,
                    631.4714640198512,
                    531.740234375,
                    652.1555004135649
                ],
                [
                    242.142578125,
                    648.505376344086,
                    242.142578125,
                    628.429693961952,
                    296.2900390625,
                    628.429693961952,
                    296.2900390625,
                    648.505376344086
                ],
                [
                    482.4599609375,
                    610.1790736145575,
                    482.4599609375,
                    590.1033912324235,
                    529.9150390625,
                    590.1033912324235,
