{
    "predictions": [
        {
            "rec_texts": [
                "FACEBOOK.COM/BARWANGRICE ",
                "THANK YOU & COME AGAIN!",
                "(PRICE INCLUSIVE OF GST)",
                "GST REG #000656195584",
                "0.40",
                "6.70",
                "SR = GST @6%",
                "TRAS",
                "AMOUNT",
                "GST SUMMARY",
                "CHANGE",
                "$0.00",
                "37.36",
                "OTAG",
                "AMOUNT",
                "PAYMENT MODE",
                "NASTINA : 1 0 C",
                "GST @6%: $0.40",
                "TOTAL AMOUNT: $7.10",
                "$1.60",
                "1",
                "$1.60",
                "1",
                "$5.50",
                "$5.50",
                "SR I00100000060- 4 VEGE",
                "QTY",
                "TOTAL",
                "ITEM",
                "TAX INVOICE",
                "TAMPOI 81200 JOHOR BAHRU ",
                "(862846-U)",
                "23 MAR 2018 18:30"
            ],
            "rec_scores": [
                0.9741270565986633,
                0.994097694106724,
                0.9955777923266093,
                0.9922421971956888,
                0.9997020661830902,
                0.9987393021583557,
                0.9718114087978998,
                0.5208574682474136,
                0.9974342087904612,
                0.9997578425840898,
                0.99867382645607,
                0.8840879201889038,
                0.8424065351486206,
                0.7374537661671638,
                0.9870027105013529,
                0.9979097346464793,
                0.7382380167643229,
                0.9890093973704747,
                0.9905057204397101,
                0.9931901097297668,
                0.999810516834259,
                0.9820288062095642,
                0.9998998641967773,
                0.961343514919281,
                0.9723726391792298,
                0.9901850249456323,
                0.9651014804840088,
                0.9994837760925293,
                0.9945531934499741,
                0.9998576641082764,
                0.9942861604690552,
                0.831148624420166,
                0.9438446023884941
            ],
            "det_polygons": [
                [
                    1845.8408203125,
                    4089.4364640883978,
                    1845.8408203125,
                    4021.6022099447514,
                    2591.9287109375,
                    4021.6022099447514,
                    2591.9287109375,
                    4089.4364640883978
                ],
                [
                    1883.849628150463,
                    3909.7095225634494,
                    1885.0398151874542,
                    3856.5460346706664,
                    2563.1785233020782,
                    3871.730194934824,
                    2561.988336265087,
                    3924.893682827607
                ],
                [
                    1918.269689410925,
                    3784.4331027710637,
                    2533.1269659399986,
                    3774.0102579527797,
                    2533.954626441002,
                    3822.8601714919287,
                    1919.0974977612495,
                    3833.283016310212
                ],
                [
                    1884.4192915856838,
                    3614.6339475515797,
                    2567.524110555649,
                    3609.573349420537,
                    2567.8836801052094,
                    3658.131669355361,
                    1884.7790089845657,
                    3663.1922674864036
                ],
                [
                    2858.388671875,
                    3537.07182320442,
                    2858.388671875,
                    3483.7734806629833,
                    2964.97265625,
                    3483.7734806629833,
                    2964.97265625,
                    3537.07182320442
                ],
                [
                    2378.7607421875,
                    3483.7734806629833,
                    2490.189453125,
                    3483.7734806629833,
                    2490.189453125,
                    3541.917127071823,
                    2378.7607421875,
                    3541.917127071823
                ],
                [
                    1501.308433830738,
                    3537.688428341354,
                    1502.1839975118637,
                    3483.388139419134,
                    1846.3825402259827,
                    3488.940247256453,
                    1845.506976544857,
                    3543.240536178673
                ],
                [
                    2805.0966796875,
                    3459.546961325967,
                    2805.0966796875,
                    3386.8674033149173,
                    2964.97265625,
                    3386.8674033149173,
                    2964.97265625,
                    3459.546961325967
                ],
                [
                    2247.953125,
                    3449.8563535911603,
                    2247.953125,
                    3391.7127071823206,
                    2485.3447265625,
                    3391.7127071823206,
                    2485.3447265625,
                    3449.8563535911603
                ],
                [
                    1511.5546875,
                    3449.8563535911603,
                    1511.5546875,
                    3396.5580110497235,
                    1836.1513671875,
                    3396.5580110497235,
                    1836.1513671875,
                    3449.8563535911603
                ],
                [
                    1500.7744020819664,
                    3255.4595330169846,
                    1502.8528678417206,
                    3182.700718326463,
                    1721.1027134656906,
                    3188.937154358922,
                    1719.0242477059364,
                    3261.695969049443
                ],
                [
                    2805.0966796875,
                    3256.0441988950274,
                    2805.0966796875,
                    3178.5193370165744,
                    2964.97265625,
                    3178.5193370165744,
                    2964.97265625,
                    3256.0441988950274
                ],
                [
                    2805.0966796875,
                    3168.828729281768,
                    2805.0966796875,
                    3096.1491712707184,
                    2969.8173828125,
                    3096.1491712707184,
                    2969.8173828125,
                    3168.828729281768
                ],
                [
                    1501.865234375,
                    3163.983425414365,
                    1501.865234375,
                    3096.1491712707184,
                    1685.96484375,
                    3096.1491712707184,
                    1685.96484375,
                    3163.983425414365
                ],
                [
                    2750.5568392276764,
                    3005.2648271592284,
                    2968.5234055519104,
                    2998.8533166706234,
                    2970.650661587715,
                    3071.185091640409,
                    2752.684095263481,
                    3077.596602129014
                ],
                [
                    1511.0931019186974,
                    3062.02650915325,
                    1511.8202248811722,
                    3008.9375461978807,
                    1894.8135424256325,
                    3014.1844566724576,
                    1894.0864194631577,
                    3067.273419627827
                ],
                [
                    2533.3017238378525,
                    2959.977028188126,
                    2534.1693036556244,
