{
    "predictions": [
        {
            "rec_texts": [
                "1",
                "T2 R000120718",
                "RM 0.11",
                "CHANGE",
                "RM 0.10",
                "CASH",
                "RM 2.00",
                "RM 1.90",
                "ITEM(S) : 1",
                "QTY(S) : 1",
                "6911334101216",
                "1 X 1",
                "1.90",
                "1.90",
                "IE52 - 20/200",
                "POS ART CIFT ROG CH20-W",
                "*S",
                "-TAX INVOICE-",
                "(IOI PUCHONG)",
                "(CO.REG :860671-D)",
                "1"
            ],
            "rec_scores": [
                0.6048872470855713,
                0.9587979545960059,
                0.9997925077165876,
                0.9993885060151418,
                0.9997358833040509,
                0.9932459741830826,
                0.9998407534190586,
                0.9995778458459037,
                0.9983697696165605,
                0.9986299097537994,
                0.9184331641747401,
                0.8899478793144227,
                0.9888076633214951,
                0.9820735454559326,
                0.9033333957195282,
                0.6568978027157162,
                0.9117235839366913,
                0.9922306491778448,
                0.9876732046787555,
                0.9580524994267358,
                0.5546762943267822
            ],
            "det_polygons": [
                [
                    457.1796875,
                    1235.6069364161851,
                    457.1796875,
                    1219.1650610147722,
                    472.802734375,
                    1219.1650610147722,
                    472.802734375,
                    1235.6069364161851
                ],
                [
                    559.6910270452499,
                    949.7314547206166,
                    771.9837106466293,
                    945.2723587026334,
                    772.4675143957138,
                    968.2980089916507,
                    560.1748307943344,
                    972.757105009634
                ],
                [
                    607.2900388240814,
                    879.7937740847785,
                    718.4219682216644,
                    877.809589755941,
                    718.8914184570312,
                    904.0935091522159,
                    607.7594890594482,
                    906.0776934810534
                ],
                [
                    103.14387907087803,
                    826.4400690430316,
                    201.8749184012413,
                    823.4787451830445,
                    202.66506427526474,
                    849.8113359023764,
                    103.9340186715126,
                    852.7726597623636
                ],
                [
                    653.9395606517792,
                    811.0114101637765,
                    768.3812296390533,
                    807.228996066153,
                    769.2175476551056,
                    832.5232317758511,
                    654.7758786678314,
                    836.3056458734748
                ],
                [
                    100.65589068830013,
                    790.3496307000643,
                    169.62217158079147,
                    788.0512403660887,
                    170.60869961977005,
                    817.6410966602441,
                    101.64242500066757,
                    819.9394869942197
                ],
                [
                    652.4128185510635,
                    776.1700184649968,
                    767.7241297960281,
                    773.3116570327554,
                    768.3577922582626,
                    798.8623956326269,
                    653.046481013298,
                    801.7207570648684
                ],
                [
                    650.7552386522293,
                    742.5738098105331,
                    765.9653726816177,
                    739.6203135035325,
                    766.6180058717728,
                    765.0673872029545,
                    651.4078718423843,
                    768.0208835099551
                ],
                [
                    102.55000871419907,
                    691.5683204881183,
                    280.2322303056717,
                    688.7335420680797,
                    280.6088845729828,
                    712.3321090237637,
                    102.92666298151016,
                    715.1668874438022
                ],
                [
                    601.5957088470459,
                    678.3342866891459,
                    761.2396037578583,
                    675.5176722061658,
                    761.6541492938995,
                    699.0029403500322,
                    602.0102543830872,
                    701.8195548330123
                ],
                [
                    101.58679258823395,
                    627.6864563262685,
                    306.2642847299576,
                    620.7789418754015,
                    306.83807396888733,
                    637.7737636480412,
                    102.1605818271637,
                    644.6812780989083
                ],
                [
                    462.6392923593521,
                    611.0032815510598,
                    543.9350847005844,
                    609.0209035806038,
                    544.6390091180801,
                    637.8772780186256,
                    463.34321677684784,
                    639.8596559890816
                ],
                [
                    548.2101231813431,
                    610.9139671644189,
                    610.8338009119034,
                    609.8875541907515,
                    611.2390116453171,
                    634.5976336705203,
                    548.6153339147568,
                    635.6240466441876
                ],
                [
                    664.8128491640091,
                    607.0131362395633,
                    728.1932481527328,
                    604.7500702472704,
                    729.1328512430191,
                    631.0528560533077,
                    665.7524522542953,
                    633.3159220456006
                ],
                [
                    101.61757610738277,
                    593.7238078034683,
                    307.4295290708542,
                    589.1511119139371,
                    307.83009749650955,
                    607.1734505459217,
                    102.018150806427,
                    611.7461464354528
                ],
                [
                    100.78838466107845,
                    560.8337347463071,
                    421.7604351043701,
                    553.1524967886962,
                    422.177188873291,
                    570.5595696852923,
                    101.20511960983276,
                    578.2408076429031
                ],
                [
                    726.8828125,
                    563.1342324983945,
                    726.8828125,
                    533.5388567758511,
                    760.595703125,
                    533.5388567758511,
                    760.595703125,
                    563.1342324983945
                ],
                [
                    310.5325730443001,
                    484.32261560693644,
                    521.887535572052,
                    479.0617975272961,
                    522.435378074646,
                    501.06053307642907,
                    311.0803904533386,
                    506.3213511560694
                ],
                [
                    313.8259265422821,
                    451.45888527617217,
                    517.0789579153061,
                    447.0981354367374,
                    517.5022360086441,
                    466.8193541265254,
