{
    "predictions": [
        {
            "rec_texts": [
                "CASHIER",
                "(MR.SMY",
                "HARVENDI 10%",
                "1",
                "Z = 0%",
                "0.00",
                "0.00",
                "S = 6%",
                "84.90",
                "5.10",
                "GST SUMMARY",
                "AMOUNT(RM)",
                "TAX(RM)",
                "CHANGE:",
                "10.00",
                "CASH :",
                "10948",
                "90.00",
                "0.20",
                "MET NOTAL :",
                "* DUEN",
                "DUMBEK",
                "X",
                "S 6",
                "*",
                "SAL P39,00051",
                "90.00 S",
                "0",
                "2",
                "15/01/11 10:55",
                "TEL/FAX : 603-7877 9712",
                "(POS 31",
                "(1355665-P)"
            ],
            "rec_scores": [
                0.9984212858336312,
                0.727866211107799,
                0.6973728959759077,
                0.4331075847148895,
                0.9610969225565592,
                0.999929204583168,
                0.9999057054519653,
                0.9992300669352213,
                0.9975962162017822,
                0.9997175931930542,
                0.9998586828058417,
                0.9994399785995484,
                0.9999023335320609,
                0.9982878140040806,
                0.9998137831687928,
                0.9995585282643636,
                0.90577232837677,
                0.9997214555740357,
                0.9368375092744827,
                0.8638339665803042,
                0.7105618516604105,
                0.8142428398132324,
                0.259798526763916,
                0.6141733427842458,
                0.6948789358139038,
                0.6677329127605145,
                0.9995466726166862,
                0.8550897836685181,
                0.9907737374305725,
                0.9244515512670789,
                0.9372261477553326,
                0.9390260066304889,
                0.8102800764820792
            ],
            "det_polygons": [
                [
                    42.947140492498875,
                    1113.450821417391,
                    144.33505287766457,
                    1111.8661951122385,
                    144.62479609251022,
                    1130.4137954846788,
                    43.236878484487534,
                    1131.9984217898314
                ],
                [
                    160.80417294800282,
                    1110.0583101900872,
                    261.39162504673004,
                    1109.2597280759705,
                    261.5652328133583,
                    1131.1374008187702,
                    160.97777026891708,
                    1131.935982932887
                ],
                [
                    445.6552734375,
                    1135.2952268709487,
                    445.6552734375,
                    1109.959929286977,
                    635.9658203125,
                    1109.959929286977,
                    635.9658203125,
                    1135.2952268709487
                ],
                [
                    325.1708984375,
                    1139.4036535061873,
                    325.1708984375,
                    1110.644667059517,
                    336.80859375,
                    1110.644667059517,
                    336.80859375,
                    1139.4036535061873
                ],
                [
                    70.87864023447037,
                    1015.9138877027935,
                    71.50619783997536,
                    993.3160366582111,
                    160.41269892454147,
                    995.7863418498177,
                    159.78514131903648,
                    1018.3841928944
                ],
                [
                    340.916015625,
                    1016.8355922215675,
                    340.916015625,
                    992.1850324101356,
                    399.7890625,
                    992.1850324101356,
                    399.7890625,
                    1016.8355922215675
                ],
                [
                    532.9858714342117,
                    989.5765593061745,
                    594.6941357851028,
                    988.5477809242874,
                    595.1629394292831,
                    1016.682713146131,
                    533.454675078392,
                    1017.7114915280182
                ],
                [
                    68.23953581601381,
                    978.2396856700243,
                    68.71886873990297,
                    951.6298664117745,
                    163.12192019820213,
                    953.3311789877357,
                    162.64258727431297,
                    979.9409982459856
                ],
                [
                    326.5400390625,
                    977.8055391868003,
                    326.5400390625,
                    952.4702416028285,
                    400.4736328125,
                    952.4702416028285,
                    400.4736328125,
                    977.8055391868003
                ],
                [
                    532.9913867712021,
                    951.1984782716282,
                    596.807763338089,
                    950.2313864713004,
                    597.2231684923172,
                    977.6561707298265,
                    533.4067919254303,
                    978.6232625301543
                ],
                [
                    44.39278030395508,
                    919.5321146347414,
                    193.6055428981781,
                    917.2821425447481,
                    193.88690865039825,
                    935.9516115295374,
                    44.67414605617523,
                    938.2015836195308
                ],
                [
                    254.66015625,
                    936.7212728344136,
                    254.66015625,
                    914.1249263406011,
                    396.3662109375,
                    914.1249263406011,
                    396.3662109375,
                    936.7212728344136
                ],
                [
                    492.206012904644,
                    938.7754025658792,
                    492.206012904644,
                    912.0706294368279,
                    591.468708217144,
                    912.0706294368279,
                    591.468708217144,
                    938.7754025658792
                ],
                [
                    225.8226736187935,
                    853.132026272236,
                    225.9481475353241,
                    836.1257545772411,
                    423.15428626537323,
                    837.5814910331192,
                    423.0288123488426,
                    854.587762728114
                ],
                [
                    496.93842273950577,
                    854.503842229624,
                    497.05056792497635,
                    833.9697333242026,
                    635.3446345925331,
                    834.7256864998435,
                    635.2324894070625,
                    855.2597954052649
                ],
                [
                    283.25655180215836,
                    795.1034255648755,
                    428.4338843822479,
                    793.5908505243628,
                    428.6471022963524,
                    814.0666162943797,
                    283.4697697162628,
                    815.5791913348925
                ],
                [
                    463.9946463704109,
                    790.9222789757661,
                    634.3776121735573,
                    788.6699664734642,
                    634.677028119564,
                    811.3316773396067,
