{
    "predictions": [
        {
            "rec_texts": [
                "13.40",
                "S = 6%",
                ".60",
                "TAX(RM)",
                "AMOUNT (RM)",
                "GST SUMMARY",
                "CHANGE RM",
                "5.80",
                "CASH RM",
                "20.00",
                "14.20",
                "RM14.20 S",
                "08:42PM",
                "561781",
                "19-10-16",
                "LOT P.T. 33198, BATU 4"
            ],
            "rec_scores": [
                0.9998415827751159,
                0.9987424910068512,
                0.9470919966697693,
                0.9998632328850883,
                0.991797685623169,
                0.9986186840317466,
                0.9983426729838053,
                0.9977894872426987,
                0.9995974898338318,
                0.9998997211456299,
                0.9997815966606141,
                0.9993365406990051,
                0.9898272752761841,
                0.9709834059079488,
                0.9974329918622971,
                0.9760662019252777
            ],
            "det_polygons": [
                [
                    463.2810630798339,
                    1251.3213753203866,
                    553.0588355064391,
                    1250.1849194515642,
                    553.5037541389464,
                    1285.3343276095065,
                    463.72598171234125,
                    1286.470783478329
                ],
                [
                    87.89339527487753,
                    1281.89039420881,
                    88.19997498393057,
                    1250.9257655900863,
                    199.62928402423856,
                    1252.0291310339446,
                    199.32270431518552,
                    1282.9937596526684
                ],
                [
                    725.1987712383269,
                    1249.9626656100077,
                    783.864696741104,
                    1246.703364134587,
                    786.2580049037932,
                    1289.783514397879,
                    727.5920794010161,
                    1293.0428158732996
                ],
                [
                    658.5354280471801,
                    1205.2449608450809,
                    778.5077056884764,
                    1204.210726989682,
                    778.7685236930846,
                    1234.461276883708,
                    658.7962460517882,
                    1235.495510739107
                ],
                [
                    377.12665867805475,
                    1234.4196503937058,
                    377.3185575008392,
                    1203.3365706996337,
                    548.3163211345671,
                    1204.3920920258693,
                    548.1244223117827,
                    1235.4751717199413
                ],
                [
                    94.00170683860777,
                    1239.5116766479364,
                    94.1995596885681,
                    1202.5106800612843,
                    285.8379333019256,
                    1203.5354293999737,
                    285.6400804519653,
                    1240.536425986626
                ],
                [
                    465.30854105949396,
                    1134.37844351238,
                    465.30854105949396,
                    1106.7527863094358,
                    620.6991660594939,
                    1106.7527863094358,
                    620.6991660594939,
                    1134.37844351238
                ],
                [
                    689.3117418289183,
                    1138.48249927605,
                    689.9259023666381,
                    1102.248905474706,
                    766.1800241470336,
                    1103.5413289516382,
                    765.5658636093139,
                    1139.774922752982
                ],
                [
                    498.97650980949396,
                    1086.0335434072276,
                    498.97650980949396,
                    1052.3647736911394,
                    622.4257285594939,
                    1052.3647736911394,
                    622.4257285594939,
                    1086.0335434072276
                ],
                [
                    675.0859374999999,
                    1086.8969505783386,
                    675.0859374999999,
                    1052.3648790746583,
                    764.8671874999999,
                    1052.3648790746583,
                    764.8671874999999,
                    1086.8969505783386
                ],
                [
                    673.3593749999999,
                    1036.8254468980022,
                    673.3593749999999,
                    998.8401682439538,
                    765.7304687499999,
                    998.8401682439538,
                    765.7304687499999,
                    1036.8254468980022
                ],
                [
                    642.2812499999999,
                    930.6393270241851,
                    642.2812499999999,
                    905.6035751840169,
                    794.2187499999999,
                    905.6035751840169,
                    794.2187499999999,
                    930.6393270241851
                ],
                [
                    87.89102420210837,
                    803.785338713669,
                    215.71209937334058,
                    802.7289743192816,
                    216.01231670379636,
                    839.0564648360485,
                    88.1912481188774,
                    840.112829230436
                ],
                [
                    387.61328124999994,
                    837.4027339642482,
                    387.61328124999994,
                    800.2807570977918,
                    497.24999999999994,
                    800.2807570977918,
                    497.24999999999994,
                    837.4027339642482
                ],
                [
                    656.8679842948912,
                    833.8786037055978,
                    657.1236386299132,
                    799.3676089057161,
                    795.2026925086974,
                    800.3904613410638,
                    794.9470381736754,
                    834.9014561409455
                ],
                [
                    227.82589697837827,
                    404.0765320209299,
                    607.7113778591155,
                    402.2097156737255,
                    607.8258216381072,
                    425.50131758279736,
                    227.94034075736997,
                    427.36813393000176
                ]
            ],
            "det_scores": [
                0.8971701860427856,
                0.8461983799934387,
                0.858045220375061,
                0.9230736494064331,
                0.8493955731391907,
                0.894273579120636,
                0.9247310757637024,
                0.8774492144584656,
                0.8586743474006653,
                0.8996359705924988,
                0.857366681098938,
                0.9514326453208923,
                0.8842090368270874,
                0.8905879855155945,
                0.8882014155387878,
                0.905527651309967
            ]
        }
    ],
    "visualization": []
}