{
    "predictions": [
        {
            "rec_texts": [
                "THANK YOU",
                "-5.90",
                "9.91",
                "@ 6%",
                "SR",
                "GST SUMMARY",
                "TAX(RM)",
                "AMOUNT(RM)",
                "TOTAL ITEMS: 15",
                "0.00",
                "CHANGE DUE :",
                "PAYMENT :",
                "10.50",
                "10.50",
                "TOTAL INCL GST 6%)",
                "10.50",
                "SUBTOTAL :",
                "15.00 NOS",
                "10.50",
                "SR",
                "0.70",
                "BEG GUNG",
                "CODE",
                "RM",
                "CASHIER #:",
                "LST",
                "05/02/2018 12:42",
                "DATE :",
                "(MYONE NO.:",
                "CS 24358",
                "TAX INVOICE",
                "036258 7191",
                "MALAYSIA",
                "*",
                "<UKN>",
                "= = 6"
            ],
            "rec_scores": [
                0.9997718400425382,
                0.657151597738266,
                0.9996301233768463,
                0.9903051555156708,
                0.9987965822219849,
                0.9998302730647001,
                0.9998802542686462,
                0.9996749520301819,
                0.9554465850194295,
                0.999884232878685,
                0.9669148375590643,
                0.9974702464209663,
                0.9990848779678345,
                0.9996109247207642,
                0.8938773175080618,
                0.9992202281951904,
                0.988702118396759,
                0.8543927139706082,
                0.9989814162254333,
                0.9999343156814575,
                0.9998687654733658,
                0.8359275013208389,
                0.9995215684175491,
                0.999467521905899,
                0.952721893787384,
                0.9823618133862814,
                0.9255801066756248,
                0.9056785007317861,
                0.8804253393953497,
                0.9690940752625465,
                0.9996361244808544,
                0.9696060419082642,
                0.9699452221393585,
                0.6134508848190308,
                0.39117565751075745,
                0.6163184434175492
            ],
            "det_polygons": [
                [
                    324.1157251596451,
                    1517.7371409169675,
                    324.4015327692032,
                    1496.8780424691379,
                    506.7296794652939,
                    1499.3750616609889,
                    506.4438718557358,
                    1520.2341601088185
                ],
                [
                    673.7843390703201,
                    1377.1707009378795,
                    674.4011288881302,
                    1343.8736833797811,
                    746.9280525445938,
                    1345.2165466736794,
                    746.3112627267838,
                    1378.513564231778
                ],
                [
                    455.259765625,
                    1375.549919050189,
                    455.259765625,
                    1345.328116567728,
                    523.044921875,
                    1345.328116567728,
                    523.044921875,
                    1375.549919050189
                ],
                [
                    177.08356028795242,
                    1345.0783699311505,
                    273.8328465819359,
                    1340.1178695917515,
                    275.70809561014175,
                    1376.6776916866231,
                    178.9588093161583,
                    1381.6381920260221
                ],
                [
                    50.380859375,
                    1377.3815434430653,
                    50.380859375,
                    1342.5806799784134,
                    105.341796875,
                    1342.5806799784134,
                    105.341796875,
                    1377.3815434430653
                ],
                [
                    52.98654406517744,
                    1296.0104224199356,
                    267.35851031541824,
                    1293.9091521508617,
                    267.62771290540695,
                    1321.362948043502,
                    53.25573617219925,
                    1323.464218312576
                ],
                [
                    607.1690819263458,
                    1319.5715693037894,
                    607.4088203907013,
                    1290.3275126062467,
                    743.9460258483887,
                    1291.4463417642,
                    743.7062873840332,
                    1320.690398461743
                ],
                [
                    331.3530257344246,
                    1291.532869918502,
                    520.9492230415344,
                    1288.5081854962814,
                    521.3864326477051,
                    1315.9025072570241,
                    331.79026329517365,
                    1318.9271916792447
                ],
                [
                    52.162659741938114,
                    1234.5659304195267,
                    296.68006759881973,
                    1232.6334683067787,
                    296.8469564318657,
                    1253.7391831737175,
                    52.329545080661774,
                    1255.6716452864655
                ],
                [
                    572.509765625,
                    1202.4614139233674,
                    572.509765625,
                    1174.9870480302213,
                    640.294921875,
                    1174.9870480302213,
                    640.294921875,
                    1202.4614139233674
                ],
                [
                    148.39453125,
                    1200.629789530491,
                    148.39453125,
                    1176.8186724230977,
                    348.0859375,
                    1176.8186724230977,
                    348.0859375,
                    1200.629789530491
                ],
                [
                    204.271484375,
                    1156.6708041014572,
                    204.271484375,
                    1127.3648138154344,
                    349.91796875,
                    1127.3648138154344,
                    349.91796875,
                    1156.6708041014572
                ],
                [
                    557.6132739782333,
                    1152.855963355454,
                    557.9909962415695,
                    1127.178342289109,
                    639.6199306249619,
                    1128.378557101238,
                    639.2422083616257,
                    1154.056178167583
                ],
                [
                    558.4999372959137,
                    1078.005085318782,
                    637.3261456489563,
                    1076.8951996393096,
                    637.6740124225616,
                    1101.5914975293442,
                    558.847804069519,
                    1102.7013832088169
                ],
                [
                    97.00073772668839,
                    1097.932273308908,
                    97.12589037418365,
                    1081.5395480144107,
                    346.3025751709938,
                    1083.4411551263997,
                    346.17742252349854,
                    1099.8338804208968
                ],
                [
                    556.9375,
                    1015.635725849973,
                    556.9375,
                    986.3297355639504,
                    639.37890625,
                    986.3297355639504,
                    639.37890625,
                    1015.635725849973
                ],
                [
                    213.3248541355133,
