{
    "predictions": [
        {
            "rec_texts": [
                "THANK YOU & COME AGAIN!",
                "SAL GST @6%",
                "0.00",
                "8.85",
                "AMOUNT(RM)",
                "GST SUMMARY",
                "TAX(RM)",
                "CHANGE",
                "RM0.00",
                "CASH",
                "RM8.35",
                "PAYMENT MODE",
                "A ANOUR",
                "NETT TOTAL: RM8.65",
                "GST @0%: RM0.00",
                "TOTAL AMOUNT: RM8.58",
                "1",
                "THAN KO.",
                "RMO.75",
                "RM1.50",
                "RM1.50",
                "1",
                "RM344",
                "1",
                "RM34.6 ",
                "RM3.11",
                "RM3.1.",
                "SR I00100000035- 2 VEGE",
                "CODE",
                "TOTAL",
                "JITEM",
                "TAX INVOICE",
                "(867388-U)",
                "13 JUN 2018 18:28"
            ],
            "rec_scores": [
                0.9975044753240503,
                0.9034729599952698,
                0.9996414184570312,
                0.9531689137220383,
                0.9883483350276947,
                0.9996433149684559,
                0.9255284156118121,
                0.9959238668282827,
                0.8968301117420197,
                0.9935170561075211,
                0.8933960994084676,
                0.9991799394289652,
                0.684118526322501,
                0.9205164247088962,
                0.9974373141924541,
                0.9494150757789612,
                0.9991004467010498,
                0.626581959426403,
                0.824335977435112,
                0.998267412185669,
                0.9965045054753622,
                0.909003734588623,
                0.7974756538867951,
                0.9998886585235596,
                0.6837416631834847,
                0.9848991731802622,
                0.9012884696324667,
                0.9234426591707312,
                0.6106579042971134,
                0.9983049988746643,
                0.8354638934135437,
                0.9997668266296387,
                0.9901261448860168,
                0.9875412408043357
            ],
            "det_polygons": [
                [
                    1855.3843461573124,
                    4239.715704649193,
                    2519.0738879442215,
                    4234.687045777042,
                    2519.4417370557785,
                    4283.210469114188,
                    1855.752047419548,
                    4288.239127986339
                ],
                [
                    1467.6529014110565,
                    3954.0004026297047,
                    1811.544508934021,
                    3948.6263265873185,
                    1812.3698038458824,
                    4001.4574096005267,
                    1468.478196322918,
                    4006.8314856429124
                ],
                [
                    2819.630859375,
                    3997.3756906077347,
                    2819.630859375,
                    3939.232044198895,
                    2926.21484375,
                    3939.232044198895,
                    2926.21484375,
                    3997.3756906077347
                ],
                [
                    2344.84765625,
                    3997.3756906077347,
                    2344.84765625,
                    3939.232044198895,
                    2456.2763671875,
                    3939.232044198895,
                    2456.2763671875,
                    3997.3756906077347
                ],
                [
                    2174.6952647566795,
                    3862.0156327558484,
                    2441.4396877884865,
                    3856.5711720503496,
                    2442.436192214489,
                    3905.39920128248,
                    2175.691769182682,
                    3910.843661987979
                ],
                [
                    1477.1769111454487,
                    3905.0735982821134,
                    1478.0234963595867,
                    3852.5701884064224,
                    1831.7527020275593,
                    3858.2760778606266,
                    1830.9061168134212,
                    3910.779487736317
                ],
                [
                    2732.42578125,
                    3847.171270718232,
                    2921.3701171875,
                    3847.171270718232,
                    2921.3701171875,
                    3905.3149171270716,
                    2732.42578125,
                    3905.3149171270716
                ],
                [
                    1465.5624598562717,
                    3714.6310353990416,
                    1470.2013801634312,
                    3642.7197940046617,
                    1683.4196176826954,
                    3656.4773340383285,
                    1678.780697375536,
                    3728.388575432709
                ],
                [
                    2713.046875,
                    3701.8121546961324,
                    2713.046875,
                    3643.6685082872928,
                    2921.3701171875,
                    3643.6685082872928,
                    2921.3701171875,
                    3701.8121546961324
                ],
                [
                    1467.9521484375,
                    3624.2872928176794,
                    1467.9521484375,
                    3566.1436464088397,
                    1652.0517578125,
                    3566.1436464088397,
                    1652.0517578125,
                    3624.2872928176794
                ],
                [
                    2712.007198572159,
                    3566.433465609893,
                    2920.8325370550156,
                    3560.789088802443,
                    2922.282643198967,
                    3614.441129062716,
                    2713.4573047161102,
                    3620.085505870166
                ],
                [
                    1467.9521484375,
                    3532.2265193370167,
                    1467.9521484375,
                    3478.92817679558,
                    1855.5302734375,
                    3478.92817679558,
                    1855.5302734375,
                    3532.2265193370167
                ],
                [
                    2703.357421875,
                    3522.53591160221,
                    2703.357421875,
                    3469.2375690607732,
                    2926.21484375,
                    3469.2375690607732,
                    2926.21484375,
                    3522.53591160221
                ],
                [
                    2441.7421875,
                    3406.24861878453,
                    2441.7421875,
                    3352.950276243094,
                    2921.3701171875,
                    3352.950276243094,
                    2921.3701171875,
                    3406.24861878453
                ],
                [
                    2417.5185546875,
                    3323.878453038674,
                    2417.5185546875,
                    3275.425414364641,
                    2921.3701171875,
                    3275.425414364641,
                    2921.3701171875,
                    3323.878453038674
                ],
                [
                    2354.363534271717,
                    3193.144264516251,
                    2916.3932133316994,
                    3188.0801175786646,
                    2916.8302559256554,
                    3236.5727845924334,
                    2354.800576865673,
                    3241.63693153002
                ],
                [
                    1923.3567410111427,
                    3076.7682515349834,
                    1954.8474636673927,
