{
    "predictions": [
        {
            "rec_texts": [
                "LIKE AND FOLLOW US ON FAC",
                "(PRICE INCLUSIVE OF GST):",
                "GST REG #000656195584",
                "SR = GST @6%",
                "7.74",
                "0.46",
                "GST SUMMARY",
                "AMOUNT($)",
                "TAX($)",
                "CHANGE",
                "$0.00",
                "CASH",
                "$8.20",
                "PAYMENT MODE",
                "AMOUNT",
                "NETT TOTAL: $8.20",
                "GST @6%: $0.46",
                "TOTAL AMOUNT: $8.20",
                "$1.10 %",
                "1",
                "$1.10",
                "SR I00100000015- VEGETABL",
                "$7.10",
                "1",
                "$7.10",
                "ITEM",
                "CHE",
                "TOTAL :",
                "INVOICE # : OR18060202174",
                "TAX INVOICE",
                "(867388-U)",
                "0 M AMOU2 PO1 HB27"
            ],
            "rec_scores": [
                0.9891497445106506,
                0.9734964418411255,
                0.9971681322370257,
                0.9944611489772797,
                0.999288022518158,
                0.9981505870819092,
                0.9997793706980619,
                0.996165136496226,
                0.9832263986269633,
                0.9958949685096741,
                0.9814731478691101,
                0.9999076724052429,
                0.9926189422607422,
                0.9980666687091192,
                0.9999220371246338,
                0.9975965128225439,
                0.9782786922795432,
                0.9942929870203921,
                0.7809408136776516,
                0.9858365058898926,
                0.9929221987724304,
                0.9838806056976318,
                0.9914066433906555,
                0.904621422290802,
                0.9972891449928284,
                0.9993612617254257,
                0.5435081223646799,
                0.9560974325452533,
                0.943807327747345,
                0.9913118102333762,
                0.9808133125305176,
                0.6162159881658025
            ],
            "det_polygons": [
                [
                    1801.8316956162453,
                    3711.6828643630224,
                    2635.2955781817436,
                    3701.6397418448937,
                    2635.879287302494,
                    3750.08568290584,
                    1802.4154047369957,
                    3760.1288054239685
                ],
                [
                    1913.6669921875,
                    3595.215173879381,
                    1913.6669921875,
                    3546.762135205348,
                    2528.947265625,
                    3546.762135205348,
                    2528.947265625,
                    3595.215173879381
                ],
                [
                    1879.75390625,
                    3425.6298342541436,
                    1879.75390625,
                    3377.1767955801106,
                    2558.015625,
                    3377.1767955801106,
                    2558.015625,
                    3425.6298342541436
                ],
                [
                    1501.2782725691795,
                    3270.5886867797176,
                    1831.3045707345009,
                    3265.5878268921574,
                    1831.8938981294632,
                    3304.4880698188235,
                    1501.8675999641418,
                    3309.4889297063837
                ],
                [
                    2373.916015625,
                    3241.508287292818,
                    2480.5,
                    3241.508287292818,
                    2480.5,
                    3299.6519337016575,
                    2373.916015625,
                    3299.6519337016575
                ],
                [
                    2848.69921875,
                    3236.6629834254145,
                    2955.283203125,
                    3236.6629834254145,
                    2955.283203125,
                    3294.806629834254,
                    2848.69921875,
                    3294.806629834254
                ],
                [
                    1501.865234375,
                    3212.4364640883978,
                    1501.865234375,
                    3173.6740331491715,
                    1821.6171875,
                    3173.6740331491715,
                    1821.6171875,
                    3212.4364640883978
                ],
                [
                    2247.953125,
                    3212.4364640883978,
                    2247.953125,
                    3154.292817679558,
                    2470.810546875,
                    3154.292817679558,
                    2470.810546875,
                    3212.4364640883978
                ],
                [
                    2805.0966796875,
                    3144.6022099447514,
                    2955.283203125,
                    3144.6022099447514,
                    2955.283203125,
                    3207.5911602209944,
                    2805.0966796875,
                    3207.5911602209944
                ],
                [
                    1490.4415087103844,
                    3028.4258173315566,
                    1493.0954040288925,
                    2954.1108509717064,
                    1707.0286408662796,
                    2961.7520229276374,
                    1704.3747455477715,
                    3036.066989287487
                ],
                [
                    2793.031879365444,
                    2946.6985770378324,
                    2944.142165362835,
                    2937.252836954528,
                    2947.950172483921,
                    2998.1870282420796,
                    2796.8398864865303,
                    3007.632768325384
                ],
                [
                    1492.17578125,
                    2941.0994475138123,
                    1492.17578125,
                    2873.265193370166,
                    1666.5859375,
                    2873.265193370166,
                    1666.5859375,
                    2941.0994475138123
                ],
                [
                    2795.4072265625,
                    2916.8729281767955,
                    2795.4072265625,
                    2858.729281767956,
                    2945.59375,
                    2858.729281767956,
                    2945.59375,
                    2916.8729281767955
                ],
                [
                    1491.7758488357067,
                    2843.918337658624,
                    1492.5159825384617,
                    2790.630050069061,
                    1875.175456315279,
                    2795.945570803479,
                    1874.435322612524,
                    2849.2338583930423
                ],
                [
                    2742.115234375,
                    2824.8121546961324,
                    2742.115234375,
                    2771.513812154696,
                    2945.59375,
                    2771.513812154696,
                    2945.59375,
                    2824.8121546961324
                ],
                [
                    2523.6811684966087,
                    2660.2593184834686,
                    2945.3486158251762,
                    2654.987566363087,
                    2946.013346374035,
                    2708.156377465685,
                    2524.3458990454674,
                    2713.428129586067
                ],
                [
                    2484.949377477169,
                    2573.203249430788,
                    2945.3628093600273,
                    2567.7859962421226,
                    2946.1038301587105,
                    2630.766074502007,
