{
    "predictions": [
        {
            "rec_texts": [
                "S = 6%",
                "5.05",
                ".30",
                "GST SUMMARY",
                "AMOUNT(RM)",
                "TAX(RM)",
                "CHANGE RM",
                ".65",
                "CASH RM",
                "6.00",
                "5.35",
                "RM5.35 S",
                "02:27PM",
                "570285",
                "10-03-18",
                "1757-MIG FEON THANDAR",
                "41150 KLANG  SELANGOR",
                "TAMAN BERKELEY"
            ],
            "rec_scores": [
                0.9978943765163422,
                0.9597478061914444,
                0.9847386876742045,
                0.9998637058518149,
                0.9998641014099121,
                0.9995923468044826,
                0.999259372552236,
                0.9968115290006002,
                0.999670718397413,
                0.9998782873153687,
                0.960696816444397,
                0.9954301118850708,
                0.9931178859301976,
                0.9963984688123068,
                0.9939072579145432,
                0.7130146019515538,
                0.9966867452576047,
                0.9963775191988263
            ],
            "det_polygons": [
                [
                    54.63184402137995,
                    1004.7902411823633,
                    147.73109410703182,
                    1001.9409637713801,
                    148.51956233382225,
                    1027.69168652848,
                    55.420317843556404,
                    1030.5409639394632
                ],
                [
                    382.8339396119118,
                    1030.1720275353646,
                    382.8339396119118,
                    997.1771910465523,
                    449.5731974244118,
                    997.1771910465523,
                    449.5731974244118,
                    1030.1720275353646
                ],
                [
                    593.5944946408272,
                    996.750524419105,
                    644.345899283886,
                    992.7448524567018,
                    647.1729568839073,
                    1028.5458253213747,
                    596.4215522408485,
                    1032.551497283778
                ],
                [
                    57.84101053327322,
                    990.5176293903291,
                    57.99034019559622,
                    961.4040539949978,
                    223.04204687476158,
                    962.2502269121127,
                    222.89271721243858,
                    991.363802307444
                ],
                [
                    298.4931640625,
                    986.9122203098106,
                    298.4931640625,
                    959.0499139414801,
                    444.439453125,
                    959.0499139414801,
                    444.439453125,
                    986.9122203098106
                ],
                [
                    538.886659681797,
                    961.3525890672063,
                    639.2576790452003,
                    959.6373301520815,
                    639.6602782607079,
                    983.1812368054808,
                    539.2892588973045,
                    984.8964957206056
                ],
                [
                    374.033203125,
                    901.8588640275386,
                    374.033203125,
                    877.6626506024096,
                    507.51171875,
                    877.6626506024096,
                    507.51171875,
                    901.8588640275386
                ],
                [
                    580.364808678627,
                    903.237587067018,
                    581.1228268146515,
                    873.6838299066802,
                    630.2470036745071,
                    874.9431543136833,
                    629.4889855384827,
                    904.496911474021
                ],
                [
                    399.38589721918106,
                    836.0151724363973,
                    506.5954630970955,
                    834.1511575038995,
                    507.0823959708214,
                    862.1452140873762,
                    399.87283009290695,
                    864.009229019874
                ],
                [
                    565.4501953125,
                    863.7314974182443,
                    565.4501953125,
                    832.9363166953527,
                    629.255859375,
                    832.9363166953527,
                    629.255859375,
                    863.7314974182443
                ],
                [
                    563.6437361240387,
                    823.9312073909476,
                    564.1871600151062,
                    790.2473673992846,
                    630.9208672046661,
                    791.3233871591275,
                    630.3774433135986,
                    825.0072271507906
                ],
                [
                    536.7251396775246,
                    736.075652918594,
                    536.9173523783684,
                    709.7453903224505,
                    658.6978406310081,
                    710.6340777451322,
                    658.5056279301643,
                    736.9643403412757
                ],
                [
                    54.895817548036575,
                    629.1832216561559,
                    161.99998873472214,
                    628.3400918825973,
                    162.2077789902687,
                    654.7228039529771,
                    55.103607803583145,
                    655.5659337265356
                ],
                [
                    309.494140625,
                    656.9638554216867,
                    309.494140625,
                    627.6351118760757,
                    403.369140625,
                    627.6351118760757,
                    403.369140625,
                    656.9638554216867
                ],
                [
                    538.2021872997284,
                    651.7369430988463,
                    538.5329865217209,
                    628.2579270065754,
                    657.2269703149796,
                    629.9292393485773,
                    656.8961710929871,
                    653.4082554408482
                ],
                [
                    208.9520591199398,
                    466.3701186582266,
                    486.87271213531494,
                    464.06744353250053,
                    487.03699266910553,
                    483.8811722195702,
                    209.11631727218628,
                    486.18384734529633
                ],
                [
                    194.33581411838531,
                    445.0488703558654,
                    194.38778406381607,
                    424.47077561081375,
                    503.8632584810257,
                    425.2520579668002,
                    503.81128853559494,
                    445.83015271185184
                ],
                [
                    238.97356569766998,
                    383.5210723614323,
                    439.11913627386093,
                    380.3823382957051,
                    439.39639884233475,
                    398.0557525162032,
                    239.2508282661438,
                    401.1944865819304
                ]
            ],