{
    "predictions": [
        {
            "rec_texts": [
                "TAMPOI 81200 JOHOR BAHRU ",
                "THANK YOU & COME AGAIN!",
                "(PRICE INCLUSIVE OF GST)",
                "SANYU SUPPLY SDN BHD (MX ",
                "GST REG #000656195584",
                "0.37",
                "6.23",
                "SR = GST @6%",
                "TAX(",
                "AMOUNT($)",
                "GST SUMMARY",
                "$0.00",
                "CHANGE",
                "36.60",
                "OTAS",
                "AMOUNT",
                "INVANDING ADES",
                "NETT TOTAL: $8.60",
                "GST @6%: $0.57",
                "TOTAL AMOUNT: $8.60",
                "SR6 %",
                "1",
                "$6.60",
                "SR I00100000061- 5 VEGE",
                "TAX",
                "CASH",
                "ITEM",
                "TAX INVOICE",
                "(867388-U)",
                "124 MAY 2018 18:41"
            ],
            "rec_scores": [
                0.9440948057174683,
                0.9942472006963647,
                0.9943293035030365,
                0.9140491569042206,
                0.9898190157754081,
                0.9960962384939194,
                0.9949384033679962,
                0.9844211538632711,
                0.885437086224556,
                0.9817726413408915,
                0.9999428824944929,
                0.914891266822815,
                0.9997605284055074,
                0.9810312986373901,
                0.4213840216398239,
                0.9996274908383688,
                0.7962104337556022,
                0.9790783244020799,
                0.9144323212759835,
                0.9755857273152,
                0.5013846695423126,
                0.9999086856842041,
                0.8839851379394531,
                0.9665223671042401,
                0.8607465624809265,
                0.7262580841779709,
                0.9945751279592514,
                0.9766490892930464,
                0.9558294773101806,
                0.8091124213404126
            ],
            "det_polygons": [
                [
                    1869.0638089179993,
                    3967.8791935536083,
                    1870.1714960336685,
                    3914.7050592411947,
                    2616.8436871767044,
                    3930.2624356601777,
                    2615.736000061035,
                    3983.4365699725913
                ],
                [
                    1908.2361909151077,
                    3803.1849965469614,
                    1908.9745504260063,
                    3754.817129229972,
                    2582.678370296955,
                    3765.1039364640883,
                    2581.9400107860565,
                    3813.471803781077
                ],
                [
                    1942.4094916582108,
                    3725.7485590982174,
                    1942.8598406910896,
                    3672.61819339984,
                    2553.4976454377174,
                    3677.79353627579,
                    2553.0472964048386,
                    3730.9239019741667
                ],
                [
                    1800.873336315155,
                    3636.0359126138424,
                    1802.23828125,
                    3585.5245661445742,
                    2713.4286219477654,
                    3610.1544664920366,
                    2712.0636770129204,
                    3660.6658129613043
                ],
                [
                    1913.1338475346565,
                    3541.6900034530386,
                    1914.1980669498444,
                    3493.7988591483945,
                    2592.6629306674004,
                    3508.877738151761,
                    2591.5987112522125,
                    3556.768882456405
                ],
                [
                    2887.45703125,
                    3445.011049723757,
                    2887.45703125,
                    3386.8674033149173,
                    2989.1962890625,
                    3386.8674033149173,
                    2989.1962890625,
                    3445.011049723757
                ],
                [
                    2407.8291015625,
                    3440.1657458563536,
                    2407.8291015625,
                    3386.8674033149173,
                    2519.2578125,
                    3386.8674033149173,
                    2519.2578125,
                    3440.1657458563536
                ],
                [
                    1535.7783203125,
                    3430.475138121547,
                    1535.7783203125,
                    3377.1767955801106,
                    1874.9091796875,
                    3377.1767955801106,
                    1874.9091796875,
                    3430.475138121547
                ],
                [
                    2841.8940101861954,
                    3350.405190483641,
                    2845.664167881012,
                    3290.074296308486,
                    2996.171228647232,
                    3299.4821824553264,
                    2992.4010709524155,
                    3359.8130766304816
                ],
                [
                    2280.984437584877,
                    3343.7340256496027,
                    2282.3786566853523,
                    3289.3532971123964,
                    2510.4276596307755,
                    3295.201138828341,
                    2509.0334405303,
                    3349.581867365547
                ],
                [
                    1535.7783203125,
                    3333.5690607734805,
                    1535.7783203125,
                    3285.1160220994475,
                    1860.375,
                    3285.1160220994475,
                    1860.375,
                    3333.5690607734805
                ],
                [
                    2834.1650390625,
                    3154.292817679558,
                    2834.1650390625,
                    3081.6132596685084,
                    2998.8857421875,
                    3081.6132596685084,
                    2998.8857421875,
                    3154.292817679558
                ],
                [
                    1534.2523674666882,
                    3143.4586070361056,
                    1536.6294888556004,
                    3069.7617244825838,
                    1750.3563280403614,
                    3076.6570555966205,
                    1747.9792066514492,
                    3150.3539381501423
                ],
                [
                    2839.009765625,
                    3071.9226519337017,
                    2839.009765625,
                    3004.0883977900553,
                    2998.8857421875,
                    3004.0883977900553,
                    2998.8857421875,
                    3071.9226519337017
                ],
                [
                    1535.7783203125,
                    3057.3867403314916,
                    1535.7783203125,
                    2989.5524861878453,
                    1715.033203125,
                    2989.5524861878453,
                    1715.033203125,
                    3057.3867403314916
                ],
                [
                    2790.5625,
                    2912.027624309392,
                    3003.73046875,
                    2912.027624309392,
                    3003.73046875,
                    2970.171270718232,
                    2790.5625,
                    2970.171270718232
                ],
                [
                    1530.4691990315914,
                    2960.0033485033237,
                    1531.4109992086887,
                    2892.1821066503367,
                    1933.782040208578,
                    2897.771476956362,
                    1932.8402400314808,
