{
    "predictions": [
        {
            "rec_texts": [
                "PURPOSE **",
                "06/10/2017",
                "DATE : C",
                "INV NO: CS-SA-0116003",
                "SR @ 6%",
                "0.49",
                "8.71",
                "AMOUNT(RM)",
                "TAX(RM)",
                "GST SUMMARY",
                "1.00",
                "CHANGE",
                "1000",
                "CASH",
                "8.70",
                "FINAL TOTAL",
                "0.00",
                "ROUND ADJ",
                "8.70",
                "TOTAL :",
                "0.00",
                "DISCOUNT:",
                "8.70",
                "8.70",
                "SR",
                "3 X 2.9000",
                "3.5\"X6\"",
                "1. 2012-0029",
                "CASH SALES COUNTER",
                "OWNED BY :",
                "TAX INVOICE",
                "TEL: +603-3362 4137",
                "40170SSIANA 4X4X"
            ],
            "rec_scores": [
                0.992769330739975,
                0.9603035032749176,
                0.9409501999616623,
                0.9792961847214472,
                0.9980538146836417,
                0.9932895451784134,
                0.8363593071699142,
                0.9996894896030426,
                0.9994970219475883,
                0.9998475313186646,
                0.9768227785825729,
                0.9994903802871704,
                0.8954000771045685,
                0.9999728202819824,
                0.9987774789333344,
                0.995102351362055,
                0.999861553311348,
                0.9960461921162076,
                0.9995971173048019,
                0.9775903565543038,
                0.9982962161302567,
                0.9737241135703193,
                0.9989575147628784,
                0.9951478242874146,
                0.9915929138660431,
                0.9986754417419433,
                0.9869853598730904,
                0.9879138171672821,
                0.9968454407321082,
                0.987172269821167,
                0.999854402108626,
                0.9603382443126879,
                0.719950377009809
            ],
            "det_polygons": [
                [
                    244.8193359375,
                    1355.9117376608926,
                    244.8193359375,
                    1340.79903274286,
                    386.875,
                    1340.79903274286,
                    386.875,
                    1355.9117376608926
                ],
                [
                    395.79970878362656,
                    964.4639012070953,
                    396.0932475924492,
                    947.7336645908043,
                    512.088229238987,
                    949.768714279425,
                    511.79469043016434,
                    966.498950895716
                ],
                [
                    317.2096366882324,
                    963.5344108206327,
                    317.3944820165634,
                    947.8194114810132,
                    400.2695344686508,
                    948.794505635246,
                    400.0846891403198,
                    964.5095049748655
                ],
                [
                    27.779089078307152,
                    962.3524024838307,
                    27.820485576987267,
                    946.0430783131084,
                    280.5104230642319,
                    946.684482762071,
                    280.46902656555176,
                    962.9938069327933
                ],
                [
                    26.501760818064213,
                    883.1057464099322,
                    26.783834420144558,
                    863.7831791111681,
                    122.246775329113,
                    865.1768243508261,
                    121.96471095085144,
                    884.4993916495902
                ],
                [
                    514.1238153576851,
                    863.4111173035669,
                    564.4361310601234,
                    862.4794131419699,
                    564.8945179581642,
                    887.2334039406699,
                    514.5822022557259,
                    888.1651081022669
                ],
                [
                    333.3955200910568,
                    886.0874063460553,
                    333.8199633359909,
                    861.8933530713691,
                    383.4897109270096,
                    862.7648425493085,
                    383.0652676820755,
                    886.9588958239947
                ],
                [
                    256.2273734509945,
                    837.9182421574827,
                    377.04499185085297,
                    835.9590511634702,
                    377.28038370609283,
                    850.4732988701493,
                    256.4627468585968,
                    852.4324898641618
                ],
                [
                    476.9443359375,
                    853.5655737704918,
                    476.9443359375,
                    834.8258196721312,
                    559.1552734375,
                    834.8258196721312,
                    559.1552734375,
                    853.5655737704918
                ],
                [
                    27.761743687093258,
                    852.9188562612065,
                    27.855162523686886,
                    834.140434890497,
                    167.4953989982605,
                    834.835117527696,
                    167.40198016166687,
                    853.6135388984055
                ],
                [
                    478.7578125,
                    813.063524590164,
                    478.7578125,
                    792.5102459016393,
                    525.908203125,
                    792.5102459016393,
                    525.908203125,
                    813.063524590164
                ],
                [
                    238.73047178983688,
                    791.9406415595383,
                    322.71002119779587,
                    791.2579133080654,
                    322.8427703976631,
                    807.5883421350699,
                    238.86322098970413,
                    808.2710703865426
                ],
                [
                    467.1279790401459,
                    762.4423830626441,
                    528.2037533521652,
                    761.5698604896421,
                    528.5074014663696,
                    782.8269720859215,
                    467.4316271543503,
                    783.6994946589235
                ],
                [
                    235.62318861484528,
                    757.5894190053472,
                    296.6330679655075,
                    756.7650091452678,
                    296.92664366960526,
                    778.4907031450116,
                    235.91676431894302,
                    779.315113005091
                ],
                [
                    477.35579204559326,
                    707.3700038722304,
                    524.4926052093506,
                    706.570978633693,
                    524.828721165657,
                    726.4013859483063,
                    477.6919080018997,
                    727.2004111868437
                ],
                [
                    238.169921875,
                    723.5963114754098,
                    238.169921875,
                    703.6475409836066,
                    340.93359375,
                    703.6475409836066,
                    340.93359375,
                    723.5963114754098
                ],
                [
                    478.6567932367325,
                    666.2516396944641,
                    524.6055047512054,
                    665.4728336021549,
                    524.9430227279663,
