{
    "predictions": [
        {
            "rec_texts": [
                "FACEBOOK.COM/BARWANGRICE@",
                "THANK YOU & COME AGAIN!",
                "(PRICE INCLUSIVE OF GST):",
                "GST REG #000656195584",
                "SR = GST @6%",
                "6.89",
                "0.41",
                "GST SUMMARY",
                "AMOUNT($)",
                "TAX($)",
                "CHANGE",
                "$0.00",
                "CASH",
                "$7.30",
                "PAYMENT MODE",
                "AMOUNT",
                "NOT TOTAL: $7.30",
                "GST @6%: $0.41",
                "TOTAL AMOUNT: $7.32",
                "$0.90",
                "$1.80",
                "7",
                "1",
                "$5.50",
                "$5.50",
                "SR I00100000006- 4 VEGE",
                "PM",
                "INVOI :",
                "TOTAL :",
                "TAX INVOICE",
                "TAMPOI,81200 JOHOR BAHRU,",
                "(867388-U)",
                "06 MAY 2018 18:23"
            ],
            "rec_scores": [
                0.9850449514389038,
                0.9959417063256969,
                0.9785042071342468,
                0.9936722488630385,
                0.9942029267549515,
                0.9904683828353882,
                0.994201049208641,
                0.9993246035142378,
                0.9846677316559685,
                0.9830514490604401,
                0.9990443686644236,
                0.9888285040855408,
                0.9999344795942307,
                0.9961243391036987,
                0.997165858745575,
                0.9998949567476908,
                0.9400312248617411,
                0.9944162964820862,
                0.9811073980833355,
                0.9879498720169068,
                0.9668269395828247,
                0.5340858697891235,
                0.999967098236084,
                0.9925449967384339,
                0.989708936214447,
                0.9337053143459818,
                0.5702524483203888,
                0.7731009466307504,
                0.9750970091138568,
                0.9819374463774941,
                0.9914852857589722,
                0.9975426435470581,
                0.9669081253163955
            ],
            "det_polygons": [
                [
                    1918.3727403879166,
                    4007.1718753372106,
                    2659.5425711870193,
                    4001.8392020378324,
                    2659.926388025284,
                    4055.1694838381604,
                    1918.756557226181,
                    4060.5021571375387
                ],
                [
                    1947.4350379407406,
                    3837.5912674540314,
                    2630.4665236473083,
                    3832.45496145006,
                    2630.867491006851,
                    3885.8230971868525,
                    1947.8361531496048,
                    3890.9594031908237
                ],
                [
                    1986.337890625,
                    3803.5635359116022,
                    1986.337890625,
                    3750.265193370166,
                    2601.6181640625,
                    3750.265193370166,
                    2601.6181640625,
                    3803.5635359116022
                ],
                [
                    1947.580078125,
                    3638.8232044198894,
                    1947.580078125,
                    3585.524861878453,
                    2630.6865234375,
                    3585.524861878453,
                    2630.6865234375,
                    3638.8232044198894
                ],
                [
                    1569.4737720489502,
                    3479.078113872043,
                    1908.7468624711037,
                    3473.9370761260143,
                    1909.2616738080978,
                    3507.9198561188923,
                    1569.9885833859444,
                    3513.0608938649216
                ],
                [
                    2446.5869140625,
                    3517.6906077348067,
                    2446.5869140625,
                    3459.546961325967,
                    2558.015625,
                    3459.546961325967,
                    2558.015625,
                    3517.6906077348067
                ],
                [
                    2921.3701171875,
                    3512.8453038674033,
                    2921.3701171875,
                    3454.7016574585637,
                    3027.9541015625,
                    3454.7016574585637,
                    3027.9541015625,
                    3512.8453038674033
                ],
                [
                    1569.6912584006786,
                    3420.784234652862,
                    1569.6912584006786,
                    3372.3311959788284,
                    1899.1326646506786,
                    3372.3311959788284,
                    1899.1326646506786,
                    3420.784234652862
                ],
                [
                    2319.8325860202312,
                    3420.2247061545017,
                    2321.35277274251,
                    3365.48791402743,
                    2544.4418745040894,
                    3371.68531318791,
                    2542.921392083168,
                    3426.4221053149818
                ],
                [
                    2876.304756939411,
                    3420.5109765490115,
                    2878.864324390888,
                    3361.635684524452,
                    3029.6085354685783,
                    3368.1903302103115,
                    3027.0489680171013,
                    3427.065622234871
                ],
                [
                    1574.5361328125,
                    3163.983425414365,
                    1778.0146484375,
                    3163.983425414365,
                    1778.0146484375,
                    3231.817679558011,
                    1574.5361328125,
                    3231.817679558011
                ],
                [
                    2872.9228515625,
                    3159.1381215469614,
                    3023.109375,
                    3159.1381215469614,
                    3023.109375,
                    3222.1270718232045,
                    2872.9228515625,
                    3222.1270718232045
                ],
                [
                    1569.69140625,
                    3081.6132596685084,
                    1744.1015625,
                    3081.6132596685084,
                    1744.1015625,
                    3139.756906077348,
                    1569.69140625,
                    3139.756906077348
                ],
                [
                    2872.9228515625,
                    3139.756906077348,
                    2872.9228515625,
                    3076.767955801105,
                    3027.9541015625,
                    3076.767955801105,
                    3027.9541015625,
                    3139.756906077348
                ],
                [
                    1569.4897397756577,
                    2999.4512905732045,
                    1952.010826587677,
                    2994.0630193046445,
                    1952.6968474388123,
                    3042.7792611306545,
                    1570.175760626793,
                    3048.1675323992145
                ],
                [
                    2814.7861328125,
                    3042.8508287292816,
                    2814.7861328125,
                    2984.707182320442,
                    3027.9541015625,
                    2984.707182320442,
                    3027.9541015625,
                    3042.8508287292816
                ],
                [
                    2577.39453125,
                    2921.718232044199,
                    2577.39453125,
