{
    "predictions": [
        {
            "rec_texts": [
                "FISHAL",
                "VANIL",
                "ZR (0%)",
                "0.00",
                "0.00",
                "0.51",
                "8.49",
                "3P (6%)",
                "(RM)",
                "(RM)",
                "GST SUMMARY",
                "SALES AMT",
                "TAX AMT",
                "CASHOEE",
                "RM0.00",
                "EXCHAYSIE CASH",
                "RM9.00",
                "PHERABLE MEITH MILOOR",
                "CASH",
                "*** TOTAL(S)",
                "RM9.00",
                "RECOINTED AGUIERSON",
                "RM0.00",
                "RM9.00",
                "EMAITYI' : ZINING",
                "895130050259",
                "9.00 SR",
                "-2",
                "@4.50",
                "(RM)",
                "77-10-2017",
                "10:51:2A MA",
                "COUNTER : 5027",
                "TAX INVOICE"
            ],
            "rec_scores": [
                0.6329886813958486,
                0.8079503774642944,
                0.9459423763411385,
                0.9998766034841537,
                0.9999026954174042,
                0.9994904696941376,
                0.9988497197628021,
                0.851056673697063,
                0.9987504780292511,
                0.9987134337425232,
                0.9999299211935564,
                0.9883430335256789,
                0.9971707889011928,
                0.8964352011680603,
                0.9998665551344553,
                0.7020643417324338,
                0.9993248184521993,
                0.6496366631417048,
                0.9999306052923203,
                0.8594789306322733,
                0.9995813568433126,
                0.7615340493227306,
                0.999922921260198,
                0.9996972779432932,
                0.7080337151008493,
                0.9611520568529764,
                0.9994070189339774,
                0.7689974009990692,
                0.8757358431816101,
                0.9494475722312927,
                0.9452717542648316,
                0.858145307410847,
                0.9542117161410195,
                0.9990982521664012
            ],
            "det_polygons": [
                [
                    28.45703125,
                    1340.7888086642597,
                    28.45703125,
                    1327.465703971119,
                    95.6640625,
                    1327.465703971119,
                    95.6640625,
                    1340.7888086642597
                ],
                [
                    110.80078125,
                    1341.9999999999998,
                    110.80078125,
                    1325.648916967509,
                    152.578125,
                    1325.648916967509,
                    152.578125,
                    1341.9999999999998
                ],
                [
                    46.015625,
                    1154.8709386281587,
                    46.015625,
                    1128.830324909747,
                    135.01953125,
                    1128.830324909747,
                    135.01953125,
                    1154.8709386281587
                ],
                [
                    362.54451751708984,
                    1127.1669328049202,
                    418.2800889015198,
                    1126.3471017555207,
                    418.6537027359009,
                    1151.758759426296,
                    362.91813135147095,
                    1152.5785904756951
                ],
                [
                    509.8046875,
                    1152.4485559566785,
                    509.8046875,
                    1127.0135379061371,
                    564.90234375,
                    1127.0135379061371,
                    564.90234375,
                    1152.4485559566785
                ],
                [
                    507.98828125,
                    1119.1407942238266,
                    507.98828125,
                    1092.494584837545,
                    563.69140625,
                    1092.494584837545,
                    563.69140625,
                    1119.1407942238266
                ],
                [
                    362.0703125,
                    1119.1407942238266,
                    362.0703125,
                    1092.494584837545,
                    418.984375,
                    1092.494584837545,
                    418.984375,
                    1119.1407942238266
                ],
                [
                    43.59375,
                    1121.5631768953067,
                    43.59375,
                    1091.283393501805,
                    138.65234375,
                    1091.283393501805,
                    138.65234375,
                    1121.5631768953067
                ],
                [
                    363.28309774398804,
                    1060.149921293293,
                    417.91504859924316,
                    1058.3582688755075,
                    418.88474464416504,
                    1087.9410849891415,
                    364.2527937889099,
                    1089.7327374069268
                ],
                [
                    496.6997480392456,
                    1059.3530809973981,
                    551.3662886619568,
                    1058.3938269219243,
                    551.8868350982666,
                    1088.0694931526045,
                    497.2202944755554,
                    1089.0287472280784
                ],
                [
                    44.74899187684059,
                    1032.5803855042163,
                    189.43241357803345,
                    1031.240416378751,
                    189.62860703468323,
                    1052.4344905481441,
                    44.94518995285034,
                    1053.7744596736095
                ],
                [
                    298.46782326698303,
                    1030.1540108691054,
                    415.2729594707489,
                    1029.4668017225574,
                    415.3975713253021,
                    1050.6548140212517,
                    298.59243512153625,
                    1051.3420231677994
                ],
                [
                    471.66015625,
                    1050.7084837545126,
                    471.66015625,
                    1029.5126353790613,
                    563.69140625,
                    1029.5126353790613,
                    563.69140625,
                    1050.7084837545126
                ],
                [
                    29.66796875,
                    990.754512635379,
                    29.66796875,
                    962.8971119133573,
                    111.40625,
                    962.8971119133573,
                    111.40625,
                    990.754512635379
                ],
                [
                    483.76953125,
                    985.3041516245487,
                    483.76953125,
                    961.6859205776173,
                    564.296875,
                    961.6859205776173,
                    564.296875,
                    985.3041516245487
                ],
                [
                    32.67683506011963,
                    950.7643516347725,
                    32.74873077869415,
                    931.9957649974616,
                    201.66970789432526,
                    932.6430545076996,
                    201.59781217575073,
                    951.4116411450107
                ],
                [
                    484.31055068969727,
                    930.2279904362096,
                    562.9503130912781,
                    929.5257005381669,
                    563.1452131271362,
                    951.3578974864972,
                    484.5054507255554,
