{
    "predictions": [
        {
            "rec_texts": [
                "SR = 6%",
                "1.32",
                "0.08",
                "AMOUNT (MYR)",
                "GST SUMMARY",
                "TAX (MYR)",
                "CHANGE !",
                "48.60",
                "CASH RECEIVED :",
                "50.00",
                "1.40",
                "1.40",
                "ITEM COUNT :",
                "2",
                "FAV0010801",
                "1.40 SR",
                "0.70",
                "2",
                "QTY U/PRICE",
                "CODE",
                "TOTAL(MYR)",
                "NO. DESCRIPTION",
                "UOM",
                "-1N/OITE",
                "S/P : SALES",
                "INV NO : CS-0004350",
                "FAX: 0378317491",
                "SEKSYEN U 5 ",
                "(0020550990-H)",
                "SV RELIONER",
                ":"
            ],
            "rec_scores": [
                0.9941232885633197,
                0.9998862594366074,
                0.9992120712995529,
                0.9970978299776713,
                0.999927049333399,
                0.9969374206331041,
                0.9286559075117111,
                0.9996621608734131,
                0.9915860096613566,
                0.9999199628829956,
                0.9993440210819244,
                0.9969582408666611,
                0.9982613027095795,
                0.486436665058136,
                0.8590039908885956,
                0.9994610037122454,
                0.9998129457235336,
                0.9849556088447571,
                0.9103269360282205,
                0.9974117130041122,
                0.9489538490772247,
                0.9667446573575338,
                0.8930363655090332,
                0.7311687618494034,
                0.9554829597473145,
                0.969229120957224,
                0.9792877435684204,
                0.8986707205573717,
                0.9059935893331256,
                0.754663269628178,
                0.9089770317077637
            ],
            "det_polygons": [
                [
                    28.033970441669226,
                    1430.3369034106402,
                    139.8652256578207,
                    1429.4700891518053,
                    140.0781088322401,
                    1456.9299544356047,
                    28.246850863099098,
                    1457.7967686944398
                ],
                [
                    375.7498148083687,
                    1426.1649193355966,
                    442.7092154622078,
                    1425.0105764445625,
                    443.30712074041367,
                    1459.6887846142833,
                    376.34772008657455,
                    1460.8431275053174
                ],
                [
                    598.994140625,
                    1458.435427574171,
                    598.994140625,
                    1425.239965095986,
                    667.5537109375,
                    1425.239965095986,
                    667.5537109375,
                    1458.435427574171
                ],
                [
                    251.76692712306976,
                    1394.9701769231294,
                    429.90592008829117,
                    1391.885762852108,
                    430.20703107118607,
                    1409.274902556787,
                    252.06803810596466,
                    1412.3593166278088
                ],
                [
                    28.728222094476223,
                    1417.9030518856348,
                    29.022813998162746,
                    1387.5619101000082,
                    202.93122738599777,
                    1389.2502599053773,
                    202.63663548231125,
                    1419.591401691004
                ],
                [
                    520.6767420768738,
                    1416.2037788111502,
                    521.2403781414032,
                    1385.3946982711605,
                    658.4984456300735,
                    1387.9054645318636,
                    657.9348095655441,
                    1418.714545071853
                ],
                [
                    377.2074897289276,
                    1310.5829899173757,
                    501.42317020893097,
                    1308.845837764507,
                    501.81819117069244,
                    1337.0853073359783,
                    377.6025106906891,
                    1338.822459488847
                ],
                [
                    584.3859412670135,
                    1309.2219858219487,
                    665.0111819505692,
                    1307.4103087846313,
                    665.581072807312,
                    1332.7685018542757,
                    584.9558321237564,
                    1334.580178891593
                ],
                [
                    268.40524703264236,
                    1270.8366491507486,
                    497.20981884002686,
                    1270.0477072298006,
                    497.2894132733345,
                    1293.1349174140012,
                    268.48484146595,
                    1293.923859334949
                ],
                [
                    585.1965975761414,
                    1267.2564596072957,
                    665.1759208440781,
                    1266.3871788038216,
                    665.4743889570236,
                    1293.845458451782,
                    585.4950656890869,
                    1294.714739255256
                ],
                [
                    600.4375,
                    1255.65445026178,
                    600.4375,
                    1226.0671902268762,
                    666.83203125,
                    1226.0671902268762,
                    666.83203125,
                    1255.65445026178
                ],
                [
                    599.4993252158165,
                    1185.0792085071716,
                    667.988507091999,
                    1184.0414979412085,
                    668.4703903794289,
                    1215.8410723355012,
                    599.9812085032463,
                    1216.8787829014643
                ],
                [
                    316.8173828125,
                    1173.3874345549739,
                    316.8173828125,
                    1148.8516579406632,
                    498.6806640625,
                    1148.8516579406632,
                    498.6806640625,
                    1173.3874345549739
                ],
                [
                    644.4599609375,
                    1176.995636998255,
                    644.4599609375,
                    1142.3568935427575,
                    668.9970703125,
                    1142.3568935427575,
                    668.9970703125,
                    1176.995636998255
                ],
                [
                    28.8671875,
                    1055.0383944153577,
                    28.8671875,
                    1031.2242582897034,
                    180.419921875,
                    1031.2242582897034,
                    180.419921875,
                    1055.0383944153577
                ],
                [
                    538.373046875,
                    1055.0383944153577,
                    538.373046875,
                    1026.894415357766,
                    664.6669921875,
                    1026.894415357766,
                    664.6669921875,
                    1055.0383944153577
                ],
                [
                    374.5517137646675,
                    1058.6465087677589,
                    374.5517137646675,
                    1023.2861248236052,
                    443.1112840771675,
                    1023.2861248236052,
                    443.1112840771675,
                    1058.6465087677589
