{
    "predictions": [
        {
            "rec_texts": [
                "D",
                "CHANGE:",
                "40.10",
                "PAY",
                "50.00",
                "DEVE",
                "9.90",
                "ROUNDING ADJ",
                "0.00",
                "QTY",
                "1",
                "9.90",
                "0.20",
                "21101 PETURIAGE",
                "I 0.2",
                "9.90",
                "9.90 S",
                "0",
                "1",
                "DESC",
                "QTY",
                "CODE",
                "AMT",
                "D%",
                "RM",
                "CASHIER:F110700",
                "CLR :01",
                "INV NO : GA310785548",
                "TAX"
            ],
            "rec_scores": [
                0.5511004328727722,
                0.9643538423946926,
                0.9666795253753662,
                0.9239604671796163,
                0.9997064471244812,
                0.6947192847728729,
                0.9994001686573029,
                0.9908216496308645,
                0.9997742027044296,
                0.8539727727572123,
                0.998724639415741,
                0.999612882733345,
                0.91586534678936,
                0.7824054479598999,
                0.7349454224109649,
                0.9997705370187759,
                0.8907332171996435,
                0.9989408850669861,
                0.9055247902870178,
                0.9978972226381302,
                0.926798423131307,
                0.9900437742471695,
                0.8319622178872427,
                0.6636934578418732,
                0.9994100630283356,
                0.9005168755849202,
                0.7206207428659711,
                0.7997332006692887,
                0.9995831847190857
            ],
            "det_polygons": [
                [
                    583.7890625,
                    1234.9615384615386,
                    583.7890625,
                    1231.544378698225,
                    587.890625,
                    1231.544378698225,
                    587.890625,
                    1234.9615384615386
                ],
                [
                    304.05089259147644,
                    1015.4644190319897,
                    304.3499231338501,
                    986.7634472367326,
                    391.15689992904663,
                    987.6674595217734,
                    390.857869386673,
                    1016.3684313170304
                ],
                [
                    531.7509889602661,
                    982.1392692249908,
                    604.8860907554626,
                    981.308338774732,
                    605.1739811897278,
                    1006.6387029343103,
                    532.0388793945312,
                    1007.4696333845692
                ],
                [
                    301.8319249153137,
                    937.5993948490662,
                    305.2592396736145,
                    905.0474441799187,
                    351.3409435749054,
                    909.8970412756565,
                    347.9136288166046,
                    942.4489919448041
                ],
                [
                    530.9131026268005,
                    903.9063330655973,
                    604.5789241790771,
                    902.2324587127866,
                    605.1488637924194,
                    927.3045336480677,
                    531.4830422401428,
                    928.9784080008784
                ],
                [
                    295.3125,
                    896.6627218934912,
                    295.3125,
                    867.9585798816569,
                    345.21484375,
                    867.9585798816569,
                    345.21484375,
                    896.6627218934912
                ],
                [
                    540.0390625,
                    889.828402366864,
                    540.0390625,
                    863.8579881656806,
                    599.51171875,
                    863.8579881656806,
                    599.51171875,
                    889.828402366864
                ],
                [
                    300.0596880912781,
                    816.0175011990339,
                    300.15039443969727,
                    794.8022450102858,
                    472.39824533462524,
                    795.5382358167299,
                    472.30753898620605,
                    816.753492005478
                ],
                [
                    538.671875,
                    813.9674556213018,
                    538.671875,
                    785.9467455621302,
                    600.1953125,
                    785.9467455621302,
                    600.1953125,
                    813.9674556213018
                ],
                [
                    179.84644770622253,
                    784.4031003692447,
                    182.7603578567505,
                    751.6295682466948,
                    233.5526168346405,
                    756.1432892387436,
                    230.63870668411255,
                    788.9168213612935
                ],
                [
                    321.97265625,
                    776.3786982248521,
                    321.97265625,
                    753.1420118343195,
                    332.91015625,
                    753.1420118343195,
                    332.91015625,
                    776.3786982248521
                ],
                [
                    544.140625,
                    775.6951828454373,
                    544.140625,
                    748.3579047389285,
                    605.6640625,
                    748.3579047389285,
                    605.6640625,
                    775.6951828454373
                ],
                [
                    460.74222922325134,
                    690.2663556161012,
                    463.3399188518524,
                    685.072289461215,
                    467.4414813518524,
                    687.122585319203,
                    464.84379172325134,
                    692.3166514740893
                ],
                [
                    54.626813530921936,
                    684.1777461125301,
                    286.97504699230194,
                    681.1900672686876,
                    287.20439970493317,
                    699.0178636178463,
                    54.85616624355316,
                    702.0055841750648
                ],
                [
                    440.91796875,
                    690.9497041420119,
                    440.91796875,
                    684.1153846153846,
                    451.171875,
                    684.1153846153846,
                    451.171875,
                    690.9497041420119
                ],
                [
                    379.9238324165344,
                    673.3398601825421,
                    442.76397228240967,
                    672.3099569286821,
                    443.2123303413391,
                    699.6510726657846,
                    380.37219047546387,
                    700.6809342062685
                ],
                [
                    548.2421875,
                    697.1005917159764,
                    548.2421875,
                    671.8136094674556,
                    633.69140625,
                    671.8136094674556,
                    633.69140625,
                    697.1005917159764
                ],
                [
                    468.9453125,
                    697.7840236686391,
                    468.9453125,
                    674.5473372781065,
                    483.984375,
                    674.5473372781065,
                    483.984375,
                    697.7840236686391
                ],
                [
