{
    "predictions": [
        {
            "rec_texts": [
                "WWW.POPULAR.COM.MY",
                "TOTAL SAVINGS",
                "-1.35",
                "T @ 6%",
                "11.46",
                "0.69",
                "GST SUMMARY",
                "AMOUNT (RM)",
                "TAX (RM)",
                "ITEM COUNT",
                "30",
                "CASH",
                "-12.15",
                "12.15",
                "MAGHER'S TOADHIO",
                "-1.35",
                "3ODE @ 0.55",
                "13.50 T",
                "DESCRIPTION",
                "AMOUNT",
                "SURVERY:",
                "TRANS : 10876",
                "08/03/18 18:04",
                "TEL : 03- 6245214",
                "ADTU SWARA NALAN",
                "WHALAIN",
                ":",
                "O.C. (M) SDN BHD",
                "POPULAR BOOK"
            ],
            "rec_scores": [
                0.9231777158048418,
                0.9981374969849219,
                0.997895109653473,
                0.9185273051261902,
                0.9919920444488526,
                0.9996401518583298,
                0.9974745512008667,
                0.9926336407661438,
                0.9992968142032623,
                0.9943587362766266,
                0.9936561286449432,
                0.9989307075738907,
                0.9990224838256836,
                0.9998859167098999,
                0.6447311993688345,
                0.9991482734680176,
                0.6747434897856279,
                0.999303536755698,
                0.9946338480169122,
                0.9985152284304301,
                0.8069765940308571,
                0.9125595688819885,
                0.9436701323304858,
                0.8751520409303553,
                0.632836889475584,
                0.7309117530073438,
                0.5091879963874817,
                0.9191232062876225,
                0.992885172367096
            ],
            "det_polygons": [
                [
                    202.42434924840927,
                    1471.4293492826305,
                    202.47270983457565,
                    1451.6476357825716,
                    513.7348168492317,
                    1452.408627617628,
                    513.6864562630653,
                    1472.1903411176868
                ],
                [
                    44.79493401944637,
                    1271.7648251182154,
                    45.02557681500912,
                    1250.0852376608025,
                    266.44318091869354,
                    1252.4406632731732,
                    266.2125381231308,
                    1274.1202507305861
                ],
                [
                    571.0361328125,
                    1271.9135338345864,
                    571.0361328125,
                    1245.0676691729323,
                    656.6552734375,
                    1245.0676691729323,
                    656.6552734375,
                    1271.9135338345864
                ],
                [
                    39.613857828080654,
                    1170.5994987774611,
                    148.83332432806492,
                    1167.1045339483965,
                    149.82922247052193,
                    1198.225486353824,
                    40.60975043475628,
                    1201.7204511828888
                ],
                [
                    378.755859375,
                    1195.0037593984962,
                    378.755859375,
                    1166.7067669172932,
                    463.6494140625,
                    1166.7067669172932,
                    463.6494140625,
                    1195.0037593984962
                ],
                [
                    589.7519453763962,
                    1166.849807165619,
                    657.1189504861832,
                    1165.8443626461171,
                    657.5197410583496,
                    1192.6950100776844,
                    590.1527359485626,
                    1193.7004545971863
                ],
                [
                    44.986328125,
                    1153.6466165413533,
                    44.986328125,
                    1136.233082706767,
                    230.73630598187447,
                    1136.233082706767,
                    230.73630598187447,
                    1153.6466165413533
                ],
                [
                    273.49691784381866,
                    1149.9691093272731,
                    273.675922870636,
                    1128.9353729477502,
                    455.79095166921616,
                    1130.4851675392094,
                    455.61194664239883,
                    1151.5189039187323
                ],
                [
                    518.6855768561363,
                    1128.3446122936737,
                    654.275640308857,
                    1126.6391119706002,
                    654.596184194088,
                    1152.121001508899,
                    519.0061207413673,
                    1153.8265018319726
                ],
                [
                    48.24731854349375,
                    1092.117521587171,
                    213.00617250800133,
                    1089.0088982833058,
                    213.4712224304676,
                    1113.6555744830828,
                    48.71237400174141,
                    1116.7641977869478
                ],
                [
                    621.1015625,
                    1115.9172932330828,
                    621.1015625,
                    1084.718045112782,
                    658.83203125,
                    1084.718045112782,
                    658.83203125,
                    1115.9172932330828
                ],
                [
                    42.083984375,
                    1041.1842105263158,
                    42.083984375,
                    1011.4360902255639,
                    112.4658203125,
                    1011.4360902255639,
                    112.4658203125,
                    1041.1842105263158
                ],
                [
                    555.0731979012489,
                    1033.9284828587581,
                    555.0731979012489,
                    1010.7104377459763,
                    655.9296432137489,
                    1010.7104377459763,
                    655.9296432137489,
                    1033.9284828587581
                ],
                [
                    572.4873046875,
                    996.1992481203007,
                    572.4873046875,
                    970.078947368421,
                    657.380859375,
                    970.078947368421,
                    657.380859375,
                    996.1992481203007
                ],
                [
                    61.55472805351019,
                    899.0970619603207,
                    318.32135757803917,
                    895.5060874537418,
                    318.6328227818012,
                    917.7760812859786,
                    61.86618772149086,
                    921.3670557925575
                ],
                [
                    571.5960881710052,
                    894.0364485432331,
                    656.4384479522705,
                    892.948811237077,
                    656.7738720178604,
                    919.1112712200422,
                    571.9315122365952,
                    920.1989085261982
                ],
                [
                    97.90538668632507,
                    880.0534007136982,
                    98.10161906480789,
                    856.8984173079182,
                    283.80750995874405,
                    858.4721257489426,
                    283.61127758026123,
                    881.6271091547227
                ],
                [
                    574.5750471353531,
