{
    "predictions": [
        {
            "rec_texts": [
                "THANK YOU & COME AGAIN!",
                "(PRICE INCLUSIVE OF GST)",
                "GST REG #000656195584",
                "SR = GST @6%",
                "6.23",
                "0.37",
                "GST SUMMARY",
                "AMOUNT($)",
                "TAX($)",
                "CHANGE :",
                "$0.00",
                "CASH",
                "S6.60",
                "PAYMENT MODE",
                "AMOUNT",
                "NETT TOTAL: $8.60",
                "GST @6%: $0.37",
                "TOTAL AMOUNT: $6.60",
                "S66",
                "1",
                "S6.60",
                "SR I00100000061- 5 VEGE",
                "INVOI",
                "CH",
                "TOTAL :",
                "TAX INVOICE",
                "(867388-U)",
                "04 MAY 2018 18:31"
            ],
            "rec_scores": [
                0.9958083085391832,
                0.9890187606215477,
                0.9520635604858398,
                0.9972697198390961,
                0.9896966516971588,
                0.9985961467027664,
                0.9985209540887312,
                0.9761476450496249,
                0.9023369153340658,
                0.9834931492805481,
                0.9816044807434082,
                0.9998366683721542,
                0.8902631640434265,
                0.9880584925413132,
                0.9998934268951416,
                0.9713050127029419,
                0.9818910786083767,
                0.9554432301144851,
                0.7934907674789429,
                0.9172394871711731,
                0.927640974521637,
                0.9608071031777755,
                0.8752479195594788,
                0.6589751988649368,
                0.9549644333975655,
                0.9737361615354364,
                0.9980835556983948,
                0.9238953134592842
            ],
            "det_polygons": [
                [
                    1942.2325160205364,
                    3425.8542962680203,
                    2616.150273859501,
                    3415.794612652689,
                    2616.7230421304703,
                    3454.1867847758763,
                    1942.8054321408272,
                    3464.2464683912076
                ],
                [
                    1971.2105394601822,
                    3343.7588672954075,
                    2586.711699783802,
                    3328.369467719484,
                    2588.034064114094,
                    3381.2715268635616,
                    1972.532903790474,
                    3396.6609264394856
                ],
                [
                    1932.3412485718727,
                    3169.4287733214996,
                    2615.5618335604668,
                    3149.031416244928,
                    2617.1467782855034,
                    3202.1375317652582,
                    1933.9261932969093,
                    3222.5348888418293
                ],
                [
                    1554.2451440989971,
                    3057.2637150379833,
                    1893.347616404295,
                    3046.665795763553,
                    1894.8790396749973,
                    3095.6765885326745,
                    1555.7765673696995,
                    3106.274507807105
                ],
                [
                    2427.2080078125,
                    3091.303867403315,
                    2427.2080078125,
                    3033.160220994475,
                    2538.63671875,
                    3033.160220994475,
                    2538.63671875,
                    3091.303867403315
                ],
                [
                    2906.8359375,
                    3076.767955801105,
                    2906.8359375,
                    3018.6243093922653,
                    3013.419921875,
                    3018.6243093922653,
                    3013.419921875,
                    3076.767955801105
                ],
                [
                    1550.3125,
                    3013.779005524862,
                    1550.3125,
                    2960.480662983425,
                    1879.75390625,
                    2960.480662983425,
                    1879.75390625,
                    3013.779005524862
                ],
                [
                    2296.400390625,
                    2999.243093922652,
                    2296.400390625,
                    2941.0994475138123,
                    2524.1025390625,
                    2941.0994475138123,
                    2524.1025390625,
                    2999.243093922652
                ],
                [
                    2856.2614158391953,
                    2923.3568934656637,
                    3012.071536064148,
                    2916.2740670725784,
                    3015.3478770256042,
                    2988.363931729649,
                    2859.5377568006516,
                    2995.446758122734
                ],
                [
                    1540.623046875,
                    2752.1325966850827,
                    1758.6357421875,
                    2752.1325966850827,
                    1758.6357421875,
                    2824.8121546961324,
                    1540.623046875,
                    2824.8121546961324
                ],
                [
                    2843.8544921875,
                    2790.8950276243095,
                    2843.8544921875,
                    2718.2154696132598,
                    3003.73046875,
                    2718.2154696132598,
                    3003.73046875,
                    2790.8950276243095
                ],
                [
                    1540.623046875,
                    2737.5966850828727,
                    1540.623046875,
                    2669.7624309392263,
                    1719.8779296875,
                    2669.7624309392263,
                    1719.8779296875,
                    2737.5966850828727
                ],
                [
                    2848.69921875,
                    2703.6795580110497,
                    2848.69921875,
                    2645.53591160221,
                    2998.8857421875,
                    2645.53591160221,
                    2998.8857421875,
                    2703.6795580110497
                ],
                [
                    1540.623046875,
                    2631.0,
                    1540.623046875,
                    2582.546961325967,
                    1923.3564453125,
                    2582.546961325967,
                    1923.3564453125,
                    2631.0
                ],
                [
                    2790.5625,
                    2548.6298342541436,
                    2998.8857421875,
                    2548.6298342541436,
                    2998.8857421875,
                    2606.7734806629833,
                    2790.5625,
                    2606.7734806629833
                ],
                [
                    2572.07225137949,
                    2437.253498224922,
                    2993.678784787655,
                    2432.0479904933527,
                    2994.3381927609444,
                    2485.4578247070312,
                    2572.7316593527794,
                    2490.6633324386007
                ],
                [
                    2537.508924126625,
                    2360.8716477873577,
                    2988.2009674310684,
                    2345.3287623284273,
                    2990.1862881183624,
                    2402.902825287034,
                    2539.494244813919,
                    2418.4457107459643
                ],
                [
                    2470.2357087135315,
                    2277.595205570453,
                    2984.0555681586266,
                    2267.317566086574,
