{
    "predictions": [
        {
            "rec_texts": [
                "X",
                "S:",
                "SR",
                "CHANGE",
                "2.80",
                "10.00",
                "PAY",
                "DIS",
                "7.20",
                "ROUNDING ADJ",
                "0.00",
                "QTY",
                "7.20",
                "3",
                "18010 PROMIL 3% ",
                "2.40",
                "0. 0",
                "7.20 S",
                "DES",
                "CODE",
                "QTY",
                "RM TO",
                "AMT",
                "CASHIER:FA1254",
                "CTR :01",
                "INV NO :KG123661528",
                "DATE:23/02/17 10:35",
                "TAX 1",
                "Z FE: 03/12/28401",
                "SELANGOR D.E.",
                "MFGETAL NO. TAMA"
            ],
            "rec_scores": [
                0.2747363746166229,
                0.6920118778944016,
                0.7586652338504791,
                0.999905010064443,
                0.9997982978820801,
                0.999976396560669,
                0.9029305775960287,
                0.8100036382675171,
                0.9992097020149231,
                0.9996485412120819,
                0.9999332576990128,
                0.9926404356956482,
                0.9994928538799286,
                0.945436418056488,
                0.7433614991605282,
                0.9999499619007111,
                0.8936112523078918,
                0.9949319958686829,
                0.9925883611043295,
                0.9744089841842651,
                0.9085203607877096,
                0.7797912716865539,
                0.9828712741533915,
                0.8998391117368426,
                0.9800255213465009,
                0.8600668075837588,
                0.9312162524775455,
                0.8650178790092469,
                0.7592221551081714,
                0.9853902321595412,
                0.7494459319859743
            ],
            "det_polygons": [
                [
                    643.235419511795,
                    1390.9596542601303,
                    644.534215927124,
                    1383.1676011846885,
                    657.6709324121475,
                    1385.356816999819,
                    656.3721359968185,
                    1393.1488700752607
                ],
                [
                    580.1123046875,
                    1073.5996140858658,
                    580.1123046875,
                    1057.811384466956,
                    637.09375,
                    1057.811384466956,
                    637.09375,
                    1073.5996140858658
                ],
                [
                    279.93843775987625,
                    1072.7956893928258,
                    280.21805024147034,
                    1057.699099800636,
                    338.6288169026375,
                    1058.7807195565001,
                    338.3492044210434,
                    1073.87730914869
                ],
                [
                    303.0183467268944,
                    1044.9983633274164,
                    303.67344361543655,
                    1012.902880788712,
                    397.11379212141037,
                    1014.8095414584463,
                    396.4586952328682,
                    1046.905023997151
                ],
                [
                    544.4130859375,
                    1039.9638205499275,
                    544.4130859375,
                    1011.8195851423058,
                    608.259765625,
                    1011.8195851423058,
                    608.259765625,
                    1039.9638205499275
                ],
                [
                    530.5764373540878,
                    935.2042379420676,
                    605.3432142734528,
                    934.3547290262828,
                    605.6299082040787,
                    959.5783899862065,
                    530.8631312847137,
                    960.4278989019914
                ],
                [
                    299.6514948308468,
                    962.719092656608,
                    302.8941280543804,
                    931.917397616396,
                    349.923790961504,
                    936.8673079215095,
                    346.68115773797035,
                    967.6690029617214
                ],
                [
                    303.6806926727295,
                    921.7251341065748,
                    304.25039315223694,
                    894.951274395219,
                    352.6357135772705,
                    895.9806063661699,
                    352.06601309776306,
                    922.7544660775258
                ],
                [
                    544.9746574163437,
                    894.555680432759,
                    608.6900998353958,
                    893.5756196437454,
                    609.1138135194778,
                    921.1113391955348,
                    545.3983711004257,
                    922.0913999845483
                ],
                [
                    304.58757907152176,
                    844.1763158743933,
                    304.9565686583519,
                    816.7512050983817,
                    481.42577570676804,
                    819.1249364621962,
                    481.0567861199379,
                    846.5500472382078
                ],
                [
                    544.2008519768715,
                    816.3065075430385,
                    607.0547041296959,
                    814.5109584162445,
                    607.8028236031532,
                    840.6922232319178,
                    544.9489714503288,
                    842.4877723587117
                ],
                [
                    180.48399057984352,
                    809.552082096731,
                    181.55228373408318,
                    775.3704510112344,
                    230.63368126749992,
                    776.9040584462999,
                    229.56538811326027,
                    811.0856895317964
                ],
                [
                    540.8137823343277,
                    773.7736625027322,
                    607.2746480703354,
                    772.7513692720581,
                    607.7504879236221,
                    803.6762422671136,
                    541.2896221876144,
                    804.6985354977877
                ],
                [
                    313.7412109375,
                    806.5726000964785,
                    313.7412109375,
                    776.3690303907381,
                    335.0234375,
                    776.3690303907381,
                    335.0234375,
                    806.5726000964785
                ],
                [
                    53.51982142031193,
                    720.1731525279448,
                    53.60970135033131,
                    702.8734372291252,
                    331.62991493940353,
                    704.317552109243,
                    331.54003500938416,
                    721.6172674080627
                ],
                [
                    378.9609375,
                    724.1992281717318,
                    378.9609375,
                    698.1143270622287,
                    442.12109375,
                    698.1143270622287,
                    442.12109375,
                    724.1992281717318
                ],
                [
                    429.84316009283066,
                    721.3807154580469,
                    430.9949640631676,
                    695.4690595333321,
                    485.86948972940445,
                    697.9076897583891,
                    484.71768575906754,
                    723.8193037858402
                ],
                [
