{
    "predictions": [
        {
            "rec_texts": [
                "7 DAT WITH RECEIPT.",
                "*T-04-18",
                "T2 R000120719",
                "RM 0.11",
                "CHANGE",
                "RM 0.10",
                "CASH",
                "RM 2.00",
                "RM 1.90",
                "ITEM(S) : 1",
                "QTY(S) : 1",
                "891133401261",
                "2.2",
                "1 X 6",
                "1.90",
                "1.90",
                "ISC - 20/200",
                "*S",
                "-TAX INVOICE-",
                "(IOI PUCHONG)",
                "(CO.REG : 860671-D)",
                "A",
                "MU"
            ],
            "rec_scores": [
                0.895494912800036,
                0.8443955704569817,
                0.986756443977356,
                0.9974214775221688,
                0.9999098678429922,
                0.9996996436800275,
                0.9999493509531021,
                0.9997356874602181,
                0.9998121517045158,
                0.9982211535627191,
                0.9940747857093811,
                0.9345477173725764,
                0.7583845059076945,
                0.8655606806278229,
                0.9999547898769379,
                0.9999429881572723,
                0.8734560931722323,
                0.9963457882404327,
                0.9981456628212562,
                0.9906330933937659,
                0.9242077030633625,
                0.6698295474052429,
                0.7263894081115723
            ],
            "det_polygons": [
                [
                    283.1389673948288,
                    1094.6430435131665,
                    579.3995054960251,
                    1084.602500802826,
                    580.0313612222672,
                    1103.2384995183045,
                    283.77082312107086,
                    1113.279042228645
                ],
                [
                    115.6194099187851,
                    964.682883750803,
                    244.71842539310455,
                    960.6805956968531,
                    245.37597692012787,
                    981.8816233140656,
                    116.27696144580841,
                    985.8839113680156
                ],
                [
                    563.0981296300888,
                    952.0919637122673,
                    769.4123238325119,
                    947.74024566474,
                    769.8295794725418,
                    967.5136480411048,
                    563.5153852701187,
                    971.8653660886321
                ],
                [
                    605.413843870163,
                    880.255900770713,
                    718.5521535873413,
                    874.504254977521,
                    719.9219605922699,
                    901.4382626846501,
                    606.7836508750916,
                    907.1899084778421
                ],
                [
                    104.03796872496605,
                    824.8779202793835,
                    201.52379682660103,
                    820.8997170038537,
                    202.66710940003395,
                    848.9049454078356,
                    105.18128129839897,
                    852.8831486833656
                ],
                [
                    653.3389714956284,
                    811.5989282273604,
                    767.006755232811,
                    808.7813102119461,
                    767.6414214372635,
                    834.3727922286449,
                    653.9736377000809,
                    837.1904102440592
                ],
                [
                    102.48922584950924,
                    790.3446632145152,
                    168.77697044610977,
                    788.3054853082853,
                    169.6348187327385,
                    816.1797025529866,
                    103.34708040952682,
                    818.2188804592165
                ],
                [
                    652.6102546453476,
                    777.1087227039179,
                    765.8720246553421,
                    773.3024245343611,
                    766.7279156446457,
                    798.7585300256906,
                    653.4661456346512,
                    802.5648281952474
                ],
                [
                    651.234375,
                    765.369299935774,
                    651.234375,
                    740.7064868336546,
                    764.70703125,
                    740.7064868336546,
                    764.70703125,
                    765.369299935774
                ],
                [
                    102.54632623493671,
                    691.447043593449,
                    277.71088004112244,
                    688.7801561496468,
                    278.04944229125977,
                    711.009102039178,
                    102.88488221168518,
                    713.6759894829802
                ],
                [
                    600.7215999364853,
                    676.7803167148363,
                    760.2702397108078,
                    673.113308847142,
                    760.8807157278061,
                    699.6614583333334,
                    601.3320759534836,
                    703.3284662010277
                ],
                [
                    102.2946065068245,
                    627.4935773924213,
                    306.3289257287979,
                    619.7796242774567,
                    306.9165164232254,
                    635.3150088310855,
                    102.88219720125198,
                    643.0289619460501
                ],
                [
                    541.873046875,
                    628.0796403339757,
                    541.873046875,
                    621.5028901734105,
                    549.2734375,
                    621.5028901734105,
                    549.2734375,
                    628.0796403339757
                ],
                [
                    464.3685896396637,
                    612.6215277777778,
                    537.4696297645569,
                    610.8814025369301,
                    538.0976712703705,
                    637.2517260757868,
                    464.9966311454773,
                    638.9918513166347
                ],
                [
                    543.8193030357361,
                    610.5217365125242,
                    610.683590888977,
                    608.2165221579962,
                    611.5566458702087,
                    633.5296242774567,
                    544.6923580169678,
                    635.8348386319847
                ],
                [
                    664.4911999702454,
                    606.2318360629416,
                    728.8981261253357,
                    603.9320407835581,
                    729.86603474617,
                    631.0266136801542,
                    665.4591085910797,
                    633.3264089595376
                ],
                [
                    99.96967604756355,
                    592.0189065510598,
                    307.35936748981476,
                    586.835260115607,
                    307.8534595966339,
                    606.5943119781632,
                    100.46375560760498,
                    611.777958413616
                ],
                [
                    723.5829597711563,
                    534.1112214996789,
                    762.1208392381668,
                    532.4360248073218,
                    763.4752889871597,
                    563.5809549614644,
                    724.9374095201492,
                    565.2561516538215
                ],
                [
                    312.94925808906555,
                    485.23939266217087,
                    517.6605763435364,
