{
    "predictions": [
        {
            "rec_texts": [
                "S = 6%",
                ".19",
                "3.11",
                "GST SUMMARY",
                "TAX(RM)",
                "AMOUNT(RM)",
                "CHANGE RM",
                "46.70",
                "CASH RM",
                "50.00",
                "3.30",
                "RM3.30 S",
                "14-08-17",
                "56062",
                "07:36PM",
                "1058-0750MM",
                "41150 KLANG  SELANGOR",
                "TAMAN BERKELEY"
            ],
            "rec_scores": [
                0.9590836962064108,
                0.9752293825149536,
                0.9972364157438278,
                0.9998228658329357,
                0.9997783558709281,
                0.9993183612823486,
                0.9908397396405538,
                0.9968580007553101,
                0.9994327085358756,
                0.9998950958251953,
                0.9984879046678543,
                0.997177816927433,
                0.9586067870259285,
                0.9718448996543885,
                0.9885838627815247,
                0.7953341603279114,
                0.9913746005012876,
                0.9955829722540719
            ],
            "det_polygons": [
                [
                    46.0772278085351,
                    1026.536828811233,
                    138.85847391188145,
                    1023.8342122835725,
                    139.57975178956985,
                    1048.5996600506755,
                    46.798500403761864,
                    1051.302276578336
                ],
                [
                    583.3769344687462,
                    1020.3816860219594,
                    633.2037327885628,
                    1018.8717235008445,
                    634.2099360823631,
                    1052.0780510979728,
                    584.3831377625465,
                    1053.5880136190876
                ],
                [
                    375.5978137254715,
                    1050.2690375580657,
                    376.0890403985977,
                    1019.8099559227195,
                    437.0587055683136,
                    1020.7933249313766,
                    436.5674788951874,
                    1051.2524065667228
                ],
                [
                    49.07537343353033,
                    1010.90722906989,
                    49.21664758771658,
                    981.8022450380066,
                    213.33774948120117,
                    982.5989818676097,
                    213.19647532701492,
                    1011.7039658994931
                ],
                [
                    529.2819071412086,
                    1006.5099619272592,
                    529.9033781886101,
                    981.6498456635345,
                    628.8695786595345,
                    984.1242434939821,
                    628.248107612133,
                    1008.9843597577068
                ],
                [
                    290.0576656758785,
                    984.0176569098394,
                    434.0450400710106,
                    983.1994506176097,
                    434.1710162162781,
                    1005.3762221547719,
                    290.1836629509926,
                    1006.1944284470015
                ],
                [
                    364.0320118665695,
                    900.2943599556587,
                    498.2949448823929,
                    898.7147484691722,
                    498.57977521419525,
                    922.9302737014357,
                    364.3168421983719,
                    924.5098851879222
                ],
                [
                    544.0130022764206,
                    926.3405372413428,
                    544.3710263967514,
                    898.0517308910472,
                    620.6261070966721,
                    899.0170114548141,
                    620.2680829763412,
                    927.3058178051097
                ],
                [
                    393.9083893895149,
                    861.4178965635557,
                    497.02026575803757,
                    860.6367124155404,
                    497.18837481737137,
                    882.8248103621198,
                    394.0764984488487,
                    883.605994510135
                ],
                [
                    542.0409114360809,
                    858.6731018396325,
                    618.7738647460938,
                    857.7909943121832,
                    619.0847270488739,
                    884.8399814585092,
                    542.3517737388611,
                    885.7220889859585
                ],
                [
                    555.1022838354111,
                    813.8026856788429,
                    621.4275199174881,
                    812.7822945259712,
                    621.9596539735794,
                    847.3745012932853,
                    555.6344178915024,
                    848.394892446157
                ],
                [
                    529.4239419698715,
                    761.4831267155827,
                    529.8225353956223,
                    735.176780115076,
                    649.7031425237656,
                    736.9932318940033,
                    649.3045490980148,
                    763.29957849451
                ],
                [
                    531.418007850647,
                    679.4594673775337,
                    532.1232376098633,
                    654.070644465266,
                    649.1225788593292,
                    657.3208168153504,
                    648.4173491001129,
                    682.7096397276182
                ],
                [
                    304.5656507611275,
                    653.721089494035,
                    395.20876240730286,
                    652.8817518409522,
                    395.45860171318054,
                    679.8650627177469,
                    304.81549006700516,
                    680.7044003708297
                ],
                [
                    49.8515625,
                    676.5064864864864,
                    49.8515625,
                    651.5789189189188,
                    154.4013671875,
                    651.5789189189188,
                    154.4013671875,
                    676.5064864864864
                ],
                [
                    261.55417880415916,
                    468.66560579866973,
                    261.87809935212135,
                    445.9881055347339,
                    422.5275410413742,
                    448.28322489970435,
                    422.20366275310516,
                    470.9607251636402
                ],
                [
                    189.0205078125,
                    427.9232432432432,
                    189.0205078125,
                    407.84270270270264,
                    497.130859375,
                    407.84270270270264,
                    497.130859375,
                    427.9232432432432
                ],
                [
                    232.62023469805717,
                    366.3147184134818,
                    434.0727624297142,
                    365.5713171386718,
                    434.1417725086212,
                    384.27950257997253,
                    232.68926590681076,
                    385.0229038547825
                ]
            ],