{
    "predictions": [
        {
            "rec_texts": [
                "1.08",
                "31.00",
                "CHANGE:",
                "50.00",
                "CASH TENDERED",
                "19.00",
                "TOTAL ROUNDED",
                "19.00",
                "2 M FRIES",
                "2 NOC ENTE",
                "2 N MHI MENIAR",
                "19.00",
                "TOTAL",
                "QTY TIME",
                "INV# 01365218004345AM",
                "MFY SIDE 1",
                "TAX INVOICE",
                "SELANGOR",
                "LIKENAGER CHISENTON SHE",
                "(65351-M)",
                "184"
            ],
            "rec_scores": [
                0.9965174347162247,
                0.99988774061203,
                0.9879086698804583,
                0.9998175978660584,
                0.9868156451445359,
                0.9996427297592163,
                0.9985626569161048,
                0.9994919300079346,
                0.9272174768977695,
                0.7612533718347549,
                0.6358066924980709,
                0.998517882823944,
                0.9998987674713135,
                0.9186909794807434,
                0.8042002391247522,
                0.9766310155391693,
                0.999827347018502,
                0.8409759923815727,
                0.5890685851159303,
                0.9942358665996127,
                0.99984343846639
            ],
            "det_polygons": [
                [
                    552.5908203125,
                    1272.233825776872,
                    552.5908203125,
                    1240.7162506367804,
                    613.306640625,
                    1240.7162506367804,
                    613.306640625,
                    1272.233825776872
                ],
                [
                    535.4313733577728,
                    1163.9586924136565,
                    610.7265597581863,
                    1162.9677625550216,
                    611.1215323209763,
                    1192.9933126238736,
                    535.8263459205627,
                    1193.9842424825083
                ],
                [
                    24.927465461194515,
                    1196.4997592173968,
                    25.814992733299732,
                    1159.6595019332256,
                    117.895486921072,
                    1161.8787719291263,
                    117.00794792175293,
                    1198.7190292132975
                ],
                [
                    535.5361208319664,
                    1120.1275938853157,
                    609.9652759432793,
                    1119.1730731919415,
                    610.339890062809,
                    1148.3993107100498,
                    535.9107349514961,
                    1149.3538314034242
                ],
                [
                    29.205078125,
                    1144.6260825267448,
                    29.205078125,
                    1120.7957208354558,
                    220.5751953125,
                    1120.7957208354558,
                    220.5751953125,
                    1144.6260825267448
                ],
                [
                    538.7568359375,
                    1111.5710646968923,
                    538.7568359375,
                    1083.128374936322,
                    613.306640625,
                    1083.128374936322,
                    613.306640625,
                    1111.5710646968923
                ],
                [
                    28.370431791990995,
                    1085.488402014415,
                    218.91115057468414,
                    1083.8383536589006,
                    219.09751945734024,
                    1105.3676185705074,
                    28.556797742843628,
                    1107.017666926022
                ],
                [
                    539.525390625,
                    1073.9037187977585,
                    539.525390625,
                    1045.461029037188,
                    613.306640625,
                    1045.461029037188,
                    613.306640625,
                    1073.9037187977585
                ],
                [
                    85.89367351680994,
                    993.9251693437976,
                    86.1569260135293,
                    973.1244630896188,
                    219.8834538757801,
                    974.8174892742294,
                    219.62020137906075,
                    995.6181955284083
                ],
                [
                    85.25024820119143,
                    936.3300926142423,
                    206.64877703785896,
                    935.4750402589507,
                    206.82201144099236,
                    960.0782521695307,
                    85.42348846793175,
                    960.9333045248225
                ],
                [
                    58.37056517601013,
                    904.0564642666676,
                    247.37429478764534,
                    902.419740914934,
                    247.50765666365623,
                    917.8262604272796,
                    58.50392705202103,
                    919.4629837790133
                ],
                [
                    537.98828125,
                    926.3092205807437,
                    537.98828125,
                    895.5603667855322,
                    612.5380859375,
                    895.5603667855322,
                    612.5380859375,
                    926.3092205807437
                ],
                [
                    535.421006500721,
                    859.549825581858,
                    616.2094075083733,
                    858.4429118874967,
                    616.6206105351448,
                    888.4701510413349,
                    535.8322095274925,
                    889.5770647356962
                ],
                [
                    26.73458807170391,
                    863.3780428652731,
                    143.5999330729246,
                    860.8369083414257,
                    144.10019256174564,
                    883.854257125971,
                    27.23484756052494,
                    886.3953916498184
                ],
                [
                    29.11937564611435,
                    808.621191941046,
                    29.23983758687973,
                    787.1147765957817,
                    322.8831275701523,
                    788.7601799675838,
                    322.7626656293869,
                    810.2666422318756
                ],
                [
                    252.81900563836098,
                    714.1781162877988,
                    397.3023849129677,
                    713.3378903451647,
                    397.42749083042145,
                    734.8569269087991,
                    252.94408810138702,
                    735.6971528514331
                ],
                [
                    238.17375606298447,
                    658.7442237982261,
                    238.29351437091827,
                    636.4602194119034,
                    399.7183786034584,
                    637.3283152568115,
                    399.5986202955246,
                    659.6123196431342
                ],
                [
                    251.22652035951614,
                    508.01938191130637,
                    251.5840127468109,
                    484.2406311501548,
                    368.3316634297371,
                    485.99662266953277,
                    367.9741710424423,
                    509.7753734306844
                ],
                [
                    145.23429623246193,
                    372.8393768295,
                    473.3863437175751,
                    372.03490318574285,
                    473.4447921514511,
                    395.8745548444564,
