{
    "predictions": [
        {
            "rec_texts": [
                "0",
                "0.70",
                "0",
                "SP2",
                "CHANGE",
                "40.10",
                "PAY",
                "50.00",
                "DIS",
                "7.90",
                "ROUNDING ADJ",
                "0.00",
                "QTY",
                "9.97",
                "1",
                "9.90",
                "7.90 S",
                "0. 0",
                "CODE",
                "DES",
                "QTY",
                "AMT",
                "RM D",
                "CASHIER:FT1006",
                "QTY: 01",
                "0.20",
                "INV NO :GORSS2078545",
                "1 :",
                "TAX",
                "TEL NO: 03 - 7803 CAFFE"
            ],
            "rec_scores": [
                0.8270136713981628,
                0.9048666208982468,
                0.8491294980049133,
                0.46093260248502094,
                0.9994101921717325,
                0.9315047860145569,
                0.8224379420280457,
                0.9157557129859925,
                0.9466204444567362,
                0.9892408400774002,
                0.9997692356506983,
                0.9953794181346893,
                0.9302123785018921,
                0.7830919474363327,
                0.2612304389476776,
                0.9996233731508255,
                0.7722053726514181,
                0.9503224641084671,
                0.9941932260990143,
                0.995745579401652,
                0.9095688462257385,
                0.8953790465990702,
                0.9319853335618973,
                0.9781013642038617,
                0.9598098312105451,
                0.8657665997743607,
                0.7683324009180069,
                0.7428072492281595,
                0.9998993674914042,
                0.9183229765166407
            ],
            "det_polygons": [
                [
                    582.421875,
                    1347.7278106508877,
                    582.421875,
                    1344.310650887574,
                    585.83984375,
                    1344.310650887574,
                    585.83984375,
                    1347.7278106508877
                ],
                [
                    557.12890625,
                    1361.396449704142,
                    557.12890625,
                    1325.174556213018,
                    628.22265625,
                    1325.174556213018,
                    628.22265625,
                    1361.396449704142
                ],
                [
                    607.03125,
                    1232.2278106508877,
                    607.03125,
                    1228.810650887574,
                    610.44921875,
                    1228.810650887574,
                    610.44921875,
                    1232.2278106508877
                ],
                [
                    273.4375,
                    1044.967455621302,
                    273.4375,
                    1031.2988165680474,
                    312.40234375,
                    1031.2988165680474,
                    312.40234375,
                    1044.967455621302
                ],
                [
                    303.99489998817444,
                    1016.8049200836724,
                    304.3181300163269,
                    986.7521011984561,
                    393.3000147342682,
                    987.7086723372781,
                    392.9767847061157,
                    1017.7614912224946
                ],
                [
                    532.51953125,
                    1008.0621301775149,
                    532.51953125,
                    980.724852071006,
                    605.6640625,
                    980.724852071006,
                    605.6640625,
                    1008.0621301775149
                ],
                [
                    300.26050209999084,
                    935.8206530689489,
                    303.8122355937958,
                    902.9750402326415,
                    352.84590125083923,
                    908.2746412288509,
                    349.2941677570343,
                    941.1202540651582
                ],
                [
                    530.2316784858704,
                    902.2173584706685,
                    606.9304466247559,
                    901.3557269756611,
                    607.2684049606323,
                    931.4305705234144,
                    530.5696368217468,
                    932.2922020184219
                ],
                [
                    295.10467648506165,
                    867.4923911912907,
                    345.52897810935974,
                    866.3721367649779,
                    346.16701006889343,
                    895.0772798978365,
                    295.74270844459534,
                    896.1975343241495
                ],
                [
                    537.8323197364807,
                    861.9257411618205,
                    600.7291197776794,
                    860.958324545234,
                    601.1924147605896,
                    891.0642028447439,
                    538.2956147193909,
                    892.0316194613305
                ],
                [
                    299.3643283843994,
                    816.6892534064118,
                    299.46120977401733,
                    794.1129731849807,
                    473.07024002075195,
                    794.8579740806445,
                    472.97335863113403,
                    817.4342543020757
                ],
                [
                    537.3046875,
                    814.6508875739646,
                    537.3046875,
                    784.5798816568048,
                    601.5625,
                    784.5798816568048,
                    601.5625,
                    814.6508875739646
                ],
                [
                    180.0256073474884,
                    784.4291295158793,
                    182.7882707118988,
                    751.2850157607943,
                    234.66596007347107,
                    755.6071889301729,
                    231.90329670906067,
                    788.751302685258
                ],
                [
                    545.2414512634277,
                    748.4410812107064,
                    606.2072157859802,
                    747.5577587601701,
                    606.6140174865723,
                    775.6220175839036,
                    545.6482529640198,
                    776.5053400344398
                ],
                [
                    319.921875,
                    779.7958579881657,
                    319.921875,
                    750.4082840236687,
                    336.328125,
                    750.4082840236687,
                    336.328125,
                    779.7958579881657
                ],
                [
                    379.7640323638916,
                    673.0142872827294,
                    441.84030294418335,
                    671.0122955141688,
                    442.7385210990906,
                    698.8497169991217,
                    380.6622505187988,
                    700.8517087676822
                ],
                [
                    548.0076193809509,
                    673.4084786860901,
                    634.6485376358032,
                    670.8607925324751,
                    635.4704022407532,
                    698.7969912918362,
                    548.8294839859009,
                    701.3446774454512
                ],
                [
                    438.05408477783203,
                    694.8310503536428,
                    440.23187160491943,
                    669.7928466796875,
                    487.31130361557007,
