{
    "predictions": [
        {
            "rec_texts": [
                "THANK YOU & COME AGAIN!",
                "(PRICE INCLUSIVE OF GST)",
                "GST REG #000656195844",
                "0.46",
                "SR = GST @0%",
                "17",
                "AMOUNT($)",
                "TAX($)",
                "GSTSUMMARY",
                "CHANGE",
                "$0.00",
                "CASH",
                "38.36",
                "AMOUNT",
                "PAYMENT MODE",
                "NOG TOTAL: $8.20",
                "GST @6%: $0.46",
                "TOTAL AMOUNT: $8.20",
                "$1.10",
                "1",
                "$1.16",
                "$7.10",
                "$7.10",
                "1",
                "OPT",
                "ITEM",
                "TOTAL",
                "TAX INVOICE",
                "TAMPOI 81200 JOHOR BAHRU ",
                "(GST)6%",
                "26 MAR 2018 18:14"
            ],
            "rec_scores": [
                0.9835837042849996,
                0.9974482680360476,
                0.9539343870821453,
                0.997613787651062,
                0.9573512921730677,
                0.8544440269470215,
                0.9870658914248148,
                0.9958447813987732,
                0.9616520166397095,
                0.9992416004339854,
                0.891020905971527,
                0.9973492920398712,
                0.8315661668777465,
                0.9998502333958944,
                0.9985200812419256,
                0.8769280835986137,
                0.9881213647978646,
                0.987015332046308,
                0.9077632308006287,
                0.9921647310256958,
                0.9788970351219177,
                0.9311398148536683,
                0.9630702018737793,
                0.9997144341468811,
                0.6275209287802378,
                0.9646834582090378,
                0.9879827260971069,
                0.9996419819918546,
                0.9892117738723755,
                0.767225444316864,
                0.957799140144797
            ],
            "det_polygons": [
                [
                    435.5859375,
                    860.3849372384938,
                    435.5859375,
                    849.8410041841005,
                    581.1328125,
                    849.8410041841005,
                    581.1328125,
                    860.3849372384938
                ],
                [
                    442.91622161865234,
                    835.0630230125523,
                    575.7705402374268,
                    832.8677432008369,
                    575.8940076828003,
                    840.3335737284258,
                    443.0396890640259,
                    842.5288535401413
                ],
                [
                    435.55455565452576,
                    806.6027055684493,
                    435.6334125995636,
                    796.0357334025236,
                    584.3203067779541,
                    797.145085929328,
                    584.2415142059326,
                    807.7120580952537
                ],
                [
                    646.5234375,
                    780.2510460251046,
                    646.5234375,
                    768.652719665272,
                    669.7265625,
                    768.652719665272,
                    669.7265625,
                    780.2510460251046
                ],
                [
                    352.1981942653656,
                    769.7423151886114,
                    427.04450726509094,
                    768.5354003906251,
                    427.23106026649475,
                    780.0966582358134,
                    352.3847472667694,
                    781.3035730337997
                ],
                [
                    542.5822591781616,
                    779.8510793262946,
                    543.6587047576904,
                    766.9365632763469,
                    568.0110168457031,
                    768.9654209025236,
                    566.9345712661743,
                    781.8799369524713
                ],
                [
                    515.7421875,
                    761.2719021721366,
                    515.7421875,
                    749.673575812304,
                    565.3125,
                    749.673575812304,
                    565.3125,
                    761.2719021721366
                ],
                [
                    637.03125,
                    748.6192468619247,
                    669.7265625,
                    748.6192468619247,
                    669.7265625,
                    761.2719665271967,
                    637.03125,
                    761.2719665271967
                ],
                [
                    353.2004499435425,
                    760.1465252353557,
                    353.3917021751404,
                    748.4821705838128,
                    426.23202323913574,
                    749.6759569495293,
                    426.04077100753784,
                    761.3403116010722
                ],
                [
                    351.2109375,
                    720.1506276150628,
                    351.2109375,
                    704.3347280334729,
                    398.671875,
                    704.3347280334729,
                    398.671875,
                    720.1506276150628
                ],
                [
                    634.921875,
                    718.0418410041841,
                    634.921875,
                    703.2803347280335,
                    669.7265625,
                    703.2803347280335,
                    669.7265625,
                    718.0418410041841
                ],
                [
                    353.3203125,
                    700.1171548117155,
                    353.3203125,
                    687.4644351464435,
                    390.234375,
                    687.4644351464435,
                    390.234375,
                    700.1171548117155
                ],
                [
                    635.9765625,
                    699.0627615062762,
                    635.9765625,
                    686.4100418410043,
                    668.671875,
                    686.4100418410043,
                    668.671875,
                    699.0627615062762
                ],
                [
                    624.375,
                    680.0836820083682,
                    624.375,
                    667.4309623430963,
                    669.7265625,
                    667.4309623430963,
                    669.7265625,
                    680.0836820083682
                ],
                [
                    353.3203125,
                    681.1380753138076,
                    353.3203125,
                    667.4309623430963,
                    437.6953125,
                    667.4309623430963,
                    437.6953125,
                    681.1380753138076
                ],
                [
                    576.9140625,
                    653.723849372385,
                    576.9140625,
                    643.1799163179917,
                    668.671875,
                    643.1799163179917,
                    668.671875,
                    653.723849372385
                ],
                [
                    570.5373358726501,
                    626.3469493658473,
                    668.5977816581726,
                    625.2070925405335,
                    668.7206053733826,
                    635.7618372450314,
                    570.6601595878601,
                    636.9016940703452
                ],
                [
                    555.7779550552368,
                    608.4173078337475,
                    667.5528144836426,
                    607.2886487888991,
