{
    "predictions": [
        {
            "rec_texts": [
                "INCLUSIVE 6% GST",
                "THANK YOU",
                "RM0.00",
                "CHANGE",
                "RM1.00",
                "PAID",
                "(M1.00",
                "TOTAL",
                "6.00 %",
                "GST(INCLUDED)",
                "RM0.05",
                "PARKING FEE",
                "RM0.94",
                "RATE A",
                "TYPE",
                "RM1.00",
                "PARKING TICE",
                "1:04",
                "PAID TIME",
                "ENTRY TIME:",
                "TIGHTER NO.:01351622",
                "T/D #1 :1",
                "P/S #022",
                "I NOOND",
                "T",
                "TEL: 03- 569502185",
                "RM",
                ":",
                ":",
                ":",
                "T X"
            ],
            "rec_scores": [
                0.9441269040107727,
                0.9870372149679396,
                0.9896357556184133,
                0.9681023061275482,
                0.9993424018224081,
                0.9882502406835556,
                0.9024690190951029,
                0.9999448418617248,
                0.9855502744515737,
                0.94865738428556,
                0.9062529702981313,
                0.9520135196772489,
                0.997425506512324,
                0.986299733320872,
                0.9882682263851166,
                0.9988451898097992,
                0.9091181854406992,
                0.9481864720582962,
                0.9817405210600959,
                0.90373863957145,
                0.7900915011763573,
                0.8357230491108365,
                0.9541653096675873,
                0.5753392747470311,
                0.9985538125038147,
                0.7567265232404073,
                0.7845614552497864,
                0.7633329033851624,
                0.9720206260681152,
                0.44714027643203735,
                0.8305310010910034
            ],
            "det_polygons": [
                [
                    169.7391654253006,
                    1020.1474944212727,
                    384.3376125097275,
                    1019.6083073411032,
                    384.3773134946823,
                    1035.413633143345,
                    169.77886641025543,
                    1035.9528202235142
                ],
                [
                    207.88905841112137,
                    986.6978564110872,
                    333.70718908309937,
                    984.9662842367297,
                    333.9796199798584,
                    1004.7633618506316,
                    208.16147375106812,
                    1006.4949340249891
                ],
                [
                    360.78369641304016,
                    951.8950853579512,
                    484.19402146339417,
                    950.7196276513216,
                    484.3930242061615,
                    971.6200971086449,
                    360.9826991558075,
                    972.7955548152745
                ],
                [
                    14.004833579063416,
                    969.9346396187756,
                    14.62016773223877,
                    948.2935969557718,
                    177.21987640857697,
                    952.9177609452578,
                    176.6045422554016,
                    974.5588036082615
                ],
                [
                    360.138710975647,
                    917.8608923796181,
                    483.60230255126953,
                    915.5311362008068,
                    484.00541067123413,
                    936.8972332820714,
                    360.5418190956116,
                    939.2269894608828
                ],
                [
                    10.013523370027542,
                    936.3652652348313,
                    10.384366661310196,
                    914.8540406984704,
                    123.52750673890114,
                    916.8049221145773,
                    123.15666344761848,
                    938.3161466509382
                ],
                [
                    360.65753066539764,
                    884.1996620249525,
                    482.8996013402939,
                    881.3566077116494,
                    483.4088069200516,
                    903.254921772324,
                    361.16673624515533,
                    906.0979760856272
                ],
                [
                    15.04401308298111,
                    902.6302887248102,
                    15.491675913333893,
                    883.8264504691151,
                    137.89953553676605,
                    886.7411972473715,
                    137.45187270641327,
                    905.5450355030666
                ],
                [
                    232.35013890266418,
                    819.8453440443378,
                    318.51098370552063,
                    819.1974980719735,
                    318.694616317749,
                    843.6249629796108,
                    232.53377151489258,
                    844.2728089519751
                ],
                [
                    13.186661928892136,
                    837.5690033814617,
                    13.356308966875076,
                    819.6981628988391,
                    188.1417853832245,
                    821.3576692099883,
                    187.97212278842926,
                    839.2285096926109
                ],
                [
                    402.1136351823807,
                    819.8338931645188,
                    499.0191968679428,
                    819.2319751775153,
                    499.1553500890732,
                    841.1563026499525,
                    402.24978840351105,
                    841.758220636956
                ],
                [
                    11.640353679656982,
                    806.4610702942465,
                    11.867327570915222,
                    786.031456036434,
                    164.2401123046875,
                    787.724692656615,
                    164.01313841342926,
                    808.1543069144276
                ],
                [
                    402.3561347723007,
                    785.7355379193742,
                    489.1485239267349,
                    783.927170170579,
                    489.5945688486099,
                    805.3406888302242,
                    402.8021796941757,
                    807.1490565790194
                ],
                [
                    232.90198570489883,
                    721.9416907194619,
                    317.49145245552063,
                    721.3056690251716,
                    317.64478039741516,
                    741.6970721948927,
                    233.05529808998108,
                    742.333093889183
                ],
                [
                    10.1953125,
                    744.3271028037383,
                    10.1953125,
                    719.8560747663552,
                    68.30859375,
                    719.8560747663552,
                    68.30859375,
                    744.3271028037383
                ],
                [
                    402.5614846944809,
                    720.0062430978935,
                    490.699226975441,
                    718.6605157869999,
                    491.0256711244583,
                    740.0442870523328,
                    402.88792884349823,
                    741.3900143632266
                ],
                [
                    11.629215002059937,
                    706.5238900728315,
                    11.891409516334534,
                    687.1201252874927,
                    177.05284291505814,
                    689.3523000556733,
                    176.79064840078354,
