{
    "predictions": [
        {
            "rec_texts": [
                ".12",
                "S = 6%",
                "1.97",
                "TAX(RM)",
                "AMOUNT(RM)",
                "GST SUMMARY",
                "CHANGE RM",
                ".10",
                "CASH RM",
                "2.20",
                "AMOUNT RM",
                "2.10",
                "-0.1",
                "2.11",
                "RM2.1 X",
                "09-06-16",
                "SAL616",
                "QTY:3PM",
                "109- THA SKG 3 AHA",
                "42100 KLANG  SELANGOR",
                "LO6 13  3 139  JALAN "
            ],
            "rec_scores": [
                0.9920581181844076,
                0.9580128490924835,
                0.9577605128288269,
                0.999852214540754,
                0.9993084132671356,
                0.9961349693211642,
                0.9753351542684767,
                0.9729373455047607,
                0.9727716445922852,
                0.9976848512887955,
                0.9269018603695763,
                0.9985638409852982,
                0.9796403497457504,
                0.985232412815094,
                0.8991845973900386,
                0.9405612349510193,
                0.6109555164972941,
                0.8329965642520359,
                0.6602937521206008,
                0.9848839782533192,
                0.7203338061060224
            ],
            "det_polygons": [
                [
                    723.0078125,
                    1373.030303030303,
                    723.0078125,
                    1334.6969696969697,
                    786.59765625,
                    1334.6969696969697,
                    786.59765625,
                    1373.030303030303
                ],
                [
                    95.33432975411415,
                    1337.1171569824219,
                    205.15362364053726,
                    1334.7802410703716,
                    205.8674350976944,
                    1368.3344569350734,
                    96.04814785718918,
                    1370.6713728471236
                ],
                [
                    480.84369683265686,
                    1373.0301966811671,
                    480.84369683265686,
                    1332.9544391054096,
                    556.6288530826569,
                    1332.9544391054096,
                    556.6288530826569,
                    1373.0301966811671
                ],
                [
                    661.16015625,
                    1320.7575757575758,
                    661.16015625,
                    1288.5227272727273,
                    780.5,
                    1288.5227272727273,
                    780.5,
                    1320.7575757575758
                ],
                [
                    378.0546875,
                    1318.1439393939395,
                    378.0546875,
                    1286.780303030303,
                    549.66015625,
                    1286.780303030303,
                    549.66015625,
                    1318.1439393939395
                ],
                [
                    96.27884095907211,
                    1320.3655728426847,
                    97.0858946442604,
                    1283.6391749526515,
                    292.3271849155426,
                    1287.9307879823627,
                    291.52010464668274,
                    1324.6571858723958
                ],
                [
                    466.709424495697,
                    1218.6909068714488,
                    467.0845732688904,
                    1189.0524661902225,
                    625.5651516914368,
                    1191.0588489879262,
                    625.1900029182434,
                    1220.6972896691525
                ],
                [
                    709.0703125,
                    1224.0530303030303,
                    709.0703125,
                    1186.590909090909,
                    770.046875,
                    1186.590909090909,
                    770.046875,
                    1224.0530303030303
                ],
                [
                    500.552618265152,
                    1137.225341796875,
                    626.927458524704,
                    1135.1362193714488,
                    627.5015594959259,
                    1169.8743138168797,
                    501.1267192363739,
                    1171.963436242306
                ],
                [
                    693.1580710411072,
                    1174.12040941643,
                    693.8699817657471,
                    1134.9605305989583,
                    771.3400111198425,
                    1136.3692312529593,
                    770.6281003952026,
                    1175.529110070431
                ],
                [
                    431.19140625,
                    1124.7348484848485,
                    431.19140625,
                    1089.8863636363637,
                    625.4453125,
                    1089.8863636363637,
                    625.4453125,
                    1124.7348484848485
                ],
                [
                    694.26171875,
                    1123.8636363636363,
                    694.26171875,
                    1087.2727272727273,
                    770.91796875,
                    1087.2727272727273,
                    770.91796875,
                    1123.8636363636363
                ],
                [
                    690.77734375,
                    1074.2045454545455,
                    690.77734375,
                    1037.6136363636363,
                    767.43359375,
                    1037.6136363636363,
                    767.43359375,
                    1074.2045454545455
                ],
                [
                    692.08855676651,
                    1024.2889404296875,
                    692.7883453369141,
                    985.0969441731771,
                    770.4309558868408,
                    986.4835242069129,
                    769.7311673164368,
                    1025.6755204634233
                ],
                [
                    660.8779971599579,
                    918.9047102494674,
                    661.7214438915253,
                    888.3274193966027,
                    803.8178675174713,
                    892.2478739420573,
                    802.9744207859039,
                    922.8251647949219
                ],
                [
                    661.16015625,
                    824.1666666666666,
                    661.16015625,
                    790.189393939394,
                    803.1484375,
                    790.189393939394,
                    803.1484375,
                    824.1666666666666
                ],
                [
                    391.9921875,
                    825.9090909090909,
                    391.9921875,
                    785.8333333333334,
                    504.36328125,
                    785.8333333333334,
                    504.36328125,
                    825.9090909090909
                ],
                [
                    94.72503200173378,
                    788.7077377781724,
                    221.028235912323,
                    786.6369074041194,
                    221.56955921649933,
                    819.6626744125829,
                    95.266361951828,
                    821.7335047866359
                ],
                [
                    276.9562933444977,
                    548.8897982510654,
                    586.1423110961914,
                    547.0546375621449,
                    586.2820880413055,
                    570.607567989465,
                    277.0960702896118,
                    572.4427286783854
                ],
                [
                    256.0476508140564,
