{
    "predictions": [
        {
            "rec_texts": [
                "1281.17 12 (B)",
                "TOTAL INCLUDES 6% GST",
                "6.17",
                "CHANGE",
                "40.95",
                "CASH TENDERED",
                "150.00",
                "TOTAL ROUNDED",
                "109.05",
                "DING TOTAL (INCL GST)",
                "109.05",
                "1 M CHARGE",
                "4.25",
                "2 N FRIES",
                "2 M COKE",
                "2 X MCD DENIVER",
                "29.00",
                "4 M 100PLIS",
                "4 N BRIES",
                "4 NAM LEAME BUNCH",
                "75.80",
                "OTY ITEM",
                "TOTAL",
                "HF SHIE 1",
                "TAX INVOICE",
                "TEL NO. 03-2012 5250",
                "SELANGOR",
                "(65351-M)",
                "1",
                ":",
                "****",
                "**"
            ],
            "rec_scores": [
                0.7100796209914344,
                0.9614197186061314,
                0.9995003640651703,
                0.9976519743601481,
                0.9996252536773682,
                0.9586393282963679,
                0.9998899201552073,
                0.988451036123129,
                0.9991356631120046,
                0.9431387441498893,
                0.997826486825943,
                0.8556142926216126,
                0.9997612684965134,
                0.8756808042526245,
                0.9443115442991257,
                0.8400310655434926,
                0.9997865200042725,
                0.8831651752645319,
                0.8148109250598483,
                0.7177087839911965,
                0.9981658935546875,
                0.8003896847367287,
                0.9999866724014282,
                0.6963794264528487,
                0.9995836398818276,
                0.9222884774208069,
                0.9958162754774094,
                0.9903904265827603,
                0.978702962398529,
                0.9984305500984192,
                0.9909127950668335,
                0.5085878521203995
            ],
            "det_polygons": [
                [
                    388.75959050655365,
                    1260.4990636793234,
                    538.7304018735886,
                    1258.6474426269533,
                    538.8599263429642,
                    1269.1406373104808,
                    388.88911497592926,
                    1270.992258362851
                ],
                [
                    40.9013671875,
                    1147.6542372881356,
                    40.9013671875,
                    1131.05593220339,
                    311.798828125,
                    1131.05593220339,
                    311.798828125,
                    1147.6542372881356
                ],
                [
                    500.9254292845726,
                    1125.896966294111,
                    555.7479272484779,
                    1124.260407683809,
                    556.474856197834,
                    1148.6141307248909,
                    501.6523582339287,
                    1150.2506893351929
                ],
                [
                    34.70605443418026,
                    1089.2941635907707,
                    35.35135221481323,
                    1065.6322295625332,
                    115.34858603775501,
                    1067.8141147419558,
                    114.70328825712204,
                    1091.4760487701935
                ],
                [
                    488.9360221028328,
                    1061.8101676294361,
                    555.3314228653908,
                    1061.0380558337197,
                    555.6000956892967,
                    1084.1471375546214,
                    489.20469492673874,
                    1084.9192493503379
                ],
                [
                    37.91305135190487,
                    1051.6033851752848,
                    37.97549806535244,
                    1034.994225660421,
                    207.49740397930145,
                    1035.6315977969414,
                    207.43495726585388,
                    1052.2407573118048
                ],
                [
                    477.5205385684967,
                    1031.5939668817036,
                    555.7611329555511,
                    1030.1176196599413,
                    556.1870441436768,
                    1052.6917950646352,
                    477.9464497566223,
                    1054.1681422863978
                ],
                [
                    39.63503032922745,
                    1005.447887976695,
                    206.13801211118698,
                    1002.896083818856,
                    206.35641279816628,
                    1017.147082209183,
                    39.85343101620674,
                    1019.698886367022
                ],
                [
                    477.5880504846573,
                    998.4184143066408,
                    553.3801258802414,
                    996.9883793200478,
                    553.7823753356934,
                    1018.3102429406118,
                    477.99029994010925,
                    1019.7402779272048
                ],
                [
                    37.80963076651096,
                    972.194255867651,
                    321.75976634025574,
                    969.1276622707562,
                    321.93306863307953,
                    985.1761542885992,
                    37.9829421043396,
                    988.242747885494
                ],
                [
                    477.5975658297539,
                    966.4085551633674,
                    552.7960718274117,
                    964.976204565016,
                    553.1910852789879,
                    985.7165601827331,
                    477.9925792813301,
                    987.1489107810846
                ],
                [
                    65.7978515625,
                    924.1699152542374,
                    65.7978515625,
                    905.2004237288137,
                    218.140625,
                    905.2004237288137,
                    218.140625,
                    924.1699152542374
                ],
                [
                    500.74731504917145,
                    899.3952574131854,
                    554.7043145895004,
                    898.5520852816308,
                    555.102222442627,
                    924.0175914182503,
                    501.145222902298,
                    924.8607635498048
                ],
                [
                    88.84577211737633,
                    890.9560827222922,
                    88.94966304302216,
                    872.5665072166314,
                    205.74574834108353,
                    873.2264565677967,
                    205.6418574154377,
                    891.6160320734574
                ],
                [
                    88.82571029663086,
                    855.9485917948061,
                    88.93508249521255,
                    838.777028074103,
                    191.53358548879623,
                    839.4306094929324,
                    191.42421329021454,
                    856.6021732136355
                ],
                [
                    63.34979838877916,
                    807.4829100528007,
                    242.81883531808853,
                    803.494558250298,
                    243.1362788081169,
                    817.7804355427371,
                    63.66724640130997,
                    821.7687873452397
                ],
                [
                    487.8525390625,
                    821.6161016949153,
                    487.8525390625,
                    799.6826271186442,
                    553.0576171875,
