{
    "predictions": [
        {
            "rec_texts": [
                "THANK YOU & COME AGAIN!",
                "GST REG #000656195584",
                "16",
                "8.76",
                "SR = GST @0%",
                "DAPRI",
                "AMOUNT(RM)",
                "GST SUMMARY",
                "RMO.CO ",
                "CHANGE",
                "RM8.75",
                "CASH",
                "AMOUNT",
                "PAYMENT MODE",
                "NETT TOTAL: RM8.75",
                "ROUNDING: -RM0.01",
                "GST @0%: RM0.00",
                "TOTAL AMOUNT: RM7.7",
                "RM2.54",
                "1",
                "RM2.54",
                "RM62.5",
                "1",
                "RMB.28",
                "SR I00100000003-57 51:53/",
                "TOTAL",
                "QTY",
                "ITEM",
                "TAXINVOICE",
                "(87384-U)",
                "4 JLN JUNA TEA"
            ],
            "rec_scores": [
                0.9936815966730532,
                0.968681982585362,
                0.7721813321113586,
                0.6907117329537868,
                0.9798411130905151,
                0.5800121158361435,
                0.969064223766327,
                0.9998310208320618,
                0.7046017093317849,
                0.9995710055033366,
                0.9894645313421885,
                0.9997412264347076,
                0.9975219666957855,
                0.9982253213723501,
                0.9410488042566512,
                0.9390706577721764,
                0.9970584154129029,
                0.9243075753513136,
                0.9263772865136465,
                0.9999351501464844,
                0.9493226309617361,
                0.8032680302858353,
                0.9995730519294739,
                0.7447276413440704,
                0.7935937213897705,
                0.9296721458435059,
                0.9532733956972758,
                0.9858628213405609,
                0.9932697772979736,
                0.7939021388689677,
                0.7829646170139313
            ],
            "det_polygons": [
                [
                    1709.6092029213905,
                    3696.7400229438235,
                    1710.4105462431908,
                    3643.4535097575317,
                    2384.185038089752,
                    3653.5865353747627,
                    2383.383694767952,
                    3706.873048561054
                ],
                [
                    1714.2815371751785,
                    3527.0387556381647,
                    1715.3608372211456,
                    3478.82703580909,
                    2389.307721376419,
                    3493.917152699845,
                    2388.228421330452,
                    3542.128872528919
                ],
                [
                    2686.5848034620285,
                    3423.4245467212318,
                    2691.4963579177856,
                    3364.4788700335594,
                    2798.5481375455856,
                    3373.401161151696,
                    2793.6365830898285,
                    3432.346837839369
                ],
                [
                    2210.495055884123,
                    3409.0850024144293,
                    2216.7576574385166,
                    3352.713984874072,
                    2328.954593449831,
                    3365.1815337291737,
                    2322.6919918954372,
                    3421.5525512695312
                ],
                [
                    1341.9892578125,
                    3401.403314917127,
                    1341.9892578125,
                    3352.950276243094,
                    1676.275390625,
                    3352.950276243094,
                    1676.275390625,
                    3401.403314917127
                ],
                [
                    2600.105074107647,
                    3340.512005041976,
                    2602.7332436442375,
                    3269.544746188169,
                    2796.9735422730446,
                    3276.739951455132,
                    2794.345372736454,
                    3347.707210308939
                ],
                [
                    2043.6765187382698,
                    3325.0253090199844,
                    2044.7708994150162,
                    3270.2950230382426,
                    2316.451419889927,
                    3275.729428791868,
                    2315.3570392131805,
                    3330.45971477361
                ],
                [
                    1346.0633937120438,
                    3294.469197478742,
                    1347.297344148159,
                    3256.2154288107517,
                    1667.6537052989006,
                    3266.5507364009627,
                    1666.4197548627853,
                    3304.804505068953
                ],
                [
                    2586.0579100847244,
                    3133.81945699618,
                    2588.170972585678,
                    3066.202862987202,
                    2801.58496260643,
                    3072.872844885726,
                    2799.4719001054764,
                    3140.4894388947037
                ],
                [
                    1339.6695019602776,
                    3113.476514953276,
                    1343.3060038685799,
                    3040.736627230987,
                    1557.3921169042587,
                    3051.442193637237,
                    1553.7556149959564,
                    3124.182081359526
                ],
                [
                    2591.9287109375,
                    3047.696132596685,
                    2591.9287109375,
                    2994.3977900552486,
                    2800.251953125,
                    2994.3977900552486,
                    2800.251953125,
                    3047.696132596685
                ],
                [
                    1351.6787109375,
                    3023.4696132596687,
                    1351.6787109375,
                    2965.3259668508285,
                    1516.3994140625,
                    2965.3259668508285,
                    1516.3994140625,
                    3023.4696132596687
                ],
                [
                    2595.84760504961,
                    2950.2263864759584,
                    2597.337926208973,
                    2896.5654741993267,
                    2810.6105722784996,
                    2902.4902067237135,
                    2809.120251119137,
                    2956.1511190003453
                ],
                [
                    1350.6068033576012,
                    2925.850817264114,
                    1352.1030384898186,
                    2872.731097985368,
                    1735.7601994872093,
                    2883.5395797813794,
                    1734.263964354992,
                    2936.659299060126
                ],
                [
                    2324.84393876791,
                    2829.327715288868,
                    2325.8966259360313,
                    2780.897743857368,
                    2800.982033073902,
                    2791.227136770006,
                    2799.929345905781,
                    2839.657108201506
                ],
                [
                    2310.125243127346,
                    2746.9640556883414,
                    2311.1448120474815,
                    2698.5323098535696,
                    2800.958968579769,
                    2708.8451416690045,
                    2799.9393996596336,
                    2757.276887503777
                ],
                [
                    2310.63680177927,
                    2655.073624921767,
                    2310.9857261776924,
                    2621.2103214158537,
                    2805.3950396180153,
