{
    "predictions": [
        {
            "rec_texts": [
                "PURPOSE **",
                "DATE: 24/09/2017",
                "0.49",
                "SR @ 6%",
                "8.21",
                "TAX(RM)",
                "AMOUNT(RM)",
                "GST SUMMARY",
                "1.30",
                "CHANGE",
                "10.00",
                "CASH",
                "8.70",
                "FINAL TOTAL",
                "0.00",
                "ROUND ADJ",
                "8.70",
                "TOTAL :",
                "0.00",
                "DISCOUNT",
                "8.70",
                "8.70",
                "SR",
                "3 X 2.9000",
                "3.5\"X6\"",
                "1. 2012-0029",
                "OWNED BY :",
                "TAX INVOICE",
                "TEL: +603-3362 4137",
                "40170 SETIA ALAM",
                "X"
            ],
            "rec_scores": [
                0.9948001086711884,
                0.9735991396009922,
                0.9996910393238068,
                0.9955508027757917,
                0.9730959832668304,
                0.9997968929154533,
                0.9998440444469452,
                0.9765672900459983,
                0.9988746792078018,
                0.9998670220375061,
                0.9997344255447388,
                0.9999037981033325,
                0.9997152388095856,
                0.9913176460699602,
                0.9998572021722794,
                0.9986048738161722,
                0.9990096986293793,
                0.9088076097624642,
                0.9933921098709106,
                0.9990027546882629,
                0.9896602034568787,
                0.9997349381446838,
                0.9996455013751984,
                0.9972890377044678,
                0.736976044518607,
                0.9932446579138438,
                0.99223952293396,
                0.9993904341350902,
                0.9899111735193353,
                0.9738992303609848,
                0.4051254689693451
            ],
            "det_polygons": [
                [
                    253.62962633371353,
                    1339.0326278093337,
                    394.81096428632736,
                    1337.7315581947246,
                    394.9535576701164,
                    1353.1997312635701,
                    253.7722197175026,
                    1354.5008008781792
                ],
                [
                    326.08529794216156,
                    944.7901918775686,
                    519.533423781395,
                    944.1411423095501,
                    519.5886044502258,
                    960.580810395423,
                    326.14047861099243,
                    961.2298599634415
                ],
                [
                    522.6142578125,
                    883.9383045635113,
                    522.6142578125,
                    861.429206135058,
                    572.5029296875,
                    861.429206135058,
                    572.5029296875,
                    883.9383045635113
                ],
                [
                    35.19858729094267,
                    880.8560617350664,
                    35.336408995091915,
                    861.9758484543011,
                    129.09140565991402,
                    862.6600981933998,
                    128.95358395576477,
                    881.5403114741652
                ],
                [
                    341.919921875,
                    882.1133167907362,
                    341.919921875,
                    861.4292803970224,
                    388.7666015625,
                    861.4292803970224,
                    388.7666015625,
                    882.1133167907362
                ],
                [
                    484.2023852467537,
                    834.1060016086223,
                    568.7740013003349,
                    833.383284172014,
                    568.9353843331337,
                    852.2669135031373,
                    484.36376827955246,
                    852.9896309397456
                ],
                [
                    263.9921548962593,
                    848.6133733833004,
                    264.13200038671494,
                    835.8195221729768,
                    384.5605794787407,
                    837.1355927043754,
                    384.42073398828506,
                    849.929443914699
                ],
                [
                    38.31737659871578,
                    838.3267546118144,
                    171.53282243013382,
                    837.6800814266536,
                    171.58306431770325,
                    848.0307140113698,
                    38.36762776970863,
                    848.6773871965306
                ],
                [
                    487.935546875,
                    812.1526054590571,
                    487.935546875,
                    792.0769230769231,
                    532.3486328125,
                    792.0769230769231,
                    532.3486328125,
                    812.1526054590571
                ],
                [
                    246.92976108193398,
                    793.3559368881339,
                    329.5982567667961,
                    791.9782289263628,
                    329.84203946590424,
                    806.6050139396422,
                    247.17356234788895,
                    807.9827219014132
                ],
                [
                    476.2771266698837,
                    764.1772971835583,
                    532.8225330114365,
                    763.4027448958657,
                    533.0642733573914,
                    781.0500610452531,
                    476.5188670158386,
                    781.8246133329457
                ],
                [
                    244.48151808977127,
                    759.3311099169963,
                    302.2853853106499,
                    758.5705188785929,
                    302.5492944717407,
                    778.6267446260791,
                    244.74542725086212,
                    779.3873356644825
                ],
                [
                    484.8935546875,
                    726.3746155643385,
                    484.8935546875,
                    705.6905791706247,
                    532.3486328125,
                    705.6905791706247,
                    532.3486328125,
                    726.3746155643385
                ],
                [
                    246.92966824769974,
                    705.7239970545616,
                    346.65728998184204,
                    704.4031737574475,
                    346.859445810318,
                    719.6657897090992,
                    247.1318240761757,
                    720.9866130062132
                ],
                [
                    484.7638466954231,
                    662.0130335553014,
                    532.0942298769951,
                    661.2242229704624,
                    532.4490051865578,
                    682.5106724186118,
                    485.1186220049858,
                    683.2994830034507
                ],
                [
                    246.4013671875,
                    681.3564929693962,
                    246.4013671875,
                    660.6724565756824,
                    348.00390625,
                    660.6724565756824,
                    348.00390625,
                    681.3564929693962
                ],
                [
                    484.8935546875,
                    651.5471464019852,
                    484.8935546875,
                    630.8631100082713,
                    533.5654296875,
                    630.8631100082713,
                    533.5654296875,
                    651.5471464019852
                ],
                [
