{
    "predictions": [
        {
            "rec_texts": [
                "T3 R000129969",
                "*",
                "0.67",
                "11.23",
                "GST S@6%",
                "TAX (RM)",
                "AMT(RM)",
                "GST SUMMARY",
                "RM 10.10",
                "CHANGE",
                "RM 22.00",
                "CASH",
                "RM 11.90",
                "QTY(S) : 1",
                "ITEM(S) : 1",
                "11.90",
                "1 X 11.90",
                "9064525",
                "CZ09 - 5/60",
                "*S",
                "0.40",
                ":",
                "-",
                "TAX INVOICE",
                "-"
            ],
            "rec_scores": [
                0.9883144222773038,
                0.9772360324859619,
                0.9984829872846603,
                0.9998285412788391,
                0.9986074417829514,
                0.9983219876885414,
                0.9995362077440534,
                0.9997953772544861,
                0.9994580894708633,
                0.9998625814914703,
                0.9991758465766907,
                0.9994097650051117,
                0.9997289851307869,
                0.9952151536941528,
                0.9892265796661377,
                0.9875225901603699,
                0.9992167817221748,
                0.9980270862579346,
                0.8287626938386397,
                0.8550492525100708,
                0.5780019462108612,
                0.9381877779960632,
                0.6597919464111328,
                0.9999692223288796,
                0.8422442674636841
            ],
            "det_polygons": [
                [
                    598.4460377693176,
                    1332.1778356501486,
                    598.5401654243469,
                    1307.4057209386233,
                    857.4489259719849,
                    1308.390436763257,
                    857.3547983169556,
                    1333.162551474782
                ],
                [
                    844.0723776817322,
                    1276.6759970335834,
                    850.9571433067322,
                    1269.7899350866805,
                    858.7598776817322,
                    1277.5941386265035,
                    851.8751120567322,
                    1284.4802005734064
                ],
                [
                    714.9001002311707,
                    1178.1798695252005,
                    799.3612933158875,
                    1176.859816829715,
                    799.9346876144409,
                    1213.5621683576464,
                    715.4734945297241,
                    1214.8822210531318
                ],
                [
                    493.8671314716339,
                    1211.946790577036,
                    493.8671314716339,
                    1178.8936932319032,
                    593.0077564716339,
                    1178.8936932319032,
                    593.0077564716339,
                    1211.946790577036
                ],
                [
                    37.572296634316444,
                    1178.8767694793971,
                    199.12824481725693,
                    1177.847446677959,
                    199.30997282266617,
                    1206.3847040497096,
                    37.754028141498566,
                    1207.4140268511476
                ],
                [
                    615.8214426040649,
                    1137.6845800349142,
                    753.5604572296143,
                    1136.5460934259195,
                    753.8267040252686,
                    1168.762417683559,
                    616.0876893997192,
                    1169.9009042925538
                ],
                [
                    410.1967227458954,
                    1168.6413736258987,
                    410.4619610309601,
                    1136.5389204447247,
                    546.3878977298737,
                    1137.662388624343,
                    546.122659444809,
                    1169.764841805517
                ],
                [
                    38.5546875,
                    1168.7942477876106,
                    38.5546875,
                    1139.4137168141592,
                    259.78515625,
                    1139.4137168141592,
                    259.78515625,
                    1168.7942477876106
                ],
                [
                    698.4766733646393,
                    1084.3360927885612,
                    698.6549556255341,
                    1055.8001803507846,
                    861.1692655086517,
                    1056.8160538124826,
                    860.990983247757,
                    1085.3519662502592
                ],
                [
                    35.80078125,
                    1083.4069675681865,
                    35.80078125,
                    1050.3538702230537,
                    159.72653448581696,
                    1050.3538702230537,
                    159.72653448581696,
                    1083.4069675681865
                ],
                [
                    698.5175180435181,
                    1015.4934057725213,
                    860.0338506698608,
                    1014.490085027914,
                    860.1993584632874,
                    1041.1493662606297,
                    698.6830258369446,
                    1042.152687005237
                ],
                [
                    33.96484375,
                    1043.0088495575221,
                    33.96484375,
                    1006.2831858407079,
                    121.171875,
                    1006.2831858407079,
                    121.171875,
                    1043.0088495575221
                ],
                [
                    697.5973081588745,
                    999.8083374563571,
                    697.781081199646,
                    971.3235325095927,
                    859.2953968048096,
                    972.3658563394462,
                    859.1116237640381,
                    1000.8506612862105
                ],
                [
                    657.1040952205658,
                    889.8179558948077,
                    861.6160356998444,
                    886.7800862810252,
                    862.1205151081085,
                    920.7574894997925,
                    657.60857462883,
                    923.795359113575
                ],
                [
                    41.30859375,
                    919.0597345132743,
                    41.30859375,
                    882.3340707964601,
                    265.29296875,
                    882.3340707964601,
                    265.29296875,
                    919.0597345132743
                ],
                [
                    720.2808403968811,
                    801.8331598602564,
                    818.2475590705872,
                    799.4720161910604,
                    819.0660214424133,
                    833.4456087635681,
                    721.0993027687073,
                    835.806752432764
                ],
                [
                    494.665367603302,
                    803.4347520676333,
                    672.777750492096,
                    802.374383706962,
                    672.9527831077576,
                    831.7866327066337,
                    494.8404002189636,
                    832.847001067305
                ],
                [
                    38.479903638362885,
                    801.5381710086248,
                    178.86701494455338,
                    800.4980887353947,
                    179.0782979130745,
                    829.0269402698077,
                    38.691186606884,
                    830.0670225430379
                ],
                [
                    37.59598262608051,
