{
    "predictions": [
        {
            "rec_texts": [
                "09/05/18",
                "1017",
                "YOR FRUST RETULE",
                "JOINO SUNG TER PROMOTIONE",
                "GST ENTERDAY",
                "INVOICE NO : CHUNG, KHOVE",
                "0.56",
                "9.39",
                "8",
                "S",
                "GST AMT",
                "-BBT EXCL",
                "GST - RATE B",
                "0.05",
                "CHANGE DUE",
                "10.00",
                "CASHI",
                "9.95",
                "TOTAL (GST INCL)",
                "9.95",
                "EMTOTAL",
                "9.95",
                "RM",
                "THALK - UHP 200G",
                "FLL AF KER BAT ELI MU KIN",
                "INV NOL",
                "5 180360"
            ],
            "rec_scores": [
                0.853579118847847,
                0.9926529824733734,
                0.7866736147552729,
                0.6690893113613129,
                0.7149982104698817,
                0.7791373920440674,
                0.9989407658576965,
                0.9968300610780716,
                0.6092996001243591,
                0.8420071005821228,
                0.9908292804445539,
                0.7893878883785672,
                0.8523010239005089,
                0.9988774508237839,
                0.9825470387935639,
                0.999975323677063,
                0.9658062934875489,
                0.9983653426170349,
                0.9889049455523491,
                0.9983264207839966,
                0.8988317166055951,
                0.9971733540296555,
                0.9782317578792572,
                0.7178708035498857,
                0.5315536266565323,
                0.8569269009998867,
                0.7877217680215836
            ],
            "det_polygons": [
                [
                    354.3549875020981,
                    1511.7775395023932,
                    355.0047687292099,
                    1485.294136665963,
                    467.91265547275543,
                    1488.0651723500846,
                    467.2628742456436,
                    1514.5485751865149
                ],
                [
                    205.9906314611435,
                    1514.2578256967906,
                    206.72970235347748,
                    1480.995671452703,
                    281.44828140735626,
                    1482.656465547579,
                    280.7092105150223,
                    1515.9186197916667
                ],
                [
                    225.111328125,
                    1272.3963963963965,
                    225.111328125,
                    1252.4774774774776,
                    424.875,
                    1252.4774774774776,
                    424.875,
                    1272.3963963963965
                ],
                [
                    121.25311839580536,
                    1195.1083148578266,
                    121.32767379283905,
                    1169.9432318060249,
                    544.4294782876968,
                    1171.1970060881195,
                    544.3549228906631,
                    1196.3620891399212
                ],
                [
                    253.87309849262238,
                    1112.2381525812923,
                    254.367138504982,
                    1086.7908671611065,
                    406.48946964740753,
                    1089.745076497396,
                    405.9954296350479,
                    1115.1923619175818
                ],
                [
                    184.6489832997322,
                    1069.5696702561938,
                    184.68802911043167,
                    1050.2642283396679,
                    496.1228485107422,
                    1050.8947995847411,
                    496.0838027000427,
                    1070.2002415012669
                ],
                [
                    453.7180666923523,
                    964.0759409311656,
                    515.0774531364441,
                    963.2116501266893,
                    515.5367202758789,
                    995.8252546980575,
                    454.1773338317871,
                    996.6895455025339
                ],
                [
                    322.0186468362808,
                    963.003792977548,
                    381.94564139842987,
                    961.2410228832349,
                    382.8876768350601,
                    993.2753389375705,
                    322.9606822729111,
                    995.0381090318836
                ],
                [
                    144.16011679172516,
                    993.5263001038148,
                    146.68634390830994,
                    955.6274798968892,
                    182.89728140830994,
                    958.0418943113036,
                    180.37105429172516,
                    995.9407145182292
                ],
                [
                    44.66015625,
                    992.3243243243244,
                    44.66015625,
                    956.7117117117118,
                    63.369140625,
                    956.7117117117118,
                    63.369140625,
                    992.3243243243244
                ],
                [
                    453.11293029785156,
                    954.2049736504083,
                    453.35538268089294,
                    922.1974778733812,
                    556.5917694568634,
                    922.9796868401605,
                    556.349317073822,
                    954.9871826171876
                ],
                [
                    277.013671875,
                    952.4864864864866,
                    277.013671875,
                    920.4954954954956,
                    395.302734375,
                    920.4954954954956,
                    395.302734375,
                    952.4864864864866
                ],
                [
                    47.51745776832104,
                    948.106455210093,
                    48.06627242267132,
                    919.7009816212698,
                    192.15940815210342,
                    922.4858695365288,
                    191.61059349775314,
                    950.891343125352
                ],
                [
                    525.366760969162,
                    914.3151899458053,
                    525.8302273750305,
                    882.3309777062219,
                    588.7138738632202,
                    883.2424250422298,
                    588.2504074573517,
                    915.2266372818132
                ],
                [
                    49.94013060629368,
                    883.1437647364162,
                    187.54043608903885,
                    881.8076138883024,
                    187.76301562786102,
                    904.7365931605434,
                    50.16270554065704,
                    906.0727440086572
                ],
                [
                    511.177734375,
                    874.0180180180181,
                    511.177734375,
                    842.0270270270271,
                    584.203125,
                    842.0270270270271,
                    584.203125,
                    874.0180180180181
                ],
                [
                    43.73360100388527,
                    839.1770041525901,
                    104.11784595251083,
                    838.2184002850507,
                    104.61631545424461,
                    869.6265660191442,
                    44.23207050561905,
                    870.5851698866836
                ],
                [
                    529.0681933164597,
                    833.9788070541246,
                    529.6388515233994,
                    800.873743005701,
                    586.9245811700821,
