{
    "predictions": [
        {
            "rec_texts": [
                "FACEBOOK.COM/BARWANGRICE",
                "THANK YOU & COME AGAIN!",
                "(PRICE INCLUSIVE OF GST)",
                "0.43",
                "7.17",
                "SR = GST @6%",
                "TEH",
                "AMOUNTS",
                "GST SUMMARY",
                "$0.00",
                "CHANGE",
                "37.60",
                "CASH",
                "AMOUNT",
                "PAYMENT MODE",
                "NETT TOTAL: $7.60",
                "GST @6%: $0.43",
                "TOTAL AMOUNT: $7.60",
                "$0.50",
                "1",
                "$0.50",
                "$7.10",
                "1",
                "$7.16",
                "TOTAL",
                ":CQ",
                "ITEM",
                "TAX INVOICE",
                "TAMPOI 81200 JOHOR BAHRU ",
                "(867388-U)",
                "1 X 34 2018 16:20"
            ],
            "rec_scores": [
                0.9957577213644981,
                0.9968166558638863,
                0.9955809017022451,
                0.9344556927680969,
                0.9984160661697388,
                0.9953457961479822,
                0.5587175488471985,
                0.941590930734362,
                0.9461318227377805,
                0.9509980082511902,
                0.9983602861563364,
                0.9121409893035889,
                0.9999477714300156,
                0.9994972546895345,
                0.9986010591189066,
                0.9961399716489455,
                0.9974725118705204,
                0.9778280509145636,
                0.9647555828094483,
                0.9995649456977844,
                0.8183170020580292,
                0.9291175723075866,
                0.9925470948219299,
                0.8929195642471314,
                0.9193009495735168,
                0.4242124954859416,
                0.9896937161684036,
                0.9996540383859114,
                0.99502849817276,
                0.9868569135665893,
                0.830883907921174
            ],
            "det_polygons": [
                [
                    1903.9775390625,
                    3958.6132596685084,
                    1903.9775390625,
                    3910.160220994475,
                    2635.53125,
                    3910.160220994475,
                    2635.53125,
                    3958.6132596685084
                ],
                [
                    1942.073282301426,
                    3783.9501693472675,
                    1942.8116418123245,
                    3735.5823020302787,
                    2606.975927770138,
                    3745.723608196111,
                    2606.237568259239,
                    3794.0914755131
                ],
                [
                    1971.32941031456,
                    3696.7145898302615,
                    1972.524032831192,
                    3648.531260453535,
                    2578.34313249588,
                    3663.5533585522057,
                    2577.148509979248,
                    3711.736687928932
                ],
                [
                    2911.6806640625,
                    3430.475138121547,
                    2911.6806640625,
                    3372.3314917127072,
                    3018.2646484375,
                    3372.3314917127072,
                    3018.2646484375,
                    3430.475138121547
                ],
                [
                    2446.5869140625,
                    3367.486187845304,
                    2548.326171875,
                    3367.486187845304,
                    2548.326171875,
                    3425.6298342541436,
                    2446.5869140625,
                    3425.6298342541436
                ],
                [
                    1560.001953125,
                    3411.0939226519336,
                    1560.001953125,
                    3357.795580110497,
                    1903.9775390625,
                    3357.795580110497,
                    1903.9775390625,
                    3411.0939226519336
                ],
                [
                    2870.4360259771347,
                    3336.9569880870167,
                    2874.4663984775543,
                    3276.4977454085374,
                    3021.094484448433,
                    3286.274115968146,
                    3017.0641119480133,
                    3346.7333586466248
                ],
                [
                    2310.2347994744778,
                    3328.351723686766,
                    2311.5453358590603,
                    3274.6127376661775,
                    2539.4664491415024,
                    3280.1725345843406,
                    2538.15591275692,
                    3333.911520604929
                ],
                [
                    1564.8465318381786,
                    3328.7234611721988,
                    1564.8465318381786,
                    3275.4251186307624,
                    1894.2879380881786,
                    3275.4251186307624,
                    1894.2879380881786,
                    3328.7234611721988
                ],
                [
                    2863.2333984375,
                    3139.756906077348,
                    2863.2333984375,
                    3071.9226519337017,
                    3023.109375,
                    3071.9226519337017,
                    3023.109375,
                    3139.756906077348
                ],
                [
                    1562.8817622065544,
                    3128.772462623554,
                    1565.912968993187,
                    3056.0171967395763,
                    1779.7190554141998,
                    3064.927067034811,
                    1776.6878486275673,
                    3137.6823329187887
                ],
                [
                    2863.2333984375,
                    2989.5524861878453,
                    3027.9541015625,
                    2989.5524861878453,
                    3027.9541015625,
                    3057.3867403314916,
                    2863.2333984375,
                    3057.3867403314916
                ],
                [
                    1564.8466796875,
                    3038.0055248618783,
                    1564.8466796875,
                    2984.707182320442,
                    1739.2568359375,
                    2984.707182320442,
                    1739.2568359375,
                    3038.0055248618783
                ],
                [
                    2814.7861328125,
                    2960.480662983425,
                    2814.7861328125,
                    2902.3370165745855,
                    3027.9541015625,
                    2902.3370165745855,
                    3027.9541015625,
                    2960.480662983425
                ],
                [
                    1574.5361328125,
                    2945.9447513812156,
                    1574.5361328125,
                    2887.8011049723755,
                    1957.26953125,
                    2887.8011049723755,
                    1957.26953125,
                    2945.9447513812156
                ],
                [
                    2601.1982719898224,
                    2838.606661464628,
                    2601.8659595251083,
                    2785.8690303570656,
                    3023.535181045532,
                    2791.2070268662596,
                    3022.8674935102463,
                    2843.9446579738214
                ],
                [
                    2572.5495089888573,
                    2756.9776048186077,
                    2572.5495089888573,
                    2708.5245661445742,
                    3023.1090793013573,
                    2708.5245661445742,
                    3023.1090793013573,
