{
    "predictions": [
        {
            "rec_texts": [
                "JOUN-T TX TRA",
                ": UO/UPERA",
                "ZTTEN IM JOHOR CB (B)",
                "1.83",
                "VISA",
                "32.25",
                "TANDAR TIONE (INCL GST)",
                "32.25",
                "2 CHEESE 20GST",
                "9.60",
                "1 MCDITSH:",
                "7.50",
                "1 M FRIES :",
                "1 M NION",
                "2.00",
                "1 M SHIVEDDAS",
                "12.95",
                "DIST ITEM",
                "TOTAL",
                "TANDA BRO221/10003912",
                "MFY SIDE 1",
                "TAX INVOICE",
                "SELANGOR",
                "LICENSEE OF MCDONALD'S",
                "(65351-M)",
                "132"
            ],
            "rec_scores": [
                0.6410895104591663,
                0.5544155448675155,
                0.6579909580094474,
                0.9993253648281097,
                0.9184936583042145,
                0.9996784090995788,
                0.8330892000509345,
                0.9996313095092774,
                0.8443220151322228,
                0.9760324507951736,
                0.750496780872345,
                0.9994494616985321,
                0.8954916786063801,
                0.7678228318691254,
                0.9998848885297775,
                0.7538711107694186,
                0.9965396881103515,
                0.8702803982628716,
                0.9998409986495972,
                0.6677270361355373,
                0.9034934401512146,
                0.999920357357372,
                0.8622855693101883,
                0.8981296880678697,
                0.9752249187893338,
                0.9968077143033346
            ],
            "det_polygons": [
                [
                    4277.482237875462,
                    6463.453187046789,
                    4277.95417290926,
                    6424.75581756086,
                    4694.834259212017,
                    6429.840074402193,
                    4694.362324178219,
                    6468.537443888122
                ],
                [
                    4135.540679693222,
                    6317.352961924853,
                    4138.01804292202,
                    6260.369775255741,
                    4415.118423819542,
                    6272.419156406466,
                    4412.641060590744,
                    6329.402343075579
                ],
                [
                    1302.5643491744995,
                    4394.942572999395,
                    2112.115082502365,
                    4384.758089687284,
                    2112.968173086643,
                    4452.5816974113,
                    1303.4174397587776,
                    4462.766180723412
                ],
                [
                    2679.1337890625,
                    4447.9889502762435,
                    2679.1337890625,
                    4355.92817679558,
                    2848.69921875,
                    4355.92817679558,
                    2848.69921875,
                    4447.9889502762435
                ],
                [
                    1283.8525390625,
                    4278.403314917127,
                    1283.8525390625,
                    4186.342541436464,
                    1453.41796875,
                    4186.342541436464,
                    1453.41796875,
                    4278.403314917127
                ],
                [
                    2629.311820447445,
                    4163.098450044242,
                    2847.410268366337,
                    4156.06234960398,
                    2850.391502082348,
                    4248.495747771711,
                    2632.293054163456,
                    4255.531848211974
                ],
                [
                    1298.38671875,
                    4157.270718232045,
                    1298.38671875,
                    4094.281767955801,
                    2228.57421875,
                    4094.281767955801,
                    2228.57421875,
                    4157.270718232045
                ],
                [
                    2630.6865234375,
                    4152.425414364641,
                    2630.6865234375,
                    4060.3646408839777,
                    2848.69921875,
                    4060.3646408839777,
                    2848.69921875,
                    4152.425414364641
                ],
                [
                    1365.6764932870865,
                    3900.5689798428866,
                    1922.539429962635,
                    3890.2555565596945,
                    1923.8017674684525,
                    3958.425172921702,
                    1366.938830792904,
                    3968.7385962048947
                ],
                [
                    2662.7464659810066,
                    3866.810366130007,
                    2847.6905906796455,
                    3859.696191945787,
                    2851.2614474892616,
                    3952.551306624439,
                    2666.3173227906227,
                    3959.6654808086582
                ],
                [
                    1365.5834960639477,
                    3801.15389626856,
                    1922.8917548954487,
                    3790.0065034476434,
                    1924.5074522793293,
                    3870.793901475095,
                    1367.1991934478283,
                    3881.9412942960116
                ],
                [
                    2669.4443359375,
                    3856.8618784530386,
                    2669.4443359375,
                    3764.8011049723755,
                    2848.69921875,
                    3764.8011049723755,
                    2848.69921875,
                    3856.8618784530386
                ],
                [
                    1443.1242554485798,
                    3697.052613653531,
                    1806.4657368957996,
                    3691.3745231839175,
                    1807.7582356631756,
                    3774.103118390668,
                    1444.4167542159557,
                    3779.7812088602814
                ],
                [
                    1443.21740052104,
                    3600.5023041614513,
                    1767.6239459812641,
                    3594.7088774791737,
                    1769.0974123179913,
                    3677.2257272288284,
                    1444.690866857767,
                    3683.0191539111056
                ],
                [
                    2659.7548828125,
                    3658.204419889503,
                    2659.7548828125,
                    3566.1436464088397,
                    2843.8544921875,
                    3566.1436464088397,
                    2843.8544921875,
                    3658.204419889503
                ],
                [
                    1370.795776039362,
                    3503.1570620036255,
                    1956.8290881216526,
                    3497.8770293346424,
                    1957.442367106676,
                    3565.967389017179,
                    1371.4090550243855,
                    3571.247421686162
                ],
                [
                    2630.6865234375,
                    3561.2983425414363,
                    2630.6865234375,
                    3469.2375690607732,
                    2843.8544921875,
                    3469.2375690607732,
                    2843.8544921875,
                    3561.2983425414363
                ],
                [
                    1282.768064290285,
                    3406.9086968016227,
                    1607.9800928533077,
                    3400.7722188201396,
                    1609.3577528297901,
                    3473.791279323852,
