{
    "predictions": [
        {
            "rec_texts": [
                "2.12",
                "S = 6%",
                "35.32",
                "TAX(RM)",
                "GST SUMMARY",
                "AMOUNT(RM)",
                ".00",
                "CHANGE RM",
                "37.45",
                "CREDIT RM",
                "ROUNDING RM",
                "37.45",
                ".01",
                "37.44",
                "RM7.49 S",
                "RM29.95 S",
                "06:34PM",
                "07-02-17",
                "562004",
                "1299- POSMAR FERMAS",
                "41150 KLANG, SELANGOR",
                "TAMAN BERKELEY"
            ],
            "rec_scores": [
                0.9990895539522171,
                0.9858832856019338,
                0.9987184643745423,
                0.9385828716414315,
                0.9992194880138744,
                0.9934378325939178,
                0.9958836038907369,
                0.9984003239207797,
                0.9996287941932678,
                0.994237118297153,
                0.9955171129920266,
                0.9982998728752136,
                0.9930532177289327,
                0.9988521456718444,
                0.9206918105483055,
                0.9633191492822435,
                0.984910956450871,
                0.9762020036578178,
                0.9985832174619039,
                0.7656639273229399,
                0.9951907112484887,
                0.9944372815745217
            ],
            "det_polygons": [
                [
                    555.8640594482422,
                    1140.4956057078691,
                    556.3414993286133,
                    1112.3254035852565,
                    617.6745223999023,
                    1113.3649706266067,
                    617.1970825195312,
                    1141.5351727492193
                ],
                [
                    61.87499475479126,
                    1136.5386875612144,
                    61.87499475479126,
                    1111.786483839373,
                    147.12497901916504,
                    1111.786483839373,
                    147.12497901916504,
                    1136.5386875612144
                ],
                [
                    358.1875,
                    1138.601371204701,
                    358.1875,
                    1111.0989226248776,
                    431.0625,
                    1111.0989226248776,
                    431.0625,
                    1138.601371204701
                ],
                [
                    514.1921768188477,
                    1076.0805537329363,
                    607.6330108642578,
                    1075.288582587919,
                    607.8139495849609,
                    1096.6422598574466,
                    514.3731155395508,
                    1097.4342310024638
                ],
                [
                    64.625,
                    1097.3476983349656,
                    64.625,
                    1074.658178256611,
                    213.125,
                    1074.658178256611,
                    213.125,
                    1097.3476983349656
                ],
                [
                    288.0625,
                    1095.9725759059745,
                    288.0625,
                    1073.9706170421155,
                    422.8125,
                    1073.9706170421155,
                    422.8125,
                    1095.9725759059745
                ],
                [
                    554.0419578552246,
                    994.1410838695978,
                    597.3406944274902,
                    991.188565753933,
                    599.3066825866699,
                    1020.025849972836,
                    556.0079460144043,
                    1022.9783680885007
                ],
                [
                    358.1875,
                    1016.9030362389813,
                    358.1875,
                    994.9010773751223,
                    481.9375,
                    994.9010773751223,
                    481.9375,
                    1016.9030362389813
                ],
                [
                    527.3125,
                    982.5249755142016,
                    527.3125,
                    952.9598432908912,
                    601.5625,
                    952.9598432908912,
                    601.5625,
                    982.5249755142016
                ],
                [
                    360.8344421386719,
                    977.689889278281,
                    360.9720764160156,
                    955.6716478368327,
                    484.0684814453125,
                    956.441125524149,
                    483.93084716796875,
                    978.4593669655974
                ],
                [
                    329.19032859802246,
                    941.1318096343963,
                    329.45921897888184,
                    915.7167203568804,
                    480.7286682128906,
                    917.3176166710026,
                    480.45977783203125,
                    942.7327059485185
                ],
                [
                    524.3709030151367,
                    941.1684034685662,
                    524.6981201171875,
                    914.3323655385344,
                    599.0041809082031,
                    915.2386504499265,
                    598.6769638061523,
                    942.0746883799583
                ],
                [
                    554.8125,
                    902.767874632713,
                    554.8125,
                    872.5151811949069,
                    598.8125,
                    872.5151811949069,
                    598.8125,
                    902.767874632713
                ],
                [
                    524.5625,
                    862.201762977473,
                    524.5625,
                    832.6366307541625,
                    598.125,
                    832.6366307541625,
                    598.125,
                    862.201762977473
                ],
                [
                    511.7940254211426,
                    781.5572616173635,
                    512.3670539855957,
                    754.8135475808796,
                    627.3771934509277,
                    757.2782598153617,
                    626.8041648864746,
                    784.0219738518456
                ],
                [
                    500.9115180969238,
                    738.2623074612818,
                    501.34817123413086,
                    715.7010336641466,
                    628.6609687805176,
                    718.1654101753794,
                    628.2243156433105,
                    740.7266839725146
                ],
                [
                    61.676411151885986,
                    638.918272909525,
                    159.77744007110596,
                    636.5057656403036,
                    160.37169075012207,
                    660.6741466316723,
                    62.27066707611084,
                    663.0866539008937
                ],
                [
                    514.25,
                    662.1214495592556,
                    514.25,
                    635.3065621939274,
                    627.6875,
                    635.3065621939274,
                    627.6875,
                    662.1214495592556
                ],
                [
                    300.3571014404297,
                    661.3859218855212,
                    300.5999755859375,
                    636.6091264356711,
                    385.15433502197266,
                    637.4381949997321,
                    384.91146087646484,
                    662.2149904495822
                ],
                [
                    203.5,
                    458.6033300685602,
