{
    "predictions": [
        {
            "rec_texts": [
                "PURPOSE **",
                "PLEASE COME AGAIN.",
                "DATE : 05/04/2017",
                "0.19",
                "SR @ 6%",
                "3.11",
                "TAX(RM)",
                "GST SUMMARY",
                "AMOUNT(RM)",
                "1.70",
                "CHANGE",
                "3.00",
                "CASH",
                "3.30",
                "FINAL TOTAL",
                "0.00",
                "ROUND ADJ",
                "3.30",
                "TOTAL",
                "0.00",
                "DISCOUNT",
                "3.30",
                "1 X 3.3000",
                "3.30",
                "SR",
                "1. 2012-0043",
                "CASH SALES COUNTER",
                "OWNED BY :",
                "TAX INVOICE",
                "TEL: +603-7834 4177",
                ":"
            ],
            "rec_scores": [
                0.9724229395389556,
                0.999461849530538,
                0.9897422369788674,
                0.9980452209711075,
                0.9996167165892464,
                0.9993455559015274,
                0.9999096819332668,
                0.9997593381188132,
                0.9997310936450958,
                0.999020129442215,
                0.9999045034249624,
                0.9848921895027161,
                0.9999207705259323,
                0.9995522946119308,
                0.9885601076212797,
                0.9996151179075241,
                0.9552977548705207,
                0.999777689576149,
                0.9999894380569458,
                0.9999533593654633,
                0.9993977397680283,
                0.9987283647060394,
                0.944139438867569,
                0.9997429549694061,
                0.9864645600318909,
                0.997049997250239,
                0.9991767373349931,
                0.9844257354736328,
                0.9999675425616178,
                0.9181403549093949,
                0.6645455360412598
            ],
            "det_polygons": [
                [
                    245.95406857132912,
                    1340.2625612352715,
                    389.79570376873016,
                    1338.274000824475,
                    390.0488053560257,
                    1356.583987376729,
                    246.2071886062622,
                    1358.5725477875258
                ],
                [
                    197.064453125,
                    1188.4631147540983,
                    197.064453125,
                    1172.141393442623,
                    438.861328125,
                    1172.141393442623,
                    438.861328125,
                    1188.4631147540983
                ],
                [
                    320.3708976507187,
                    949.6943314349065,
                    513.1857529878616,
                    949.0558786861233,
                    513.2258950471878,
                    961.1760023773694,
                    320.41103971004486,
                    961.8144551261527
                ],
                [
                    517.4453125,
                    888.627049180328,
                    517.4453125,
                    866.8647540983607,
                    566.4091796875,
                    866.8647540983607,
                    566.4091796875,
                    888.627049180328
                ],
                [
                    30.793527599424124,
                    868.7098618804432,
                    123.85783518850803,
                    868.0204923035669,
                    123.96983079612255,
                    883.1413143970927,
                    30.905520901083946,
                    883.830683973969
                ],
                [
                    337.1777654290199,
                    865.8230253125801,
                    382.46671563386917,
                    864.9995009625545,
                    382.8395054936409,
                    885.502010407995,
                    337.55055528879166,
                    886.3255347580207
                ],
                [
                    479.966796875,
                    857.797131147541,
                    479.966796875,
                    837.8483606557378,
                    562.177734375,
                    837.8483606557378,
                    562.177734375,
                    857.797131147541
                ],
                [
                    32.01541609689593,
                    839.0404785656539,
                    167.42153465747833,
                    838.4077816322202,
                    167.48102828860283,
                    851.1389072605822,
                    32.074907422065735,
                    851.7716041940158
                ],
                [
                    258.6699697971344,
                    837.8750735423605,
                    380.7737390398979,
                    837.207841716829,
                    380.8728028535843,
                    855.3392504082352,
                    258.76903361082077,
                    856.0064822337667
                ],
                [
                    482.21294432878494,
                    793.850465368052,
                    527.5911810994148,
                    792.977795210041,
                    527.9751133322716,
                    812.9425048828125,
                    482.5968765616417,
                    813.8151750408235
                ],
                [
                    241.1923828125,
                    808.2274590163935,
                    241.1923828125,
                    790.6967213114755,
                    325.8212890625,
                    790.6967213114755,
                    325.8212890625,
                    808.2274590163935
                ],
                [
                    479.0087372660637,
                    760.140721055328,
                    527.77735465765,
                    758.5150721815767,
                    528.5408654808998,
                    781.420560742988,
                    479.7722480893135,
                    783.0462096167392
                ],
                [
                    239.9833984375,
                    778.002049180328,
                    239.9833984375,
                    758.0532786885246,
                    298.0146484375,
                    758.0532786885246,
                    298.0146484375,
                    778.002049180328
                ],
                [
                    481.17578125,
                    725.4098360655738,
                    481.17578125,
                    704.8565573770492,
                    527.1171875,
                    704.8565573770492,
                    527.1171875,
                    725.4098360655738
                ],
                [
                    241.73275101184845,
                    704.9142631155546,
                    342.6080120205879,
                    703.5601706582992,
                    342.80289286375046,
                    718.0819452004355,
                    241.927631855011,
                    719.4360376576909
                ],
                [
                    479.966796875,
                    684.3032048960201,
                    479.966796875,
                    663.7499262074956,
                    527.7216796875,
                    663.7499262074956,
                    527.7216796875,
                    684.3032048960201
                ],
                [
                    242.2336043715477,
                    681.7899059858479,
                    242.53223472833633,
                    660.4376020587858,
                    343.53032010793686,
                    661.8501381795915,
                    343.2316897511482,
                    683.2024421066535
                ],
                [
                    479.3623046875,
