{
    "predictions": [
        {
            "rec_texts": [
                "(@6%)",
                "0.26",
                "4.54",
                "SR",
                "AMOUNT (RM)",
                "TAX(RM)",
                "GST SUMMARY",
                "4.60",
                "CASH :",
                "4.80",
                "TOTAL:",
                "4.80",
                "GST PAYABLE (6%):",
                "0.26",
                "4.54",
                "TOTAL QTY: 4",
                "0.40",
                "0.20",
                "SR",
                "2 X",
                "TAKE AWAY",
                "4.40",
                "2.20",
                "SR",
                "2 X",
                "TEH (B)",
                "TOTAL TAX",
                "DESCRIPTION",
                "U.PRICE",
                "QTY",
                "DATE",
                "INV NO.: 1032236",
                "CASHIER: THANDAR",
                "TAX INVOICE",
                "002043319-W",
                "RESTORAN WAN SHENG"
            ],
            "rec_scores": [
                0.8560915350914001,
                0.9990258365869522,
                0.9861358255147934,
                0.9989664554595947,
                0.9919954484159296,
                0.9864745736122131,
                0.9999073093587701,
                0.9272066503763199,
                0.9966853459676107,
                0.9997504353523254,
                0.9372082352638245,
                0.9998368620872498,
                0.998364690472098,
                0.9994946271181107,
                0.9994650185108185,
                0.9979838728904724,
                0.9985214322805405,
                0.9987362027168274,
                0.9989100396633148,
                0.996284286181132,
                0.9982862604988946,
                0.9582758247852325,
                0.9998891651630402,
                0.9979405999183655,
                0.8790092666943868,
                0.984954697745187,
                0.9998277823130289,
                0.9930396676063538,
                0.9404849580356053,
                0.9955862363179525,
                0.9990707337856293,
                0.9698480479419231,
                0.9987315535545349,
                0.9999735030260953,
                0.998484568162398,
                0.994442880153656
            ],
            "det_polygons": [
                [
                    215.70703125,
                    1538.333333333333,
                    215.70703125,
                    1498.282051282051,
                    318.5546875,
                    1498.282051282051,
                    318.5546875,
                    1538.333333333333
                ],
                [
                    668.4738793373108,
                    1535.3704442733372,
                    669.1446084976196,
                    1497.1354526617586,
                    746.8193116188049,
                    1498.4983927408853,
                    746.1485824584961,
                    1536.7333843524636
                ],
                [
                    492.86221957206726,
                    1537.1832901392224,
                    493.6084988117218,
                    1496.1359706780847,
                    571.1613218784332,
                    1497.5462458683892,
                    570.4150426387787,
                    1538.593565329527
                ],
                [
                    30.9453125,
                    1539.2435897435896,
                    30.9453125,
                    1494.6410256410254,
                    79.18359375,
                    1494.6410256410254,
                    79.18359375,
                    1539.2435897435896
                ],
                [
                    391.26100075244904,
                    1458.3269950671072,
                    561.4256386756897,
                    1457.2765111678684,
                    561.6278462409973,
                    1490.0332970252402,
                    391.4631805419922,
                    1491.083780924479
                ],
                [
                    619.728301525116,
                    1459.1982500125198,
                    739.7629342079163,
                    1458.1357656625598,
                    740.0538020133972,
                    1491.0072224934893,
                    620.0191693305969,
                    1492.0697068434492
                ],
                [
                    39.13671875,
                    1490.9999999999998,
                    39.13671875,
                    1458.230769230769,
                    230.26953125,
                    1458.230769230769,
                    230.26953125,
                    1490.9999999999998
                ],
                [
                    667.8113162517548,
                    1328.3428908128003,
                    744.2064454555511,
                    1323.162918482071,
                    747.0807926654816,
                    1365.564955491286,
                    670.6856634616852,
                    1370.7449278220151
                ],
                [
                    33.35660646855831,
                    1366.9361181014622,
                    33.86315308511257,
                    1326.9143927158452,
                    141.41716611385345,
                    1328.2759994115584,
                    140.9106194972992,
                    1368.2977247971753
                ],
                [
                    602.346339225769,
                    1245.4783340845352,
                    741.6431312561035,
                    1244.3365134214741,
                    741.9329991340637,
                    1279.7073974609373,
                    602.6362071037292,
                    1280.8492181239983
                ],
                [
                    38.139048010110855,
                    1244.423850035056,
                    237.43792831897736,
                    1243.3522542317708,
                    237.64335787296295,
                    1281.5672450921472,
                    38.344470620155334,
                    1282.6388408954326
                ],
                [
                    668.0546875,
                    1238.8589743589741,
                    668.0546875,
                    1200.6282051282049,
                    745.41796875,
                    1200.6282051282049,
                    745.41796875,
                    1238.8589743589741
                ],
                [
                    42.61608113348484,
                    1168.861123109475,
                    329.3592654466629,
                    1166.0216831305086,
                    329.54814064502716,
                    1185.0990663186096,
                    42.80495285987854,
                    1187.938506297576
                ],
                [
                    669.875,
                    1196.9871794871792,
                    669.875,
                    1159.6666666666665,
                    747.23828125,
                    1159.6666666666665,
                    747.23828125,
                    1196.9871794871792
                ],
                [
                    668.96484375,
                    1156.9358974358972,
                    668.96484375,
                    1115.974358974359,
                    747.23828125,
                    1115.974358974359,
                    747.23828125,
                    1156.9358974358972
                ],
                [
                    41.748487770557404,
                    1083.3273550180286,
                    245.52589762210846,
                    1080.330353565705,
                    245.888010263443,
                    1104.9555006760816,
                    42.110586524009705,
                    1107.9525021284053
                ],
                [
                    598.3786268234253,
                    1028.5128518129004,
