{
    "predictions": [
        {
            "rec_texts": [
                "GST NO. :00028561713",
                "RM2.37",
                "RM99.44",
                "S = GST @ 6% ISE",
                "RM3.59",
                "S/P CHE LIFE MADATE",
                "RM35.85",
                "SP CHI & 10 SLICE ",
                "0.20",
                "CHANGE",
                "ROUNDING",
                "RM-0.07",
                "42.00",
                "CASH",
                "ZITER",
                "RM41.81",
                "TOTAL",
                "RM41.81",
                "SUBTOTAL",
                "RAT",
                "18.87 S",
                "1 S/TI VINO.CO 9",
                "16.26 S",
                "TEL FORMER CONTR ROLLE",
                "COUNER #1",
                "DROVE 43007489",
                "BILL",
                "TABLE NI1",
                "1",
                "FAX:07-388991",
                "TEL : 07-388990",
                "LOT 3151 & 3  JALAN PERMA",
                "SERVER: HOR IED PROMOR"
            ],
            "rec_scores": [
                0.8921646237373352,
                0.999268631140391,
                0.8793031232697623,
                0.8888588212430477,
                0.9233310520648956,
                0.7158702588395068,
                0.995028385094234,
                0.7585153554876646,
                0.9981949627399445,
                0.9987698992093405,
                0.9985346794128418,
                0.9579577190535409,
                0.9996241092681885,
                0.971436932682991,
                0.6055127382278442,
                0.9509105341775077,
                0.9999900341033936,
                0.9990491696766445,
                0.9994220435619354,
                0.745003362496694,
                0.997336711202349,
                0.6845034789294004,
                0.8993443591254098,
                0.7326702312989668,
                0.7968757235341601,
                0.7249020891530173,
                0.9990195333957672,
                0.9236514634556241,
                0.6302759051322937,
                0.8537220290073981,
                0.9283881684144338,
                0.7697666847705841,
                0.6510006067427722
            ],
            "det_polygons": [
                [
                    1971.6623669862747,
                    4457.7880923445055,
                    2669.2296587228775,
                    4452.658292485864,
                    2669.5862712860107,
                    4501.1799414197385,
                    1972.018979549408,
                    4506.30974127838
                ],
                [
                    2674.2890625,
                    4084.5911602209944,
                    2674.2890625,
                    4007.0662983425414,
                    2897.146484375,
                    4007.0662983425414,
                    2897.146484375,
                    4084.5911602209944
                ],
                [
                    2639.6036117076874,
                    3920.5446204085374,
                    2896.0104101896286,
                    3914.580851012172,
                    2897.6994408369064,
                    3987.221372151243,
                    2641.292642354965,
                    3993.1851415476085
                ],
                [
                    1554.8017967939377,
                    3977.753156293163,
                    1555.2376565933228,
                    3924.5772475774775,
                    2185.287781536579,
                    3929.7419440337967,
                    2184.851921737194,
                    3982.917852749482
                ],
                [
                    2673.0642787218094,
                    3904.587116051774,
                    2675.2098680734634,
                    3829.477217026178,
                    2898.3003004789352,
                    3835.8520565138338,
                    2896.154711127281,
                    3910.9619555394293
                ],
                [
                    1560.001953125,
                    3890.779005524862,
                    1560.001953125,
                    3837.480662983425,
                    2218.884765625,
                    3837.480662983425,
                    2218.884765625,
                    3890.779005524862
                ],
                [
                    2645.220703125,
                    3808.4088397790056,
                    2645.220703125,
                    3755.1104972375692,
                    2892.3017578125,
                    3755.1104972375692,
                    2892.3017578125,
                    3808.4088397790056
                ],
                [
                    1559.723109304905,
                    3803.4014737461152,
                    1560.1631088852882,
                    3750.1468998187156,
                    2190.054443657398,
                    3755.3529990180423,
                    2189.614444077015,
                    3808.607572945442
                ],
                [
                    2742.115234375,
                    3648.513812154696,
                    2742.115234375,
                    3566.1436464088397,
                    2901.9912109375,
                    3566.1436464088397,
                    2901.9912109375,
                    3648.513812154696
                ],
                [
                    1545.4677734375,
                    3648.513812154696,
                    1545.4677734375,
                    3561.2983425414363,
                    1782.859375,
                    3561.2983425414363,
                    1782.859375,
                    3648.513812154696
                ],
                [
                    1554.1963538229465,
                    3401.8099490002373,
                    1844.8604314625263,
                    3395.995820946456,
                    1846.2203495204449,
                    3463.9968689976477,
                    1555.556271880865,
                    3469.810997051429
                ],
                [
                    2639.330681860447,
                    3468.502966106267,
                    2641.341432631016,
                    3386.0635986328125,
                    2907.878866612911,
                    3392.5650122205197,
                    2905.8681158423424,
                    3475.0043796939744
                ],
                [
                    2722.736328125,
                    3377.1767955801106,
                    2722.736328125,
                    3304.497237569061,
                    2901.9912109375,
                    3304.497237569061,
                    2901.9912109375,
                    3377.1767955801106
                ],
                [
                    1548.1577439904213,
                    3302.31531301256,
                    1712.6776677370071,
                    3293.655633578643,
                    1717.4821792840958,
                    3384.9534136524517,
                    1552.96225553751,
                    3393.613093086369
                ],
                [
                    1549.0894904136658,
                    3206.886722122108,
                    1551.006504714489,
                    3124.4485375841678,
                    1818.1107929944992,
                    3130.660723438579,
                    1816.193778693676,
                    3213.0989079765195
                ],
                [
                    2407.612650156021,
                    3062.3432401372584,
                    2872.593443274498,
                    3057.1182139696994,
                    2873.1387115716934,
                    3105.6741680334944,
                    2408.1579184532166,
                    3110.899194201053
                ],
                [
                    1559.4538756906986,
                    3115.044791711628,
