{
    "predictions": [
        {
            "rec_texts": [
                "1",
                "ZRI",
                "INCLUDEI & GST GST",
                "THANK YOU",
                "RM0.00",
                "CHANGE",
                "RM3.00",
                "PAID",
                "RM3.00",
                "TOTAL",
                ":",
                "RM0.17",
                "6.00 ",
                "GST(INCLUDE)",
                "RM2.83",
                "PARKING FEE",
                ":",
                ":",
                "9",
                ":",
                "2",
                ":",
                ":",
                "THANKICK",
                "TYPE",
                "PARINT TIME",
                "3:24",
                "PICE TIME",
                "ENTRY TIME",
                "TICKUT NO:L245 QTY",
                "T/D #11",
                "R",
                "1 *",
                "EX:"
            ],
            "rec_scores": [
                0.78524249792099,
                0.6162835359573364,
                0.8775174650881026,
                0.9961760772599114,
                0.9847044150034586,
                0.9990205566088358,
                0.9998969535032908,
                0.9980854541063309,
                0.9998954037825266,
                0.9999667406082153,
                0.9971688389778137,
                0.9627212584018707,
                0.9994831323623657,
                0.9364544202884039,
                0.9169509013493856,
                0.962698990648443,
                0.5423669815063477,
                0.8675847053527832,
                0.3038521707057953,
                0.2541424036026001,
                0.9892304539680481,
                0.839356541633606,
                0.44459736347198486,
                0.8248671293258667,
                0.9293883144855499,
                0.81050243973732,
                0.9892849773168564,
                0.8073478440443674,
                0.8695228308439255,
                0.7533259938160578,
                0.9685823747089931,
                0.40125930309295654,
                0.7324024041493734,
                0.7729592323303223
            ],
            "det_polygons": [
                [
                    464.396484375,
                    1057.9769736842106,
                    464.396484375,
                    1054.9177631578948,
                    478.669921875,
                    1054.9177631578948,
                    478.669921875,
                    1057.9769736842106
                ],
                [
                    15.802734375,
                    1055.9375000000002,
                    15.802734375,
                    1048.2894736842106,
                    55.564453125,
                    1048.2894736842106,
                    55.564453125,
                    1055.9375000000002
                ],
                [
                    169.14903330802917,
                    1027.8306298506889,
                    169.36931777000427,
                    1013.510621723376,
                    384.4551908969879,
                    1016.8202851947987,
                    384.2349064350128,
                    1031.1402933221116
                ],
                [
                    208.59961581230164,
                    998.5363488448295,
                    209.09276676177979,
                    980.8612421939249,
                    331.1589210033417,
                    984.2683731882197,
                    330.6657700538635,
                    1001.9434798391243
                ],
                [
                    362.3803542852402,
                    948.3701384694954,
                    481.17733776569366,
                    947.8043787102952,
                    481.25991332530975,
                    965.1467514038087,
                    362.46292984485626,
                    965.7125111630089
                ],
                [
                    13.002959311008453,
                    963.4152402375875,
                    13.55511724948883,
                    943.740866811652,
                    179.1985940337181,
                    948.3914244802376,
                    178.64643609523773,
                    968.065797906173
                ],
                [
                    363.32269263267517,
                    916.8622368260435,
                    481.39410638809204,
                    913.535644129703,
                    481.8540279865265,
                    929.8672425119502,
                    363.7826142311096,
                    933.1938352082906
                ],
                [
                    12.043524026870728,
                    933.4139773720191,
                    12.280376493930817,
                    912.0927389044512,
                    122.44976967573166,
                    913.3171202007094,
                    122.21291720867157,
                    934.6383586682772
                ],
                [
                    361.8744467496872,
                    899.3527502762645,
                    362.06635558605194,
                    879.6811154014187,
                    481.3202737569809,
                    880.8447506553249,
                    481.12836492061615,
                    900.5163855301707
                ],
                [
                    12.91663844883442,
                    898.6173870688991,
                    13.375424399971962,
                    878.8855040700813,
                    137.91613465547562,
                    881.7823932045385,
                    137.45734870433807,
                    901.5142762033564
                ],
                [
                    20.390625,
                    858.6184210526317,
                    20.390625,
                    854.5394736842106,
                    38.7421875,
                    854.5394736842106,
                    38.7421875,
                    858.6184210526317
                ],
                [
                    402.06469345092773,
                    836.5732715004369,
                    402.42050886154175,
                    813.618860746685,
                    490.51767897605896,
                    814.9850243016294,
                    490.16186356544495,
                    837.9394350553815
                ],
                [
                    232.36913377046585,
                    814.8230763485558,
                    319.5067752599716,
                    814.2219643843803,
                    319.6649880409241,
                    837.1614375867342,
                    232.52733099460602,
                    837.7625495509099
                ],
                [
                    12.665695399045944,
                    832.5801528127571,
                    12.775495380163193,
                    814.7889066997328,
                    188.69455003738403,
                    815.8749911659643,
                    188.58475005626678,
                    833.6662372789885
                ],
                [
                    402.158034324646,
                    783.7082190262645,
                    488.77369809150696,
                    783.0894309596013,
                    488.912278175354,
                    802.4961732563221,
                    402.29661440849304,
                    803.1149613229853
                ],
                [
                    9.997429847717285,
                    797.2752500835219,
                    10.540829300880432,
                    780.9097932514393,
                    159.7883437871933,
                    785.8673176012542,
                    159.24494433403015,
                    802.2327744333369
                ],
                [
                    276.29296875,
                    745.9375000000001,
                    276.29296875,
                    743.3881578947369,
                    278.841796875,
