{
    "predictions": [
        {
            "rec_texts": [
                "*",
                "ICCULEY CHIC @ GST",
                "THANK YOU",
                "RM0.00",
                "CHANGE",
                "RM1.00",
                "PAID",
                "RM1.00",
                "TOTAL",
                "6.00 ",
                "RM0.06",
                "GST(INCLUDED",
                "PARKING FEE",
                "RM0.94",
                "RATE A",
                "RM1.00",
                "TAX",
                "PARKING TIME",
                "1:04",
                "PAI TIME",
                "DENT TY EX",
                "TIME: 10/16/22",
                "TOT A11",
                "TAX INVOICE",
                "R",
                ":",
                "960*",
                ": ",
                "EZZL"
            ],
            "rec_scores": [
                0.9842104911804199,
                0.6462102383375168,
                0.994697822464837,
                0.9979351659615835,
                0.9857256611188253,
                0.9991196393966675,
                0.9985051304101944,
                0.9995153546333313,
                0.999799394607544,
                0.9907048106193542,
                0.9673859775066376,
                0.973326231042544,
                0.9760845303535461,
                0.9992584387461344,
                0.9748678604761759,
                0.9996153513590494,
                0.8155573507150015,
                0.924062560002009,
                0.9657980054616928,
                0.8570456057786942,
                0.7115685164928436,
                0.8118329005581992,
                0.7599155519689832,
                0.999924665147608,
                0.6157820224761963,
                0.7879564762115479,
                0.4201273173093796,
                0.7458304762840271,
                0.7533379644155502
            ],
            "det_polygons": [
                [
                    21.41015625,
                    1058.3719626168224,
                    21.41015625,
                    1054.2934579439252,
                    50.466796875,
                    1054.2934579439252,
                    50.466796875,
                    1058.3719626168224
                ],
                [
                    170.2465197443962,
                    1021.6807921222437,
                    384.3531382083893,
                    1021.145463490709,
                    384.38879442214966,
                    1035.4201053797642,
                    170.28219151496887,
                    1035.9554340112988
                ],
                [
                    207.1869483590126,
                    1005.1613421573817,
                    207.58339816331863,
                    984.3442649770006,
                    331.5765280723572,
                    986.7062578718239,
                    331.18007826805115,
                    1007.5233350522051
                ],
                [
                    361.350057721138,
                    952.7968421436916,
                    480.67167913913727,
                    952.2231779579804,
                    480.76271760463715,
                    971.1544694847036,
                    361.4410961866379,
                    971.7281336704148
                ],
                [
                    12.559535712003708,
                    972.396392080717,
                    12.932245820760727,
                    948.3540252400336,
                    179.1312174797058,
                    950.9309710636318,
                    178.7585073709488,
                    974.9733379043151
                ],
                [
                    362.84528517723083,
                    922.2809942227658,
                    480.6662964820862,
                    921.1950276312427,
                    480.8073034286499,
                    936.4975104501315,
                    362.98629212379456,
                    937.5834770416545
                ],
                [
                    12.213019385933876,
                    936.1310200628833,
                    13.06747730076313,
                    916.2631212466231,
                    122.10909104347229,
                    920.9535011933228,
                    121.25463312864304,
                    940.8214000095832
                ],
                [
                    362.1918057203293,
                    886.677159446645,
                    482.5792554616928,
                    884.3729188152563,
                    482.9485741853714,
                    903.6703895640151,
                    362.5611244440079,
                    905.9746301954037
                ],
                [
                    15.149569943547249,
                    904.5303257451993,
                    15.336127236485481,
                    884.4738608101818,
                    138.75985836982727,
                    885.6220604441991,
                    138.57330107688904,
                    905.6785253792166
                ],
                [
                    231.5650332570076,
                    842.4822398533331,
                    232.23229604959488,
                    818.6252030131973,
                    321.62800884246826,
                    821.1259755927825,
                    320.960746049881,
                    844.9830124329184
                ],
                [
                    402.5560086965561,
                    840.527811153804,
                    403.1265081167221,
                    817.2780443423262,
                    504.4462841749191,
                    819.7646277882228,
                    503.8757847547531,
                    843.0143945997006
                ],
                [
                    13.730286955833435,
                    837.0922982759565,
                    13.782806754112244,
                    820.2830290321992,
                    188.14802366495132,
                    820.827941552278,
                    188.09550386667252,
                    837.6372107960353
                ],
                [
                    12.1599200963974,
                    803.3784187673408,
                    12.456059575080872,
                    787.5036408896758,
                    162.18944442272186,
                    790.2974066333236,
                    161.8933049440384,
                    806.1721845109886
                ],
                [
                    402.66944897174835,
                    786.1742808689581,
                    488.8227642774582,
                    785.5800797792239,
                    488.9704295396805,
                    806.994718633634,
                    402.81711423397064,
                    807.5889197233681
                ],
                [
                    232.80032193660736,
                    721.487700674467,
                    318.3814265727997,
                    720.2905858690493,
                    318.67367684841156,
                    741.1888149368428,
                    233.09257221221924,
                    742.3859297422605
                ],
                [
                    403.1789034605026,
                    719.3890157824364,
                    490.3375622034073,
                    718.7837372111383,
                    490.48628532886505,
                    740.201985582013,
                    403.3276265859604,
                    740.8072641533112
                ],
                [
                    11.06957034766674,
                    717.9887723263179,
                    69.14110878109932,
                    717.1471326596269,
                    69.53269708156586,
                    744.1689686427607,
                    11.461154758930206,
                    745.0106083094516
                ],
                [
                    11.561649821698666,
                    689.4359412647854,
