{
    "predictions": [
        {
            "rec_texts": [
                "BINFIND LOONER",
                "1",
                "0.20",
                "6",
                "POS CON FESH",
                "TIME : MUN X",
                "TOTAL SALES(INCL GST)",
                "6.04",
                "RM",
                "0.20",
                "6.00 X TAX",
                "0.36",
                "S",
                "RM",
                "CHANGE DUE",
                "43.60",
                "RM",
                "CASH",
                "50.00",
                "RM",
                "TOTAL",
                "6.40",
                "RM",
                "SAMELY PRATIA MIN",
                "3.20 S",
                "RM",
                "3.20 S",
                "X",
                "((4)((4)(K)",
                "GST NO: 001401277368",
                "CO.NO: 01/08/40449",
                "BINI PETROL REIN",
                "CATE :",
                "GT"
            ],
            "rec_scores": [
                0.6068432267223086,
                0.6931743621826172,
                0.9368375092744827,
                0.8816350698471069,
                0.8581225524346033,
                0.8404058764378229,
                0.9338957355135963,
                0.9997061789035797,
                0.9998692274093628,
                0.9368375092744827,
                0.969230341911316,
                0.9991792738437653,
                0.9951382279396057,
                0.9998378157615662,
                0.9966657638549805,
                0.9997169256210328,
                0.99957475066185,
                0.999349445104599,
                0.9998818874359131,
                0.9998442828655243,
                0.9999706983566284,
                0.9997748136520386,
                0.9993478059768677,
                0.6788903790361741,
                0.9978089729944865,
                0.9998839497566223,
                0.9968626797199249,
                0.5167382955551147,
                0.639171386306936,
                0.8923201411962509,
                0.8358036412133111,
                0.7970474380999804,
                0.9193991223971049,
                0.45197220146656036
            ],
            "det_polygons": [
                [
                    193.03218841552732,
                    1235.0742563293677,
                    193.6304140090942,
                    1207.1984165557658,
                    553.8395605087279,
                    1214.9278701617816,
                    553.241334915161,
                    1242.8037099353835
                ],
                [
                    332.76562499999994,
                    1100.687532067727,
                    332.76562499999994,
                    1097.0548999486916,
                    336.39843749999994,
                    1097.0548999486916,
                    336.39843749999994,
                    1100.687532067727
                ],
                [
                    361.82812499999994,
                    1096.3283735248845,
                    370.54687499999994,
                    1096.3283735248845,
                    370.54687499999994,
                    1102.1405849153412,
                    361.82812499999994,
                    1102.1405849153412
                ],
                [
                    119.88281249999999,
                    1108.679322729605,
                    119.88281249999999,
                    1091.969214982042,
                    132.23437499999997,
                    1091.969214982042,
                    132.23437499999997,
                    1108.679322729605
                ],
                [
                    377.061990737915,
                    1107.9252145531361,
                    377.15848731994623,
                    1087.5622539804067,
                    543.5271978378295,
                    1088.350684144914,
                    543.4307012557982,
                    1108.7136447176435
                ],
                [
                    207.70042276382443,
                    1110.0687867776744,
                    207.8602452278137,
                    1086.0944790397318,
                    360.47034358978266,
                    1087.1118998324462,
                    360.3105211257934,
                    1111.0862075703888
                ],
                [
                    84.22571790218352,
                    988.1794344655913,
                    84.37471997737883,
                    968.4110336029695,
                    385.8481464385986,
                    970.6833797981336,
                    385.69914436340326,
                    990.4517806607555
                ],
                [
                    560.1796874999999,
                    995.3412006157004,
                    560.1796874999999,
                    964.827090815803,
                    619.7578124999999,
                    964.827090815803,
                    619.7578124999999,
                    995.3412006157004
                ],
                [
                    431.2995886802673,
                    994.3128712841522,
                    432.5959954261779,
                    961.9035137209787,
                    466.66088533401484,
                    963.2661055148474,
                    465.3644785881042,
                    995.6754630780208
                ],
                [
                    235.40624999999997,
                    941.5782452539764,
                    235.40624999999997,
                    937.2190867111339,
                    247.03124999999997,
                    937.2190867111339,
                    247.03124999999997,
                    941.5782452539764
                ],
                [
                    95.09709334373473,
                    930.7370200864225,
                    236.69826650619504,
                    928.9332976245831,
                    236.96711325645444,
                    950.0360877172589,
                    95.36594009399413,
                    951.8398101790982
                ],
                [
                    559.4795551300048,
                    925.2858547251795,
                    622.740958213806,
                    923.1415730021806,
                    623.7725315093993,
                    953.571429859864,
                    560.511128425598,
                    955.715711582863
                ],
                [
                    273.91406249999994,
                    954.6557208825038,
                    273.91406249999994,
                    927.0477167778348,
                    292.80468749999994,
                    927.0477167778348,
                    292.80468749999994,
                    954.6557208825038
                ],
                [
                    431.57812499999994,
                    956.108773730118,
                    431.57812499999994,
                    922.6885582349923,
                    464.99999999999994,
                    922.6885582349923,
                    464.99999999999994,
                    956.108773730118
                ],
                [
                    80.4362425804138,
                    888.6869974385903,
                    219.97761726379392,
                    886.9749776528027,
                    220.32493400573728,
                    915.278467623621,
                    80.78355932235716,
                    916.9904874094086
                ],
                [
                    547.1015624999999,
                    914.6967675731144,
                    547.1015624999999,
                    884.9091841970242,
                    619.7578124999999,
                    884.9091841970242,
                    619.7578124999999,
                    914.6967675731144
                ],
                [
                    429.76171874999994,
                    916.5129949453245,
