{
    "predictions": [
        {
            "rec_texts": [
                "1301-71-17 (ZR)",
                "TOTAL INCLUDE SCIS 6% GST",
                "6.17",
                "CHANGE",
                "40.95",
                "CASH TENDERED",
                "150.00",
                "TOTAL ROUNDED",
                "109.05",
                "INVOICE TOTAL (INCL GST)",
                "109.05",
                "1 M CHOCKER",
                "4.25",
                "2 M FRIES",
                "2 M COKE",
                "2 M MC DELACIUPER",
                "29.00",
                "4 M 100PLUS",
                "4 M RELES",
                "75.80",
                "QTY ITEM",
                "TOTAL",
                "MFY SIDE 1",
                "TAX INVOICE",
                "TEL NO. :",
                "03-2013-5255",
                "SELANGOR",
                "(65351-M)",
                "1",
                "2",
                "1",
                "2",
                "1",
                "WAYM DUCTION Z",
                "****"
            ],
            "rec_scores": [
                0.777561092376709,
                0.8858115589618683,
                0.9991071075201035,
                0.9973315993944804,
                0.9998353242874145,
                0.9883042069581839,
                0.9999467929204305,
                0.9993373430692233,
                0.9997602899869283,
                0.9182003115614256,
                0.9997726678848267,
                0.7988580627874895,
                0.99967160820961,
                0.9298357897334628,
                0.9915182664990425,
                0.7157495319843292,
                0.9998400092124939,
                0.8448901040987535,
                0.8032526042726305,
                0.9993717670440674,
                0.9970759674906731,
                0.9999538779258728,
                0.9868411481380462,
                0.9999340772628784,
                0.9790524707900153,
                0.9697762777407964,
                0.9986349195241928,
                0.9950650466812981,
                0.5139585137367249,
                0.5068511962890625,
                0.7930142879486084,
                0.9949188828468323,
                0.3818710148334503,
                0.6086873678224427,
                0.872423455119133
            ],
            "det_polygons": [
                [
                    386.4543443918228,
                    1272.1169220487952,
                    386.5534052848816,
                    1260.0812404826538,
                    539.468836069107,
                    1261.3397754733846,
                    539.3697751760483,
                    1273.375457039526
                ],
                [
                    40.9013671875,
                    1147.6542372881356,
                    40.9013671875,
                    1131.05593220339,
                    311.798828125,
                    1131.05593220339,
                    311.798828125,
                    1147.6542372881356
                ],
                [
                    500.8935546875,
                    1123.942372881356,
                    556.021484375,
                    1123.942372881356,
                    556.021484375,
                    1150.618220338983,
                    500.8935546875,
                    1150.618220338983
                ],
                [
                    34.80675247311592,
                    1091.0949859101895,
                    35.06558433175087,
                    1065.7283274505098,
                    117.47066175937653,
                    1066.569183970306,
                    117.21182990074158,
                    1091.9358424299855
                ],
                [
                    489.630859375,
                    1085.410593220339,
                    489.630859375,
                    1061.6987288135595,
                    556.021484375,
                    1061.6987288135595,
                    556.021484375,
                    1085.410593220339
                ],
                [
                    37.83928707614541,
                    1039.2370053048862,
                    206.12097132205963,
                    1036.6775306830973,
                    206.36610904335976,
                    1052.7965041338389,
                    38.08442705869675,
                    1055.3559787556278
                ],
                [
                    477.68747317790985,
                    1030.9407472772114,
                    555.8824083805084,
                    1030.2098823159429,
                    556.0987648963928,
                    1053.3602108712926,
                    477.90382969379425,
                    1054.091075832561
                ],
                [
                    39.7158203125,
                    1021.9813559322035,
                    39.7158203125,
                    1003.6046610169493,
                    206.8779296875,
                    1003.6046610169493,
                    206.8779296875,
                    1021.9813559322035
                ],
                [
                    478.1868659853935,
                    1000.2224205922273,
                    553.8815447688103,
                    998.0596392098121,
                    554.4907439351082,
                    1019.3829500877252,
                    478.79606515169144,
                    1021.5457314701405
                ],
                [
                    38.44165952503681,
                    971.9380189540024,
                    321.7969955801964,
                    969.5056135274597,
                    321.92152720689774,
                    984.0165393376756,
                    38.56620019674301,
                    986.4489447642181
                ],
                [
                    477.1826171875,
                    988.1919491525425,
                    477.1826171875,
                    965.0728813559323,
                    554.2431640625,
                    965.0728813559323,
                    554.2431640625,
                    988.1919491525425
                ],
                [
                    65.75102104991674,
                    904.6756482140494,
                    218.68276450037956,
                    903.9148250256555,
                    218.78312787413597,
                    924.0871321338719,
                    65.85137990117073,
                    924.8479553222658
                ],
                [
                    501.32869178056717,
                    897.4780756029033,
                    555.7116025090218,
                    896.6282460875432,
                    556.1401910185814,
                    924.0569568181443,
                    501.7572802901268,
                    924.9067863335044
                ],
                [
                    90.1015625,
                    889.7877118644069,
                    90.1015625,
                    872.5966101694917,
                    205.099609375,
                    872.5966101694917,
                    205.099609375,
                    889.7877118644069
                ],
                [
                    88.83645576238632,
                    855.9636432712362,
                    88.95016956329346,
                    838.2222943322134,
                    191.56035870313644,
                    838.8800727973551,
                    191.4466449022293,
                    856.6214217363779
                ],
                [
                    63.29017371684313,
                    808.2898283877616,
                    242.8088858127594,
                    803.9263474803861,
                    243.1502081155777,
                    817.9702433440646,
                    63.63150054216385,
                    822.3337242514401
                ],
                [
                    486.5164471268654,
