{
    "predictions": [
        {
            "rec_texts": [
                "THANK YOU. PLEASE COME AG",
                "S = 6%",
                "93.28",
                "5.61 T",
                "GST SUMMARY",
                "AMOUNT(RM)",
                "TAX(RM)",
                "CHANGE RM",
                ".00",
                "CRESTU RM",
                "98.90",
                "ROUNDING RM",
                "98.90",
                "ROUNDING ADJUSTMENT RM",
                ".01",
                "98.87",
                "@1 X RM 8.99",
                "RM98.89 S",
                "569004",
                "06:04PM",
                "28-01-18",
                "GST ID. NO : 000181747712",
                "131-SUBANG JAYA TAD)",
                "41150 KLANG  SELANGOR",
                "TAMAN BERKELEY",
                "MF MISH MART S/B (5169324"
            ],
            "rec_scores": [
                0.9973536491394043,
                0.9933226009209951,
                0.9907014727592468,
                0.9235811432202657,
                0.9997273846106096,
                0.9979659140110015,
                0.9997414095061166,
                0.9984904792573717,
                0.9867808024088541,
                0.865053653717041,
                0.9436111092567444,
                0.995099354874004,
                0.9718404173851013,
                0.9991646950895136,
                0.9755872289339701,
                0.8842750549316406,
                0.8649555618564287,
                0.9211289154158698,
                0.982153445482254,
                0.95188455922263,
                0.958204060792923,
                0.9942988610267639,
                0.7643153212964535,
                0.990113011428288,
                0.9921573570796421,
                0.7624728125333786
            ],
            "det_polygons": [
                [
                    134.15160588920116,
                    1228.5177857179938,
                    527.8278851509094,
                    1221.9557344518907,
                    528.2188510894775,
                    1245.4179045314654,
                    134.54258233308792,
                    1251.9799557975684
                ],
                [
                    58.83524715900421,
                    1108.2264847521078,
                    143.6179380118847,
                    1106.183313980026,
                    144.2168252170086,
                    1131.0402666740456,
                    59.43413436412811,
                    1133.0834374461274
                ],
                [
                    356.630859375,
                    1132.002006018054,
                    356.630859375,
                    1103.7708124373119,
                    429.609375,
                    1103.7708124373119,
                    429.609375,
                    1132.002006018054
                ],
                [
                    556.9775390625,
                    1127.8706118355065,
                    556.9775390625,
                    1105.1479438314946,
                    634.775390625,
                    1105.1479438314946,
                    634.775390625,
                    1127.8706118355065
                ],
                [
                    62.60308474302292,
                    1093.4108909981899,
                    62.72429510951042,
                    1069.2875566396456,
                    215.5622260272503,
                    1070.055636881347,
                    215.4410156607628,
                    1094.1789712398916
                ],
                [
                    288.4716796875,
                    1089.3109327983952,
                    288.4716796875,
                    1067.2768304914744,
                    424.1015625,
                    1067.2768304914744,
                    424.1015625,
                    1089.3109327983952
                ],
                [
                    514.8196113109589,
                    1088.525285389861,
                    515.0348442792892,
                    1063.7747443379944,
                    610.1272237300873,
                    1064.6016619805705,
                    609.9119907617569,
                    1089.352203032437
                ],
                [
                    359.8633459210396,
                    987.507099668145,
                    485.2739068865776,
                    985.9680813681277,
                    485.54385155439377,
                    1007.9736055089095,
                    360.13329058885574,
                    1009.5126238089267
                ],
                [
                    554.3986093997955,
                    982.3248695059789,
                    600.4294699430466,
                    980.790390091172,
                    601.4159613847733,
                    1010.3887967613779,
                    555.3851008415222,
                    1011.9232761761848
                ],
                [
                    357.88906037807465,
                    947.5011973175385,
                    483.92220854759216,
                    946.7230306642583,
                    484.0709638595581,
                    970.8303948711368,
                    358.0378156900406,
                    971.6085615244169
                ],
                [
                    527.1389463543892,
                    945.5124931679804,
                    597.478189766407,
                    944.5868967987948,
                    597.8045269846916,
                    969.3890466565713,
                    527.4652835726738,
                    970.3146430257569
                ],
                [
                    330.4060962796211,
                    908.949083089111,
                    484.64182287454605,
                    908.1660413369013,
                    484.77813988924026,
                    935.0263234772677,
                    330.54241329431534,
                    935.8093652294774
                ],
                [
                    529.2513138055801,
                    907.0200568747257,
                    599.2916178703308,
                    905.2466976123683,
                    599.9186593294144,
                    930.0192606628478,
                    529.8783552646637,
                    931.7926199252053
                ],
                [
                    174.72530007362366,
                    872.5110807275341,
                    482.5570634007454,
                    869.6203151691402,
                    482.75708466768265,
                    890.9251699189365,
                    174.9253213405609,
                    893.8159354773304
                ],
                [
                    546.9782826304436,
                    864.6128320875713,
                    595.210973918438,
                    863.2345239453713,
                    596.0550132393837,
                    892.7793045273515,
                    547.8223219513893,
                    894.1576126695516
                ],
                [
                    526.6845703125,
                    853.8214643931796,
                    526.6845703125,
                    824.2131394182547,
                    599.6630859375,
                    824.2131394182547,
                    599.6630859375,
                    853.8214643931796
                ],
                [
                    90.69389708340168,
                    774.4450195679813,
                    91.07019759714603,
                    752.4290728019017,
                    268.59818011522293,
                    755.4640740458681,
                    268.2218796014786,
                    777.4800208119475
                ],
                [
                    500.5224609375,
                    733.3224674022066,
                    500.5224609375,
                    709.222668004012,
                    628.5791015625,
