{
    "predictions": [
        {
            "rec_texts": [
                "WINON 3 DAYA T",
                ": T",
                "BEAM GLABAL TAX INCLOG",
                "0",
                "0.45",
                "2.00",
                "CHANGE",
                "CASH",
                "10.00",
                "8.00",
                "V :",
                "TOTAL QTY",
                "1",
                "8.00",
                "8.00",
                "201300 1KG",
                "1",
                "PRICE",
                "ITEM/DESC",
                "AMT",
                "6%",
                "NAX:010080332",
                "11:07:06",
                "CASHIER: 123",
                "08/01/2018",
                "TAXINVOICE",
                "(1125380-W)"
            ],
            "rec_scores": [
                0.8025876666818347,
                0.6124372780323029,
                0.5957289825786244,
                0.9587844014167786,
                0.999551311135292,
                0.9999200701713562,
                0.993155707915624,
                0.9996045529842377,
                0.9999671459197998,
                0.9997170716524124,
                0.7176756858825684,
                0.9998198085361056,
                0.9738283157348633,
                0.9996408969163895,
                0.9991431087255478,
                0.8818671584129334,
                0.9737772345542908,
                0.9997382283210754,
                0.9436323642730713,
                0.9924147725105286,
                0.7264879643917084,
                0.9025591359688685,
                0.9925499111413956,
                0.9969042936960856,
                0.9718617737293244,
                0.9242466032505036,
                0.9184660694815896
            ],
            "det_polygons": [
                [
                    177.31166696548462,
                    989.1826976614699,
                    177.46110248565674,
                    975.4757099109131,
                    396.428834438324,
                    977.8615673719376,
                    396.27939891815186,
                    991.5685551224944
                ],
                [
                    484.5691623687744,
                    910.8482043429843,
                    514.5318717956543,
                    905.9907433184854,
                    517.1110877990723,
                    921.8913557906459,
                    487.1483783721924,
                    926.7488168151448
                ],
                [
                    109.45037961006165,
                    874.1000139198218,
                    346.0566372871399,
                    871.1208936525612,
                    346.2306480407715,
                    884.9317232739421,
                    109.62437295913696,
                    887.9108435412027
                ],
                [
                    37.640625,
                    890.0133630289532,
                    37.640625,
                    868.3474387527839,
                    59.3125,
                    868.3474387527839,
                    59.3125,
                    890.0133630289532
                ],
                [
                    474.3731207847595,
                    866.7565423162583,
                    533.5254292488098,
                    865.4125835189309,
                    533.9532332420349,
                    884.230929844098,
                    474.8009247779846,
                    885.5748886414253
                ],
                [
                    473.9296875,
                    839.8395740534521,
                    473.9296875,
                    821.0244292873051,
                    533.8125,
                    821.0244292873051,
                    533.8125,
                    839.8395740534521
                ],
                [
                    43.29392945766449,
                    822.2156876391982,
                    169.87436938285828,
                    820.9750139198218,
                    169.9975414276123,
                    833.5340339643652,
                    43.41709280014038,
                    834.7747076837417
                ],
                [
                    41.0625,
                    793.086859688196,
                    41.0625,
                    774.271714922049,
                    118.0546875,
                    774.271714922049,
                    118.0546875,
                    793.086859688196
                ],
                [
                    460.5942120552063,
                    772.2636414253897,
                    533.666754245758,
                    770.8312917594654,
                    534.0671982765198,
                    791.2484688195991,
                    460.994656085968,
                    792.6808184855233
                ],
                [
                    472.7890625,
                    757.1670378619153,
                    472.7890625,
                    736.641425389755,
                    534.3828125,
                    736.641425389755,
                    534.3828125,
                    757.1670378619153
                ],
                [
                    202.4609375,
                    703.0022271714922,
                    202.4609375,
                    688.1781737193763,
                    232.1171875,
                    688.1781737193763,
                    232.1171875,
                    703.0022271714922
                ],
                [
                    73.48270666599274,
                    682.5771158129176,
                    205.17926812171936,
                    681.2988585746102,
                    205.38396310806274,
                    702.3759743875278,
                    73.68739295005798,
                    703.6542316258351
                ],
                [
                    310.25,
                    705.8530066815144,
                    310.25,
                    681.9064587973273,
                    325.078125,
                    681.9064587973273,
                    325.078125,
                    705.8530066815144
                ],
                [
                    474.5,
                    664.8017817371938,
                    474.5,
                    644.2761692650333,
                    534.953125,
                    644.2761692650333,
                    534.953125,
                    664.8017817371938
                ],
                [
                    353.59375,
                    665.9420935412027,
                    353.59375,
                    643.1358574610244,
                    414.6171875,
                    643.1358574610244,
                    414.6171875,
                    665.9420935412027
                ],
                [
                    42.7734375,
                    660.2405345211581,
                    42.7734375,
                    644.2761692650333,
                    173.375,
                    644.2761692650333,
                    173.375,
                    660.2405345211581
                ],
                [
                    280.0234375,
                    665.9420935412027,
                    280.0234375,
                    643.1358574610244,
                    294.8515625,
                    643.1358574610244,
                    294.8515625,
                    665.9420935412027
                ],
                [
                    336.94023513793945,
                    583.7672953786191,
                    337.15417194366455,
                    561.5223413140311,
                    413.0371322631836,
                    562.251844376392,
                    412.8231954574585,
                    584.4967984409799
                ],
                [
                    42.203125,
                    581.5590200445434,
                    42.203125,
                    562.173719376392,
                    182.5,
