{
    "predictions": [
        {
            "rec_texts": [
                "THANK YOU",
                "27.00",
                "CHANGE",
                "50.20",
                "CASH",
                "GST NO. : 000701067",
                "1.31",
                "23.20",
                "TOTAL",
                "ROUNDING ADJ",
                "0.00",
                "23.20",
                "0.00",
                "1",
                "23.00 - 2023",
                "23.20",
                "5.801 *",
                "1X",
                "-0%",
                "$2",
                "(RM)",
                "TAX INVOICE",
                "PERMASTEC KEEP THIS CHEAR",
                "PRISE 2",
                "UOM & CHI NO. 150.00%"
            ],
            "rec_scores": [
                0.9994305570920309,
                0.9988701820373536,
                0.9988201260566711,
                0.9996753931045532,
                0.9981581121683121,
                0.8046082132741025,
                0.9997908771038055,
                0.9983793377876282,
                0.9995701432228088,
                0.9966858277718226,
                0.9997588843107224,
                0.9994989395141601,
                0.9998431503772736,
                0.9999340772628784,
                0.8213603273034096,
                0.9996703863143921,
                0.7956387996673584,
                0.5984901785850525,
                0.7786927223205566,
                0.6462473422288895,
                0.904300794005394,
                0.9998658191074025,
                0.6514578235149383,
                0.8125755361148289,
                0.6129775167930693
            ],
            "det_polygons": [
                [
                    323.41094613075256,
                    1765.2074294055496,
                    488.1362657546997,
                    1764.260830742154,
                    488.2762098312378,
                    1788.6108748257186,
                    323.55091667175293,
                    1789.5574734891143
                ],
                [
                    712.5412502288818,
                    1647.126231333873,
                    712.9492263793945,
                    1611.6433868473664,
                    810.2108888626099,
                    1612.7610167540588,
                    809.8029127120972,
                    1648.2438612405654
                ],
                [
                    261.0234375,
                    1643.850707850708,
                    261.0234375,
                    1610.0373230373232,
                    376.359375,
                    1610.0373230373232,
                    376.359375,
                    1643.850707850708
                ],
                [
                    714.5625,
                    1597.899184899185,
                    714.5625,
                    1562.3517803517805,
                    809.953125,
                    1562.3517803517805,
                    809.953125,
                    1597.899184899185
                ],
                [
                    506.4375,
                    1597.899184899185,
                    506.4375,
                    1561.4847704847705,
                    586.21875,
                    1561.4847704847705,
                    586.21875,
                    1597.899184899185
                ],
                [
                    304.2808449268341,
                    1535.392874790946,
                    304.555228471756,
                    1514.6110970240609,
                    579.4973058700562,
                    1518.2400074635182,
                    579.2229223251343,
                    1539.0217852304033
                ],
                [
                    731.0390625,
                    1549.3466323466323,
                    731.0390625,
                    1511.1981981981983,
                    809.953125,
                    1511.1981981981983,
                    809.953125,
                    1549.3466323466323
                ],
                [
                    715.2800045013428,
                    1462.7785758693963,
                    810.5367193222046,
                    1461.6711062345828,
                    810.940037727356,
                    1496.3468441236996,
                    715.6833229064941,
                    1497.454313758513
                ],
                [
                    55.33580124378204,
                    1461.040005180264,
                    152.438796043396,
                    1459.9492576595849,
                    152.81864047050476,
                    1493.748672099136,
                    55.71564567089081,
                    1494.839419619815
                ],
                [
                    56.938568472862244,
                    1397.4556478911948,
                    57.38560616970062,
                    1363.6367595972088,
                    279.4843053817749,
                    1366.5713847915997,
                    279.0372676849365,
                    1400.3902730855857
                ],
                [
                    731.90625,
                    1397.6199056199057,
                    731.90625,
                    1362.0725010725012,
                    811.6875,
                    1362.0725010725012,
                    811.6875,
                    1397.6199056199057
                ],
                [
                    713.6953125,
                    1347.3333333333335,
                    713.6953125,
                    1312.6529386529387,
                    809.953125,
                    1312.6529386529387,
                    809.953125,
                    1347.3333333333335
                ],
                [
                    504.35061836242676,
                    1312.7678767285702,
                    586.0088338851929,
                    1311.618072627594,
                    586.510705947876,
                    1347.2437959373995,
                    504.85249042510986,
                    1348.3936000383756
                ],
                [
                    113.6015625,
                    1343.865293865294,
                    113.6015625,
                    1313.5199485199485,
                    127.4765625,
                    1313.5199485199485,
                    127.4765625,
                    1343.865293865294
                ],
                [
                    229.62433218955994,
                    1217.4775443516899,
                    455.91477727890015,
                    1214.6728859684183,
                    456.23632049560547,
                    1240.60401652699,
                    229.94584894180298,
                    1243.4086749102619
                ],
                [
                    714.5625,
                    1247.6271986271986,
                    714.5625,
                    1213.8138138138138,
                    809.953125,
                    1213.8138138138138,
                    809.953125,
                    1247.6271986271986
                ],
                [
                    506.725962638855,
                    1250.5361056333957,
                    507.9932928085327,
                    1211.889183145897,
                    647.5173254013062,
                    1216.4627871977725,
                    646.2499952316284,
                    1255.1097096852714
                ],
                [
                    111.0,
                    1246.7601887601888,
                    111.0,
                    1207.7447447447448,
                    153.4921875,
                    1207.7447447447448,
                    153.4921875,
                    1246.7601887601888
                ],
                [
                    54.31056135892868,
                    960.069490528475,
                    139.20104706287384,
                    958.6781682980413,
                    139.89792251586914,
