{
    "predictions": [
        {
            "rec_texts": [
                "THANK YOU. COM & CARRY",
                "BAR WANG RICE@PERMAS JAYA",
                "GST REG #00065619584",
                "SR = GST @6%",
                "17.25",
                "0.00",
                "GST SUMMARY",
                "AMOUNT(RM)",
                "TAX(MY.",
                ": CARNDE.",
                "RMO.00 ",
                "OTA SRM",
                "RM3.36",
                ":ANNING MEDED",
                "AMOUNT",
                "WATE TAXINV NO: 23",
                "GST SUMMARY @0.00",
                "TAX INVOICE :UMB 2",
                "RM0.56",
                "PL1",
                "RMO.56",
                "AMO.6%",
                "-1",
                "RM6.69",
                "SR I00100000031- 1 MEAT Y",
                "ITEM",
                "KCOPL.",
                "TOTAL",
                "TAX INVOICE",
                "(6%) SUB-U",
                "06 002 2013 18:24"
            ],
            "rec_scores": [
                0.8616981099952351,
                0.9678399109840393,
                0.971345117688179,
                0.9901670416196188,
                0.9969684243202209,
                0.9589519500732422,
                0.9997829632325606,
                0.9943128228187561,
                0.8386384802205222,
                0.7672265867392222,
                0.8088450942720685,
                0.8180250695773533,
                0.8504829804102579,
                0.6957118442425361,
                0.999365876118342,
                0.7403461900022295,
                0.8473002735306235,
                0.8195822834968567,
                0.9585527082284292,
                0.8219235936800638,
                0.8692109882831573,
                0.5820088932911555,
                0.7066616863012314,
                0.9931996862093607,
                0.9211517292261123,
                0.9990739673376083,
                0.5594648172458013,
                0.9954640865325928,
                0.9989958188750527,
                0.766756534576416,
                0.798437278936891
            ],
            "det_polygons": [
                [
                    2083.232421875,
                    3726.038674033149,
                    2083.232421875,
                    3677.585635359116,
                    2756.6494140625,
                    3677.585635359116,
                    2756.6494140625,
                    3726.038674033149
                ],
                [
                    1961.6353738605976,
                    3600.0690540292644,
                    2886.806789934635,
                    3584.816874973023,
                    2887.692998766899,
                    3638.579519703902,
                    1962.5214348435402,
                    3653.8316987601434
                ],
                [
                    2077.7492819428444,
                    3522.8727524899646,
                    2761.0568023324013,
                    3507.6862263547782,
                    2762.2378227114677,
                    3560.8508971830756,
                    2078.930302321911,
                    3576.0374233182624
                ],
                [
                    1700.0548840761185,
                    3411.410653635942,
                    2029.9309673309326,
                    3401.100779159293,
                    2031.1315038204193,
                    3439.5231161381,
                    1701.2554205656052,
                    3449.8329906147487
                ],
                [
                    2572.5498046875,
                    3435.3204419889503,
                    2572.5498046875,
                    3382.022099447514,
                    2683.978515625,
                    3382.022099447514,
                    2683.978515625,
                    3435.3204419889503
                ],
                [
                    3047.3330078125,
                    3367.486187845304,
                    3153.9169921875,
                    3367.486187845304,
                    3153.9169921875,
                    3420.7845303867402,
                    3047.3330078125,
                    3420.7845303867402
                ],
                [
                    1700.4988755881786,
                    3348.104676641812,
                    1700.4988755881786,
                    3314.1875495699887,
                    2020.2508287131786,
                    3314.1875495699887,
                    2020.2508287131786,
                    3348.104676641812
                ],
                [
                    2402.984375,
                    3338.414364640884,
                    2402.984375,
                    3299.6519337016575,
                    2664.599609375,
                    3299.6519337016575,
                    2664.599609375,
                    3338.414364640884
                ],
                [
                    2955.283203125,
                    3280.270718232044,
                    3149.072265625,
                    3280.270718232044,
                    3149.072265625,
                    3338.414364640884,
                    2955.283203125,
                    3338.414364640884
                ],
                [
                    1684.4807322621346,
                    3163.028796454161,
                    1686.5651119947433,
                    3096.3195139848067,
                    1900.4327037334442,
                    3103.0036911095044,
                    1898.3483240008354,
                    3169.712973578859
                ],
                [
                    2931.0595703125,
                    3139.756906077348,
                    2931.0595703125,
                    3071.9226519337017,
                    3144.2275390625,
                    3071.9226519337017,
                    3144.2275390625,
                    3139.756906077348
                ],
                [
                    1689.4860231876373,
                    3023.849039825945,
                    1864.5233562588692,
                    3017.8125198954376,
                    1866.3646717071533,
                    3071.2143692943932,
                    1691.3273386359215,
                    3077.2508892249007
                ],
                [
                    2929.9128509759903,
                    2985.6224786747885,
                    3147.7256540060043,
                    2979.0211070361056,
                    3149.7789853811264,
                    3046.7932570652406,
                    2931.9661823511124,
                    3053.3946287039234
                ],
                [
                    1675.6974476277828,
                    2926.8296964023652,
                    2078.125854164362,
                    2921.4633094408237,
                    2078.9697780907154,
                    2984.763963225138,
                    1676.5413715541363,
                    2990.13035018668
                ],
                [
                    2930.107420682907,
                    2898.072829778682,
                    3143.654475092888,
                    2891.9706569271193,
                    3145.318075656891,
                    2950.2053893705756,
                    2931.77102124691,
                    2956.307562222138
                ],
                [
                    2654.1440010666847,
                    2791.469934284358,
                    3133.8523607850075,
                    2780.440835014891,
                    3135.1587573885918,
                    2837.273788873662,
                    2655.450397670269,
                    2848.3028881431283
                ],
                [
                    2625.2628189325333,
                    2713.8329892659053,
                    3133.630882501602,
                    2698.2691067015926,
                    3135.1217950582504,
