{
    "predictions": [
        {
            "rec_texts": [
                "MEDON MARK .",
                "THANK YOU.",
                "3 DAY WITH RECEIPT.",
                ":",
                "0.80",
                "13.70",
                "S @6.0%",
                "AMOUNT(RM)",
                "TAX(RM)",
                "GST CODE",
                "K KA PACK (K) KAY",
                "* WOW WS GSTANGRAFT",
                "CHANGE RM",
                "1.00",
                "CASH:RM",
                "15.50",
                "TOTAL INCL. GST:RM",
                "14.50",
                "NO EX THERS:",
                "2.90 S",
                "2.90 S",
                "2.90 S",
                "2.90 S",
                "2.90 S",
                ": 401",
                "COUNTER",
                "DATE",
                "INVOICE NO",
                ": 148333",
                "INVOICE STAR BUNG(1)",
                "NO.12  JALAN DANAS  STAZA"
            ],
            "rec_scores": [
                0.6447556739052137,
                0.9985358655452728,
                0.9651174043354235,
                0.8849483728408813,
                0.9996419101953506,
                0.9994895339012146,
                0.9690888013158526,
                0.9998205244541168,
                0.9955166322844369,
                0.9986827000975609,
                0.6464960873126984,
                0.7253441387101224,
                0.9439619249767728,
                0.999828428030014,
                0.9991888233593532,
                0.9999210476875305,
                0.9741866489251455,
                0.9998021245002746,
                0.7579970955848694,
                0.9968646367390951,
                0.9997194608052572,
                0.9975022971630096,
                0.9997631013393402,
                0.9980702102184296,
                0.9881261825561524,
                0.9924552355493818,
                0.8754933178424835,
                0.9970761179924011,
                0.9851384460926056,
                0.8034955784678459,
                0.8260057640075683
            ],
            "det_polygons": [
                [
                    303.79717612266535,
                    1719.347457237032,
                    553.2173812389373,
                    1716.6067034426985,
                    553.4479548931121,
                    1737.5869050369683,
                    304.02774977684015,
                    1740.327658831302
                ],
                [
                    338.3385163545608,
                    1692.707035311489,
                    338.4745105504989,
                    1665.097602548088,
                    530.968762397766,
                    1666.0457495162314,
                    530.8328208923339,
                    1693.6551822796325
                ],
                [
                    243.41917800903317,
                    1566.7020123776138,
                    586.1272916793822,
                    1565.7606092865497,
                    586.1892557144164,
                    1588.3013861862435,
                    243.48114204406735,
                    1589.2427892773076
                ],
                [
                    69.06249999999999,
                    1381.1460258780037,
                    69.06249999999999,
                    1375.966728280961,
                    76.83203124999999,
                    1375.966728280961,
                    76.83203124999999,
                    1381.1460258780037
                ],
                [
                    728.1727814674376,
                    1347.3641542445268,
                    728.7355160713195,
                    1311.9126461684814,
                    807.5071902275084,
                    1313.1627923820904,
                    806.9444556236266,
                    1348.6143004581359
                ],
                [
                    540.4140624999999,
                    1348.343807763401,
                    540.4140624999999,
                    1311.2255083179296,
                    638.8281249999999,
                    1311.2255083179296,
                    638.8281249999999,
                    1348.343807763401
                ],
                [
                    54.38671874999999,
                    1345.7541589648797,
                    54.38671874999999,
                    1313.815157116451,
                    184.74218749999997,
                    1313.815157116451,
                    184.74218749999997,
                    1345.7541589648797
                ],
                [
                    453.10989856719965,
                    1270.7504440561459,
                    630.9053697586058,
                    1268.7968271646835,
                    631.2094993591307,
                    1296.4732772065618,
                    453.41402816772455,
                    1298.4268940980244
                ],
                [
                    676.4889802932738,
                    1298.9118210092709,
                    677.0698404312133,
                    1265.2265764895735,
                    803.1160688400267,
                    1267.399580132278,
                    802.5352087020873,
                    1301.0848246519754
                ],
                [
                    53.38009297847747,
                    1296.4693784026254,
                    53.599022030830376,
                    1263.6340731411015,
                    209.05756509304044,
                    1264.6703120035957,
                    208.83863604068753,
                    1297.5056172651196
                ],
                [
                    649.9721143245696,
                    1222.4432095511784,
                    800.1754643917083,
                    1221.3780984649375,
                    800.3103520870208,
                    1240.3985715291415,
                    650.1070020198821,
                    1241.4636826153824
                ],
                [
                    232.0925370454788,
                    1240.3233351504737,
                    232.50984585285184,
                    1218.5551536686978,
                    527.6270251274108,
                    1224.2120020614313,
                    527.2097163200377,
                    1245.980183543207
                ],
                [
                    450.63281249999994,
                    1101.4639556377078,
                    450.63281249999994,
                    1066.072088724584,
                    619.8359374999999,
                    1066.072088724584,
                    619.8359374999999,
                    1101.4639556377078
                ],
                [
                    728.6093749999999,
                    1098.8743068391866,
                    728.6093749999999,
                    1063.4824399260629,
                    808.0312499999999,
                    1063.4824399260629,
                    808.0312499999999,
                    1098.8743068391866
                ],
                [
                    486.89062499999994,
                    1047.0813308687614,
                    486.89062499999994,
                    1016.0055452865064,
                    618.9726562499999,
                    1016.0055452865064,
                    618.9726562499999,
                    1047.0813308687614
                ],
                [
                    712.8972768783568,
                    1048.6722536210432,
                    713.3087897300719,
                    1014.1073546347908,
                    808.2049179077147,
                    1015.2369540456041,
                    807.7934050559996,
                    1049.8018530318564
                ],
                [
                    284.0006417036056,
                    968.547617801236,
                    616.3449280261992,
                    967.637194395506,
