{
    "predictions": [
        {
            "rec_texts": [
                "PURPOSE **",
                "DATE : 14/10/2017",
                "0.49",
                "8.21",
                "SR @ 6%",
                "TAX(RM)",
                "AMOUNT(RM)",
                "GST SUMMARY",
                "11.30",
                "CHANGE",
                "20.00",
                "CASH",
                ":",
                ":",
                "8.70",
                "FINAL TOTAL",
                "0.00",
                "ROUND ADJ",
                "8.70",
                "TOTAL",
                "0.00",
                "DISCOUNT",
                "8.70",
                "SR",
                "8.70",
                "3 X 2.9000",
                "3.5\"X6\"",
                "1. 2012-0029",
                "CASH SALES COUNTER",
                "OWNED BY :",
                "TAX INVOICE",
                "SAMILY FOT TORESH PINERA"
            ],
            "rec_scores": [
                0.9933014869689941,
                0.9956476232584786,
                0.9997996836900711,
                0.9997031390666962,
                0.9716413531984601,
                0.999840259552002,
                0.9996655106544494,
                0.9996181292967363,
                0.9998670816421509,
                0.9999381999174753,
                0.9998611211776733,
                0.9998302906751633,
                0.6833021640777588,
                0.7750421166419983,
                0.9857391566038132,
                0.9941173846071417,
                0.9999207556247711,
                0.9980851809183756,
                0.9973185509443283,
                0.9999057054519653,
                0.9998911768198013,
                0.9984915554523468,
                0.9991646260023117,
                0.9979365170001984,
                0.9989471286535263,
                0.9975095093250275,
                0.9910608359745571,
                0.9975568801164627,
                0.9993360108799405,
                0.9480673611164093,
                0.9999677538871765,
                0.6332753511766592
            ],
            "det_polygons": [
                [
                    254.9189453125,
                    1357.5598184818482,
                    254.9189453125,
                    1341.7388613861388,
                    396.67578125,
                    1341.7388613861388,
                    396.67578125,
                    1357.5598184818482
                ],
                [
                    326.6897602081299,
                    948.0547650025622,
                    521.3629266023636,
                    947.4057100000161,
                    521.4203352928162,
                    964.6381277455749,
                    326.74716889858246,
                    965.287182748121
                ],
                [
                    524.439453125,
                    888.4075164794922,
                    524.439453125,
                    868.3270709349378,
                    573.111328125,
                    868.3270709349378,
                    573.111328125,
                    888.4075164794922
                ],
                [
                    344.3534784913063,
                    887.1905197798222,
                    344.3534784913063,
                    866.5015758854328,
                    390.5917597413063,
                    866.5015758854328,
                    390.5917597413063,
                    887.1905197798222
                ],
                [
                    33.15458633005619,
                    886.3163976386043,
                    33.63015754520893,
                    865.0705054254815,
                    133.48004196584225,
                    867.3063208954562,
                    133.0044707506895,
                    888.5522131085789
                ],
                [
                    486.0552451610565,
                    840.356722287219,
                    568.7615615129471,
                    839.6730529986593,
                    568.9077197313309,
                    857.3636272166035,
                    486.2014033794403,
                    858.0472965051632
                ],
                [
                    265.77143439650536,
                    853.6757944440685,
                    265.9366793334484,
                    838.471803570738,
                    386.44485449790955,
                    839.7819468683929,
                    386.2796095609665,
                    854.9859377417234
                ],
                [
                    38.772742442786694,
                    854.80796385913,
                    39.04422687739134,
                    836.9772983462898,
                    175.93918079137802,
                    839.0623262613127,
                    175.66769635677338,
                    856.8929917741531
                ],
                [
                    476.984375,
                    815.9962871287129,
                    476.984375,
                    795.9158415841584,
                    534.7822265625,
                    795.9158415841584,
                    534.7822265625,
                    815.9962871287129
                ],
                [
                    248.2265625,
                    811.736798679868,
                    248.2265625,
                    794.0903465346535,
                    332.185546875,
                    794.0903465346535,
                    332.185546875,
                    811.736798679868
                ],
                [
                    474.55078125,
                    783.7458745874587,
                    474.55078125,
                    763.6654290429043,
                    534.7822265625,
                    763.6654290429043,
                    534.7822265625,
                    783.7458745874587
                ],
                [
                    246.9111385345459,
                    761.3327529957586,
                    304.1065330505371,
                    760.5491033875116,
                    304.381396651268,
                    780.6175156395034,
                    247.1860021352768,
                    781.4011652477504
                ],
                [
                    527.4814453125,
                    744.1934818481849,
                    527.4814453125,
                    741.15099009901,
                    531.1318359375,
                    741.15099009901,
                    531.1318359375,
                    744.1934818481849
                ],
                [
                    519.572265625,
                    744.1934818481849,
                    519.572265625,
                    741.15099009901,
                    525.0478515625,
                    741.15099009901,
                    525.0478515625,
                    744.1934818481849
                ],
                [
                    486.71875,
                    727.7640264026403,
                    486.71875,
                    704.6410891089109,
                    534.173828125,
                    704.6410891089109,
                    534.173828125,
                    727.7640264026403
                ],
                [
                    248.07008111476898,
                    722.1495297875736,
                    248.42493069171906,
                    704.5225388932937,
                    349.9495632648468,
                    706.5670101556054,
                    349.59471368789673,
                    724.1940010498853
                ],
                [
                    486.51065278053284,
                    665.1866711405638,
                    534.0564856529236,
                    664.3667730954614,
                    534.3923970460892,
                    683.8538733252598,
                    486.8465641736984,
                    684.6737713703621
                ],
                [
