{
    "predictions": [
        {
            "rec_texts": [
                "19/03/2018 10:14:3PM",
                "THANK YOU",
                ".1.90",
                "39.09",
                "O.CO.",
                "30.00",
                "1381",
                ": SR@ 6%",
                ": 65611",
                ": 8621",
                "(GST SUMMARY",
                "AMOUNT",
                "TOTAL",
                "DAYOU",
                "1",
                "TAXCOTAL TEMER:",
                "CHANGE:",
                "0.00",
                "31.80",
                "FANDAR BUTHO:",
                "TOTAL AMT PAYABLE:",
                "31.40",
                "0.00",
                "31.80",
                "30.00",
                "TAPE @ 25.00",
                "1.2",
                "SR",
                "RM TTA",
                "QTY",
                "TAX INVOICE",
                "GST ID : 001005957120",
                "21/6S SERVIP 2"
            ],
            "rec_scores": [
                0.9114865973591805,
                0.917843285534117,
                0.7669278740882873,
                0.8540821313858032,
                0.5486551403999329,
                0.9996904492378235,
                0.7458793669939041,
                0.8532003425061703,
                0.6180561227457864,
                0.6890843311945597,
                0.9939555327097574,
                0.9989064633846283,
                0.8824603199958801,
                0.8248100399971008,
                0.9999052286148071,
                0.6720560053984325,
                0.9598818676812308,
                0.9952550530433655,
                0.996849250793457,
                0.5715739451921903,
                0.9942520161469778,
                0.9349548101425171,
                0.9996930062770844,
                0.9998026967048645,
                0.999888801574707,
                0.8859616021315256,
                0.856697698434194,
                0.982321172952652,
                0.904569129149119,
                0.9303626219431559,
                0.9998292001810941,
                0.9351631828716823,
                0.7066899506109101
            ],
            "det_polygons": [
                [
                    261.5296397209167,
                    1217.7123804124735,
                    528.871380329132,
                    1216.1977217679644,
                    528.9661917686461,
                    1232.9325800836425,
                    261.62445116043085,
                    1234.4472387281517
                ],
                [
                    316.05468749999994,
                    1164.665536723164,
                    316.05468749999994,
                    1143.5954802259887,
                    472.99218749999994,
                    1143.5954802259887,
                    472.99218749999994,
                    1164.665536723164
                ],
                [
                    553.360270500183,
                    1066.4790628034516,
                    553.805414199829,
                    1036.6536443160753,
                    622.9110689163207,
                    1037.6851163874912,
                    622.4659252166747,
                    1067.5105348748677
                ],
                [
                    366.91406249999994,
                    1065.1276836158193,
                    366.91406249999994,
                    1036.0655367231639,
                    438.11718749999994,
                    1036.0655367231639,
                    438.11718749999994,
                    1065.1276836158193
                ],
                [
                    78.07606190443038,
                    1038.5805370266155,
                    155.95550537109372,
                    1036.5310738601254,
                    156.64184617996213,
                    1062.6116190247617,
                    78.76240825653075,
                    1064.6610821912518
                ],
                [
                    366.91406249999994,
                    1027.3468926553674,
                    366.91406249999994,
                    1000.4644067796611,
                    436.66406249999994,
                    1000.4644067796611,
                    436.66406249999994,
                    1027.3468926553674
                ],
                [
                    554.0201811790465,
                    1028.552020987818,
                    554.5164999961852,
                    998.7716573424259,
                    625.1066765785216,
                    999.948227290784,
                    624.6103577613829,
                    1029.728590936176
                ],
                [
                    82.82812499999999,
                    1026.620338983051,
                    82.82812499999999,
                    999.7378531073447,
                    212.15624999999997,
                    999.7378531073447,
                    212.15624999999997,
                    1026.620338983051
                ],
                [
                    545.1334047317504,
                    994.3476798364673,
                    546.0454216003417,
                    960.1464428573006,
                    624.6714220046996,
                    962.243089440987,
                    623.7594051361083,
                    996.4443264201536
                ],
                [
                    374.90624999999994,
                    995.3785310734464,
                    374.90624999999994,
                    961.2305084745764,
                    438.11718749999994,
                    961.2305084745764,
                    438.11718749999994,
                    995.3785310734464
                ],
                [
                    84.84023505449294,
                    955.2308531680351,
                    85.22409278154372,
                    934.0231488071594,
                    269.6579468250274,
                    937.3612868831657,
                    269.2740890979766,
                    958.5689912440414
                ],
                [
                    342.93749999999994,
                    956.1445440777278,
                    342.93749999999994,
                    932.8948265636035,
                    438.11718749999994,
                    932.8948265636035,
                    438.11718749999994,
                    956.1445440777278
                ],
                [
                    559.8321933746337,
                    957.9775134070445,
                    560.4450531005858,
                    930.3982739119881,
                    620.1390094757079,
                    931.7247310315149,
                    619.5261497497557,
                    959.3039705265714
                ],
                [
                    305.71394348144526,
                    888.4888452562236,
                    305.96822261810297,
                    857.9757195941473,
                    415.7139272689819,
                    858.8902974101784,
                    415.45964813232416,
                    889.4034230722547
                ],
                [
                    581.2499999999999,
                    844.2553672316385,
                    581.2499999999999,
                    813.013559322034,
                    617.5781249999999,
                    813.013559322034,
                    617.5781249999999,
                    844.2553672316385
                ],
                [
                    201.0303847789764,
                    836.073478879767,
                    201.40266823768613,
                    811.4091457560911,
                    420.14682769775385,
                    814.7109206722282,
                    419.77458858489985,
                    839.375253795904
                ],
                [
                    310.6748256683349,
                    802.4680655786548,
                    311.1206345558166,
