{
    "predictions": [
        {
            "rec_texts": [
                "THANK YOU & COME AGAIN!",
                "(PRICE INCLUSIVE OF GST)",
                "0.48",
                "8.02",
                "SR= GST @6%",
                "TAX(",
                "AMOUNT($)",
                "0GST SUMMARY",
                "$0.00",
                "CHANGE",
                "38.50",
                "CASH",
                "AMOUNT",
                "PAYMENT MODE",
                "NATE TOTAL: $8.50",
                "GST @6%: $0.48",
                "TOTAL AMOUNT: $8.50",
                "$3.00",
                "1",
                "$3.00",
                "56.50",
                "1",
                "$5.50",
                "SR I00100000060- 4 VEGE",
                "TOTAL",
                ":",
                "ITEM",
                "TAX INVOICE",
                "OWERGLUE",
                "2 MALMONSTAYAM"
            ],
            "rec_scores": [
                0.9926029858381852,
                0.9973846276601156,
                0.9779901951551437,
                0.9990141093730927,
                0.9444512724876404,
                0.957230418920517,
                0.9137686027420892,
                0.9186426450808843,
                0.9322345614433288,
                0.9996313949426016,
                0.8365102767944336,
                0.9035026878118515,
                0.9998012284437815,
                0.9812281678120295,
                0.9509294699220097,
                0.9849456761564527,
                0.986615494677895,
                0.9603740096092224,
                0.9992519021034241,
                0.9078336119651794,
                0.8189380764961243,
                0.999957799911499,
                0.9738196730613708,
                0.9798954725265503,
                0.9984756469726562,
                0.9569141268730164,
                0.9983516484498978,
                0.999606116251512,
                0.6814173422753811,
                0.5498599537781307
            ],
            "det_polygons": [
                [
                    417.65625,
                    780.345065562457,
                    417.65625,
                    769.7998619737751,
                    563.203125,
                    769.7998619737751,
                    563.203125,
                    780.345065562457
                ],
                [
                    426.0672926902771,
                    754.0000138161017,
                    556.839337348938,
                    752.9012118406014,
                    556.9015216827393,
                    760.3001035870644,
                    426.12947702407837,
                    761.3989055625648
                ],
                [
                    628.59375,
                    688.6017943409248,
                    651.796875,
                    688.6017943409248,
                    651.796875,
                    700.2015182884749,
                    628.59375,
                    700.2015182884749
                ],
                [
                    526.2890625,
                    699.1469979296068,
                    526.2890625,
                    687.5472739820567,
                    549.4921875,
                    687.5472739820567,
                    549.4921875,
                    699.1469979296068
                ],
                [
                    335.3905928134918,
                    698.0924132079236,
                    335.3905928134918,
                    687.5472096192418,
                    409.2187178134918,
                    687.5472096192418,
                    409.2187178134918,
                    698.0924132079236
                ],
                [
                    618.670392036438,
                    679.9209884106497,
                    619.358024597168,
                    666.8589413092004,
                    652.1844005584717,
                    668.5863105347439,
                    651.4967679977417,
                    681.6483576361932
                ],
                [
                    498.67088198661804,
                    678.9917824523379,
                    498.9911377429962,
                    667.1442616675293,
                    547.5853300094604,
                    668.4573918165546,
                    547.2650098800659,
                    680.3049126013631
                ],
                [
                    336.36088728904724,
                    675.9121504863268,
                    336.4799129962921,
                    668.5324388586957,
                    406.15623593330383,
                    669.6560848807368,
                    406.03721022605896,
                    677.0357965083679
                ],
                [
                    618.046875,
                    636.9302967563838,
                    618.046875,
                    622.1670117322292,
                    651.796875,
                    622.1670117322292,
                    651.796875,
                    636.9302967563838
                ],
                [
                    334.3359375,
                    636.9302967563838,
                    334.3359375,
                    621.112491373361,
                    381.796875,
                    621.112491373361,
                    381.796875,
                    636.9302967563838
                ],
                [
                    618.046875,
                    617.9489302967564,
                    618.046875,
                    605.2946859903383,
                    651.796875,
                    605.2946859903383,
                    651.796875,
                    617.9489302967564
                ],
                [
                    335.390625,
                    615.8398895790201,
                    335.390625,
                    603.1856452726018,
                    373.359375,
                    603.1856452726018,
                    373.359375,
                    615.8398895790201
                ],
                [
                    606.4453125,
                    586.3133195307109,
                    651.796875,
                    586.3133195307109,
                    651.796875,
                    597.913043478261,
                    606.4453125,
                    597.913043478261
                ],
                [
                    335.2594006061554,
                    596.8127611580185,
                    335.4500091075897,
                    583.0920250091659,
                    419.8526895046234,
                    584.2640718679909,
                    419.6620810031891,
                    597.9848080168435
                ],
                [
                    560.9771060943604,
                    571.5094859331867,
                    561.1071395874023,
                    560.9789570662958,
                    651.874508857727,
                    562.0993849475932,
                    651.7444753646851,
                    572.6299138144842
                ],
                [
                    554.765625,
                    553.6231884057971,
                    554.765625,
                    543.0779848171153,
                    651.796875,
                    543.0779848171153,
                    651.796875,
                    553.6231884057971
                ],
                [
                    540.0,
                    533.5873015873017,
                    540.0,
                    526.2056590752244,
                    649.6875,
                    526.2056590752244,
                    649.6875,
                    533.5873015873017
                ],
                [
                    619.1015625,
                    506.16977225672883,
                    619.1015625,
                    490.35196687370603,
                    653.90625,
                    490.35196687370603,
                    653.90625,
