{
    "predictions": [
        {
            "rec_texts": [
                "2.26",
                "37.54",
                "SR ICE USEV GST 6%",
                "TAX",
                "AMOUNT",
                "TAX SUMMARY",
                "CHANGE",
                "0.20",
                "40.00",
                "CASH",
                "NET TOTAL",
                "39.80",
                "39.80",
                "SUB TOTAL",
                "5",
                "7.00 SR",
                "AMOUN PLAMT",
                "16.00 SR",
                "AA00016 PLAZMI",
                "15.80 SR",
                "2 @ 7.90",
                "1.00 SR",
                "AMOUNT",
                "ITEM",
                "RM",
                "POS IND : C",
                "TABLE :01",
                "TAX INVOICE",
                "(1153744-W)"
            ],
            "rec_scores": [
                0.9998576939105988,
                0.9997671246528625,
                0.7796500855022006,
                0.9963026245435079,
                0.9997037947177887,
                0.9995309222828258,
                0.9999586741129557,
                0.9996072947978973,
                0.9998226761817932,
                0.9989023208618164,
                0.9986998902426826,
                0.9991939663887024,
                0.9997649669647217,
                0.9997892313533359,
                0.9753433465957642,
                0.999835627419608,
                0.9083873412825845,
                0.9995387569069862,
                0.8122131100722721,
                0.9998373612761497,
                0.8675950244069099,
                0.9994944844927106,
                0.9996672968069712,
                0.9992109537124634,
                0.9999507069587708,
                0.8135301850058816,
                0.9185416566001045,
                0.9999118013815447,
                0.8684433779933236
            ],
            "det_polygons": [
                [
                    787.9218749999999,
                    1695.4879227053138,
                    787.9218749999999,
                    1657.0995169082125,
                    864.7031249999999,
                    1657.0995169082125,
                    864.7031249999999,
                    1695.4879227053138
                ],
                [
                    612.271074771881,
                    1657.230169412364,
                    704.4239058494567,
                    1656.0488297761924,
                    704.9041457176207,
                    1693.5053741602505,
                    612.751314640045,
                    1694.686713796422
                ],
                [
                    54.79535570740699,
                    1662.6247454804497,
                    379.20485901832575,
                    1659.7370015757094,
                    379.40057015419,
                    1681.7203174535778,
                    54.99106335639953,
                    1684.608061358318
                ],
                [
                    805.5303540229796,
                    1652.2543284835447,
                    806.5159392356871,
                    1613.8208470146435,
                    867.7647099494933,
                    1615.3911316802535,
                    866.7791247367858,
                    1653.8246131491544
                ],
                [
                    593.0415630340575,
                    1651.4472061820652,
                    593.4879941940306,
                    1612.1601878585445,
                    705.0099792480468,
                    1613.4274390474034,
                    704.5635480880736,
                    1652.7144573709238
                ],
                [
                    51.94256463646888,
                    1617.8872527928743,
                    241.9899852275848,
                    1614.8546865564613,
                    242.4857904911041,
                    1645.9232049177233,
                    52.43836641311645,
                    1648.9557711541363
                ],
                [
                    103.0845574736595,
                    1489.9718683952294,
                    209.81489038467404,
                    1487.7714169119865,
                    210.51229262351987,
                    1521.5942373377113,
                    103.78196668624877,
                    1523.794688820954
                ],
                [
                    784.2656249999999,
                    1529.1381642512076,
                    784.2656249999999,
                    1458.759420289855,
                    870.1874999999999,
                    1458.759420289855,
                    870.1874999999999,
                    1529.1381642512076
                ],
                [
                    773.9043159484862,
                    1453.1232877132397,
                    774.3866758346556,
                    1417.4340666987468,
                    864.1460065841674,
                    1418.646870046422,
                    863.6636466979979,
                    1454.3360910609147
                ],
                [
                    100.16919100284575,
                    1450.3444394908665,
                    100.77864038944243,
                    1413.7789206389643,
                    176.85319912433621,
                    1415.0468412684932,
                    176.24374973773953,
                    1451.6123601203954
                ],
                [
                    104.20312499999999,
                    1406.6608695652174,
                    104.20312499999999,
                    1375.584541062802,
                    261.42187499999994,
                    1375.584541062802,
                    261.42187499999994,
                    1406.6608695652174
                ],
                [
                    772.3828124999999,
                    1413.9728352864581,
                    772.3828124999999,
                    1348.1641396342843,
                    865.6171874999999,
                    1348.1641396342843,
                    865.6171874999999,
                    1413.9728352864581
                ],
                [
                    773.9043159484862,
                    1295.9132911571558,
                    774.3861179351806,
                    1260.261112526419,
                    865.0223550796508,
                    1261.4859658061594,
                    864.5405530929564,
                    1297.138144436896
                ],
                [
                    103.28906249999999,
                    1290.581530938632,
                    103.28906249999999,
                    1261.3332217598881,
                    260.5077846050262,
                    1261.3332217598881,
                    260.5077846050262,
                    1290.581530938632
                ],
                [
                    45.64829742908477,
                    1260.949409108922,
                    85.57454073429106,
                    1255.2459977449425,
                    90.34594810009001,
                    1288.6439464919233,
                    50.41970479488372,
                    1294.3473578559026
                ],
                [
                    740.3906249999999,
                    1211.0628019323672,
                    740.3906249999999,
                    1178.15845410628,
                    862.8749999999999,
                    1178.15845410628,
                    862.8749999999999,
                    1211.0628019323672
                ],
                [
                    53.873140901327126,
                    1179.1456559480675,
                    275.9737622737884,
                    1178.1586772531703,
                    276.0873506069183,
                    1203.7179220448368,
                    53.98673272132873,
                    1204.7049007397343
                ],
                [
