{
    "predictions": [
        {
            "rec_texts": [
                "THANK YOU & COME AGAIN!",
                "(PRICE INCLUSIVE OF GST):",
                "BAR WANG RICE@PERMAS JAYA",
                "GST REG #000656195584",
                "SR = GST @6%",
                "0.40",
                "6.70",
                "TAX($)",
                "AMOUNT($)",
                "GST SUMMARY",
                "$0.00",
                "CHANGE",
                "97.10",
                "CASH",
                "AMOUNT",
                "PAYMENT MODE",
                "NETT TOTAL: $71.10",
                "GST @6%: $0.40",
                "TOTAL AMOUNT: $7.10",
                "$1.60",
                "1",
                "$1.60",
                "$5.50",
                "$5.50",
                "2",
                "SR I00100000060- 4 VEGE",
                "QTY",
                "TOTAL :",
                "INVO .",
                "TAXINV OUCE",
                "(867388-U)",
                "2. MAY 2018 18:30"
            ],
            "rec_scores": [
                0.9970719244169153,
                0.9812730169296264,
                0.9904439663887024,
                0.9959363085883004,
                0.992619608839353,
                0.998888686299324,
                0.99437415599823,
                0.9827779034773508,
                0.9921760029262967,
                0.9992937391454523,
                0.9859035015106201,
                0.980890691280365,
                0.9274656414985657,
                0.9999518841505051,
                0.9999015132586161,
                0.9952601144711176,
                0.9607933163642883,
                0.9973117240837642,
                0.9827045861043429,
                0.9258529424667359,
                0.9998041987419128,
                0.9223130822181702,
                0.9799432873725891,
                0.9595170378684997,
                0.33895382285118103,
                0.979005313437918,
                0.7923499147097269,
                0.9892163787569318,
                0.6078146596749624,
                0.8702826445752924,
                0.9946776330471039,
                0.9690785969004911
            ],
            "det_polygons": [
                [
                    1879.75390625,
                    3910.160220994475,
                    1879.75390625,
                    3861.707182320442,
                    2553.1708984375,
                    3861.707182320442,
                    2553.1708984375,
                    3910.160220994475
                ],
                [
                    1918.3499715924263,
                    3784.3062329371332,
                    2528.7018357515335,
                    3779.1764330784918,
                    2529.1093084812164,
                    3827.6667342212318,
                    1918.7574443221092,
                    3832.7965340798733
                ],
                [
                    1758.6357421875,
                    3755.1104972375692,
                    1758.6357421875,
                    3687.2762430939224,
                    2693.66796875,
                    3687.2762430939224,
                    2693.66796875,
                    3755.1104972375692
                ],
                [
                    1884.5986328125,
                    3658.204419889503,
                    1884.5986328125,
                    3609.75138121547,
                    2562.8603515625,
                    3609.75138121547,
                    2562.8603515625,
                    3658.204419889503
                ],
                [
                    1506.4107139110565,
                    3493.6959437586324,
                    1845.534476518631,
                    3488.3963926536603,
                    1846.2935349345207,
                    3536.9890177184047,
                    1507.1697723269463,
                    3542.288568823377
                ],
                [
                    2858.388671875,
                    3483.7734806629833,
                    2964.97265625,
                    3483.7734806629833,
                    2964.97265625,
                    3541.917127071823,
                    2858.388671875,
                    3541.917127071823
                ],
                [
                    2378.7607421875,
                    3541.917127071823,
                    2378.7607421875,
                    3483.7734806629833,
                    2490.189453125,
                    3483.7734806629833,
                    2490.189453125,
                    3541.917127071823
                ],
                [
                    2819.630859375,
                    3454.7016574585637,
                    2819.630859375,
                    3396.5580110497235,
                    2960.1279296875,
                    3396.5580110497235,
                    2960.1279296875,
                    3454.7016574585637
                ],
                [
                    2257.642578125,
                    3396.5580110497235,
                    2480.5,
                    3396.5580110497235,
                    2480.5,
                    3449.8563535911603,
                    2257.642578125,
                    3449.8563535911603
                ],
                [
                    1506.7098130881786,
                    3445.010753989878,
                    1506.7098130881786,
                    3396.557715315845,
                    1836.1512193381786,
                    3396.557715315845,
                    1836.1512193381786,
                    3445.010753989878
                ],
                [
                    2805.0966796875,
                    3183.3646408839777,
                    2964.97265625,
                    3183.3646408839777,
                    2964.97265625,
                    3256.0441988950274,
                    2805.0966796875,
                    3256.0441988950274
                ],
                [
                    1504.9635647535324,
                    3254.3564456497106,
                    1508.0281854867935,
                    3180.7950092125993,
                    1721.632605433464,
                    3189.6960074914755,
                    1718.567984700203,
                    3263.257443928587
                ],
                [
                    2805.0966796875,
                    3168.828729281768,
                    2805.0966796875,
                    3100.9944751381217,
                    2964.97265625,
                    3100.9944751381217,
                    2964.97265625,
                    3168.828729281768
                ],
                [
                    1511.5546875,
                    3159.1381215469614,
                    1511.5546875,
                    3100.9944751381217,
                    1676.275390625,
                    3100.9944751381217,
                    1676.275390625,
                    3159.1381215469614
                ],
                [
                    2756.6494140625,
                    3071.9226519337017,
                    2756.6494140625,
                    3013.779005524862,
                    2964.97265625,
                    3013.779005524862,
                    2964.97265625,
                    3071.9226519337017
                ],
                [
                    1506.7099609375,
                    3067.0773480662983,
                    1506.7099609375,
                    3013.779005524862,
                    1889.443359375,
                    3013.779005524862,
                    1889.443359375,
                    3067.0773480662983
                ],
                [
                    2538.63671875,
                    2955.635359116022,
                    2538.63671875,
                    2902.3370165745855,
                    2960.1279296875,
                    2902.3370165745855,
