{
    "predictions": [
        {
            "rec_texts": [
                "tames",
                "dbys",
                "handledi",
                "inquiry",
                "additional",
                "comments",
                "s",
                "questionsiresponses",
                "reason",
                "contact",
                "sfore",
                "numbery",
                "hone",
                "iatel",
                "irositionl",
                "inamel",
                "ilocationladdressy",
                "or",
                "rtationy",
                "ublication",
                "sheet",
                "contact",
                "media"
            ],
            "rec_scores": [
                0.6271383225917816,
                0.862946555018425,
                0.9596632346510887,
                0.9999326382364545,
                0.976594990491867,
                0.9971742033958435,
                0.3500489592552185,
                0.9823556103204426,
                0.9999920129776001,
                0.9985403844288417,
                0.4928919613361359,
                0.8901502915791103,
                0.9989399909973145,
                0.7538219928741455,
                0.8988291144371032,
                0.8478733549515406,
                0.9469622837172614,
                0.9157774448394775,
                0.7398896366357803,
                0.9722570776939392,
                0.9999977588653565,
                0.9999863760811942,
                0.9999885320663452
            ],
            "det_polygons": [
                [
                    212.0514396429062,
                    983.0067566566292,
                    212.82291841506958,
                    966.4213096607074,
                    261.3158102631569,
                    968.676554053253,
                    260.5443314909935,
                    985.2620010491748
                ],
                [
                    167.25274689495564,
                    970.2172518138277,
                    168.0131105929613,
                    953.4908404661418,
                    194.7568936944008,
                    954.7063569921281,
                    193.99654157459736,
                    971.4327683398141
                ],
                [
                    107.748046875,
                    968.133535660091,
                    107.748046875,
                    954.4764795144157,
                    166.93359375,
                    954.4764795144157,
                    166.93359375,
                    968.133535660091
                ],
                [
                    52.26211190968752,
                    954.5051910446699,
                    106.09186609089375,
                    953.5440031060318,
                    106.37753507494926,
                    969.5398449355083,
                    52.547775104641914,
                    970.5010328741464
                ],
                [
                    53.02943989634514,
                    763.4007825836968,
                    127.41582325100899,
                    762.5458273069992,
                    127.57199004292488,
                    776.1312898627181,
                    53.18560668826103,
                    776.9862451394157
                ],
                [
                    131.930777952075,
                    764.0787451690534,
                    208.63364696502686,
                    763.2450919954476,
                    208.77365058660507,
                    776.1253623209882,
                    132.07079315185547,
                    776.959015494594
                ],
                [
                    730.1460721492767,
                    712.8867350507397,
                    746.1896628141403,
                    711.6760346524089,
                    752.947535276413,
                    801.2109967754172,
                    736.9039446115494,
                    802.421697173748
                ],
                [
                    55.3108551800251,
                    436.98976832203147,
                    55.50877296924591,
                    424.0596695988239,
                    212.50648614764214,
                    426.4624542097401,
                    212.30856835842133,
                    439.39255293294764
                ],
                [
                    53.79396016895771,
                    274.5894112246894,
                    54.02520002424717,
                    261.64102047817477,
                    107.10996057093143,
                    262.5888714479206,
                    106.87872071564198,
                    275.5372621944352
                ],
                [
                    134.93696554005146,
                    274.59823307390457,
                    135.13536961376667,
                    261.70295865836016,
                    192.85972420871258,
                    262.59093219485015,
                    192.66132013499737,
                    275.4862066103945
                ],
                [
                    110.0244140625,
                    276.1760242792109,
                    110.0244140625,
                    261.00151745068285,
                    132.7880859375,
                    261.00151745068285,
                    132.7880859375,
                    276.1760242792109
                ],
                [
                    455.1743280887604,
                    238.9719475382919,
                    455.3113213777542,
                    230.6157808202532,
                    506.1613962650299,
                    231.4493413760195,
                    506.0244029760361,
                    239.8055080940582
                ],
                [
                    408.987258374691,
                    240.51591007771006,
                    408.987258374691,
                    227.6175792734612,
                    453.755813062191,
                    227.6175792734612,
                    453.755813062191,
                    240.51591007771006
                ],
                [
                    52.116643376648426,
                    241.52143880702292,
                    52.55486675351858,
                    224.4321507640601,
                    95.17468077689409,
                    225.5248560348302,
                    94.73645740002394,
                    242.61414407779304
                ],
                [
                    408.0991639494896,
                    204.81064467943852,
                    408.2835815548897,
                    191.90410561916136,
                    468.9959691166878,
                    192.77134433682662,
                    468.8115515112877,
                    205.67787181987384
                ],
                [
                    52.136274218559265,
                    205.46149339227284,
                    52.462304815649986,
                    188.83542189648733,
                    101.11025194823742,
                    189.789211985193,
                    100.7842213511467,
                    206.41529505820844
                ],
                [
                    411.263671875,
                    166.1608497723824,
                    411.263671875,
                    157.81487101669194,
                    522.046875,
                    157.81487101669194,
                    522.046875,
                    166.1608497723824
                ],
                [
                    129.7529296875,
                    154.77996965098632,
                    141.8935546875,
                    154.77996965098632,
                    141.8935546875,
                    164.64339908952957,
                    129.7529296875,
                    164.64339908952957
                ],
                [
                    144.80645669996738,
                    164.56348147124547,
                    145.04054479300976,
